Project_Name,Project_Registration_No,Project_Details,Districts,Latitude,Longitude,Usage,Type_of_Building,Site_Extent_Sqm,FSI_LIG_Residential,FSI_Other_Residential,FSI_Commercial,Total_Dwelling_Units,Land_Cost,Construction_Cost,Other_Cost,Total_Project_Cost,Covered_Parking,Open_Parking,Visitor_Parking,Floor_mentions,Heights_m,FE_Site_Extent_Sqft,FE_Total_FSI_Area_Sqft,FE_FSI,FE_Permissable_FSI,FE_Max_Premium_FSI,FE_Total_Parking,FE_Land_Cost_per_Sqft,FE_Construction_Cost_per_Sqft,FE_Total_Project_Cost_per_Sqft,FE_Land_Cost_Ratio,FE_Construction_Cost_Ratio,FE_Cost_Per_Dwelling_Unit,FE_Average_Unit_Size_Sqft,Is_TNUHDB_TNHB,Is_Dwelling_Units_Hardcoded,Is_FSI_Imputed_From_Comparable_Avg,Coord_Was_Corrupted,Is_Coordinates_Hardcoded,District,Usage_clean,FSI_outlier_flag,Imputed_Car_Parking,Parking_was_imputed,Is_Construction_Cost_Below_Floor,Is_Construction_Cost_Imputed
CRT Magilagam,TN/10/Building/0519/2024,"Ward-E,Block-21,TS No.2/3,Periyar Nagar,Erode Tk & Dt.",Erode,11.335912,77.725072,Residential,Non-High Rise Building (NHRB),1149,0,3150,,30,24731214,111271043,16491620,152493877,22,6,3,[],[],12370,33906,2.74,2.0,2.0,31,1999,3282.0,4498,0.16,0.73,5083129,1130,False,False,False,0,False,Erode,Residential,False,,False,False,False
Mayflower East Gate,TN/11/Building/0301/2024,"Old S.F.No.418/2pt,New T.S.No.5/1,Block.07,Ward No.Z(26) of Vilankurichi Village,Coimbatore District",Coimbatore,11.2192,77.1134,Residential,High Rise Building (HRB),2230,,6260,,42,80000000,230000000,15982769,325982769,27,15,42,[],[],24003,67383,2.81,2.0,4.87,84,3333,3413.0,4838,0.25,0.71,7761494,1604,False,False,False,0,False,Coimbatore,Residential,False,,False,False,False
PNR MODERNA,TN/11/Building/0344/2024,"SF NO 129/4B, RANI GARDEN, 3RD STREET,SINGANALLUR VILLAGE,COIMBATORE-641016",Coimbatore,11.006265,77.042583,Residential,Non-High Rise Building (NHRB),720,,1818,,14,26016000,43747218,11130881,80894099,16,0,0,[],[],7750,19572,2.53,2.0,2.0,16,3357,2235.0,4133,0.32,0.54,5778150,1398,False,False,False,0,False,Coimbatore,Residential,False,,False,False,False
SHRESTHA VILLAS https://rera.tn.gov.in/public-view2/building/pfirm/80a61310-f764-11ee-8e6b-99b0290eb824,TN/11/Building/0346/2024,"Block1: Ground Floor + 1st Floor with 4 Villas, Block 2:Ground Floor + 1st Floor with 11 Villas, Block 3:Ground Floor + 1st Floor with 11 Villas, Block 4:Ground Floor + 1st Floor with 11 Villas, Block 11:Ground Floor + 1st Floor with 09 Villas, Block 12:Ground Floor + 1st Floor with 09 Villas, Block 17:Ground Floor + 1st Floor with 09 Villas, Block 18:Ground Floor + 1st Floor with 09 Villas, Block 23:Ground Floor + 1st Floor with 09 Villas, Block 24:Ground Floor + 1st Floor with 09 Villas, Block 27:Ground Floor + 1st Floor with 12 Villas, Block 28:Ground Floor + 1st Floor with 09 Villas, Block 29:Ground Floor + 1st Floor with 09 Villas, Block 30:Ground Floor + 1st Floor with 09 Villas, Block 31:Ground Floor + 1st Floor with 09 Villas, Block 32:Ground Floor + 1st Floor with 12 Villas, Block 33:Ground Floor + 1st Floor with 09 Villas, Block 34:Ground Floor + 1st Floor with 09",Coimbatore,10.511,10.574,Residential,Non-High Rise Building (NHRB),81550,,16100,,400,1200000000,0,0,1200000000,246,0,0,"[{'block': 'Block 2', 'base_level': 'Ground', 'floor_segments': ['1st Floor'], 'total_floors_above_base': 1}, {'block': 'Block 3', 'base_level': 'Ground', 'floor_segments': ['1st Floor'], 'total_floors_above_base': 1}, {'block': 'Block 4', 'base_level': 'Ground', 'floor_segments': ['1st Floor'], 'total_floors_above_base': 1}, {'block': 'Block 11', 'base_level': 'Ground', 'floor_segments': ['1st Floor'], 'total_floors_above_base': 1}, {'block': 'Block 12', 'base_level': 'Ground', 'floor_segments': ['1st Floor'], 'total_floors_above_base': 1}, {'block': 'Block 17', 'base_level': 'Ground', 'floor_segments': ['1st Floor'], 'total_floors_above_base': 1}, {'block': 'Block 18', 'base_level': 'Ground', 'floor_segments': ['1st Floor'], 'total_floors_above_base': 1}, {'block': 'Block 23', 'base_level': 'Ground', 'floor_segments': ['1st Floor'], 'total_floors_above_base': 1}, {'block': 'Block 24', 'base_level': 'Ground', 'floor_segments': ['1st Floor'], 'total_floors_above_base': 1}, {'block': 'Block 27', 'base_level': 'Ground', 'floor_segments': ['1st Floor'], 'total_floors_above_base': 1}, {'block': 'Block 28', 'base_level': 'Ground', 'floor_segments': ['1st Floor'], 'total_floors_above_base': 1}, {'block': 'Block 29', 'base_level': 'Ground', 'floor_segments': ['1st Floor'], 'total_floors_above_base': 1}, {'block': 'Block 30', 'base_level': 'Ground', 'floor_segments': ['1st Floor'], 'total_floors_above_base': 1}, {'block': 'Block 31', 'base_level': 'Ground', 'floor_segments': ['1st Floor'], 'total_floors_above_base': 1}, {'block': 'Block 32', 'base_level': 'Ground', 'floor_segments': ['1st Floor'], 'total_floors_above_base': 1}, {'block': 'Block 33', 'base_level': 'Ground', 'floor_segments': ['1st Floor'], 'total_floors_above_base': 1}, {'block': 'Block 34', 'base_level': 'Ground', 'floor_segments': ['1st Floor'], 'total_floors_above_base': 1}]",[],877796,173299,0.2,2.0,2.0,246,1367,3307.0,6924,1.0,0.0,3000000,433,False,False,False,0,False,Coimbatore,Residential,False,,False,True,True
ADHYA,TN/11/Building/0353/2024,"Adhya, SF.NO:577/1B2A, Chinnavedampatti Village, Coimbatore North Taluk, Coimbatore Corporation, Coimbatore District.",Coimbatore,11.04304,76.59039,Residential,Non-High Rise Building (NHRB),5047,,14025,,200,54450000,835820000,3000000,893270000,95,0,13,[],[],54324,150965,2.78,2.0,2.0,108,1002,5537.0,5917,0.06,0.94,4466350,755,False,False,False,0,False,Coimbatore,Residential,False,,False,False,False
REGAL VILLAS,TN/11/Building/0361/2024,Villa ( Group development),Coimbatore,11.00403,77.02425,Residential,Non-High Rise Building (NHRB),2349,,2022,,18,75851295,60624219,12000000,148475514,0,19,3,[],[],25284,21768,0.86,2.0,2.0,22,3000,2785.0,6821,0.51,0.41,8248640,1209,False,False,False,0,False,Coimbatore,Residential,False,,False,False,False
COROMANDEL ENCLAVE,TN/11/Building/0363/2024,"SF NO.398/1, WARD-34, BLOCK -1, TSNO.25/3B,UPPILIPALAYAM VILLAGE, COIMBATORE EAST, COIMBATORE",Coimbatore,11.004850000000001,77.0138,Residential,Non-High Rise Building (NHRB),10168,,5853,404,100,120000000,152500000,44642575,317142575,64,12,0,[],[],109443,67349,0.62,2.0,2.0,76,1096,2264.0,4709,0.38,0.48,3171426,630,False,False,False,1,False,Coimbatore,Residential,False,,False,False,False
Ananyas Nana Nani Homes Phase 9,TN/11/Building/0372/2024,Construction of residential Building,Coimbatore,11.054526,76.899453,Residential,High Rise Building (HRB),36418,,22947,3460,89,301200000,1700000000,100000000,2101200000,178,143,22,[],[],392004,284238,0.73,2.0,4.87,343,768,5981.0,7392,0.14,0.81,23608989,2775,False,False,False,0,False,Coimbatore,Residential,False,,False,False,False
UNITD 49,TN/11/Building/0382/2024,3 BLOCKS-EACH BLOCK CONSISTS OF STILT+ FLOORS-TOTAL 190 UNITS- LOCATED IN CHINNAVEDAMPATTI VILLAGE,Coimbatore,11.079439,76.977709,Residential,Non-High Rise Building (NHRB),8675,,17617,,190,200000000,519742460,23128090,742870550,147,1,0,"[{'block': None, 'base_level': 'Stilt', 'floor_segments': [], 'total_floors_above_base': 0}]",[],93377,189626,2.03,2.0,2.0,148,2142,2741.0,3918,0.27,0.7,3909845,998,False,False,False,0,False,Coimbatore,Residential,False,,False,False,False
Tanny's Cauvery Comspace,TN/11/Building/0400/2024,Basement+Stilt+5 Floors of Professional Consulting (Commercial) Office at RS Puram.,Coimbatore,11.015088,76.950905,Commercial,Non-High Rise Building (NHRB),928,,,2592,,34961500,78324000,7832400,121117900,22,0,2,"[{'block': None, 'base_level': 'Basement', 'floor_segments': ['5 Floors'], 'total_floors_above_base': 5}]",[],9989,27900,2.79,2.0,2.0,24,3500,2807.0,4341,0.29,0.65,,,False,False,False,0,False,Coimbatore,Commercial,False,,False,False,False
ICONIC EMPORIUM,TN/11/Building/0407/2024,"Basement Floor 1 & 2, Ground Floor + 2nd Floor + Lobby Floor + Terrace Floor commercial Multiplex building (Shop & Theater) comprised in Old S.No.:233/2, Ts.No.: 5/5 & 5/7, Block No.: 29, Ward: AR, Kumarapalayam, Perur Taluk, Coimbatore Corporation.",Coimbatore,10.5903,76.55394,Commercial,Non-High Rise Building (NHRB),3764,0,0,7919,,263549530,0,0,263549530,112,7,0,[],[],40521,85244,2.1,2.0,2.0,119,6504,3307.0,3092,1.0,0.0,,,False,False,False,1,False,Coimbatore,Commercial,False,,False,True,True
SREEVATSA POORNA,TN/11/Building/0422/2024,"Sreevatsa Poorna, S.F.NO: 365/2F, Vellakinaru Road, War-002, North Zone, Coimbatore",Coimbatore,11.043792,76.58436799999998,Residential,Non-High Rise Building (NHRB),4277,,4369,359,15,46042000,205000000,11888000,262930000,31,4,0,[],[],46042,50892,1.11,2.0,2.0,35,1000,4028.0,5166,0.18,0.78,17528667,3135,False,False,False,1,False,Coimbatore,Residential,False,,False,False,False
MR RESIDENCY,TN/11/Building/0424/2024,APARTMENT,Coimbatore,11.04634,76.93019,Residential,Non-High Rise Building (NHRB),1318,,3612,,45,39000000,129132180,7043300,175175480,28,17,0,[],[],14181,38881,2.74,2.0,2.0,45,2750,3321.0,4505,0.22,0.74,3892788,864,False,False,False,0,False,Coimbatore,Residential,False,,False,False,False
MAYFLOWER EMERALD,TN/11/Building/0429/2024,"T.S.No.68 BLOCK No.10,WARD No.AC(29)",Coimbatore,10.59585,77.00297,Residential,High Rise Building (HRB),6220,0,17416,,116,103238000,665000000,56000000,824238000,171,10,0,[],[],66951,187464,2.8,2.0,4.87,181,1542,3547.0,4397,0.13,0.81,7105500,1616,False,False,False,1,False,Coimbatore,Residential,False,,False,False,False
SREE DAKSHA 'S CALLIA,TN/11/Building/0434/2024,"OWN LAND TOTAL BLOCK ; A ,B & C TOTAL NO OF FLAT : 134 BLOCK- A & C NO OF FLATS-42 Dwellings ( STILT+ FIVE FLOOR) BLOCK- B NO OF FLATS- 50 Dwellings ( STILT+ FIVE FLOOR) AMENITIES: DRIVER TOILET , ELECTRICAL METER ROOM, R.O PUMP ROOM, GYM CLUB (STILT FLOOR)",Coimbatore,11.0041,76.52147,Residential,High Rise Building (HRB),9654,0,19018,,134,60000000,650000000,18300000,728300000,138,5,14,"[{'block': 'BLOCK ; A ,B & C TOTAL NO OF FLAT', 'base_level': 'Stilt', 'floor_segments': ['FIVE FLOOR', 'FIVE FLOOR'], 'total_floors_above_base': 10}]",[],103915,204704,1.97,2.0,4.87,157,577,3175.0,3558,0.08,0.89,5435075,1528,False,False,False,0,False,Coimbatore,Residential,False,,False,False,False
Solitaire,TN/11/Building/0437/2024,"Residential Building (M/s Diamond City Developers India Private Limited) in Ts. No. 37/1 & 37/2B, Ward No. 44, Block No. 3, Kumarapalayam Village, Perur Taluk, Coimbatore District.",Coimbatore,11.000818,76.928997,Residential,Non-High Rise Building (NHRB),12783,,11885,,39,20647455,260300400,19500000,300447855,51,75,12,[],[],137590,127934,0.93,2.0,2.0,138,150,2035.0,2348,0.07,0.87,7703791,3280,False,False,False,0,False,Coimbatore,Residential,False,,False,False,False
Elysium Celeste,TN/11/Building/0446/2024,"S+5, 3BHK & 4 BHK Resedential Flats",Coimbatore,11.011821,76.954188,Residential,Non-High Rise Building (NHRB),750,,1702,,9,36800000,60000000,12000000,108800000,16,0,2,"[{'block': None, 'base_level': 'Stilt', 'floor_segments': ['5'], 'total_floors_above_base': 5}]",[],8078,18325,2.27,2.0,2.0,18,4555,3274.0,5937,0.34,0.55,12088889,2036,False,False,False,0,False,Coimbatore,Residential,False,,False,False,False
NIVASAN SWARNAPURAA,TN/11/Building/0467/2024,".F.No: 756/1B1D2, 758/3, 759/3A, 759/3B, 760/1A , 760/1B, 760/1C1, 760/1C2, 760/1D1 & 760/1D2 17 A indra nagar , civil aerodrome PO, Kalapatti Village East Goldwins, Coimbatore- 641014",Coimbatore,11.046649,77.04317,Residential,Non-High Rise Building (NHRB),8152,0,7587,521,19,161153586,219375000,16377124,396905710,55,48,0,[],[],87747,87279,0.99,2.0,2.0,103,1837,2513.0,4548,0.41,0.55,20889774,4298,False,False,False,0,False,Coimbatore,Residential,False,,False,False,False
CASAGRAND COLOSSEUM,TN/11/Building/0474/2024,"Proposed Construction of Residential & Commercial Non High Rise Group Development Consists of 15 Blocks, Block 1 to 12A: Ground + First Floor + Second Floor, 13 D/U, Block 14: Combined Basement + Ground + 5 Upper Floors , 35 D/U, Totally 48 D/U With Swimming Pool on the Ground Level & Block 15 (Commercial Block): Combined Basement + Ground + 4 Upper Floors Comprised In T.S. No : 1/2, [Old S.No : 381 Pt], Ward No. AA, Block No. 2 of Sowripalayam Village, Coimbatore South Taluk, Coimbatore Corporation. Singanallur DD Plan No.19.",Coimbatore,11.01315,76.5915,Mixed Development,Non-High Rise Building (NHRB),12704,0,12386,3881,48,385213206,287166298,29766475,702145979,137,38,16,"[{'block': 'Block 1-12A', 'base_level': 'Ground', 'floor_segments': ['First Floor', 'Second Floor'], 'total_floors_above_base': 2}, {'block': 'Block 14', 'base_level': 'Combined Basement + Ground', 'floor_segments': ['5 Upper Floors'], 'total_floors_above_base': 5}, {'block': 'Block 15 (Commercial Block)', 'base_level': 'Combined Basement + Ground', 'floor_segments': ['4 Upper Floors'], 'total_floors_above_base': 4}]",[],136745,175095,1.28,2.0,2.0,191,2817,3307.0,4010,0.55,0.41,14628041,2778,False,False,False,0,False,Coimbatore,Mixed Development,False,,False,True,True
SWARNNA SRI SADAn,TN/11/Building/0477/2024,APARTMENT,Coimbatore,11.009929,76.944785,Residential,Non-High Rise Building (NHRB),888,2292,2292,0,12,33500000,74000000,0,107500000,23,0,3,[],[],9564,49349,5.16,2.0,2.0,26,3503,3307.0,2178,0.31,0.69,8958333,4112,False,False,False,0,False,Coimbatore,Residential,False,,False,True,True
INFINIUM CRIMSON CREST,TN/11/Building/0478/2024,"Basement + Ground + 5 floors Residential Apartments in T.S Nos. 1/4, 1/5, 1/6, 1/7 of Ward No. Y (25), Block No. 17, (Old SF Nos.348/1 Part, 340/2C), Vilankurichi Village, Coimbatore North Taluk, Coimbatore Corporation (East)",Coimbatore,11.033624,77.012335,Residential,Non-High Rise Building (NHRB),6070,0,15421,,130,337500000,705000000,55000000,1097500000,130,2,13,"[{'block': None, 'base_level': 'Ground', 'floor_segments': ['5 floors'], 'total_floors_above_base': 5}]",[],65337,165989,2.54,2.0,2.0,145,5166,4247.0,6612,0.31,0.64,8442308,1277,False,False,False,0,False,Coimbatore,Residential,False,,False,False,False
MAGNUM CITY,TN/11/Building/0479/2024,Residential Apartments - Blocks A & B with Combined basement and two Blocks of A & B with Stilt + 5 Floors,Coimbatore,11.04005,77.01833,Residential,Non-High Rise Building (NHRB),4856,0,12557,,160,164014408,476138013,15920906,656073327,122,0,11,"[{'block': None, 'base_level': 'Basement', 'floor_segments': ['5 Floors'], 'total_floors_above_base': 5}]",[],52269,135167,2.59,2.0,2.0,133,3138,3523.0,4854,0.25,0.73,4100458,845,False,False,False,0,False,Coimbatore,Residential,False,,False,False,False
Lifestyle Luxor,TN/11/Building/0489/2024,"Development of Residential Building in 0.30 acres of land situated at SF.No. 472PT Ward No. 37, Block No.3 T.S.No. .33/7 & 33/8 , SF.No. 472PT, Singanallur Village, Coimbatore East Zone, Coimbatore Dist. Tamil Nadu. The Project comprises of 24 Dwelling units.",Coimbatore,10.592490000000002,77.02025,Residential,Non-High Rise Building (NHRB),1217,0,2995,,24,59700000,87220000,8000000,154920000,24,0,3,[],[],13100,32241,2.46,2.0,2.0,27,4557,2705.0,4805,0.39,0.56,6455000,1343,False,False,False,1,False,Coimbatore,Residential,False,,False,False,False
CASAGRAND ORCHARDS PHASE I,TN/11/Building/0495/2024,"Proposed Construction of Phase - I Non High Rise Group Development Consists of 2 Blocks with combined Basement, Block - A : Ground Floor + 5 Upper Floors, (143 D/U) Block B : Ground Floor (Part) + 5 Upper Floors, (64 D/U) Club House (Part) Ground Floor + 4 Upper Floors and Swimming Pool on the Ground Floor Level, Totally 207 D/U Comprised in S.No. 150/1A2B of Kannampalayam Village, Sulur Taluk, Coimbatore District.",Coimbatore,11.00271,77.06183,Residential,Non-High Rise Building (NHRB),38526,0,23898,824,207,160000000,860000000,70000000,1090000000,222,0,24,"[{'block': 'Block - A', 'base_level': 'Ground', 'floor_segments': ['5 Upper Floors'], 'total_floors_above_base': 5}, {'block': 'Block B', 'base_level': 'Ground', 'floor_segments': ['5 Upper Floors', '4 Upper Floors'], 'total_floors_above_base': 9}]",[],414687,266111,0.64,2.0,2.0,246,386,3232.0,4096,0.15,0.79,5265700,1243,False,False,False,0,False,Coimbatore,Residential,False,,False,False,False
LUXE TOWN,TN/11/Building/0496/2024,"G+1 floor Row house - Combination of Precast load bearing Shear walls , non load bearing precast walls , and columns of 3bhk type units",Coimbatore,11.05085,77.04292,Residential,Non-High Rise Building (NHRB),4710,0,4072,,25,177128910,183188391,9379229,369696530,50,2,0,"[{'block': None, 'base_level': 'Ground', 'floor_segments': ['1 floor'], 'total_floors_above_base': 1}]",[],50703,43833,0.86,2.0,2.0,52,3493,4179.0,8434,0.48,0.5,14787861,1753,False,False,False,0,False,Coimbatore,Residential,False,,False,False,False
ANTARA,TN/11/Building/0498/2024,"S.F.No.83/1C,1B2,1D2,1E2,94/1A,1B1A2 & 2A",Coimbatore,11.052439999999999,77.01456999999999,Residential,Non-High Rise Building (NHRB),17583,0,14430,549,36,128775000,200000000,50000000,378775000,105,0,0,[],[],189262,161233,0.85,2.0,2.0,105,680,3307.0,2349,0.34,0.53,10521528,4315,False,False,False,1,False,Coimbatore,Residential,False,,False,True,True
SREE DAKSHA'S NEFELI,TN/11/Building/0500/2024,"Proposed Residential Group Development Building Block : A,B,C,D and E – (Ground + First Floor) with 41 Dwelling and Block: F Apartment Building (Stilt + 5 Floors ) with 45 Units for M/S SREE DAKSHA PROPERTY DEVELOPERS (INDIA) PVT.,LTD. at SF.No: 1039/2A1,1039/2A2, 1039/2B1,1039/2B2,1039/2C,1040/4A and 1040/4B , Kalapatty Village (East), Coimbatore North Taluk, East Zone, Coimbatore corporation, Coimbatore District",Coimbatore,11.04571,77.02233,Residential,Non-High Rise Building (NHRB),18024,0,16905,539,86,98100000,918800000,75000000,1091900000,120,44,17,"[{'block': None, 'base_level': 'Ground', 'floor_segments': ['First Floor', '5 Floors'], 'total_floors_above_base': 6}]",[],194010,187767,0.97,2.0,2.0,181,506,4893.0,5815,0.09,0.84,12696512,2116,False,False,False,0,False,Coimbatore,Residential,False,,False,False,False
Dhiya's Mallisseri,TN/11/Building/0506/2024,"Ward No: 9, TS Block.2 T.S No: 23/48, Vivekanandha Road, Ram Nagar, Coimbatore",Coimbatore,11.0148922,76.9589203,Residential,Non-High Rise Building (NHRB),824,0,1986,,15,130000000,72500000,61000000,263500000,14,1,2,[],[],8875,21373,2.41,2.0,2.0,17,14648,3392.0,12329,0.49,0.28,17566667,1425,False,False,False,0,False,Coimbatore,Residential,False,,False,False,False
ARBOR,TN/11/Building/0507/2024,"Old T.S No : 1816 / 3Part, New T.S No : 1816 / 6, Ward No : 10 J, Block No : 30, Sowripalayam Village, Coimbatore Corporation",Coimbatore,11.000409999999999,76.59505,Residential,Non-High Rise Building (NHRB),990,0,2270,,12,29530454,60000000,12177504,101707958,27,0,0,[],[],10656,24434,2.29,2.0,2.0,27,2771,2456.0,4163,0.29,0.59,8475663,2036,False,False,False,1,False,Coimbatore,Residential,False,,False,False,False
INFINIUM SKY 9,TN/11/Building/0515/2024,"Basement + Stilt + 9 floors Residential Apartments in S.F No. 733/4 at Veeriyamapalayam Road, Kalapatti Village, Coimbatore Corporation",Coimbatore,11.03,77.02,Residential,High Rise Building (HRB),8778,0,21818,,216,200000000,600000000,50000000,850000000,75,126,0,"[{'block': None, 'base_level': 'Basement', 'floor_segments': ['9 floors'], 'total_floors_above_base': 9}]",[],94481,234851,2.49,2.0,4.87,201,2117,2555.0,3619,0.24,0.71,3935185,1087,False,False,False,0,False,Coimbatore,Residential,False,,False,False,False
MARUTHAM STERLING HEIGHTS,TN/11/Building/0516/2024,"SF NO 156/1B, WARD NO (U)21, BLOCK NO 23, GANAPATHY NAGAR, GANAPATHY VILLAGE - T.S NO 12/2",Coimbatore,11.033711,76.982126,Residential,Non-High Rise Building (NHRB),723,0,1791,46,13,9722500,62025000,100000,71847500,10,7,2,[],[],7778,19767,2.54,2.0,2.0,19,1250,3138.0,3635,0.14,0.86,5526731,1483,False,False,False,0,False,Coimbatore,Residential,False,,False,False,False
DAFFODILS,TN/11/Building/0520/2024,"S.F No : 378/1A4, SITE No : 185 To 188, SESI AVENUE EAST, KALAPTTY VILLAGE, COIMBATORE",Coimbatore,11.047464,77.029899,Residential,Non-High Rise Building (NHRB),1036,0,1812,,15,5975500,58000000,1926578,65902078,16,0,4,[],[],11151,19503,1.75,2.0,2.0,20,536,2974.0,3379,0.09,0.88,4393472,1300,False,False,False,0,False,Coimbatore,Residential,False,,False,False,False
Dhiya's Sri Rangas,TN/11/Building/0525/2024,"Ward No: 10, T.S No: 802, Subramaniam Road, RS Puram, Coimbatore",Coimbatore,11.002355,76.9503024,Residential,Non-High Rise Building (NHRB),1003,0,2456,,19,158000000,112500000,74500000,345000000,19,1,2,[],[],10800,26434,2.45,2.0,2.0,22,14630,4256.0,13051,0.46,0.33,18157895,1391,False,False,False,0,False,Coimbatore,Residential,False,,False,False,False
SREEVATSA URBAN VILLAGE,TN/11/Building/0526/2024,"SF. NO. 527/1B2, 527/1C2,527/1D2, 541/2A2A, 541/2A3A & 541/3, CHINNAVEDAMPATTI VILLAGE, COIMBATORE NORTH TALUK, COIMBATORE - 641 049",Coimbatore,11.075749,76.980279,Residential,Non-High Rise Building (NHRB),7400,0,4382,0,97,10649315,251886684,132302661,394838660,35,18,0,[],[],79653,47168,0.59,2.0,2.0,53,134,5340.0,8371,0.03,0.64,4070502,486,False,False,False,0,False,Coimbatore,Residential,False,,False,False,False
GUJAN'S PARIPALANA PHASE III,TN/11/Building/0534/2024,"-S.F.No.411/1B1B1, 411/1B1C1, 411/1B1D1, 411/1A2, 411/1A3 OF Veerakeralam village, Coimbatore District.",Coimbatore,78.45,80.56,Residential,Non-High Rise Building (NHRB),2532,0,5526,,60,478787000,548700,982100,480317800,50,0,5,[],[],27250,59485,2.18,2.0,2.0,55,17570,3307.0,8075,1.0,0.0,8005297,991,False,False,False,0,False,Coimbatore,Residential,False,,False,True,True
RADIANCE RIVERWOODS,TN/11/Building/0544/2024,"The Proposed Construction of High Rise Residential Building Consists of 2 Towers with Combined Basement & Stilt; Tower- 1: Stilt Floor + 13 Upper Floors with 182 Dwelling Units; Tower- 2: Stilt Floor + 13 Upper Floors with 195 Dwelling Units and Combined with Club House: Stilt Floor + 4 Upper Floors with Gym, Indoor Games, SPA & Swimming pool on the First Floor Level. Totally 377 Dwelling units Comprised in T.S.Nos.12/2, 13/2 & 15/1 ( Old Survey Nos.226pt, 227pt & 228pt) in Block-1, Ward – AQ, South Zone, Kumarapalayam Village, Perur Taluk, Coimbatore District.",Coimbatore,10.9830331,76.9280985,Residential,High Rise Building (HRB),12140,0,38219,1238,377,358500000,629973000,,988473000,519,35,34,"[{'block': None, 'base_level': 'Basement', 'floor_segments': ['13 Upper Floors', '13 Upper Floors', '4 Upper Floors', 'First Floor'], 'total_floors_above_base': 31}]",[],130679,424704,3.25,2.0,4.87,588,2743,3307.0,2327,0.36,0.64,2621944,1091,False,False,False,0,False,Coimbatore,Residential,False,,False,True,True
BRINDAVAN RESIDENCY,TN/11/Building/0550/2024,"S.F.No: 533/3B of Kalikkanaicken Palayam Village, Perur Taluk, Coimbatore District, Tamil Nadu",Coimbatore,11.00102778,76.85244167,Residential,Non-High Rise Building (NHRB),1598,0,3501,,45,30000000,130000000,40000000,200000000,15,0,2,[],[],17201,37687,2.19,2.0,2.0,17,1744,3449.0,5307,0.15,0.65,4444444,837,False,False,False,0,False,Coimbatore,Residential,False,,False,False,False
Mount Galaxy,TN/11/Building/0553/2024,Affordable Housing Residential Project,Coimbatore,11.01015,76.53380999999999,Residential,Non-High Rise Building (NHRB),5630,0,10987,,212,60000000,715000000,60000000,835000000,95,0,0,[],[],60601,118268,1.95,2.0,2.0,95,990,6046.0,7060,0.07,0.86,3938679,558,False,False,False,1,False,Coimbatore,Residential,False,,False,False,False
NEO CITY,TN/11/Building/0564/2024,"Single block of S+5 floor Combination of Precast load bearing Shear walls , non load bearing precast walls , and columns of 1bhk and 2bhk type units",Coimbatore,11.03961,77.018586,Residential,Non-High Rise Building (NHRB),1214,0,2913,,50,39355212,107932433,3267745,150555390,14,0,1,"[{'block': None, 'base_level': 'Stilt', 'floor_segments': ['5 floor'], 'total_floors_above_base': 5}]",[],13067,31355,2.4,2.0,2.0,15,3012,3442.0,4802,0.26,0.72,3011108,627,False,False,False,0,False,Coimbatore,Residential,False,,False,False,False
Sanbrix Business Centre,TN/11/Building/0584/2024,Proposed constructions of basement + stilt + 4 floors office building,Coimbatore,11.023513,76.990558,Commercial,Non-High Rise Building (NHRB),1579,0,0,3916,,54358400,184453085,,238811485,40,0,4,"[{'block': None, 'base_level': 'Basement', 'floor_segments': ['4 floors'], 'total_floors_above_base': 4}]",[],16993,42155,2.48,2.0,2.0,44,3199,4376.0,5665,0.23,0.77,,,False,False,False,0,False,Coimbatore,Commercial,False,,False,False,False
RR ARAM,TN/11/Building/0588/2024,"KALLIMADAI, UPPILIPALAYAM VILLAGE, COIMBATORE",Coimbatore,10.99578,77.01682,Residential,Non-High Rise Building (NHRB),11201,0,11201,,100,94695955,298898326,24805719,418400000,90,0,9,[],[],120568,120568,1.0,2.0,2.0,99,785,2479.0,3470,0.23,0.71,4184000,1206,False,False,False,0,False,Coimbatore,Residential,False,,False,False,False
Thaara,TN/11/Building/0590/2024,"S.F.No: 270/5A2, GKS Nagar Road, Saravanampatty Village, coimbatore north taluk & District",Coimbatore,11.070435001015966,77.00091318157833,Residential,Non-High Rise Building (NHRB),1243,0,2948,,30,13379652,120638338,15000000,149017990,33,33,3,[],[],13380,31734,2.37,2.0,2.0,69,1000,3802.0,4696,0.09,0.81,4967266,1058,False,False,False,0,False,Coimbatore,Residential,False,,False,False,False
MARUTHAM CHERRY BLOSSOM,TN/11/Building/0597/2024,"SF NO.368/2, SASI AVENUE, KALAPATTI VILLAGE, WARD NO.23, EAST ZONE, COIMBATORE CORPORATION, COIMBATORE DIST",Coimbatore,11.047628,77.029023,Residential,Non-High Rise Building (NHRB),1950,0,4897,88,39,22374585,167715000,,190089585,46,7,5,[],[],20990,53651,2.56,2.0,2.0,58,1066,3126.0,3543,0.12,0.88,4874092,1352,False,False,False,0,False,Coimbatore,Residential,False,,False,False,False
SOBHA VERDURE,TN/11/Building/0600/2024,"Registration applied for Block A,Block B,Block C,Block D,Block E,Block F, Block G -Total 44 nos of Rowhouses and Block H. SF No 478/1Apt,478/4,478/5A, Perur Taluk , Veerakeralam Village, Coimbatore -641007",Coimbatore,11.00171,76.52441999999999,Residential,Non-High Rise Building (NHRB),18379,0,8329,325,44,99718186,434853585,0,534571771,0,92,0,[],[],197830,93146,0.47,2.0,2.0,92,504,4669.0,5739,0.19,0.81,12149358,2037,False,False,False,1,False,Coimbatore,Residential,False,,False,False,False
PUNARJANI,TN/11/Building/0601/2024,RESIDENTIAL APPARTMENT,Coimbatore,10.994572,76.925926,Residential,Non-High Rise Building (NHRB),11655,0,6543,,64,32500000,140200000,0,172700000,43,21,9,[],[],125453,70426,0.56,2.0,2.0,73,259,1991.0,2452,0.19,0.81,2698438,1100,False,False,False,0,False,Coimbatore,Residential,False,,False,False,False
-,TN/11/Building/0602/2024,"Ward –H(8), Block No -3, T.S.No. 123/1, 123/2 & 123/3 of Cowley Brown Road, R.S. Puram, Coimbatore Municipal Corporation, Coimbatore South Taluk, Coimbatore District.",Coimbatore,11.00539,76.56533999999999,Residential,Non-High Rise Building (NHRB),1207,,3376,,15,55267000,151000000,30874473,237141473,50,0,0,[],[],12992,36339,2.8,2.0,2.0,50,4254,4155.0,6526,0.23,0.64,15809432,2423,False,False,False,1,False,Coimbatore,Residential,False,,False,False,False
Jagannaath VEDAANTA,TN/11/Building/0606/2024,Proposed Construction of Residential Apartment Buildings,Coimbatore,11.14751,77.05611,Residential,Non-High Rise Building (NHRB),8786,0,22494,,290,5300000,619400000,,624700000,128,6,7,[],[],94573,242120,2.56,2.0,2.0,141,56,2558.0,2580,0.01,0.99,2154138,835,False,False,False,1,False,Coimbatore,Residential,False,,False,False,False
PACE JAYKAY MANOR,TN/13/Building/0586/2024,"Stilt Floor + 5 floors with 30 Dwelling Units to be set up at T. S. Nos. 462/1C and 462/12, Block No. - 16, ward No. - 1 and T.S. No. 465/3B21, Block No. 17, Ward No. 1 of Kumbakonam Corporation, Thanjavur district, Tamil Nadu State",Thanjavur,10.9621629,79.3811721,Residential,Non-High Rise Building (NHRB),896,0,2401,,30,26030000,64587000,,90617000,17,0,0,"[{'block': None, 'base_level': 'Stilt', 'floor_segments': ['5 floors'], 'total_floors_above_base': 5}]",[],9644,25844,2.68,2.0,2.0,17,2699,2499.0,3506,0.29,0.71,3020567,861,False,False,False,0,False,Thanjavur,Residential,False,,False,False,False
ARJITH ALLURE,TN/16/Building/0303/2024,"Stilt Floor + 5 Floors residential building with 35 dwelling units at Door No. 13 , Arokiyasamy Pillai Street. Comprised in New T.S.No. 5 (S.F.No. 136/1A Part) , Ward - AK , Block No. 8 of K.Abishekapuram Village , Tiruchirappalli West Taluk , Tiruchirappalli District.",Tiruchirappalli,10.46,78.4,Residential,Non-High Rise Building (NHRB),1254,,3260,,35,27000000,107820000,0,134820000,30,7,0,"[{'block': None, 'base_level': 'Stilt', 'floor_segments': ['5 Floors'], 'total_floors_above_base': 5}]",[],13500,35092,2.6,2.0,2.0,37,2000,3072.0,3842,0.2,0.8,3852000,1003,False,False,False,0,False,Tiruchirappalli,Residential,False,,False,False,False
MORAIS CITY MIB E BLOCK,TN/16/Building/0320/2024,"Basement Floor 1, 2 + Stilt Floor + 1st Floor + 4th Floor - Commerical Building - Business Office Building in S.No.201/1E1B, 204/2B & 205/1A2, Plot No.C6, (Regularised Layout No.L.P(R)/NTDA No.1/2020) Morais city Extension- I, Keelakurichi Village & Panchayat, Thiruverumbur Taluk, Trichy District.",Tiruchirappalli,10.45,78.43,Commercial,Non-High Rise Building (NHRB),1773,,,3690,,23855000,320940000,80235000,425030000,48,0,48,"[{'block': None, 'base_level': 'Basement', 'floor_segments': ['1st Floor', '4th Floor'], 'total_floors_above_base': 2}]",[],19084,39716,2.08,2.0,2.0,96,1250,8081.0,10702,0.06,0.76,,,False,False,False,0,False,Tiruchirappalli,Commercial,False,,False,False,False
Jeyam's Empire,TN/16/Building/0324/2024,Apartment,Tiruchirappalli,10.759931,78.680031,Residential,Non-High Rise Building (NHRB),5917,,15230,,130,200000000,510000000,40000000,750000000,95,35,16,[],[],63689,163937,2.57,2.0,2.0,146,3140,3111.0,4575,0.27,0.68,5769231,1261,False,False,False,0,False,Tiruchirappalli,Residential,False,,False,False,False
Jeyam's Palace,TN/16/Building/0378/2024,Residential Apartment Building,Tiruchirappalli,10.759937,78.68039,Residential,Non-High Rise Building (NHRB),947,,2460,,20,35000000,85000000,9610000,129610000,8,14,2,[],[],10196,26475,2.6,2.0,2.0,24,3433,3211.0,4896,0.27,0.66,6480500,1324,False,False,False,0,False,Tiruchirappalli,Residential,False,,False,False,False
MKB NEST,TN/16/Building/0391/2024,"PLOT NO:1,2,3,4,5,6, S.NO:20,21,24,26,29,30, BLOCK NO- 23,WARD-AH, ANBAZHAGAN STREET, K SATHANUR VILLAGE, TRICHY-620021",Tiruchirappalli,10.451770000000002,78.41199,Residential,Non-High Rise Building (NHRB),1130,,2936,,30,60825000,116865450,896032,178586482,5,24,3,[],[],12165,31603,2.6,2.0,2.0,32,5000,3698.0,5651,0.34,0.65,5952883,1053,False,False,False,1,False,Tiruchirappalli,Residential,False,,False,False,False
CH CENNETS,TN/16/Building/0409/2024,A RESIDENTIAL APARTMENT OF STILT + 5 FLOORS WITH 15 DWELLINGS AND RESPECTIVE CAR PARKINGS.,Tiruchirappalli,10.78205,78.67948,Residential,Non-High Rise Building (NHRB),597,0,1473,,15,25000000,32000000,5000000,62000000,9,6,2,"[{'block': None, 'base_level': 'Stilt', 'floor_segments': ['5 FLOORS'], 'total_floors_above_base': 5}]",[],6424,15851,2.47,2.0,2.0,17,3891,2019.0,3911,0.4,0.52,4133333,1057,False,False,False,0,False,Tiruchirappalli,Residential,False,,False,False,False
TIP TOP TOWER,TN/16/Building/0445/2024,"Residential Apartment, Stilt +5 Floors",Tiruchirappalli,10.844024,78.706753,Residential,Non-High Rise Building (NHRB),1167,0,3029,,30,35025000,122162370,5245575,162432945,26,4,3,"[{'block': None, 'base_level': 'Stilt', 'floor_segments': ['5 Floors'], 'total_floors_above_base': 5}]",[],12561,32601,2.6,2.0,2.0,33,2788,3747.0,4982,0.22,0.75,5414432,1087,False,False,False,0,False,Tiruchirappalli,Residential,False,,False,False,False
DEVI RESIDENCY,TN/16/Building/0466/2024,""" DEVI RESIDENCY “to be set up at(Stilt+5 Floors) in Door no:12 , T.S.No.66/1,66/2, Ward M, Block No.35 in Thillai Nagar 10E Cross, Raghumaniyapuram, Tennur, Trichy, Tamil Nadu-620012.",Tiruchirappalli,10.49114,78.41092,Residential,Non-High Rise Building (NHRB),920,0,1838,,15,14487604,65899875,1379676,81767155,7,17,0,"[{'block': None, 'base_level': 'Stilt', 'floor_segments': ['5 Floors'], 'total_floors_above_base': 5}]",[],9902,19780,2.0,2.0,2.0,24,1463,3332.0,4134,0.18,0.81,5451144,1319,False,False,False,1,False,Tiruchirappalli,Residential,False,,False,False,False
MORAIS ORCHID,TN/16/Building/0492/2024,"Old Survey Number 205/5A, New Survey No. 205/13, Plot No. 378A, Morais City Extension – I, Keelakurichi Village and Panchayat, Thiruverumbur Panchayat Union and Taluk, Tiruchirappalli District, Tamil Nadu",Tiruchirappalli,10.757417,78.724056,Residential,Non-High Rise Building (NHRB),1045,2903,0,,90,14062500,115926370,31247000,161235870,6,0,0,[],[],11248,31247,2.78,2.0,2.0,6,1250,3710.0,5160,0.09,0.72,1791510,347,False,False,False,0,False,Tiruchirappalli,Residential,False,,False,False,False
ROYAL WINDGATES PHASE II,TN/16/Building/0517/2024,"T.S.No.1/1A part, Block No 05 and Ward AB, Golden Rock Zone, K.Abhisekapuram village,Tiruchirappalli,",Tiruchirappalli,10.0822,78.67325,Residential,Non-High Rise Building (NHRB),2058,0,5351,,34,68674145,178561825,12569822,259805792,47,8,0,[],[],22153,57603,2.6,2.0,2.0,55,3100,3100.0,4510,0.26,0.69,7641347,1694,False,False,False,1,False,Tiruchirappalli,Residential,False,,False,False,False
MORAIS LAVENDER,TN/16/Building/0566/2024,"Old Survey No. 205/5A, New Survey No. 205/21, Plot No. 376, MoraisCity Extension - I, Keelakurichi Village and Panchayat, Thiruverumbur Panchayat Union and Taluk,Thiruchirapalli District - 620 007.",Tiruchirappalli,10.757,78.724056,Residential,Non-High Rise Building (NHRB),1045,2903,0,,90,14062500,147173370,,161235870,6,0,0,[],[],11248,31247,2.78,2.0,2.0,6,1250,4710.0,5160,0.09,0.91,1791510,347,False,False,False,0,False,Tiruchirappalli,Residential,False,,False,False,False
NAVANEETHA SAHASRAROOPA,TN/16/Building/0569/2024,"""Basement Floor + 3 Floors T. S. No. 1292/30 , Ward No: A , Block No. 39, at Melur Village, Srirangam Zone, Thiruchirapalli Corporation, Tamil Nadu state.""",Tiruchirappalli,10.861377,78.683653,Residential,Non-High Rise Building (NHRB),772,0,1589,,16,16600000,53600000,,70200000,15,0,0,"[{'block': None, 'base_level': 'Basement', 'floor_segments': ['3 Floors'], 'total_floors_above_base': 3}]",[],8310,17104,2.06,2.0,2.0,15,1998,3134.0,4104,0.24,0.76,4387500,1069,False,False,False,0,False,Tiruchirappalli,Residential,False,,False,False,False
MORAIS TULIP,TN/16/Building/0574/2024,"Old Survey No. 205/5A, New Survey No. 205/16, Plot No. 378, Keelakurichi Village and Panchayat, Thiruverumbur Panchayat Union and Taluk, Thiruchirapalli District - 620007.",Tiruchirappalli,10.757333,78.724056,Residential,Non-High Rise Building (NHRB),1045,2903,0,,90,14062500,147173370,,161235870,6,0,0,[],[],11248,31247,2.78,2.0,2.0,6,1250,4710.0,5160,0.09,0.91,1791510,347,False,False,False,0,False,Tiruchirappalli,Residential,False,,False,False,False
BHARATH BLOSSOM,TN/16/Building/0598/2024,BHARATH BLOSSOM IS A STILT PLUS 3 FLOOR APARTMENT WITH 9 UNITS OF 3BHK,Tiruchirappalli,10.822575,78.669254,Residential,Non-High Rise Building (NHRB),557,0,1110,,9,36000000,49000000,5000000,90000000,10,1,0,"[{'block': None, 'base_level': 'Stilt', 'floor_segments': ['3 FLOOR'], 'total_floors_above_base': 3}]",[],6000,11947,1.99,2.0,2.0,11,6000,4101.0,7533,0.4,0.54,10000000,1327,False,False,False,0,False,Tiruchirappalli,Residential,False,,False,False,False
SKYVILLE RESIDENCE,TN/17/Building/0538/2024,"S.F.NO:415/11B, INAM KARUR VILLAGE, KARUR CITY MUNICIPAL CORPORATION",Karur,10.978361,78.045167,Residential,Non-High Rise Building (NHRB),892,0,2330,,14,33600000,72927000,0,106527000,27,4,0,[],[],9601,25081,2.61,2.0,2.0,31,3499,2908.0,4247,0.32,0.68,7609071,1792,False,False,False,0,False,Karur,Residential,False,,False,False,False
ISHA POKKISHAM,TN/1/Building/0306/2024,"Group Housing Development with 2 Blocks; Block A - Stilt Floor + 5 Floors (Height – 18.30m) Residential Building with 33 Dwelling Units and (GYM @ 1st Floor); Block B – Stilt Floor + 5 Floor (Height – 18.30m) Residential Building with 45 Dwelling Units; Totally 78 Dwelling uUnits for Affordable Housing and Service Block (Ground Floor - Pump Room) at Nookampalayan Road, Perumbakkam, Chennai 600 100 Comprised in S.Nos.78/1, 78/2, 78/3, 78/4, 78/5 & 78/6 of Perumbakkam Village, Within the limits of St.Thomas Mount Panchayat Union .",Kancheepuram,12.540360000000002,80.11524999999999,Residential,Non-High Rise Building (NHRB),3521,,8245,,78,104000000,178000000,10836500,292836500,66,5,2,"[{'block': None, 'base_level': 'Ground', 'floor_segments': ['5 Floors', '1st Floor', '5 Floor'], 'total_floors_above_base': 11}]","[18.3, 18.3]",37897,88747,2.34,2.0,2.0,73,2744,2006.0,3300,0.36,0.61,3754314,1138,False,False,False,1,False,Kancheepuram,Residential,False,,False,False,False
BROOKSIDE RESIDENCES,TN/1/Building/0349/2024,"Villa Group development, G+1, comprised in Survey No. 240, 242, in the Layout ‘Maansarovar Nagar' situated at Rendamkattalai Village, Kundrathur Taluk",Kancheepuram,12.99673,80.11334,Residential,Non-High Rise Building (NHRB),606,,586,,37,20404470,13780000,2000000,36184470,0,5,0,"[{'block': None, 'base_level': 'Ground', 'floor_segments': ['1'], 'total_floors_above_base': 1}]",[],6519,6312,0.97,2.0,2.0,5,3130,2183.0,5733,0.56,0.38,977959,171,False,False,False,0,False,Kancheepuram,Residential,False,,False,False,False
MARUTHAM ROYALGARDENS PHASE - II,TN/1/Building/0350/2024,"OLD SURVEY NO.267/1, AS PER PATTA NEW SURVEY NO.267/1B, MANIMANGALAM 'A' VILLAGE, KUNDRATHUR TALUK, KANCHIPURAM DIST",Kancheepuram,12.917269,80.056098,Residential,Non-High Rise Building (NHRB),3600,,8790,450,75,13000000,298500000,49750000,361250000,7,8,7,[],[],38750,99467,2.57,2.0,2.0,22,335,3001.0,3632,0.04,0.83,4816667,1262,False,False,False,0,False,Kancheepuram,Residential,False,,False,False,False
SIDHARTH SQUARE,TN/1/Building/0351/2024,"THARAPAKKAM ROAD, GERUGAMBAKKAM,CHENNAI COMPRISED IN S.NO.446/1, 448/1A, 449/12B1, 450 & 451/2 OF GERUGAMBAKKAM VILLAGE WITHIN THE LIMITS OF KUNDRATHUR PANCHAYAT UNION-CONSTRUCTION OF GROUP HOUSING DEVELOPMENT WITH TWO BLOCKS -BLOCK A: STILT FLOOR +5 FLOORS RESIDENTIALBUILDING WITH 173 DWELLING UNITS (HEIGHT 18.30M)& BLOCK B: STILT FLOOR + 5 FLOORS RESIDENTIAL BUILDING WITH 36 DWELLING UNITS (HEIGHT 18.30M) - TOTALLY 209 DWELLING UNITS WITH SWIMMING POOL,YOGA ROOM,GYM, KIDS PLAY ROOM in Block A",Kancheepuram,13.002312103632573,80.13542500000001,Residential,Non-High Rise Building (NHRB),9915,,19514,,209,350000000,1000000000,300000000,1650000000,173,36,0,"[{'block': 'BLOCK A', 'base_level': 'Stilt', 'floor_segments': ['5 FLOORS'], 'total_floors_above_base': 5}, {'block': 'BLOCK B', 'base_level': 'Stilt', 'floor_segments': ['5 FLOORS'], 'total_floors_above_base': 5}]","[18.3, 18.3]",106722,210049,1.97,2.0,2.0,209,3280,4761.0,7855,0.21,0.61,7894737,1005,False,False,False,0,False,Kancheepuram,Residential,False,,False,False,False
RUBY ORCHID RESIDENCE,TN/1/Building/0388/2024,PLAN SHOWING THE PROPOSED CONSTRUCTION OF STILT FLOOR +5 FLOORS WITH 18.20M HEIGHT RESIDENTIAL BUILDING FOR AFFORDABLE HOUSING WITH 35 DWELLING UNITS AT STATION ROAD (URAPAKKAM FLYOVER SERVICE ROAD) COMPRISED SURVEY NO.142A/1C1 OF KILAMBAKKAM VILLAGE WITH IN LIMIT KATTANKULATHUR PANCHAYAT UNION.,Kancheepuram,12.86947,80.07279,Residential,Non-High Rise Building (NHRB),1467,,3124,,35,31581576,60524443,711140,92817159,19,4,2,"[{'block': None, 'base_level': 'Stilt', 'floor_segments': ['5 FLOORS'], 'total_floors_above_base': 5}]",[],15791,33624,2.13,2.0,2.0,25,2000,1800.0,2760,0.34,0.65,2651919,961,False,False,False,0,False,Kancheepuram,Residential,False,,False,False,False
MP GOLDEN HEIGHTS,TN/1/Building/0397/2024,"Construction of Stilt + 5 Floors residential building with 125 dwellling units at Kundrathur Main Road, Moonramkattalai, comprised in Survey Nos. 12/2B & 12/2C, Moonramkattalai Village, Kundrathur Taluk, Kancheepuram District and Building Plan approved vide Planning permit No.OL- PP/NHRB/0143/2024 dated 16.04.2024, CMDA, Chennai, BL.No.179/BL/2024/00066 dated 23.05.2024, Municipal commissioner, Kundrathur Municipality",Kancheepuram,13.0051618,80.1063993,Residential,Non-High Rise Building (NHRB),3444,,10043,,125,150000000,288530000,2469474,440999474,75,2,0,"[{'block': None, 'base_level': 'Stilt', 'floor_segments': ['5 Floors'], 'total_floors_above_base': 5}]",[],37075,108103,2.92,2.0,2.0,77,4046,2669.0,4079,0.34,0.65,3527996,865,False,False,False,0,False,Kancheepuram,Residential,False,,False,False,False
CASAGRAND ESTILO,TN/1/Building/0398/2024,"Proposed Construction of Group Development Consists of 2 Blocks with Combined Basement Floor for Parking in Block – A : Ground Floor + 5 Floors, Totally 95 Dwelling Units, Block – B : Ground Floor + 5 Floors, Totally 107 Dwelling Units, with Club House and Swimming Pool on the Ground Floor Level Totally 202 Dwelling Units of Residential Building at Thirumal Nagar 2nd Street, Pallavaram, Chennai – 600 043, Comprised in Old S.No.40/1 & 40/2, T.S.No. 129 in Block : 13 Ward : A of Issa Pallavaram Village and Old S.No. 396/5 (As per TSLR Old S.No. 396/1, 396/2 & 396/3 Part), New. T.S.No.1/2 (Part) in Block : 1, Ward : E of Zamin Pallavaram Village within the Limit of Tambaram Municipal Corporation.",Kancheepuram,80.84317,12.575239,Residential,Non-High Rise Building (NHRB),14164,,27056,649,202,304922592,447319440,50696203,802938235,233,24,24,"[{'block': 'Block – A', 'base_level': 'Ground', 'floor_segments': ['5 Floors'], 'total_floors_above_base': 5}, {'block': 'Block – B', 'base_level': 'Ground', 'floor_segments': ['5 Floors'], 'total_floors_above_base': 5}]",[],152460,298210,1.96,2.0,2.0,281,2000,3373.0,2693,0.38,0.56,,,False,True,False,0,False,Kancheepuram,Residential,False,,False,True,True
NCC URBAN INFRASTRUCTURE LIMITED https://rera.tn.gov.in/public-view2/building/pfirm/658baaf0-0d15-11ef-931a-33eccdf39a7b,TN/1/Building/0404/2024,HIGH RISE BUILDING FOR RESIDENTIAL DEVELOPMENT COMPRISING 8 BLOCKS; COMBINED EXTENDED SECOND BASEMENT FLOOR FOR BLOCK E & F; COMBINED EXTENDED FIRST BASEMENT FLOOR FOR BLOCK A & B AND C TO G (LIG); COMBINED STILT FLOOR FOR BLOCK A & B AND C TO G (LIG); COMBINED FIRST FLOOR (PARKING) FOR BLOCK A & B FOR PARKING; BLOCK-A: SINGLE BASEMENT FLOOR + STILT FLOOR + 1ST FLOOR (PARKING) + 2ND FLOOR TO 16TH FLOOR WITH 50.15M HEIGHT - RESIDENTIAL BUILDING WITH 90 DWELLING UNITS; BLOCK-B: SINGLE BASEMENT FLOOR + STILT FLOOR + 1ST FLOOR (PARKING) + 2ND FLOOR TO 16TH FLOOR WITH 50.15M HEIGHT - RESIDENTIAL BUILDING WITH 120 DWELLING UNITS; BLOCK-C: SINGLE BASEMENT FLOOR + STILT FLOOR + 17 FLOORS WITH 53.10M HEIGHT -,Kancheepuram,12.951727,80.17072,Residential,High Rise Building (HRB),32823,11725,92067,1426,924,1413227080,2726916000,156435645,4296578725,874,210,0,"[{'block': 'BLOCK E & F; COMBINED EXTENDED FIRST BASEMENT FLOOR FOR BLOCK A & B AND C-G (LIG); COMBINED STILT FLOOR FOR BLOCK A & B AND C-G (LIG); COMBINED FIRST FLOOR (PARKING) FOR BLOCK A & B FOR PARKING; BLOCK-A', 'base_level': 'Basement', 'floor_segments': ['1ST FLOOR', '2ND FLOOR', '16TH FLOOR', '1ST FLOOR', '2ND FLOOR', '16TH FLOOR', '17 FLOORS'], 'total_floors_above_base': 23}]",[53.1],353303,1132554,3.21,2.0,4.87,1084,4000,2408.0,3794,0.33,0.63,4649977,1209,False,False,False,0,False,Kancheepuram,Residential,False,,False,False,False
MP KUMUDAM ENCLAVE,TN/1/Building/0428/2024,"Construction of Group Housing Development Residential Building with 17 Blocks, Block 1-17: Ground + 2 Floors, Block 1,2,3,4,5,6,8,9,10 & 11 with 8 Dwelling units each, Block 7,12,13,14,15,16 & 17 with 5 Dwelling units totally 115 Dwelling units situated at Plot Nos. 1,2,3,4,5,6,7,8,9,10,11,12,13,18,19,20,21,22,2 3,24,25,26,27,28,29 & 30 comprised in Survey No.143/1A, Kumudam Enclave, Kundrathur ‘B’ Village, Kundrathur Taluk, Kancheepuram District.",Kancheepuram,12.9865063,80.1047573,Residential,Non-High Rise Building (NHRB),2818,,4901,,115,84940800,130878000,6800000,222618800,17,4,0,"[{'block': 'Block 1-17', 'base_level': 'Ground', 'floor_segments': ['2 Floors'], 'total_floors_above_base': 2}]",[],30336,52750,1.74,2.0,2.0,21,2800,2481.0,4220,0.38,0.59,1935816,459,False,False,False,0,False,Kancheepuram,Residential,False,,False,False,False
MP Petals,TN/1/Building/0440/2024,"Construction of Group Housing of Development Residential Building with 19 Blocks, Block 1-19: Stilt + 3 Floors, with 6 Dwelling units in each block, totally 114 Dwelling units situated at Plot no 1, 2, 3, 4, 5, 6, 7, 8, 9, 10, 11, 12, 13, 14, 15, 16, 17, 18 & 19, comprised in Survey No. 509/1C1G1C & 509/1C1G1A of Kundrathur 'B' Village, Kundrathur Taluk, Kancheepuram District, Kundrathur Municipality Limit.",Kancheepuram,12.9836937,80.1138193,Residential,Non-High Rise Building (NHRB),3422,0,6737,,114,110514000,281610000,9025000,401149000,54,0,0,"[{'block': 'Block 1-19', 'base_level': 'Stilt', 'floor_segments': ['3 Floors'], 'total_floors_above_base': 3}]",[],36838,72519,1.97,2.0,2.0,54,3000,3883.0,5532,0.28,0.7,3518851,636,False,False,False,0,False,Kancheepuram,Residential,False,,False,False,False
MP Greenbay,TN/1/Building/0442/2024,"Construction of Group Housing Development Residential Building with 8 Blocks, Block 1-8: Stilt + 3 Floors, Block 1,2,4,5,6,7 & 8, with 6 Dwelling units each, Block 3 with 8 Dwelling units totally 50 Dwelling units situated at Plot Nos. 3,4,5,6,7,8,9,10,11 &12,comprised in Survey No.60/1A1A, & 64/3A1 Moondramkattalai Village, Kundrathur Taluk, Kancheepuram District.",Kancheepuram,12.998713,80.106294,Residential,Non-High Rise Building (NHRB),1483,0,2595,,50,63840000,143612000,4000000,211452000,21,6,0,"[{'block': 'Block 1-8', 'base_level': 'Stilt', 'floor_segments': ['3 Floors'], 'total_floors_above_base': 3}]",[],15960,27937,1.75,2.0,2.0,27,4000,5141.0,7569,0.3,0.68,4229040,559,False,False,False,0,False,Kancheepuram,Residential,False,,False,False,False
JOHITHA'S VILLE,TN/1/Building/0499/2024,Block 1 & 2: Stilt + 2 Floors + 3rd Floor (Part) - Commercial cum Residential Building,Kancheepuram,13.0039,80.1565,Mixed Development,Non-High Rise Building (NHRB),2833,,3910,693,27,80000000,180000000,20000000,280000000,41,2,5,"[{'block': 'Block 1 & 2', 'base_level': 'Stilt', 'floor_segments': ['2 Floors', '3rd Floor'], 'total_floors_above_base': 3}]",[],30492,49541,1.62,2.0,2.0,48,2624,3633.0,5652,0.29,0.64,10370370,1559,False,False,False,1,True,Kancheepuram,Mixed Development,False,,False,False,False
RUBY COURTYARD,TN/1/Building/0518/2024,"proposed construction of residential high rise group development consists of 3 blocks with combined basement, block 1: stilt + 11 upper floors with 143 dwelling units, block 2: stilt + 11 upper floors block-3 (incidental block) with total 286 dwelling units in S.Nos. 387/1A1A1, 388,389/2,390/1B of padappai village, kundrathur Taluk, kanchipuram district.",Kancheepuram,12.8901870874572,80.03473425037059,Residential,High Rise Building (HRB),10560,,21120,,286,203634830,736675243,34195695,974505768,259,27,22,"[{'block': 'block 1', 'base_level': 'Stilt', 'floor_segments': ['11 upper floors'], 'total_floors_above_base': 11}, {'block': 'block 2', 'base_level': 'Stilt', 'floor_segments': ['11 upper floors'], 'total_floors_above_base': 11}]",[],113667,227334,2.0,2.0,4.87,308,1792,3240.0,4287,0.21,0.76,3407363,795,False,False,False,0,False,Kancheepuram,Residential,False,,False,False,False
NEST CHARISMA,TN/1/Building/0595/2024,"S.Nos.44/2B1, 46/2A1, 46/2A2 & 46/2A3 Adhanur Road, Varadharajapuram Village. Kundrathur Taluk,",Kancheepuram,12.889385,80.053618,Residential,Non-High Rise Building (NHRB),3750,0,10211,,98,61093500,500244100,,561337600,40,45,7,[],[],40365,109914,2.72,2.0,2.0,92,1514,4551.0,5107,0.11,0.89,5727935,1122,False,False,False,0,False,Kancheepuram,Residential,False,,False,False,False
CASAGRAND MADELYN,TN/1/Building/0605/2024,"PROPOSED CONSTRUCTION OF HIGH RISE RESIDENTIAL BUILDING CONSISTS OF EXTENDED BASEMENT FLOOR + STILT FLOOR (PART) / GROUND FLOOR (PART) + 4 FLOORS (RESIDENTIAL WITH AMENITIES) + 5TH FLOOR TO 19TH FLOORS RESIDENTIAL – TOTALLY WITH 394 DWELLING UNITS AND OPEN SWIMMING POOL AT GROUND LEVEL COMPRISED IN SURVEY NO:236/2, 237/3B, 237/4B, 238/1B, 238/2, 238/3, 239/1A2, 239/2A, 269B/1A1, 269B/1B, 270/1A1, 270/2A, 272/1B, 272/3A, 272/3B OF THIRUMUDIVAKKAM VILLAGE, KUNDRATHUR TALUK, KANCHEEPURAM DISTRICT WITHIN THE LIMITS OF KUNDRATHUR PANCHAYAT UNION",Kancheepuram,80.12499,12.47498,Residential,High Rise Building (HRB),26150,0,49786,1310,394,440000000,2150000000,,2590000000,272,114,33,"[{'block': None, 'base_level': 'Ground', 'floor_segments': ['4 FLOORS', '5TH FLOOR'], 'total_floors_above_base': 5}]",[],281476,549987,1.95,2.0,4.87,419,1563,3909.0,4709,0.17,0.83,6573604,1360,False,False,False,0,False,Kancheepuram,Residential,False,,False,False,False
MADHYAPURI,TN/20/Building/0348/2024,"Madurai District, Thiruparankundram Taluk, Madurai Corporation, S.Ward No.22, Block - 34, T.S.No.4/47, 6/5 and S.Ward No.4, Block - 49, T.S.No.7/1 at Madakulam Village – (Old R.S.No.19/1(P), 19/2(P), 19/3(P), 220/5A) Site Area of 2753.84 Sq.m by Amalgamation of Plot Nos.1 to 8 approved in L.P/MLPA No.163/2021 and Proposal of Residential Building (G.F + 5 Floors) 46 Nos. of Residential Units.",Madurai,9.912032,78.099167,Residential,Non-High Rise Building (NHRB),2754,,6938,,46,44463000,105000000,19565291,169028291,43,3,5,"[{'block': None, 'base_level': None, 'floor_segments': ['5 Floors'], 'total_floors_above_base': 5}]",[],29642,74681,2.52,2.0,2.0,51,1500,3225.0,2263,0.26,0.62,3674528,1623,False,False,False,0,False,Madurai,Residential,False,,False,True,True
PRYME AER,TN/20/Building/0358/2024,"Residential cum Commercial Building with Basement Floor + Ground Floor + 9 Floors consisting 26 units located at R.S. No. 10/17B and 10/17C situated in Kannanenthal Village, Thiruppalai Group on New Natham Main Road, within the Registration Sub-district of Chettikulam, Madurai North Taluk and Registration District of Madurai within the jurisdiction of Madurai Corporation. Tamil Nadu State.",Madurai,9.95909,78.13349,Mixed Development,High Rise Building (HRB),1377,,3285,525,22,85000000,157121253,15500000,257621253,16,27,4,"[{'block': None, 'base_level': 'Ground', 'floor_segments': ['9 Floors'], 'total_floors_above_base': 9}]",[],14822,41015,2.77,2.0,4.87,47,5735,3831.0,6281,0.33,0.61,11710057,1607,False,False,False,0,False,Madurai,Mixed Development,False,,False,False,False
Pryme GIO,TN/20/Building/0463/2024,"PROPOSED CONSTRUCTION OF RESIDENTIAL BUILDING PLOT NO:474,T.S.NO : 148, T.S.WARD- XIX,BLOCK-18, SATHAMANGALAM VILLAGE, MADURAI NORTH TALUK, MADURAI CORPORATION, MADURAI DISTRICT. (MATHICHIYAM DETAILED DEVELOPMENT PLAN PART-II)",Madurai,9.918954,78.146419,Residential,Non-High Rise Building (NHRB),511,0,1319,,10,55000000,62400000,24071600,141471600,7,3,1,[],[],5500,14194,2.58,2.0,2.0,11,9999,4396.0,9967,0.39,0.44,14147160,1419,False,False,False,0,False,Madurai,Residential,False,,False,False,False
AJITA PHASE 2,TN/20/Building/0539/2024,"S.No.22/5A, 22/5B, 22/6, 22/7A & 22/7B, Thuvariman Village, Thiruparankundram Panchayat Union, Madurai West Taluk, Madurai District.",Madurai,9.954501,78.061761,Residential,Non-High Rise Building (NHRB),8377,0,6474,,37,82505550,155563800,2045712,240115062,19,55,8,[],[],90168,69684,0.77,2.0,2.0,82,915,2232.0,3446,0.34,0.65,6489596,1883,False,False,False,0,False,Madurai,Residential,False,,False,False,False
MAX VIDHYA F BLOCK,TN/20/Building/0609/2024,"Ward No:XXII, Block No:6,Thiruparankundram Taluk, Madurai District, Tamilnadu.",Madurai,9.91636,78.082389,Residential,Non-High Rise Building (NHRB),692,0,1354,,12,9390000,42790000,,52180000,12,0,2,[],[],7449,14579,1.96,2.0,2.0,14,1261,2935.0,3579,0.18,0.82,4348333,1215,False,False,False,0,False,Madurai,Residential,False,,False,False,False
ALAGU ACHUTHAN APARTMENTS,TN/25/Building/0394/2024,"Project in the Name of “ALAGU ACHUTHAN APARTMENTS” at T.S.NO.464 (OLD T.S.NO.3pt), Plot no.56 at Ward-3,Block-1, Extend of 651.50 Sq.m in Karaikudi Municipality, Karaikudi Talulk, Sivagangai District, Tamilnadu",Sivagangai,10.072037,78.77243,Residential,Non-High Rise Building (NHRB),652,79,1357,,12,10000000,38000000,150000,48150000,10,4,2,[],[],7013,15457,2.2,2.0,2.0,16,1426,2458.0,3115,0.21,0.79,4012500,1288,False,False,False,0,False,Sivagangai,Residential,False,,False,False,False
GREEN LAKSHMI ENCLAVE,TN/25/Building/0531/2024,"STILT+3 FLOORS OF RESIDENTIAL BUILDING WITH 12 DWELLING UNITS AT DOOR NO 16, T S NO:38/1,WARD J,UDAYATCHI,BLOCK NO:7,LAKSHMIPURAM EAST STREET,DEVAKKOTTAI TALUK & MUNICIPALITY,SIVAGANGAI DISTRICT.",Sivagangai,9.946036,78.817421,Residential,Non-High Rise Building (NHRB),521,0,1043,,12,8409000,23801356,717698,32928054,10,0,0,[],[],5606,11224,2.0,2.0,2.0,10,1500,2121.0,2934,0.26,0.72,2744004,935,False,False,False,0,False,Sivagangai,Residential,False,,False,False,False
Arun Sunthari,TN/26/Building/0395/2024,"Plot area of 1431 Sq.ft and Building 2808.85 Sq.ft, Located at 503/3C1, Perumalpuram",Tirunelveli,40.741895,77.73408333333333,Residential,Non-High Rise Building (NHRB),1431,78,2809,,29,35000000,54401800,3163397,92565197,,,,[],[],15403,31071,2.02,2.0,2.0,,2272,2496.0,2979,0.38,0.59,3191903,1071,False,False,False,0,False,Tirunelveli,Residential,False,,,True,True
Raja Sunthari,TN/26/Building/0540/2024,"Plot at 35 C in NGO C Colony, Perumalpuram",Tirunelveli,8.70225,77.737555,Residential,Non-High Rise Building (NHRB),607,0,1309,,12,20000000,31600000,1047570,52647570,10,2,2,[],[],6529,14089,2.16,2.0,2.0,14,3063,2243.0,3737,0.38,0.6,4387298,1174,False,False,False,0,False,Tirunelveli,Residential,False,,False,False,False
ACE STARLIT,TN/29/Building/0302/2024,"Proposed construction of Stilt + 4 Floors office building (Commercial) at New Door No.31, Harrington Road, Chetpet, Chennai - 31. comprised in R.S.No.327/11 Block No.19, of Egmore Village.",Chennai,13.04091,80.1412,Commercial,Non-High Rise Building (NHRB),404,,,713,,60000000,25000000,10000000,95000000,7,5,0,"[{'block': None, 'base_level': 'Stilt', 'floor_segments': ['4 Floors'], 'total_floors_above_base': 4}]",[],4349,7675,1.76,2.0,2.0,12,13797,3257.0,12378,0.63,0.26,,,False,False,False,0,False,Chennai,Commercial,False,,False,False,False
ETICA MALAR MRC NAGAR,TN/29/Building/0305/2024,"Old R.S.No. 4297/8, R.S.NO.4297/24, BLOCK NO.95,MYLAPORE VILLAGE, CHENNAI - 600028",Chennai,13.020911000000002,80.269512,Residential,High Rise Building (HRB),1207,,3172,,18,227959375,255875531,0,483834906,18,12,30,[],[],12995,34147,2.63,2.0,4.87,60,17542,7493.0,14169,0.47,0.53,26879717,1897,False,False,False,1,False,Chennai,Residential,False,,False,False,False
NAVRANG FLATS,TN/29/Building/0307/2024,"Stilt + 3 Floors Residential Building with 15 Dwelling Units at Plot No.B, Gandhi Street, Lakshmipuram, Thiruneermalai, Chennai - 600 044, Comprised in old S.No.346, New S.No.346/2B of Thiruneermalai Village, Tambaram Taluk, Chennai District.",Chennai,12.57,80.07,Residential,Non-High Rise Building (NHRB),600,,1198,,15,88711000,73289000,2,162000000,11,0,0,"[{'block': None, 'base_level': 'Stilt', 'floor_segments': ['3 Floors'], 'total_floors_above_base': 3}]",[],6458,12891,2.0,2.0,2.0,11,13736,5685.0,12567,0.55,0.45,10800000,859,False,False,False,0,False,Chennai,Residential,False,,False,False,False
INDUS ARBOUR,TN/29/Building/0308/2024,"Stilt Floor + 1st Floor (Residence) + 2nd Floor to 4th Floor Office, Commerical cum Residential Building with 1 Dwelling Units at Old Door No.23, New Door No.9, Plot No.4363, X Block, 5th Street, Anna Nagar West, Chennai, Comprised in Old S.No.92 Part, R.S.No.92/2 Part, T.S.No.584, Block No.2, Ward - 1 of Mullam Village, Aminjikarai Taluk, Chennai District.",Chennai,13.05,80.12,Mixed Development,Non-High Rise Building (NHRB),334,,137,500,1,30000000,10000000,35000000,75000000,6,2,4,"[{'block': None, 'base_level': 'Stilt', 'floor_segments': ['1st Floor', '2nd Floor', '4th Floor'], 'total_floors_above_base': 3}]",[],3601,6855,1.9,2.0,2.0,12,8332,3682.0,10941,0.4,0.13,75000000,1475,False,False,False,0,False,Chennai,Mixed Development,False,,False,True,True
ATH VALENCIA,TN/29/Building/0309/2024,"Stilt floor + 5 Floors (Height - 18.30m) Residential Building with 15 Dwelling Units Availing Premium FSI at Plot No.146, Defence Colony 12th Cross Street, Ekkatuthangal, Chennai 600 032, Comprised in S.No.163/28 of Nandambakkam Village within the limits of Greater Chennai Corporation",Chennai,13.013020000000001,80.12057999999999,Residential,Non-High Rise Building (NHRB),585,,1512,,15,59545000,126812000,4230000,190587000,11,3,0,"[{'block': None, 'base_level': 'Stilt', 'floor_segments': ['5 Floors'], 'total_floors_above_base': 5}]",[18.3],6300,16270,2.58,2.0,2.0,14,9452,7794.0,11714,0.31,0.67,12705800,1085,False,False,False,1,False,Chennai,Residential,False,,False,False,False
-,TN/29/Building/0312/2024,Basement floor +,Chennai,12.57207,80.09101,Commercial,Non-High Rise Building (NHRB),963,,,1565,,50000000,109166955,0,159166955,11,3,0,"[{'block': None, 'base_level': 'Basement', 'floor_segments': [], 'total_floors_above_base': 0}]",[],10366,16842,1.62,2.0,2.0,14,4824,6482.0,9451,0.31,0.69,,,False,False,False,0,False,Chennai,Commercial,False,,False,False,False
ADIYOGI,TN/29/Building/0313/2024,"Stlit+4floors=5th floor (part) residentail building with 14 dwelling units comprised in Plot No.20 & 21,Door No.19/2,Canal Road,Kamaraj Nagar West,Thiruvanmiyur,Chennai-600041",Chennai,12.9855,80.2565,Residential,Non-High Rise Building (NHRB),694,1758,,,14,120000000,47400000,9900000,177300000,16,5,1,"[{'block': None, 'base_level': None, 'floor_segments': ['4floors', '5th floor'], 'total_floors_above_base': 5}]",[],7470,18921,2.53,2.0,2.0,22,16064,2505.0,9371,0.68,0.27,12664286,1352,False,False,False,0,False,Chennai,Residential,False,,False,False,False
-,TN/29/Building/0314/2024,"Stilt Floor + 5 Floors residential building with 20 Dwelling Units at Plot No.R-99, Block No.3, Ganga Nagar, 2nd Main Road, comprised in Old.S.No.173/1Dpt, New S.No.173/1D2 & 173/5 of Maduravoyal Village, within the limits of Greater Chennai Corporation",Chennai,13.053797,80.17772,Residential,Non-High Rise Building (NHRB),635,,1647,,20,67500000,57500000,7655000,132655000,6,4,2,"[{'block': None, 'base_level': 'Stilt', 'floor_segments': ['5 Floors'], 'total_floors_above_base': 5}]",[],6835,17729,2.59,2.0,2.0,12,9876,3243.0,7482,0.51,0.43,6632750,886,False,False,False,0,False,Chennai,Residential,False,,False,False,False
ADORE,TN/29/Building/0315/2024,"Proposed construction of Stilt Floor + 5 Floors (Height - 18.0m) residential building with 15 dwelling units availing Premium FSI at Plot Plot No.5, 6 & 7 Madurakali Nagar, Karthikeyapuram 2nd Cross Street and Deivanai Nagar 4th Street, Madipakkam, Chennai - 600 091 comprised in S.No.168/20, 168/22 & 168/25 of Madipakkam Village within the limits of Greater Chennai Corporation.",Chennai,12.57329,80.11368,Residential,Non-High Rise Building (NHRB),585,,1520,,15,40000000,50000000,9000000,99000000,10,4,1,"[{'block': None, 'base_level': 'Stilt', 'floor_segments': ['5 Floors'], 'total_floors_above_base': 5}]",[18.0],6297,16363,2.6,2.0,2.0,15,6352,3056.0,6050,0.4,0.51,6600000,1091,False,False,False,0,False,Chennai,Residential,False,,False,False,False
YES GEE VEDHA,TN/29/Building/0316/2024,"Stilt Floor (Parking) + 3 Floors residential building with 12 dwelling units (Height - 12.00m) avaliable premium FSI at old Door No: 8 & 5, New Door No: 15 & 9, 4th Street Mandapam Road, Kilpauk, Chennai comprised in RS No: 55/76 & 55/97, Block NO: 03 of Egmore Village, Chennai",Chennai,13.05129,80.13564,Residential,Non-High Rise Building (NHRB),524,,1100,,12,123400000,0,0,123400000,12,0,0,[],[12.0],5646,11840,2.1,2.0,2.0,12,21857,3682.0,10422,1.0,0.0,10283333,987,False,False,False,0,False,Chennai,Residential,False,,False,True,True
-,TN/29/Building/0319/2024,"Registration of Stilt Floor + 5 Floors Commercial building for shops at Old Door No.60, New Door No.74 Caethedral road, Mylapore, Chennai comprised in R.S.No.1206/10, Block No.22 of Mylapore Village, Chennai",Chennai,13.046073,80.257117,Commercial,Non-High Rise Building (NHRB),418,,,728,,87500000,25000000,9000000,121500000,11,4,0,"[{'block': None, 'base_level': 'Stilt', 'floor_segments': ['5 Floors'], 'total_floors_above_base': 5}]",[],4499,7833,1.74,2.0,2.0,15,19449,3192.0,15511,0.72,0.21,,,False,False,False,0,False,Chennai,Commercial,False,,False,False,False
INDRAPRASTH,TN/29/Building/0321/2024,"At Old door No.510, Old door no.276&277 New door no.6, Mint Street and Old door No,266, 277 New Door no.3/1, North wall road, Chennai-79 Comprised in Old S.No.6072, 6073, 6075 & 599/20, New S.No.602(As Per Document) R.S.No.602,599/20(As Per Patta), Block no.7, Ward-1 VOC Nagar Village, Purasawalkkam Taluk, Chennai District.",Chennai,13.104771,80.279671,Residential,Non-High Rise Building (NHRB),1955,,6901,,40,300000000,120000000,55500000,475500000,48,2,5,[],[],21043,74284,3.53,2.0,2.0,55,14256,3682.0,6401,0.63,0.25,11887500,1857,False,False,False,0,False,Chennai,Residential,False,,False,True,True
#61,TN/29/Building/0322/2024,"Stilt floor ( Mechanized Puzzle Parking ) + 4 Floors Commercial Building ( 1st floor shop, 2nd to 4th floor for office ) Old No:45, New No: 61, C.P. Ramaswami Road, Abhiramapuram 4th Street, Abhiramapuram , Chennai - 600018.",Chennai,13.030722,80.256747,Commercial,Non-High Rise Building (NHRB),670,,,1413,,240000000,80000000,7000000,327000000,17,0,0,"[{'block': None, 'base_level': 'Stilt', 'floor_segments': ['4 Floors', '1st floor', '4th floor'], 'total_floors_above_base': 6}]",[],7217,15208,2.11,2.0,2.0,17,33254,5260.0,21502,0.73,0.24,,,False,False,False,0,False,Chennai,Commercial,False,,False,False,False
Abhirami,TN/29/Building/0323/2024,"Proposed CONSTRUCTION OF STILT + 4 FLOORS Residential Building - Door No:Old No.18, New No.26,Block No:72,Survey No:R.S.No.3636/11, 3rd Street, Abiramapuram 1st Street,Abiramapuram,Abiramapuram,Myl apore, Chennai, 600018",Chennai,13.03594,80.24746,Residential,Non-High Rise Building (NHRB),550,,1318,,12,13000000,60000000,22500000,95500000,9,4,1,[],[],5915,14186,2.4,2.0,2.0,14,2198,4230.0,6732,0.14,0.63,7958333,1182,False,False,False,0,False,Chennai,Residential,False,,False,False,False
ARA VINESH ENCLAVE,TN/29/Building/0326/2024,"consisting 2 Blocks, Block A - Stilt Floor + 5 Floors with 25 dwelling units, Block B - Stift Floor + 5 Floors with 30 dwelling units totally 55 dwelling units will availing premium FSI at T Ponnambalam Salai, Kulapakkam, Chennai comprised in S.No. 116/2 of Kulapakkam village within the limits of Kundrathur Panchayat Union",Chennai,13.0101,80.1492,Residential,Non-High Rise Building (NHRB),2226,,5329,,55,110000000,5000000,185000000,300000000,40,0,0,"[{'block': None, 'base_level': 'Stilt', 'floor_segments': ['5 Floors', '5 Floors'], 'total_floors_above_base': 10}]",[],23958,57360,2.39,2.0,2.0,40,4591,3682.0,5230,0.37,0.02,5454545,1043,False,False,False,0,False,Chennai,Residential,False,,False,True,True
Hive,TN/29/Building/0328/2024,"Old Plot no 3, new Plot nos. A,B & C, Annamalai 1st Avenue, A.N.A Annamalai Avenue III, Athipattu, Chennai – 600 058 comprised in Old S.No. 102/1A2, 102/1C, T.S.No. 5/17, 18, 19 & 20, Block No.22, Ward No:G of Athipattu village within the limits of Greater Chennai Corporation.",Chennai,13.050210000000002,80.09497,Residential,Non-High Rise Building (NHRB),732,,1518,,9,1566200,61379000,3528200,66473400,12,0,0,[],[],7879,16345,2.07,2.0,2.0,12,199,3755.0,4067,0.02,0.92,7385933,1816,False,False,False,1,False,Chennai,Residential,False,,False,False,False
Construction of 80 HIG flats,TN/29/Building/0329/2024,"construction of 80 Super HIG flats (stilt + 5 floors) of 4 Blocks with one Amenities block (Ground + 1floors) in S.No 251/1, TS.No 50, Padikuppam Village, Ambattur Taluk, Chennai.",Chennai,80.189383,13.07944,Residential,Non-High Rise Building (NHRB),6267,,11612,154,80,539679200,928251000,77856360,1545786560,70,22,22,"[{'block': None, 'base_level': 'Ground', 'floor_segments': ['5 floors', '1floors'], 'total_floors_above_base': 6}]",[],67460,126644,1.88,2.0,2.0,114,8000,7330.0,12206,0.35,0.6,19322332,1562,False,False,False,0,False,Chennai,Residential,False,,False,False,False
LEGENDARY SUPER60,TN/29/Building/0330/2024,62 RESIDENTIAL UNITS,Chennai,13.021454,80.213989,Residential,Non-High Rise Building (NHRB),2096,,5447,,62,180000000,180000000,12000000,372000000,30,8,4,[],[],22560,58635,2.6,2.0,2.0,42,7979,3070.0,6344,0.48,0.48,6000000,946,False,False,False,0,False,Chennai,Residential,False,,False,False,False
-,TN/29/Building/0335/2024,"Door No.3/160, Plot no.A & B, Mount – Poonamallee road, Parthasarathy Nagar, Astalakshmi Avenue, Manappakkam, Comprised in Old S.No.32 Part (as per Doc.), S.No.32/1A2A2 (as per patta) of Manappakkam village, within Greater Chennai corporation",Chennai,13.020682,18.183851,Commercial,Non-High Rise Building (NHRB),1457,18,,2804,,200000000,4000000,45000000,249000000,18,12,0,[],[],15681,30380,1.94,2.0,2.0,30,12754,3682.0,8196,0.8,0.02,,,False,False,False,0,False,Chennai,Commercial,False,,False,True,True
MARUTHAM NEPTUNE PHASE - II,TN/29/Building/0339/2024,"SUB DIVIDED PLOT . B, NO.51, N.T.PATEL ROAD / 9.0 M WIDE ROAD, NERKUNDRAM, CHENNAI - 600107",Chennai,13.060069,80.182326,Residential,Non-High Rise Building (NHRB),2479,,6407,34,49,66710000,277280640,28245600,372236240,47,7,5,[],[],26684,69324,2.6,2.0,2.0,59,2500,4000.0,5370,0.18,0.74,7596658,1407,False,False,False,0,False,Chennai,Residential,False,,False,False,False
Hiliving Pristine,TN/29/Building/0340/2024,"G+2 Floors, total 54 Villas",Chennai,13.1124,80.1561,Mixed Development,Non-High Rise Building (NHRB),15563,,1881,209,54,93378000,77402500,22285140,193065640,2,0,0,"[{'block': None, 'base_level': 'Ground', 'floor_segments': ['2 Floors'], 'total_floors_above_base': 2}]",[],167519,22499,0.13,2.0,2.0,2,557,3440.0,8581,0.48,0.4,3575290,375,False,False,False,0,False,Chennai,Mixed Development,False,,False,False,False
CASAGRAND UPSTAY PARSLEY,TN/29/Building/0347/2024,"Proposed Construction of Stilt Floor + 3 Floors Residential Building (12.0m Height) with 15 Dwelling Units at Kuberan Nagar Extn 8th Street, Madipakkam, Chennai, Comprised in Survey No: 133/2 & 133/5 (As Per Document) Survey No : 133/54 (As Per Patta) of Madipakkam Village, Sholinganallur Taluk, within The Limits of Greater Chennai Corporation.",Chennai,12.572790000000001,80.12275,Residential,Non-High Rise Building (NHRB),687,,1373,,15,18494973,22166520,2512205,43173698,17,0,0,"[{'block': None, 'base_level': 'Stilt', 'floor_segments': ['3 Floors'], 'total_floors_above_base': 3}]",[],7398,14778,2.0,2.0,2.0,17,2500,3682.0,2921,0.43,0.51,2878247,985,False,False,False,1,False,Chennai,Residential,False,,False,True,True
-,TN/29/Building/0354/2024,"Stilt + 5 Floors with 10 dwelling units at Plot No.30 & 31, Old D.No.28 & 29, New D.No.51 &53, 28th Cross Street, Indira Nagar, Thiruvanmiyur, Chennai -20 comprised in S.No.50/3, T.S.No.27 & 28 and S.No.50/2B1A4 and 50/2B1R in Block No.13 of Thiruvanmiyur Village.",Chennai,12.9901,80.25291,Residential,Non-High Rise Building (NHRB),520,80,1350,,10,40000000,12171600,21000,52192600,11,4,0,"[{'block': None, 'base_level': 'Stilt', 'floor_segments': ['5 Floors'], 'total_floors_above_base': 5}]",[],5600,15392,2.75,2.0,2.0,15,7143,3682.0,3391,0.77,0.23,5219260,1539,False,False,False,0,False,Chennai,Residential,False,,False,True,True
PRINCE - ELITE,TN/29/Building/0356/2024,"New Door No.48/52(Old Door Nos.46 & 14/1), Taylors Road, Kilpauk, Chennai comprised in Old R.S.No.140/3 Part & New R.S.No140/7, Block No.10 of Egmore Village within the limits of Greater Chennai Corporation",Chennai,13.0811,80.2379,Residential,Non-High Rise Building (NHRB),912,,2533,,10,144300000,90000000,30042499,264342499,23,2,3,[],[],9822,27266,2.78,2.0,2.0,28,14691,3301.0,9695,0.55,0.34,26434250,2727,False,False,False,0,False,Chennai,Residential,False,,False,False,False
BBCL SANSKRITI,TN/29/Building/0359/2024,STILT + 5 FLOORS CONSISTING 20 DWELLING UNITS,Chennai,13.0435,80.22,Residential,Non-High Rise Building (NHRB),890,,2092,,20,70000000,80000000,21000000,171000000,20,2,2,"[{'block': None, 'base_level': 'Stilt', 'floor_segments': ['5 FLOORS'], 'total_floors_above_base': 5}]",[],9583,22520,2.35,2.0,2.0,24,7305,3552.0,7593,0.41,0.47,8550000,1126,False,False,True,0,False,Chennai,Residential,False,,False,False,False
KCEE AARADHYAM,TN/29/Building/0360/2024,"STILT FLOOR + 5 FLOORS (18.30m HEIGHT) RESIDENTIAL BUILDING WITH 20 DWELLING UNITS AVAILING PREMIUM FSI AT BLOCK No.S17 & S18, DOOR Nos. 106/1, 106/2, 106/3, 106/4, 106/5 , 106/6, 106/7, 106/8, 106/9, 106/10, 106/11 & 106/12, PONNAMBALAM SALAI, K.K.NAGAR, CHENNAI-600 078, COMPRISED IN OLD SURVEY No.248/PART, T.S.No.324/4, BLOCK No.49, VIRUGAMBAKKAM VILLAGE, WITHIN THE LIMITS OF GREATER CHENNAI CORPORATION",Chennai,13.02,80.11,Residential,Non-High Rise Building (NHRB),709,,1967,,20,0,78018000,0,78018000,20,0,0,"[{'block': None, 'base_level': 'Stilt', 'floor_segments': ['5 FLOORS'], 'total_floors_above_base': 5}]",[],7632,21174,2.77,2.0,2.0,20,0,3685.0,3685,0.0,1.0,3900900,1059,False,False,False,0,False,Chennai,Residential,False,,False,False,False
Rainbow Crystal Heights,TN/29/Building/0364/2024,"New Door Nos:302/1, 302/2 & 304, Old Door No: 152, 152/1, & 152/2, Purasawalkkam High Road, Kilpauk, Chennai -600010, Comprised in R.S NO:3048, (Old S.NO:63) Block No:49, Purasawalkkam Village and Taluk, Greater Chennai Corporation Limit, Tamilknadu",Chennai,13.0862,80.024807,Mixed Development,High Rise Building (HRB),6293,,28037,1879,126,1550000000,1200000000,268688700,3018688700,262,67,19,[],[],67742,322017,4.75,2.0,4.87,348,22881,3727.0,9374,0.51,0.4,23957847,2395,False,False,False,0,False,Chennai,Mixed Development,False,,False,False,False
THE ARC FLATS,TN/29/Building/0365/2024,"Stilt floor (Parking) + 5 Floors Residential Building (Height18.30m ) 11 Dwelling units availing Premium FSI with TOD Benefit. Plot No. 1820 & 1821, Door No: 13, I- Block,13 th Main Road, Anna Nagar West, Chennai 600040, Comprised in Old S.No. 134 Part, 140 Part, 141 Part, (As per Document) Old S.No: 141/3 Part, 14,140/2 Part, 141/1A1A Part, 141/3 Part , T.S.No. 38 & 39, (As per Patta) Block No: 42 of Villivakkam Village within the limits of Greater Chennai Corporation",Chennai,13.094315,80.200771,Residential,Non-High Rise Building (NHRB),884,,2430,,11,180000000,100000000,30000000,310000000,19,2,2,[],[18.3],9521,26156,2.75,2.0,2.0,23,18906,3823.0,11852,0.58,0.32,28181818,2378,False,False,False,0,False,Chennai,Residential,False,,False,False,False
-,TN/29/Building/0366/2024,"Basement Floor + Stilt Floor (Part) / Ground Floor (Part) + 2 Floors office use commercial building at Plot No. 1 , New Door No. 38 , Old Door No. 15 , Mahathma Gandhi Road (MG Road) , Thiruvanmiyur , Chennai - 600 041. Comprised in Old S.No. 139/1 , T.S.No. 5 , Block No. 24 of Thiruvanmiyur Village within the limit of Greater Chennai Corporation.",Chennai,12.99,80.25,Commercial,Non-High Rise Building (NHRB),962,,,1580,,185150000,59400000,15748500,260298500,13,1,2,"[{'block': None, 'base_level': 'Ground', 'floor_segments': ['2 Floors'], 'total_floors_above_base': 2}]",[],10360,17008,1.64,2.0,2.0,16,17872,3492.0,15304,0.71,0.23,,,False,False,False,0,False,Chennai,Commercial,False,,False,False,False
Ramaniyam Gayatri,TN/29/Building/0367/2024,Residential building consisting of Stilt + 5 floors with 15 dwelling units.,Chennai,12.986743613160693,80.25351679184165,Residential,Non-High Rise Building (NHRB),562,,1411,,15,46016000,54133195,8839945,108989140,10,3,1,"[{'block': None, 'base_level': 'Stilt', 'floor_segments': ['5 floors'], 'total_floors_above_base': 5}]",[],6050,15192,2.51,2.0,2.0,14,7606,3563.0,7174,0.42,0.5,7265943,1013,False,False,False,0,False,Chennai,Residential,False,,False,False,False
Hayagriva Apartments,TN/29/Building/0368/2024,"Construction of 25 dwelling units in the Land bearing Plot No. 17 & 18, Manimegalai Street, Puzhudhivakkam, Chennai – 600091, measuring an extent of 10010 sq.ft",Chennai,12.968835749619696,80.19326082061434,Residential,Non-High Rise Building (NHRB),921,,2394,,25,85000000,90000000,0,175000000,18,4,2,[],[],9914,25766,2.6,2.0,2.0,24,8574,3493.0,6792,0.49,0.51,7000000,1031,False,False,False,0,False,Chennai,Residential,False,,False,False,False
SIS ISFAHAN,TN/29/Building/0371/2024,Stilt + 5 Floors,Chennai,13.025965000000003,80.151896,Residential,Non-High Rise Building (NHRB),1213,,3141,,25,109464000,101424000,47046025,257934025,21,17,3,"[{'block': None, 'base_level': 'Stilt', 'floor_segments': ['5 Floors'], 'total_floors_above_base': 5}]",[],13057,33808,2.59,2.0,2.0,41,8384,3000.0,7629,0.42,0.39,10317361,1352,False,False,False,1,False,Chennai,Residential,False,,False,False,False
MAGNOLIA,TN/29/Building/0373/2024,Basement plus Ground Floor plus 4 Floors,Chennai,13.061863,80.250948,Mixed Development,High Rise Building (HRB),1042,,2277,404,36,214937500,87647800,11474300,314059600,12,0,4,"[{'block': None, 'base_level': 'Ground', 'floor_segments': ['4 Floors'], 'total_floors_above_base': 4}]",[],11220,28860,2.57,2.0,4.87,16,19157,3037.0,10882,0.68,0.28,8723878,681,False,False,False,0,False,Chennai,Mixed Development,False,,False,False,False
SKYLINE KOHINOOR,TN/29/Building/0374/2024,"construction of Stilt Floor + 5 floors (Height 18.30m) Residential Building with 10 dwelling units availing Premium FSI with TOD Benefit at Plot No.47, Old Door No.16, New Door No.35, Masilamani Road and Hanumantha Road, Mylapore Chennai comprised in O.S.No.3952, R.S.No.629/A (As per Document), R.S.No.629/53, (As per Patta) Block No.11of Mylapore village within the limits of Greater Chennai Corporation",Chennai,13.0486693,80.2664016,Residential,Non-High Rise Building (NHRB),606,,1697,,10,155000000,64045800,13651321,232697121,13,2,2,"[{'block': None, 'base_level': 'Stilt', 'floor_segments': ['5 floors'], 'total_floors_above_base': 5}]",[18.3],6527,18262,2.8,2.0,2.0,17,23748,3507.0,12742,0.67,0.28,23269712,1826,False,False,False,0,False,Chennai,Residential,False,,False,False,False
RAINBOW CRYSTAL,TN/29/Building/0375/2024,"S.No.212/2 of Madtha Nagar Main Road, Madhanandhapuram, Chennai",Chennai,13.01054,80.09268,Residential,Non-High Rise Building (NHRB),550,,1198,,15,45000000,30000000,2600000,77600000,11,1,0,[],[],5920,12898,2.18,2.0,2.0,12,7601,2326.0,6016,0.58,0.39,5173333,860,False,False,False,0,False,Chennai,Residential,False,,False,False,False
Bhaggyam Prakriti,TN/29/Building/0376/2024,"Stilt + 5 floors (height 18.30) residential building with 10 dwelling units availing premium FSI at plot no. 5 & 6, old door no. 17, 18/1, 18/2, 18/3, and 18/4, new door no. 42, 44/1, 44/2, 44/3 and 44/4, Venkataraman street, T. Nagar, Chennai - 600017.",Chennai,13.0427,80.2414,Residential,Non-High Rise Building (NHRB),834,,2147,,10,143554704,69319621,44357177,257231502,6,14,2,"[{'block': None, 'base_level': 'Stilt', 'floor_segments': ['5 floors'], 'total_floors_above_base': 5}]",[],8972,23106,2.58,2.0,2.0,22,16000,3000.0,11133,0.56,0.27,25723150,2311,False,False,False,0,False,Chennai,Residential,False,,False,False,False
KHURINJI ORCHID,TN/29/Building/0377/2024,"Plot No.68, New No.2, Old No.43, 1st Cross Street and 2nd Main Road, Kasturibai Nagar, Adyar, Chennai 600020",Chennai,13.005889,80.254477,Residential,Non-High Rise Building (NHRB),512,,1224,,10,140000000,67500000,7500000,215000000,8,3,1,[],[],5515,13170,2.39,2.0,2.0,12,25385,5125.0,16325,0.65,0.31,21500000,1317,False,False,False,0,False,Chennai,Residential,False,,False,False,False
ROYAL CIVIL TECH - DRK ROYAL ELITE RERA,TN/29/Building/0380/2024,"Proposed construction of Stilt Floor + 5 Floors (Height 18.30 m) Residential Building with 48 dwelling units availing Premium FSI at Noombal, Chennai, comprised in Old S.No. 111/6, 7, 8, 9, 10, 11, 12, 13 & 111/14 (Part), New S. No: 139/1O of Noombal village within the limits of Thiruverkadu Municipality",Chennai,13.047805,80.133694,Residential,Non-High Rise Building (NHRB),1825,,4740,,48,20000000,132448337,20000000,172448337,46,2,2,"[{'block': None, 'base_level': 'Stilt', 'floor_segments': ['5 Floors'], 'total_floors_above_base': 5}]",[18.3],19644,51023,2.6,2.0,2.0,50,1018,2596.0,3380,0.12,0.77,3592674,1063,False,False,False,0,False,Chennai,Residential,False,,False,False,False
NITHYA AKSHAYAM,TN/29/Building/0381/2024,"Stilt Floor + 5 Floors Residential Building with 15 Dwelling units Availing Premium FSI at Plot No.E8, Door No.1/1, Nanganallur 42nd Street and Nanganallur 41st Street, NCBS Colony, Nanganallur, Chennai 600061",Chennai,12.983192,80.187179,Residential,Non-High Rise Building (NHRB),677,,1497,,15,95000000,75322488,9677512,180000000,11,6,2,"[{'block': None, 'base_level': 'Stilt', 'floor_segments': ['5 Floors'], 'total_floors_above_base': 5}]",[],7282,16118,2.21,2.0,2.0,19,13045,4673.0,11168,0.53,0.42,12000000,1075,False,False,False,0,False,Chennai,Residential,False,,False,False,False
HERALD PRIME,TN/29/Building/0385/2024,"Stilt Floor + 5 Floors (18.0 m height) Residential building with 15 dwelling units availing premium FSI @ Door no. 10/31, Srinivasa Rao Road, Mylapore, Chennai 600004 - Comprised in S. No. 1745/26, Block No. 37 of Mylapore Village within the limits of Greater Chennai Corporation",Chennai,13.041079,80.273664,Residential,Non-High Rise Building (NHRB),684,,1779,,15,30365895,70000000,28936400,129302295,13,2,2,"[{'block': None, 'base_level': 'Stilt', 'floor_segments': ['5 Floors'], 'total_floors_above_base': 5}]",[],7365,19148,2.6,2.0,2.0,17,4123,3656.0,6753,0.23,0.54,8620153,1277,False,False,False,0,False,Chennai,Residential,False,,False,False,False
SAI SHANTH,TN/29/Building/0387/2024,STILT + 5 FLOORS COMMERCIAL CUM RESIDENTIAL,Chennai,13.003551,80.26895,Mixed Development,Non-High Rise Building (NHRB),332,80,241,433,2,55000000,20000000,2000000,77000000,3,3,0,"[{'block': None, 'base_level': 'Stilt', 'floor_segments': ['5 FLOORS'], 'total_floors_above_base': 5}]",[],3574,8126,2.27,2.0,2.0,6,15391,2461.0,9476,0.71,0.26,38500000,1730,False,False,False,0,False,Chennai,Mixed Development,False,,False,False,False
GRANDEZZA,TN/29/Building/0399/2024,Stilt + 5 floors with 53 dwelling units and 5 duplex dwelling units TOTALLING 58 units,Chennai,13.074521814697368,80.18978628042893,Residential,Non-High Rise Building (NHRB),3314,,8720,,58,160000000,180000000,79641500,419641500,55,8,8,"[{'block': None, 'base_level': 'Stilt', 'floor_segments': ['5 floors'], 'total_floors_above_base': 5}]",[],35672,93861,2.63,2.0,2.0,71,4485,1918.0,4471,0.38,0.43,7235198,1618,False,False,False,0,False,Chennai,Residential,False,,False,False,False
Orion,TN/29/Building/0401/2024,"S+5 floors , Plot No. 27& 28, Old Door 2&3, New Door No. 3 &5, 2nd Street, Bakathavatchalam Nagar, Adyar, Chennai 20.",Chennai,13.0033,86.25429,Residential,Non-High Rise Building (NHRB),642,,1799,,15,37250000,88000000,25000000,150250000,15,0,2,"[{'block': None, 'base_level': 'Stilt', 'floor_segments': ['5 floors'], 'total_floors_above_base': 5}]",[],6916,19363,2.8,2.0,2.0,17,5386,4545.0,7760,0.25,0.59,10016667,1291,False,False,False,0,False,Chennai,Residential,False,,False,False,False
PATRIA CASTLE,TN/29/Building/0402/2024,"STILT FLOOR + 5 FLOORS WITH 20 DWELLING UNITS AT PLOT NO. 7 & 10, RAJAJI STREET, SENTHIL NAGAR, THIRUMULLAIVOYAL, CHENNAI IN T.S.NO. 19/4 & 19/5, BLOCK NO. 106, WARD – D OF THIRUMULLAIVOYAL VILLAGE.",Chennai,13.116952,80.137986,Residential,Non-High Rise Building (NHRB),555,,1501,,20,30000000,74177500,11000000,115177500,12,2,0,"[{'block': None, 'base_level': 'Stilt', 'floor_segments': ['5 FLOORS'], 'total_floors_above_base': 5}]",[],5978,16153,2.7,2.0,2.0,14,5018,4592.0,7130,0.26,0.64,5758875,808,False,False,False,0,False,Chennai,Residential,False,,False,False,False
AVANTHIKA,TN/29/Building/0403/2024,"Project AVANTHIKA is being developed on land extent of 504.50 sq.m and is Stilt plus 5 floors structure. The Project developed on JV basis comprises of 10 apartments. Developer share of 5 apartments (ie) 1B, 2B, 3A, 3B, 5A are being sold and Landowner share of 5 apartments (ie) 1A, 2A, 4A, 4B, 5B are retained & not for Sale",Chennai,13.04877612949665,80.18833113681568,Residential,Non-High Rise Building (NHRB),504,,1311,,10,27160000,48871000,7600000,83631000,9,3,2,"[{'block': None, 'base_level': 'Stilt', 'floor_segments': ['5 floors'], 'total_floors_above_base': 5}]",[],5430,14114,2.6,2.0,2.0,14,5001,3463.0,5925,0.32,0.58,8363100,1411,False,False,False,0,False,Chennai,Residential,False,,False,False,False
NEST EUPHORIA,TN/29/Building/0408/2024,NEST EUPHORIA,Chennai,12.874105,80.20346,Residential,Non-High Rise Building (NHRB),5610,0,14732,,143,59000000,821568685,10000000,890568685,90,23,14,[],[],60384,158574,2.63,2.0,2.0,127,977,5181.0,5616,0.07,0.92,6227753,1109,False,False,False,0,False,Chennai,Residential,False,,False,False,False
Bhaggyam Vriddhi,TN/29/Building/0411/2024,"Stilt floor +5 floors (18.25m Height) Residential Building with 40 dwelling units Availing Premium FSI at Plot B, New Giri Road, T. Nagar, Chennai",Chennai,13.04774,80.2412,Residential,Non-High Rise Building (NHRB),2641,0,6712,,40,227429715,252858470,129135005,609423189,62,6,6,"[{'block': None, 'base_level': 'Stilt', 'floor_segments': ['5 floors'], 'total_floors_above_base': 5}]",[],28427,72245,2.54,2.0,2.0,74,8000,3500.0,8436,0.37,0.41,15235580,1806,False,False,False,0,False,Chennai,Residential,False,,False,False,False
RAMMIYAM KRITHIK,TN/29/Building/0412/2024,"Door No.13-A, First Main Road, Kovalan Nagar, Pallikaranai, Chennai-600 100.",Chennai,12.931777,80.20479,Residential,Non-High Rise Building (NHRB),608,,1183,,12,35000000,40000000,1950700,76950700,9,0,1,[],[],6540,12738,1.95,2.0,2.0,10,5352,3140.0,6041,0.45,0.52,6412558,1061,False,False,False,0,False,Chennai,Residential,False,,False,False,False
PEARL ISHAAN,TN/29/Building/0415/2024,"Proposed project PEARL ISHAAN to be set up at Door No.2, Anna Main road and 1st Sector 1st Street, K.K.Nagar, Chennai - 600 078 comprised in Old S.No. 394/1 Part, T.S. No:256/10, Block No. 104 of Kodambakkam village. Total Floor Area: 1854.30 sqm Total FSI Area: 1713.90 sqm No of Car parking: 22",Chennai,13.036094,80.203591,Residential,Non-High Rise Building (NHRB),724,0,1714,,10,70200000,60000000,13027700,143227700,11,9,2,[],[],7793,18448,2.37,2.0,2.0,22,9009,3252.0,7764,0.49,0.42,14322770,1845,False,False,False,0,False,Chennai,Residential,False,,False,False,False
BRINDAVAN,TN/29/Building/0417/2024,"Proposed construction of Stilt floor + 5 floors (Height – 18.30m) Residential Building with 10 dwelling units Availing Premium FSI with TOD benifit New Door No.14, Old Door No.5, Hanumantha Road andBalaji Nagar 4th Street, Royapettah, Chennai 600014Comprised in R.S.No.629/29, Block No.11 of Mylapore Village within the limits of Greater Chennai Corporation",Chennai,13.048722,80.267806,Residential,Non-High Rise Building (NHRB),643,0,1662,,10,123000000,52000000,15000000,190000000,13,4,0,"[{'block': None, 'base_level': 'Stilt', 'floor_segments': ['5 floors'], 'total_floors_above_base': 5}]",[18.3],6923,17891,2.58,2.0,2.0,17,17767,2906.0,10620,0.65,0.27,19000000,1789,False,False,False,0,False,Chennai,Residential,False,,False,False,False
CASAGRAND AVENUE PARK https://rera.tn.gov.in/public-view2/building/pfirm/6ee52b50-3234-11ef-9135-9db0870569d0,TN/29/Building/0419/2024,"Proposed Construction of Residential Group Development comprising 4 Blocks and combined Basement; Block 1: Basement Floor + Ground Floor + 5 Floors (18.15m Height) Residential Building with 95 Dwelling Units, Block 2: Basement Floor + Ground Floor + 4 Floors + 5th Floor Part (18.15m Height) Residential Building with 54 Dwelling Units and Swimming Pool, Indoor Games Room, Association Room, Video Games Room & Kids Play Room; Block 3: Basement Floor + Ground Floor + 5 Floors (18.15m Height) Residential Building With 36 Dwelling Units; Block 4: Basement Floor + Ground Floor + 5 Floors (18.15m Height) Residential Building with 24 Dwelling Units; Totally 209 Dwelling Units Availing Premium FSI in S.Nos. 10/1, 10/5, 10/6, 10/7, 10/8, 10/11A, 11/7A, 11/8A1A, 11/8B, 11/8C1A, 11/8C1B, 11/8C2, 11/8C3, 11/8C4, 11/9A,",Chennai,80.145398,12.57647,Residential,Non-High Rise Building (NHRB),16266,0,33258,784,209,810000000,1610000000,440000000,2860000000,297,9,29,"[{'block': 'Block 1', 'base_level': 'Ground', 'floor_segments': ['5 Floors'], 'total_floors_above_base': 5}, {'block': 'Block 2', 'base_level': 'Ground', 'floor_segments': ['4 Floors', '5th Floor'], 'total_floors_above_base': 5}, {'block': 'Block 3', 'base_level': 'Ground', 'floor_segments': ['5 Floors'], 'total_floors_above_base': 5}, {'block': 'Block 4', 'base_level': 'Ground', 'floor_segments': ['5 Floors'], 'total_floors_above_base': 5}]",[],175086,366416,2.09,2.0,2.0,335,4626,4394.0,7805,0.28,0.56,13684211,1713,False,False,False,0,False,Chennai,Residential,False,,False,False,False
NEST MOJO,TN/29/Building/0425/2024,NEST MOJO,Chennai,12.809646,80.232718,Residential,Non-High Rise Building (NHRB),4950,0,15771,,123,85249600,754500000,10000000,849749600,104,19,5,[],[],53281,169756,3.19,2.0,2.0,128,1600,4445.0,5006,0.1,0.89,6908533,1380,False,False,False,0,False,Chennai,Residential,False,,False,False,False
Sreerosh Petunia,TN/29/Building/0426/2024,"Door No.67 (28), Block No.13, Old S.No.272, Old R.S.No.154/16, T.S.No.154/183, Taylors Road, Kilpauk, Chennai 600010",Chennai,13.07786,80.239,Residential,Non-High Rise Building (NHRB),500,0,1063,,10,14400000,40000000,3100000,57500000,8,3,1,[],[],5386,11442,2.12,2.0,2.0,12,2674,3496.0,5025,0.25,0.7,5750000,1144,False,False,False,0,False,Chennai,Residential,False,,False,False,False
-,TN/29/Building/0427/2024,"proposed project Commercial building at plot No 4617 at Door No 217 Y Block second avenue, Anna nagar Chennai 600040 comprised in old survey No 94/1B part , of Mullam Village , (as per document ) Old S.NO:51part,T.S.NO:4 Block No:1-A of Naduvakkarai Village in greater Chennai corporation",Chennai,13.05,80.12,Commercial,Non-High Rise Building (NHRB),567,80,0,840,,137200000,56600000,1355500,195155500,2,8,2,[],[],6100,9906,1.62,2.0,2.0,12,22492,5714.0,19701,0.7,0.29,,,False,False,False,0,False,Chennai,Commercial,False,,False,False,False
AMARA AHAANA,TN/29/Building/0430/2024,"Old Door No. 1, 2 & 2A, New Door No. 1, 3 & 3/1, Taylors Road, Kilpauk, Chennai - 600 010. Comprised in T.S.No.143/1, Block No.11, Egmore Village, Egmore Taluk, Chennai District.",Chennai,13.0829063,80.2388387,Residential,High Rise Building (HRB),2616,0,9155,,23,675932695,492740000,35000000,1203672695,64,28,10,[],[],28164,98547,3.5,2.0,4.87,102,24000,5000.0,12214,0.56,0.41,52333595,4285,False,False,False,0,False,Chennai,Residential,False,,False,False,False
ANIRUDH ANJANEYA,TN/29/Building/0439/2024,"Stilt Floor + 5 Floors (Height 18.0 m) Residential Building with 12 dwelling units availing Premium FSI at New Door No. 4/F5, Old Door No. C/F5, 56th Street, Ashok Nagar, Chennai – 600 083, comprised in Old S.No. 223/3 Part, 223/4 Part & 223/5 Part, as per patta T.S. No:50, Block No. 72 of Kodambakkam village within the limits of Greater Chennai Corporation, Chennai District",Chennai,12.54,79.63,Residential,Non-High Rise Building (NHRB),574,0,1523,0,12,15600000,106100000,3100000,124800000,12,0,0,"[{'block': None, 'base_level': 'Stilt', 'floor_segments': ['5 Floors'], 'total_floors_above_base': 5}]",[18.0],6173,16390,2.66,2.0,2.0,12,2527,6473.0,7614,0.12,0.85,10400000,1366,False,False,False,0,False,Chennai,Residential,False,,False,False,False
Elevender,TN/29/Building/0443/2024,"9,10,11, Greenways Road, Dr.D.G.S. Dinakaran salai, R.A. Puram Chennai -600 028",Chennai,13.01916,80.26415,Residential,High Rise Building (HRB),2366,0,8068,,28,275000000,450000000,75000000,800000000,44,28,0,[],[],25462,86844,3.41,2.0,4.87,72,10800,5182.0,9212,0.34,0.56,28571429,3102,False,False,False,0,False,Chennai,Residential,False,,False,False,False
TEMPLE RESIDENCY,TN/29/Building/0447/2024,"Proposed construction of Stilt+8 floors residential building with 32 dwelling units of High Rise Building at Block No:371, Temple colony, 15th main road, anna nagar, chennai-60040, comprised in S.No:207 part of Thirumangalam Village, now Resurveyed and assigned T.S.No:20/2, Block No:10 of Koaymbedu Village, Aminjikarai Taluk, Chennai District",Chennai,13.087576,80.203873,Residential,High Rise Building (HRB),1617,0,4541,0,32,208860000,123648000,0,332508000,19,19,2,[],[],17405,48880,2.81,2.0,4.87,40,12000,2530.0,6803,0.63,0.37,10390875,1528,False,False,False,0,False,Chennai,Residential,False,,False,False,False
VINOTH VENYA,TN/29/Building/0449/2024,"Proposed construction of Residential apartments in Stilt +3 storied building at Plot no:8, Samuel Colony, Balwadi street extension, Nerkundrum, Chennai 600107",Chennai,13.068553,80.185302,Residential,Non-High Rise Building (NHRB),505,0,927,0,9,26000000,32500000,3000000,61500000,13,0,0,"[{'block': None, 'base_level': 'Stilt', 'floor_segments': ['3'], 'total_floors_above_base': 3}]",[],5441,9980,1.83,2.0,2.0,13,4779,3257.0,6162,0.42,0.53,6833333,1109,False,False,False,0,False,Chennai,Residential,False,,False,False,False
POLESTAR,TN/29/Building/0451/2024,STLIT +3 Appartments,Chennai,12.922712,80.251545,Residential,Non-High Rise Building (NHRB),550,0,1092,,9,40000000,46284000,5000000,91284000,9,1,1,[],[],5920,11759,1.99,2.0,2.0,11,6757,3936.0,7763,0.44,0.51,10142667,1307,False,False,False,0,False,Chennai,Residential,False,,False,False,False
Excellence Phase 1 by Urban Tree,TN/29/Building/0452/2024,"125 dwelling units in Survey No 429 & 456 of Manapakkam Village, Chennai District",Chennai,13.013909,80.167851,Residential,Non-High Rise Building (NHRB),5973,0,15452,,125,263581200,504140000,80000000,847721200,181,15,13,[],[],64288,166321,2.59,2.0,2.0,209,4100,3031.0,5097,0.31,0.59,6781770,1331,False,False,False,0,False,Chennai,Residential,False,,False,False,False
LUXE,TN/29/Building/0453/2024,"“LUXE” Proposed Construction of Stilt Floor + 4 floors +5th Floor part Residential Building (Height – 18.30m) with 18 Dwelling Units Availing Premium FSI at Plot No.5(Part), 6 & 7, 4th Cross Street, Logaiah Colony, Saligramam, Chennai comprised in T.S.No.29/1, Block No.36 of Saligramam Village, Within the Limits of Greater Chennai Corporation Zone - 10, Division 129.",Chennai,13.05841,80.167209,Residential,Non-High Rise Building (NHRB),700,0,1820,,18,120000000,94928000,14446500,229374500,12,6,2,"[{'block': None, 'base_level': 'Stilt', 'floor_segments': ['4 floors', '5th Floor'], 'total_floors_above_base': 5}]",[18.3],7539,19592,2.6,2.0,2.0,20,15918,4845.0,11708,0.52,0.41,12743028,1088,False,False,False,0,False,Chennai,Residential,False,,False,False,False
AMARA AANYA,TN/29/Building/0456/2024,"Old Door No. 121 & 122, New Door No. 187 & 191, St.Mary’s Road, Alwarpet, Chennai - 600 018. Comprised in R.S.No.3925/5, 3925/22, 3926/1, 3926/4, Block No.86, Mylapore Village, Mylapore Taluk, Chennai District. Within the limits of Greater Chennai Corporation.",Chennai,13.0287865,80.2523331,Residential,High Rise Building (HRB),3390,0,15781,,39,2194900000,1420400000,99500000,3714800000,149,5,15,[],[],36484,169868,4.66,2.0,4.87,169,60160,8362.0,21869,0.59,0.38,95251282,4356,False,False,False,0,False,Chennai,Residential,False,,False,False,False
KCEE NIVEDITHAM,TN/29/Building/0457/2024,"47/27 & 48A/28A, Babu Rajendra Prasad Street, West Mambalam, Chennai- 600033",Chennai,13.033,80.223,Residential,High Rise Building (HRB),1504,0,1504,,15,0,65152500,0,65152500,17,0,2,[],[],16190,16190,1.0,2.0,4.87,19,0,4024.0,4024,0.0,1.0,4343500,1079,False,False,False,1,True,Chennai,Residential,False,,False,False,False
Navin's RP Enclave,TN/29/Building/0458/2024,"Stilt floor + 5 Floors Residential Building with 30 Dwelling units, Old Door No: 24/25, New Door No: 64, Arathoon Road, Royapuram.",Chennai,13.112301,80.293889,Residential,Non-High Rise Building (NHRB),1809,0,4226,,30,160000000,126712239,15189000,301901239,25,19,4,"[{'block': None, 'base_level': 'Stilt', 'floor_segments': ['5 Floors'], 'total_floors_above_base': 5}]",[],19467,45494,2.34,2.0,2.0,48,8219,2785.0,6636,0.53,0.42,10063375,1516,False,False,False,0,False,Chennai,Residential,False,,False,False,False
MANASA RAMANIYAM,TN/29/Building/0460/2024,SINGLE BLOCK OF EXTENDED BASEMENT PLUS 9 FLOORS CONSISTING OF 54 FLATS,Chennai,13.08551,80.20377,Residential,High Rise Building (HRB),2355,0,8528,,54,402969600,302940000,42561374,748470974,49,16,5,"[{'block': None, 'base_level': 'Basement', 'floor_segments': ['9 FLOORS'], 'total_floors_above_base': 9}]",[],25344,91797,3.62,2.0,4.87,70,15900,3300.0,8154,0.54,0.4,13860574,1700,False,False,False,0,False,Chennai,Residential,False,,False,False,False
"Construction of 120 EWS units at Goyyathoppe scheme in corporation division 63, Zone V of Greater Chennai Corporation under PMAY-HFA- AHP",TN/29/Building/0464/2024,"Construction of 120 EWS units at Goyyathoppe scheme in corporation division 63, Zone V of Greater Chennai Corporation under PMAY-HFA- AHP",Chennai,13.049000000000001,80.15547000000001,Residential,Non-High Rise Building (NHRB),23458,0,4968,0,120,800000,612000000,0,612800000,0,0,0,[],[],252500,53471,0.21,2.0,2.0,0,3,11445.0,11460,0.0,1.0,5106667,446,False,False,False,1,False,Chennai,Residential,False,120.0,False,False,False
GATALA MAHADEV,TN/29/Building/0465/2024,"PROPOSED CONSTRUCTION OF STILT FLOOR + 5 FLOORS RESIDENTIAL BUILDING WITH 15 DWELLING UNITS (WITH HEIGHT 18.30M) AVAILING PREMIUM FSI WITH TOD BENEFIT AT PLOT NO. 05, OLD DOOR NO:46 & 46/1 NEW NO: 89 & 89/1, BAZULLAH ROAD, THEYAGARAYA NAGAR, CHENNAI- 600017 AND COMPRISED IN T.S. NO. 7991/11 IN BLOCK NO. 106 OF THEYAGARAYA NAGAR VILLAGE, GUINDY TALUK AND WITHIN THE LIMITS OF GREATER CHENNAI CORPORATION. ZONE:- X DIVISION 136.",Chennai,13.0475,80.232,Residential,Non-High Rise Building (NHRB),916,0,2174,,15,0,102000000,61700000,163700000,19,4,0,[],[18.3],9860,23404,2.37,2.0,2.0,23,0,4358.0,6995,0.0,0.62,10913333,1560,False,False,False,0,False,Chennai,Residential,False,,False,False,False
BBCL ESHANA,TN/29/Building/0469/2024,"Plot No. 154A, 154B, 156,158,160A(PART), 160B (PART), Ram Nagar, south extension 7th main road, Pallikaranai, Chennai comprised Old S.No. 10&11 and New S.No. 10/1B4A2, 10/1C2A2, 10/1B4A1, 10/1C2A1, 10/1B4B, 10/1C2B, 11/1A1D, 11/2B1C,11/20 & 22",Chennai,12.9525556,80.2053889,Residential,Non-High Rise Building (NHRB),1635,0,4054,,38,51500000,125000000,16296874,192796874,38,5,5,[],[],17600,43640,2.48,2.0,2.0,48,2926,2864.0,4418,0.27,0.65,5073602,1148,False,False,False,0,False,Chennai,Residential,False,,False,False,False
-,TN/29/Building/0476/2024,Basement Floor +Stilt Floor + 5 Floor,Chennai,13.154137,80.235648,Residential,Non-High Rise Building (NHRB),2121,0,5202,,64,34985500,160000000,8200000,203185500,50,6,3,"[{'block': None, 'base_level': 'Basement', 'floor_segments': ['5 Floor'], 'total_floors_above_base': 5}]",[],22825,55991,2.45,2.0,2.0,59,1533,2858.0,3629,0.17,0.79,3174773,875,False,False,False,0,False,Chennai,Residential,False,,False,False,False
LANCOR BAGYA,TN/29/Building/0480/2024,"“Lancor – Bagya” Residential Building with 10 dwelling units at B5, 10th Cross Street, Besant Nagar, Chennai – 600 090 comprised in Town Survey No. 8/13 of Block No.40, Urur Village, Velachery Taluk, Chennai District, Tamil Nadu",Chennai,12.999596,80.266786,Residential,Non-High Rise Building (NHRB),563,0,1576,0,10,40000000,55000000,5000000,100000000,16,2,2,[],[],6064,16962,2.8,2.0,2.0,20,6596,3243.0,5896,0.4,0.55,10000000,1696,False,False,False,0,False,Chennai,Residential,False,,False,False,False
THE MASTER PIECE,TN/29/Building/0483/2024,"RESIDENTIAL BUILDING WITH 10 DWELLING UNITS AT NEW DOOR NO. 8, OLD DOOR NO. 34, PLOT NO. 25, NEELAKANDA MEHTA STREET, T.NAGAR, CHENNAI - 600 017, COMPRISED IN OLD S.NO. 126/2 PART, 127/6 PART, 127/7 PART, T.S. NO.6618, BLOCK NO. 142 OF T.NAGAR VILLAGE WITHIN THE LIMITS OF GREATER CHENNAI CORPORATION",Chennai,13.036899,80.242156,Residential,Non-High Rise Building (NHRB),892,0,2317,,10,193477110,95000000,37500000,325977110,9,13,2,[],[],9601,24936,2.6,2.0,2.0,24,20151,3810.0,13073,0.59,0.29,32597711,2494,False,False,False,0,False,Chennai,Residential,False,,False,False,False
Firm's DejaVu,TN/29/Building/0484/2024,Stilt + 5,Chennai,13.050659999999999,80.13221999999999,Residential,Non-High Rise Building (NHRB),521,0,1301,,10,112200000,47117000,10365000,169682000,10,0,2,"[{'block': None, 'base_level': 'Stilt', 'floor_segments': ['5'], 'total_floors_above_base': 5}]",[],5610,14000,2.5,2.0,2.0,12,20000,3366.0,12120,0.66,0.28,16968200,1400,False,False,False,1,False,Chennai,Residential,False,,False,False,False
SEA CREST,TN/29/Building/0485/2024,STILT FLOOR + 5 FLOORS,Chennai,13.170332,80.305027,Residential,Non-High Rise Building (NHRB),1472,0,3473,,40,121000000,111000000,28945000,260945000,17,3,2,"[{'block': None, 'base_level': 'Stilt', 'floor_segments': ['5 FLOORS'], 'total_floors_above_base': 5}]",[],15848,37378,2.36,2.0,2.0,22,7635,2970.0,6981,0.46,0.43,6523625,934,False,False,False,0,False,Chennai,Residential,False,,False,False,False
ELANZA,TN/29/Building/0486/2024,"“ELANZA” Proposed Construction of Stilt +5 Floors (Height 18.00M) Residential Building with 35 Dwelling Unit, Affordable Housing at Door No.35/2, Seemathamman Nagar, Mettukuppam Road, Maduravoyal, Chennai comprised in Old S.No.265/1A & 266 Part, New S.No.266/6A1 & 266/6A2 of Maduravoyal Village, Within the Limits of Greater Chennai Corporation.",Chennai,13.058323,80.167251,Residential,Non-High Rise Building (NHRB),892,0,2256,,35,80000000,114384000,9391700,203775700,15,0,2,"[{'block': None, 'base_level': 'Stilt', 'floor_segments': ['5 Floors'], 'total_floors_above_base': 5}]",[18.0],9600,24279,2.53,2.0,2.0,17,8333,4711.0,8393,0.39,0.56,5822163,694,False,False,False,0,False,Chennai,Residential,False,,False,False,False
VIJYALAKSHMI COMPLEX,TN/29/Building/0487/2024,"PLOT NO :7, ARCOT ROAD, SAPTHAGIRI NAGAR,PORUR,CHENNAI-600087",Chennai,12.971252,80.183248,Commercial,Non-High Rise Building (NHRB),743,80,0,1345,,25344000,40000000,1500000,66844000,5,5,2,[],[],8002,15338,1.92,2.0,2.0,12,3167,2608.0,4358,0.38,0.6,,,False,False,False,0,False,Chennai,Commercial,False,,False,False,False
SUPRABHATH,TN/29/Building/0488/2024,"DOOR NO:9/6, VAIGAI STREET AND KRISHNA STREET,BARATHI NAGAR, ADAMBAKKAM,CHENNAI-600088.",Chennai,12.985644,80.12006,Residential,Non-High Rise Building (NHRB),741,,1909,,17,31120000,67782000,6993000,105895000,13,3,2,[],[],7976,20548,2.58,2.0,2.0,18,3902,3299.0,5154,0.29,0.64,6229118,1209,False,False,False,1,False,Chennai,Residential,False,,False,False,False
THAI PARTHA,TN/29/Building/0493/2024,"Stilt Floor + 5 Floors Residential Building with 24 Dwelling units Availing Premium FSI at Plot No.25 & 26, New Door No.3 & 5, Old Door No.2 & 3, Parthasarathi Nagar 2nd Street, Adambakkam, Chennai 600088 comprised in Old S.No.212 (part), T.S.No.72 & 73, Block No.2, Ward - F of Adambakkam Village.",Chennai,12.989827,80.200547,Residential,Non-High Rise Building (NHRB),784,0,2037,,24,50000000,65000000,10000000,125000000,20,9,2,"[{'block': None, 'base_level': 'Stilt', 'floor_segments': ['5 Floors'], 'total_floors_above_base': 5}]",[],8435,21928,2.6,2.0,2.0,31,5927,2964.0,5700,0.4,0.52,5208333,914,False,False,False,0,False,Chennai,Residential,False,,False,False,False
UPPER HOUSE https://rera.tn.gov.in/public-view2/building/pfirm/64d86390-61e9-11ef-b52b-9947962ba9a2,TN/29/Building/0501/2024,"REVISED PROPOSED CONSTRUCTION OF REGISTRATION OF BASEMENT FLOOR (PARKING) + STILT FLOOR (PART) / GROUND FLOOR (PART) + 4 FLOORS (HEIGHT – 18.30 M) RESIDENTIAL BUILDING WITH 09 DWELLING UNITS AND SWIMMING POOL, AVAILING PREMIUM FSI WITH TOD BENEFIT AT NEW DOOR NO 5, OLD DOOR NO 4, SATHYANARAYANA AVENUE, BOAT CLUB, RAJA ANNAMALAIPURAM, CHENNAI – 600028 COMPRISED IN R S NO 3900/4, BLOCK NO 84, OF MYLAPORE VILLAGE, WITHIN THE LIMITS OF GREATER CHENNAI CORPORATION.",Chennai,13.024965,80.251597,Residential,Non-High Rise Building (NHRB),1832,0,4518,,9,970000000,390000000,20000000,1380000000,51,0,4,"[{'block': None, 'base_level': 'Ground', 'floor_segments': ['4 FLOORS'], 'total_floors_above_base': 4}]",[18.3],19725,48630,2.47,2.0,2.0,55,49177,8020.0,28378,0.7,0.28,153333333,5403,False,False,False,0,False,Chennai,Residential,False,,False,False,False
AMARA AASTHA,TN/29/Building/0502/2024,"Old Door No. 8&9, New Door No.12, Appa Garden Road, Kilpauk, Chennai - 600 010, Comprised in R.S. No. 138, T.S.No. 138/27 & 138/28, Block No. 10 of Egmore Village Within the limit of Greater Chennai Corporation.",Chennai,13.081611,80.2375,Residential,Non-High Rise Building (NHRB),782,0,1950,,10,82850000,180000000,7500000,270350000,11,9,2,[],[],8423,20988,2.49,2.0,2.0,22,9836,8576.0,12881,0.31,0.67,27035000,2099,False,False,False,0,False,Chennai,Residential,False,,False,False,False
Lavanya... Residences by RMS Infra,TN/29/Building/0503/2024,17 Residential Units,Chennai,13.083055,80.239728,Residential,Non-High Rise Building (NHRB),1422,0,3644,,17,0,180000000,0,180000000,35,2,0,[],[],15301,39220,2.56,2.0,2.0,37,0,4589.0,4589,0.0,1.0,10588235,2307,False,False,False,0,False,Chennai,Residential,False,,False,False,False
SEYON APARTMENTS,TN/29/Building/0510/2024,"STILT+4 FLOORS OF RESIDENTIAL BUILDING WITH 12 DWELLING UNITS AT PLOT NO 159 PART ,3 & 4,DEVARAJ STREET,VGN LAKSHMI NAGAR,MUGALIVAKKAM,CHENNAI 600 128 COMPRISED IN S.NO:30/48 MUGALIVAKKAM VILLAGE,ALANDUR TALUK, AND S.NO 14/2A2A,14/2A2B OF KOLAPAKKAM VILLAGE WITH IN THE LIMIT OF KUNDRATHUR PANCHAYAT UNION ,KUNDRATHUR TALUK,KANCHIPURAM DISTRICT.",Chennai,13.005439999999998,80.09328,Residential,Non-High Rise Building (NHRB),610,0,1349,,12,30000000,45590000,2962500,78552500,12,0,1,"[{'block': None, 'base_level': 'Stilt', 'floor_segments': ['4 FLOORS'], 'total_floors_above_base': 4}]",[],6566,14523,2.21,2.0,2.0,13,4569,3139.0,5409,0.38,0.58,6546042,1210,False,False,False,1,False,Chennai,Residential,False,,False,False,False
DHURA SANAM,TN/29/Building/0513/2024,"S.No. 56/1, T.S.No. 2/20, Ward :001 of Urur Village, Urur Town Panchayat, Velachery Taluk,",Chennai,13.006657,80.262769,Residential,Non-High Rise Building (NHRB),561,0,1570,,10,90000000,90000000,15000000,195000000,8,12,0,[],[],6043,16904,2.8,2.0,2.0,20,14893,5324.0,11536,0.46,0.46,19500000,1690,False,False,False,0,False,Chennai,Residential,False,,False,False,False
JAINS AADHYA,TN/29/Building/0514/2024,"Single block, Block – 1 – Extended Basement Floor + Stilt Floor Part + Ground floor part + 1st floor parking + 2nd floor parking & Club House + 3rd floor to 18th floor + 19th floor part residential Building with 468 Dwelling Units Affordable Housing",Chennai,12.878717,80.2134509,Residential,High Rise Building (HRB),8094,38213,0,259,468,185000000,825600000,86446000,1097046000,258,27,28,"[{'block': None, 'base_level': 'Ground', 'floor_segments': ['1st floor', '2nd floor', '3rd floor', '18th floor', '19th floor'], 'total_floors_above_base': 5}]",[],87119,414108,4.75,2.0,4.87,313,2124,1994.0,2649,0.17,0.75,2344115,879,False,False,False,0,False,Chennai,Residential,False,,False,False,False
ACE PLATINA,TN/29/Building/0521/2024,"“ACE PLATINA” Commercial (Office) Building at Plot No.A, Old No.97, New No.72, G N Chetty Road, T Ngar, Chennai – 600 017, comprised in T.S.No.9382/2, Block No.109 of T Nagar Village, Chennai District, Tamil Nadu",Chennai,13.02448,80.14278,Commercial,Non-High Rise Building (NHRB),446,80,0,867,,80000000,25000000,10000000,115000000,7,1,1,[],[],4801,10194,2.12,2.0,2.0,9,16664,2452.0,11281,0.7,0.22,,,False,False,False,0,False,Chennai,Commercial,False,,False,False,False
DCC ADANYA,TN/29/Building/0522/2024,"Proposed construction of Stilt Floor (Parking) + 5 Floors Residential Building (18.30m Height) with 35 dwelling units availing Premium FSI with TOD Benefits at TNHB Block No. SH:47, SH:48 and SH:49, 25th Street, Korattur, Chennai – 600080 comprised in Old S.No. 1302/1A Part, 2B Part, 1323/1A1 Part, T.S.No. 17/ 47-6, Ward E, Block No: 46 of Korattur Village within the limits of Greater Chennai Corporation",Chennai,13.109248,80.1876275,Residential,Non-High Rise Building (NHRB),872,0,2326,,35,89168235,81382500,16204173,186754908,13,1,1,[],[],9386,25040,2.67,2.0,2.0,15,9500,3250.0,7458,0.48,0.44,5335855,715,False,False,False,0,False,Chennai,Residential,False,,False,False,False
Sreshta Sree Ganesh,TN/29/Building/0524/2024,Stilt + 5 Floors,Chennai,13.0354,80.2589,Residential,Non-High Rise Building (NHRB),722,0,1866,,19,111089192,53312500,17620016,182021708,22,0,0,"[{'block': None, 'base_level': 'Stilt', 'floor_segments': ['5 Floors'], 'total_floors_above_base': 5}]",[],7770,20087,2.59,2.0,2.0,22,14297,2654.0,9062,0.61,0.29,9580090,1057,False,False,False,1,True,Chennai,Residential,False,,False,False,False
MALKOHA,TN/29/Building/0527/2024,"High Rise building Extended Double Basement Floor + Stilt Floor(Part) Cum Ground floor (Part)+12 Floors +13 th Floors (Part) Consisting of 74 Dwelling Units and Multi-Function Hall, Gym & Swmming Pool in 13th floor (part) Residential Builidng availing with Premium FSI at New Door No.34 (part), Velachery Road, Guindy, Chennai comprised in R. S. No.76/2 (part) and 77 (part) and T.S.Nos.9/1 Block No:16 Velachery Village and At Velachery Road, Guindy Velachery Taluk, Chennai-600032. Within the Limit of Greater Chennai Corporation Division 174, Zone XIII",Chennai,12.595597999999999,80.130027,Mixed Development,High Rise Building (HRB),5004,0,21611,,74,630000000,769000000,43814000,1442814000,176,30,19,[],[],53868,232619,4.32,2.0,4.87,225,11695,3306.0,6202,0.44,0.53,19497486,3143,False,False,False,1,False,Chennai,Mixed Development,False,,False,False,False
ANANTHA LAKSHMI,TN/29/Building/0529/2024,"TNHB Flat Nos. 7 to 12, Block No.68, Lakshmi Apartments, Ambathur Industrial Estate Road, Anna Nagar West Extension Scheme, Chennai - 600 101.",Chennai,13.082046,80.1983310000001,Residential,Non-High Rise Building (NHRB),580,0,1402,0,10,56214000,41500250,13867550,111581800,8,2,1,[],[],6246,15096,2.42,2.0,2.0,11,9000,2749.0,7391,0.5,0.37,11158180,1510,False,False,False,0,False,Chennai,Residential,False,,False,False,False
DRA POLARIS,TN/29/Building/0533/2024,"Comprised in Old Survey No.1110/Part, Town Survey Nos. 3/1,3/3,5/6 and 5/8, Ward No.D, Block No;115, Madhavaram Village,",Chennai,13.128937000000002,80.241453,Residential,High Rise Building (HRB),3234,0,12161,355,96,162781819,447754521,41666500,652202840,59,48,9,[],[],34815,134712,3.87,2.0,4.87,116,4676,3324.0,4841,0.25,0.69,6793780,1363,False,False,False,1,False,Chennai,Residential,False,,False,False,False
CHANDANA TOWER,TN/29/Building/0535/2024,EXTENDED BASEMENT FLOOR(PARKING)+STILT FLOOR(PARKING) +10FLOORS+11TH FLOOR PART,Chennai,13.132139,80.1926,Residential,High Rise Building (HRB),2226,0,7352,,63,150000000,315000000,13560300,478560300,46,23,6,"[{'block': None, 'base_level': 'Basement', 'floor_segments': ['10FLOORS', '11TH FLOOR'], 'total_floors_above_base': 11}]",[],23963,79131,3.3,2.0,4.87,75,6260,3981.0,6048,0.31,0.66,7596195,1256,False,False,False,0,False,Chennai,Residential,False,,False,False,False
SWATHI'S GAYATHRI,TN/29/Building/0536/2024,"THE PROPOSED CONSTRUCTION OF STILT FLOOR + 5 FLOORS (18.30M HEIGHT) RESIDENTIAL BUILDING WITH 20 DWELLING UNITS, AT PLOT NO: 59, OLD DOOR NO: 32 & NEW DOOR NO:74, 2ND MAIN ROAD, RAJA ANNAMALAIPURAM, CHENNAI - 600028, COMPRISED IN R.S.NO:3927/41 BLOCK NO:86 OF MYLAPORE VILLAGE WITH IN THE LIMIT OF GREATER CHENNAI CORPORATION",Chennai,13.009519,80.261256,Residential,Non-High Rise Building (NHRB),826,0,2318,,20,0,87000000,39200000,126200000,7,13,2,[],[],8896,24951,2.8,2.0,2.0,22,0,3487.0,5058,0.0,0.69,6310000,1248,False,False,False,0,False,Chennai,Residential,False,,False,False,False
SHYAMALA,TN/29/Building/0543/2024,"Proposed Construction of Stilt + 5 Floors Residential Building with 10 Dwelling units at Plot No.397, Door No.81/39, First Avenue, Indira Nagar, Adyar, Chennai 600 020, Comprised in R.S No. 5/2Part (As per Document), As per Patta New R.S.No.3, Block No.15 situated at Kalikundram Village, Velachery Taluk, Chennai District, Within the Limits of Greater Chennai Coporation, Zone:13 & Division No:173 , Tamilnadu State.",Chennai,12.997073454377729,80.25192515220637,Residential,Non-High Rise Building (NHRB),557,,1310,,10,59400000,75880000,,135280000,12,2,1,[],[],6000,14100,2.35,2.0,2.0,15,9900,5382.0,9594,0.44,0.56,13528000,1410,False,False,True,0,False,Chennai,Residential,False,,False,False,False
RAMANIYAM AKSHAYAM,TN/29/Building/0545/2024,SINGLE BLOCK OF 5 FLOORS CONSISTING OF 20 FLATS,Chennai,13.04082,80.19755,Residential,Non-High Rise Building (NHRB),674,0,1749,1824,20,51851015,75124300,18284079,145259394,12,3,2,"[{'block': None, 'base_level': None, 'floor_segments': ['5 FLOORS'], 'total_floors_above_base': 5}]",[],7252,38459,5.3,2.0,2.0,17,7150,1953.0,3777,0.36,0.52,7262970,941,False,False,False,0,False,Chennai,Residential,False,,False,False,False
MANGHALAM SRISHTI,TN/29/Building/0546/2024,RESIDENTIAL BUILDING OF STILT FLOOR+5 FLOORS WITH 10 DWELLING UNITS,Chennai,13.08296,80.20947,Residential,Non-High Rise Building (NHRB),1386,80,1386,,10,150000000,57600000,15375000,222975000,10,0,1,"[{'block': None, 'base_level': 'Stilt', 'floor_segments': ['5 FLOORS'], 'total_floors_above_base': 5}]",[],14924,15787,1.06,2.0,2.0,11,10051,3649.0,14124,0.67,0.26,22297500,1579,False,False,False,0,False,Chennai,Residential,False,,False,False,False
PARAMOUNTREALTY,TN/29/Building/0547/2024,S+5,Chennai,13.11862,80.29353,Residential,Non-High Rise Building (NHRB),714,,1853,0,15,23040000,39936000,25000,63001000,14,1,2,"[{'block': None, 'base_level': 'Stilt', 'floor_segments': ['5'], 'total_floors_above_base': 5}]",[],7680,19951,2.6,2.0,2.0,17,3000,2002.0,3158,0.37,0.63,4200067,1330,False,False,False,0,False,Chennai,Residential,False,,False,False,False
Nutech Gardens Of Gaia,TN/29/Building/0548/2024,Proposed New construction of Residential Building At Plot No 1 2 3 4 5 6 7 8 9 10 11 12 13 14 15 17 18 22 24 25 27 Of Kalaigar Karunanithi Salai Sholinganallur Chennai 600 119 Comprised In S.No.180/ 1C2A 2E2 2F2 181/3A1 3A2 3B 3C 3D,Chennai,12.897635,80.24429699999999,Residential,Non-High Rise Building (NHRB),10107,3336,0,167,20,64585,75403542,2851350,78319477,34,5,0,[],[],108791,37701,0.35,2.0,2.0,39,1,2000.0,2077,0.0,0.96,3915974,1795,False,False,False,1,False,Chennai,Residential,False,,False,False,False
"Block A, E & F of VGN Fairmont",TN/29/Building/0549/2024,"Block A, E & F of Residential Project” VGN Fairmont” located at Town Survey Nos.22/5, 23/4, 24/4, 25/2, 29/2, 30/1, 30/4, 31/2, 32/2, 33/2, 34/2, Block no:2, in Alandur Village, Thiru. Vi.Ka Industrial Estate , Guindy, Chennai 600032.",Chennai,13.011264,80.124065,Residential,High Rise Building (HRB),42232,0,66052,,756,1450000000,2600000000,450000000,4500000000,756,0,35,[],[],454583,710974,1.56,2.0,4.87,791,3190,3657.0,6329,0.32,0.58,5952381,940,False,False,False,1,False,Chennai,Residential,False,,False,False,False
RAJ SHRI,TN/29/Building/0551/2024,"NEW DOOR NO: 13, OLD DOOR NO: 5, NAGESWARA RAO ROAD, NUGAMBAKKAM, CHENNAI -600 034. COMPRISED IN R.S.NO: 141, 142 & 143, NEW T.S.NO: 142/4, BLOCK NO: 21 OF NUNGAMBAKKAM VILLAGE WITHIN THE LIMITS OF GREATER CHENNAI CORPORATION",Chennai,13.05896,80.245753,Residential,Non-High Rise Building (NHRB),653,0,1656,,9,100000000,70080000,4000000,174080000,4,8,0,[],[],7029,17824,2.54,2.0,2.0,12,14227,3932.0,9767,0.57,0.4,19342222,1980,False,False,False,0,False,Chennai,Residential,False,,False,False,False
PUSHKAR’s KALPATARU,TN/29/Building/0552/2024,"Stilt + Five Floors with 15 dwelling units at Block No. H–68, East Avenue, Korattur, Chennai – 600 080, comprised in old Survey No. 1191/1A part, 1215/1 part, situated at KORATTUR Village, Ambattur Taluk, Chennai District,",Chennai,13.102982107,80.18726949714,Residential,Non-High Rise Building (NHRB),974,0,2077,,15,13500000,81300000,7600000,102400000,14,1,1,"[{'block': None, 'base_level': 'Stilt', 'floor_segments': ['Five Floors'], 'total_floors_above_base': 5}]",[],10484,22358,2.13,2.0,2.0,16,1288,3636.0,4580,0.13,0.79,6826667,1491,False,False,False,0,False,Chennai,Residential,False,,False,False,False
BELMONT RESIDENCES,TN/29/Building/0554/2024,"Construction of High Rise Building Consisting of 2 Blocks Combined Extended Double Basement Floor (Tower –A & B) ; Tower –A: Stilt Floor +8 Floors (8 Dwellings units); Tower-B: Stilt Floor + 12 Floors (35 Dwelling Units) - Totally 43 Dwelling units Indoor Games, Gym, Home theatre, Party Hall in 12th Floor and Swimming Pool at Terrace Floor Level at Door No.3/1,196/1,196/2 and 2/3D, Arcot Road (N.S.K. Salai), Vadapalani, Chennai-600 026, Comprising in old S.No.5/11 (Part), New T.S.NO.5/49,and old S.No.177 and 177/1A New T.S.No.5/13, Block No.5, Saligramam Village, Mambalam Taluk, within the limits of Greater Chennai Corporation.",Chennai,13.025998,80.124095,Mixed Development,High Rise Building (HRB),3390,0,11336,,43,320000000,405376500,10000000,735376500,129,24,11,"[{'block': None, 'base_level': 'Basement', 'floor_segments': ['8 Floors', '12 Floors', '12th Floor', 'Terrace Floor'], 'total_floors_above_base': 22}]",[],36486,122015,3.34,2.0,4.87,164,8771,3322.0,6027,0.44,0.55,17101779,2838,False,False,False,0,False,Chennai,Mixed Development,False,,False,False,False
Construction of office complex,TN/29/Building/0556/2024,"Construction of HRB with Stilt floor (Meant for parking) + floor (Meant for parking) + 2nd floor to 10th floor (9 floors) Commercial (office) use building Plot No: 586, 587 & 588, at Avenue & 2nd Avenue Anna Nagar East, Old S.nos. 47 part, 2/1A, 1B, 5, 6, 7 & 8 part, T.s No. 37/1, Block no. 5 of Periyakudal, Chennai,",Chennai,13.085541024286124,80.22405422710138,Commercial,High Rise Building (HRB),1766,0,0,5212,,351644757,424330500,,775975257,22,20,2,"[{'block': None, 'base_level': 'Stilt', 'floor_segments': ['2nd floor', '10th floor', '9 floors'], 'total_floors_above_base': 11}]",[],19008,56102,2.95,2.0,4.87,44,18500,7564.0,13832,0.45,0.55,,,False,False,False,0,False,Chennai,Commercial,False,,False,False,False
SREEROSH KARUNA,TN/29/Building/0557/2024,"PLOT NO 91, DOOR NO 7(91), gill nagar 3rd street, chennai 94",Chennai,13.063709,80.223608,Residential,Non-High Rise Building (NHRB),616,0,1593,,15,12000000,63000000,15000000,90000000,5,10,1,[],[],6630,17147,2.59,2.0,2.0,16,1810,3674.0,5249,0.13,0.7,6000000,1143,False,False,False,0,False,Chennai,Residential,False,,False,False,False
GPB’s NIDHULAN PARK VIEW CASTLE,TN/29/Building/0558/2024,"SURVEY NO. 58/1A1A (as per patta) SURVEY NO. 58/1, 58/2, 58/3 (as per Document), KOLAPAKKAM VILLAGE, KUNDRATHUR PANCHAYAT UNION, CHENNAI",Chennai,13.013144,80.156786,Residential,Non-High Rise Building (NHRB),1802,0,4680,,50,55000000,202000000,,257000000,23,0,0,[],[],19397,50371,2.6,2.0,2.0,23,2836,4010.0,5102,0.21,0.79,5140000,1007,False,False,False,0,False,Chennai,Residential,False,,False,False,False
Arihant Vivriti,TN/29/Building/0560/2024,"Plot No.606, VOC Street Off Old Mahabalipuram Road, Kottivakkam, Chennai – 600041",Chennai,12.972692,80.251312,Residential,Non-High Rise Building (NHRB),1069,0,2096,,12,145000000,81000000,4427086,230427086,0,0,26,[],[],11508,22565,1.96,2.0,2.0,26,12600,3590.0,10212,0.63,0.35,19202257,1880,False,False,False,0,False,Chennai,Residential,False,,False,False,False
S.L.ANANDAN TOWERS,TN/29/Building/0561/2024,"PLAN SHOWING THE PROPOSED CONSTRUCTION OF A STILT FLOOR (PARKING) +3 FLOORS (OFFICE ) COMMERCIAL BUILDING( HEIGHT -14.93M) AVAILING PREMIUM FSI WITH TOD BENEFIT AT OLD DOOR NO:336 to 344, NEW DOOR NO:336,POONAMALLEE HIGH ROAD, AMINJIKARAI, CHENNAI - 600029. COMPRISED IN OLD.S.NO:70/1 PART, T.S.NO: 2/8, BLOCK NO: 23 ,WARD -1 OF AMINJIKARAI VILLAGE WITHIN THE LIMIT OF GREATER CHENNAI CORPORATION DIVISION NO: 102 ZONE :08.",Chennai,13.074174,80.222763,Commercial,Non-High Rise Building (NHRB),714,0,0,1454,,70000000,60000000,20000000,150000000,9,3,1,[],[14.93],7685,15647,2.04,2.0,2.0,13,9108,3835.0,9587,0.47,0.4,,,False,False,False,0,False,Chennai,Commercial,False,,False,False,False
DRA DOWNTOWN,TN/29/Building/0562/2024,"Comprised in T.S No.1633/8Part,Block No;52, Dr.P.V Cherian Road, Egmore village,Egmore,Chennai – 600 008.",Chennai,13.345225,80.1529833,Commercial,Non-High Rise Building (NHRB),4297,0,0,8365,,693766172,138701670,71920500,904388342,65,6,0,[],[],46251,90043,1.95,2.0,2.0,71,15000,3682.0,10044,0.77,0.15,,,False,False,False,0,False,Chennai,Commercial,False,,False,True,True
GP HOMES ELANZA PHASE 2,TN/29/Building/0563/2024,"PROPOSED CONSTRUCTION OF GROUP DEVELOPMENT WITH 2 BLOCKS; BLOCK – 1: EXISTING STILT FLOOR + 5 FLOORS (HEIGHT - 18.0M) RESIDENTIAL BUILDING WITH 35 DWELLING UNITS AND BLOCK – 2: PROPOSED GROUND FLOOR (PART) / STILT FLOOR (PART) + 4 FLOORS + 5TH FLOOR PART (HEIGHT - 18.30M) RESIDENTIAL WITH 34 DWELLING UNITS CUM COMMERCIAL (SHOP) BUILDING, TOTAL – 69 DWELLING UNITS AVAILING PREMIUM FSI AT LAKSHMI NAGAR MAIN ROAD, MADHANANDAPURAM, CHENNAI – 600 125, COMPRISED IN S. NOS. 218/2A & 218/2B OF MADHANANDAPURAM VILLAGE WITHIN THE LIMITS OF GREATER CHENNAI CORPORATION. ZONE - XII,",Chennai,13.00599,80.09303,Mixed Development,Non-High Rise Building (NHRB),2250,0,3090,106,34,92000000,102500000,5500000,200000000,49,5,0,"[{'block': 'BLOCK – 1', 'base_level': 'Stilt', 'floor_segments': ['5 FLOORS'], 'total_floors_above_base': 5}, {'block': 'BLOCK – 2', 'base_level': 'Ground', 'floor_segments': ['4 FLOORS', '5TH FLOOR'], 'total_floors_above_base': 5}]","[18.0, 18.3]",24219,34407,1.42,2.0,2.0,54,3799,2979.0,5813,0.46,0.51,,,False,True,False,1,False,Chennai,Mixed Development,False,,False,False,False
NARAIN PANDAVAAS,TN/29/Building/0567/2024,""" NARAIN PANDAVAAS"" situated at Door No.9, plot No.133, 134, 135, 136,137 Rajaji Street, Ramakrishna Nagar, Valasaravakkam, Chennai comprised Old Survey No.116/2, New Survey No.116/672, 116/673, 116/756, 116/757 & 116/758 of Valasaravakkam Village, Within the limits of greater chennai corporation.",Chennai,13.048137,80.182805,Residential,Non-High Rise Building (NHRB),1300,80,3341,0,30,55972800,108000000,20000000,183972800,16,19,3,[],[],13993,36821,2.63,2.0,2.0,38,4000,2933.0,4996,0.3,0.59,6132427,1227,False,False,False,0,False,Chennai,Residential,False,,False,False,False
MERIDIAN,TN/29/Building/0570/2024,"Plot No. 2, 3, 4 & 5, MMRD Road, Kovilambakkam, Chennai Comprised in Survey Number 45/2A2, 45/2A3, 45/5A1, 45/5A2, 45/5A3, 45/5A4, 45/5B, 45/6B1B, 45/7B & 46/1B of Kovilambakkam Village with in the limit of St.Thomas Mount Panchayat Union.",Chennai,12.948276,80.191704,Commercial,Non-High Rise Building (NHRB),1389,0,0,2732,,112339470,132316142,,244655612,13,8,2,[],[],14951,29411,1.97,2.0,2.0,23,7514,4499.0,8319,0.46,0.54,,,False,False,False,0,False,Chennai,Commercial,False,,False,False,False
KB COURTYARD,TN/29/Building/0571/2024,"Construction of Stilt Floor + 5 Floors Residential Building with 15 Dwelling Units Availing Premium FSI (Height 18.00m) at Plot No. 25 & 26, Old Door No.2, New Door No.4/5, Thangavelu Street, T. Nagar, Chennai Comprised In Old S.No.4739 part, T.S.No.8175, 8176, Block No.107 of T. Nagar Village Within Greater Chennai Corporation Limit",Chennai,13.045709,80.240914,Residential,Non-High Rise Building (NHRB),744,0,1920,,15,52859400,58377500,4670200,115907100,13,4,2,"[{'block': None, 'base_level': 'Stilt', 'floor_segments': ['5 Floors'], 'total_floors_above_base': 5}]",[18.0],8012,20670,2.58,2.0,2.0,19,6598,2824.0,5608,0.46,0.5,7727140,1378,False,False,False,0,False,Chennai,Residential,False,,False,False,False
RAMANIYAM PURNA KRISHNA,TN/29/Building/0572/2024,"Old Door No.16, New Door No.26, New Bangaru Colony 1st Street, K.K.Nagar West, Chennai-600 078, Comprised in Survey No.217, 217/1 Part as per document and T.S.No.97, 98/1 & 98/2 as per Patta, Block No.35, Virugambakkam Village, Mamabalam Taluk, Chennai District",Chennai,13.043566,80.191479,Residential,Non-High Rise Building (NHRB),797,0,2006,0,15,99526500,90045079,,189571579,13,2,2,[],[],8580,21594,2.52,2.0,2.0,17,11600,4170.0,8779,0.53,0.47,12638105,1440,False,False,False,0,False,Chennai,Residential,False,,False,False,False
VEDANTA,TN/29/Building/0573/2024,"No. Units : 40, Site Address : Old No 8, New No.1, Nowroji Road, Chetpet, Chennai – 600031 comprised in R.S.No.376/67, 68 and 85, Block No 23 of Egmore Village within the limits of Greater Chennai Corporation",Chennai,13.074673,80.237482,Residential,Non-High Rise Building (NHRB),2565,0,6660,,40,414210000,305892750,10000000,730102750,60,0,6,[],[],27614,71685,2.6,2.0,2.0,66,15000,4267.0,10185,0.57,0.42,18252569,1792,False,False,False,0,False,Chennai,Residential,False,,False,False,False
KAIZEN VEENA,TN/29/Building/0576/2024,Proposed Construction of Stilt +5 Floors Residential Building with 30 Dwelling Unit,Chennai,13.02721,80.161196,Residential,Non-High Rise Building (NHRB),1538,0,3994,,30,71005000,225242000,,296247000,30,2,1,"[{'block': None, 'base_level': 'Stilt', 'floor_segments': ['5 Floors'], 'total_floors_above_base': 5}]",[],16553,42993,2.6,2.0,2.0,33,4290,5239.0,6891,0.24,0.76,9874900,1433,False,False,False,0,False,Chennai,Residential,False,,False,False,False
NUTECH CENTRAL PARK https://rera.tn.gov.in/public-view2/building/pfirm/5b48fb40-6fff-11ef-9d7c-73e9d4fe8158,TN/29/Building/0577/2024,"The proposed construction of Group Development comprising 17 Blocks; Combined Basement floor with 5 Blocks; Commercial Block - Combined Basement floor + Ground floor + 2 Floors (Height – 13.26m) Commercial Building; Block A to D – Combined Basement floor + Stilt floor + 5 Floors (Height – 18.30m) Residential Building with 55 dwelling units (Each Block); and Block E – Stilt floor + 5 Floors (Height – 18.30m) Residential Building with 50 dwelling units; Block F, G & H –Stilt floor + 5 Floors (Height – 18.30m) Residential Building with 20 dwelling units (Each Block); Block J & K –Stilt floor + 5 Floors (Height – 18.30m) Residential Building with 50 dwelling units (Each Block); Block L – Stilt floor + 5 Floors (Height – 18.30m) Residential Building with 35 dwelling units; Block M, N & P –Stilt floor + 5 Floors (Height – 18.30m) Residential",Chennai,13.02528,80.133421,Residential,Non-High Rise Building (NHRB),43100,0,78261,7498,655,17765,1846216523,32973111,1879207399,785,0,0,"[{'block': None, 'base_level': 'Ground', 'floor_segments': ['2 Floors', '5 Floors', '5 Floors', '5 Floors', '5 Floors', '5 Floors', '5 Floors'], 'total_floors_above_base': 32}]","[13.26, 18.3, 18.3, 18.3, 18.3, 18.3, 18.3]",463924,923100,1.99,2.0,2.0,785,0,2000.0,2036,0.0,0.98,2869019,1286,False,False,False,1,False,Chennai,Residential,False,,False,False,False
ELEMENTS SATTVA,TN/29/Building/0579/2024,RESIDENTIAL,Chennai,13.01621,80.140831,Residential,Non-High Rise Building (NHRB),1338,0,3477,,49,57600000,70000000,,127600000,19,1,0,[],[],14402,37430,2.6,2.0,2.0,20,3999,1870.0,3409,0.45,0.55,2604082,764,False,False,False,0,False,Chennai,Residential,False,,False,False,False
Kaizen Mangal,TN/29/Building/0580/2024,"THE PROPOSED CONSTRUCTION OF STILT FLOOR + 5 FLOORS RESIDENTIAL BUILDING WITH 15 DWELLING UNITS, AT PLOT NO.237&238, ERODE JAGANNATHAN STREET, GOLDEN GEORGE NAGAR, COMPRISED IN SURVEY NO.420 , T.S.91/2 &92 BLOCK 73 OF MOGAPPAIR VILLAGE WITHIN THE LIMITS OF GREATER CHENNAI CORPORATION",Chennai,13.075627,80.18724,Residential,Non-High Rise Building (NHRB),666,0,1731,,15,51120000,99470000,,150590000,1,14,2,"[{'block': None, 'base_level': 'Stilt', 'floor_segments': ['5 FLOORS'], 'total_floors_above_base': 5}]",[],7169,18637,2.6,2.0,2.0,17,7131,5337.0,8080,0.34,0.66,10039333,1242,False,False,False,0,False,Chennai,Residential,False,,False,False,False
TURYA,TN/29/Building/0581/2024,"Stilt Floor + 4 Floors Residential Building with 12 Dwelling Units availing Premium FSI at Plot No.A-53, Hindu Colony, Nanganallur, Chennai 600061.",Chennai,12.979192,80.184278,Residential,Non-High Rise Building (NHRB),558,0,1181,,12,100000000,40000000,3000000,143000000,11,0,1,"[{'block': None, 'base_level': 'Stilt', 'floor_segments': ['4 Floors'], 'total_floors_above_base': 4}]",[],6012,12711,2.11,2.0,2.0,12,16634,3147.0,11250,0.7,0.28,11916667,1059,False,False,False,0,False,Chennai,Residential,False,,False,False,False
“The Summit”,TN/29/Building/0583/2024,"Residential Building with 42 dwelling units at Plot Nos. 1A, 2A, 3A, 4A, Clasic Farms 1st Main Road, Sholinganallur, Chennai – 600 119, comprised in Old Survey Nos. 602/2L Part and 602/2K Part, New Survey Nos. 602/212B, 602/2B1F, 602/2B1G and 602/2B1J, Sholinganallur Village, Sholinganallur Taluk, Chennai District, Tamil Nadu",Chennai,12.5346,80.1308,Residential,High Rise Building (HRB),2750,0,7565,91,42,250000000,250000000,,500000000,47,19,6,[],[],29601,82402,2.78,2.0,4.87,72,8446,3034.0,6068,0.5,0.5,11904762,1939,False,False,False,0,False,Chennai,Residential,False,,False,False,False
KANNAN ADITYA,TN/29/Building/0587/2024,"Plot No.17, Door No.1, B.Ramachandra Adithyanar Road, Gandhi Nagar 4th main Road, 1st Crecent park Road, Gandhi Nagar, Adyar, Chennai-600020 comprised in T.S.No.49/2 of Kottur Village, Greater Chennai Corporation Limit",Chennai,13.009503,80.25412,Mixed Development,Non-High Rise Building (NHRB),1225,0,459,1445,1,20000000,30000000,,50000000,15,3,0,[],[],13185,20498,1.55,2.0,2.0,18,1517,3682.0,2439,0.4,0.6,50000000,4940,False,False,False,0,False,Chennai,Mixed Development,False,,False,True,True
SKYLON,TN/29/Building/0589/2024,"High Rise Building (HRB) consisting of Extended Double Basement Floor + Stilt Floor + 1st Floor + 2nd Floor + 3rd Floor to 17th Floor + 18th Floor (part) Residential Building with 122 Dwelling Units and Open Swimming Pool, Gym, Indoor Games, Home Theater Room & Party Hall At 18th Floor Level at Jawaharlal Nehru Road, Koyambedu, Aminjikarai Taluk, Chennai – 600 107, Comprised in T.S Nos. 1/4, 1/5, 1/17, 1/18, 1/19,1/20,1/21,1/23,1/24,1/25,1/31 and 1/32, Block No.64, Koyambedu Village, Within the Limits of Greater Chennai Corporation.",Chennai,13.041594,80.120828,Mixed Development,High Rise Building (HRB),4624,0,24969,,122,1650000000,806301000,0,2456301000,196,61,13,"[{'block': None, 'base_level': 'Basement', 'floor_segments': ['1st Floor', '2nd Floor', '3rd Floor', '17th Floor', '18th Floor', '18th Floor'], 'total_floors_above_base': 6}]",[],49775,268765,5.4,2.0,4.87,270,33149,3000.0,9139,0.67,0.33,20133615,2203,False,False,False,1,False,Chennai,Mixed Development,False,,False,False,False
AQUILA,TN/29/Building/0591/2024,"proposed construction of Stilt floor + 4 floors + 5th floor (Part) (Height – 18.30m) Residential Building with 10 dwelling units Availing Premium FSI with TOD Benefit at Plot No.2 & 3, New Door No.3, Old Door No.1, Judge Jumbulingam Road, Mylapore,Chennai 600004, comprised in R.S.No.1063/23 (As per Document), R.S.No.1063/60 (As per Patta), Block No.22 of Mylapore Village within the limit of Greater Chennai Corporation",Chennai,13.04629,80.27074,Residential,Non-High Rise Building (NHRB),818,0,2124,,10,80000000,40000000,,120000000,14,8,2,"[{'block': None, 'base_level': 'Stilt', 'floor_segments': ['4 floors', '5th floor'], 'total_floors_above_base': 5}]",[18.3],8805,22863,2.6,2.0,2.0,24,9086,3682.0,5249,0.67,0.33,12000000,2286,False,False,False,0,False,Chennai,Residential,False,,False,True,True
SREEROSH AURELIA,TN/29/Building/0592/2024,STILT PLUS 5FLOORS,Chennai,13.050731,80.263998,Residential,Non-High Rise Building (NHRB),2338,0,6811,,53,100000000,250000000,,350000000,50,8,7,"[{'block': None, 'base_level': 'Stilt', 'floor_segments': ['5FLOORS'], 'total_floors_above_base': 5}]",[],25167,73315,2.91,2.0,2.0,65,3973,3410.0,4774,0.29,0.71,6603774,1383,False,False,False,0,False,Chennai,Residential,False,,False,False,False
SIVA SANKARA GANAPATHY,TN/29/Building/0593/2024,"Door No.3/75-A, Ashok Nagar 1st Avenue, Chennai-600083.",Chennai,13.032554,84.211593,Residential,Non-High Rise Building (NHRB),557,0,1100,,10,137500000,43200000,1061500,181761500,9,3,2,[],[],6000,11838,1.97,2.0,2.0,14,22917,3649.0,15354,0.76,0.24,18176150,1184,False,False,False,0,False,Chennai,Residential,False,,False,False,False
Hansa Emerald,TN/29/Building/0596/2024,"Stilt floor + 5 floors residential building with 50 dwelling units at Plot No.1, T S No.7/12, Old Survey Nos.276,277,278 and 279, Tiruvottiyur, Chennai-600 019",Chennai,13.164604,80.296506,Residential,Non-High Rise Building (NHRB),1431,2785,0,,50,30790000,129310000,10000000,170100000,16,1,0,"[{'block': None, 'base_level': 'Stilt', 'floor_segments': ['5 floors'], 'total_floors_above_base': 5}]",[],15401,29978,1.95,2.0,2.0,17,1999,4313.0,5674,0.18,0.76,3402000,600,False,False,False,0,False,Chennai,Residential,False,,False,False,False
Commercial Shop,TN/29/Building/0604/2024,"Planning Permission for the Proposed construction of Ground Floor Commercial (Shop) Building (Height – 4.80m) at GNT Road, Madhavaram, Chennai-600060 Comprised in Plot no A,B,C(part), D(part), E, F(part) & G(part) in Old S.No: 830/1 part, 831 part, T.S.No. 33/14, 33/15, 33/16, 33/17, 33/18, 33/19, 33/20 Ward -C, Block No: 35 of Madhavaram Village, within the limits of Greater Chennai Corporation",Chennai,13.07178,80.15117,Commercial,Non-High Rise Building (NHRB),9940,0,0,4485,,130000000,20000000,,150000000,0,70,0,[],[4.8],106993,48276,0.45,2.0,2.0,70,1215,3682.0,3107,0.87,0.13,,,False,False,False,0,False,Chennai,Commercial,False,,False,True,True
CK ENCLAVE,TN/29/Building/0608/2024,"Stilt floor + 5 floors (Height – 18.0m) Residential Building with 20 dwellings units, Plot No.30 & 31, Dream Park Layout, Sithalapakkam, Chennai 600126 comprised in Old S.No.43/3A, 43/3B1A, 43/3B1B, 43/5B & 44/1, New Patta S.No.43/3 & 43/4 of Sithalapakkam Village within the limit of St.Thomas Mount Panchayat Union.",Chennai,12.523880000000002,80.11218000000001,Residential,Non-High Rise Building (NHRB),540,,1511,,20,17500000,50000000,1500000,69000000,10,3,2,"[{'block': None, 'base_level': 'Stilt', 'floor_segments': ['5 floors'], 'total_floors_above_base': 5}]",[18.0],5813,16262,2.8,2.0,2.0,15,3011,3075.0,4243,0.25,0.72,3450000,813,False,False,False,1,False,Chennai,Residential,False,,False,False,False
GOLDEN TOWERS,TN/29/Building/0610/2024,"NEW KUMARAN NAGAR MAIN ROAD, SHOLINGANALLUR, CHENNAI - 600097. SURVEY NO. 270/1 OF SHOLINGANALLUR VILLAGE.",Chennai,12.901799,80.236275,Residential,Non-High Rise Building (NHRB),10168,0,10168,,105,270000000,385000000,67550000,722550000,52,44,10,[],[],109444,109444,1.0,2.0,2.0,106,2467,3518.0,6602,0.37,0.53,6881429,1042,False,False,False,0,False,Chennai,Residential,False,,False,False,False
MEERA VASANTHAM,TN/29/Building/0611/2024,"Plot No.1,2 & 3 in Sabari Nagar Layout, Plot No.37 in Manohar Nagar Layout, VGP Shanthi Nagar Main Road, VGP Shanthi Nagar 4th Street, Sabari Nagar Chellamuthu Street, Varadarajan Nagar 2nd Street, Pallikaranai, Chennai-600100.",Chennai,12.936378,80.211595,Residential,Non-High Rise Building (NHRB),916,0,2299,,20,60000000,67600000,13937900,141537900,16,6,2,[],[],9860,24745,2.51,2.0,2.0,24,6085,2732.0,5720,0.42,0.48,7076895,1237,False,False,False,0,False,Chennai,Residential,False,,False,False,False
Office cum Shopping Complex,TN/29/Building/0612/2024,"Office cum Shopping Complex Stilt cum Ground Floor + 4 Floors Office Building at Plot No. 3641 to 3643, 3rd Avenue, Arignar Anna Nagar, Chennai-600040 comprised in T.S.No. 263, 264 & 268, Block No.3 of Mullam Village with Greater Chennai Corporation Limit",Chennai,80.21,13.09,Commercial,High Rise Building (HRB),1654,0,0,3289,,338329500,230559500,,568889000,14,15,3,"[{'block': None, 'base_level': 'Ground', 'floor_segments': ['4 Floors'], 'total_floors_above_base': 4}]",[],17806,35400,1.99,2.0,4.87,32,19001,6513.0,16070,0.59,0.41,,,False,False,False,0,False,Chennai,Commercial,False,,False,False,False
MAGNUM,TN/2/Building/0310/2024,"Stilt Floor + 3 Floors Residential Building with 15 Dwelling Units (Height 12.00 m) at Plot No. 11, Sri Balaji Avenue, Ayanambakkam comprised in S.No.441/1A2 & 441/1B of Ayanambakkam village within the limits of Tiruverkadu Municipality",Tiruvallur,13.086698,80.146207,Residential,Non-High Rise Building (NHRB),800,,1587,,15,17222000,34444000,3500000,55166000,16,0,2,"[{'block': None, 'base_level': 'Stilt', 'floor_segments': ['3 Floors'], 'total_floors_above_base': 3}]",[12.0],8611,17081,1.98,2.0,2.0,18,2000,2017.0,3230,0.31,0.62,3677733,1139,False,False,False,0,False,Tiruvallur,Residential,False,,False,False,False
LML LEAGUE ONE,TN/2/Building/0405/2024,"LEAGUE ONE Located at Goparasanallur village, Kattupakkam offers green homes for the first time home buyer as well as 2, 3 BHK premium apartments. These apartment are well planned, Vaasthu compliant, well ventilated with green and pollution free environment. Adequate parking facilities, vast green spaces and world class amenities make life comfortable at LEAGUE ONE Apart from the contemporary living spaces, LEAGUE ONE offers fabulous features, dynamic amenities and exclusive facilities to meet your leisure and fitness routines. Proximity to major schools, colleges, hospitals, IT parks, railway stations, the airport and bus stops makes your home ideal for family living. LEAGUE ONE is a home that brings you complete peace of mind in all aspects",Tiruvallur,13.04883901946183,80.12233851534481,Residential,Non-High Rise Building (NHRB),4947,,12806,,125,278125000,379058845,23563000,680746845,102,0,0,[],[],53251,137838,2.59,2.0,2.0,102,5223,2750.0,4939,0.41,0.56,5445975,1103,False,False,False,0,False,Tiruvallur,Residential,False,,False,False,False
Hansa Pooram,TN/2/Building/0410/2024,"Stilt + 5 Floors Residential Building with 20 Dwelling Units at Plot No. D & E, Old Survey No.687/2, T S No.20/2,3 as per Patta No.761, New Survay No. 687/2A Part of Periyakuppam Village, Tiruvallur Municipality, Tiruvallur Taluk, Tiruvallur District.",Tiruvallur,13.1367,79.9078,Residential,Non-High Rise Building (NHRB),567,1458,,,20,9150000,58415000,4000000,71565000,10,0,0,"[{'block': None, 'base_level': 'Stilt', 'floor_segments': ['5 Floors'], 'total_floors_above_base': 5}]",[],6103,15693,2.57,2.0,2.0,10,1499,3722.0,4560,0.13,0.82,3578250,785,False,False,False,1,True,Tiruvallur,Residential,False,,False,False,False
NATWEST VAIBHAVAM,TN/2/Building/0482/2024,STILT + 5 FLOORS,Tiruvallur,13.0490506,80.1304922,Residential,Non-High Rise Building (NHRB),1389,0,3666,,45,38878110,116895000,6642908,162416018,20,0,2,"[{'block': None, 'base_level': 'Stilt', 'floor_segments': ['5 FLOORS'], 'total_floors_above_base': 5}]",[],14951,39466,2.64,2.0,2.0,22,2600,2962.0,4115,0.24,0.72,3609245,877,False,False,False,0,False,Tiruvallur,Residential,False,,False,False,False
-,TN/30/Building/0338/2024,"SF + 5 Floors residential building at Ward - B, Block - 39, Thally Road comprised in S.No.245/1B, New T.S.No.35/1 of Hosur Village, Hosur City Municipal Corporation, Krishnagiri District.",Krishnagiri,12.42551,77.49393,Residential,Non-High Rise Building (NHRB),3756,77,9624,,80,111089000,150230150,25566539,286885689,92,3,12,"[{'block': None, 'base_level': None, 'floor_segments': ['5 Floors'], 'total_floors_above_base': 5}]",[],40426,104431,2.58,2.0,2.0,107,2748,3294.0,2747,0.39,0.52,3586071,1305,False,False,False,0,False,Krishnagiri,Residential,False,,False,True,True
PRIM AVENUE,TN/30/Building/0393/2024,PROPOSED RESIDENTIAL APPARTEMEN TO BE SALE PURPOSE,Krishnagiri,12.588215,78.143447,Residential,Non-High Rise Building (NHRB),2500,78,2729,,24,100000000,88630000,1370000,190000000,3,0,32,[],[],26910,30219,1.12,2.0,2.0,35,3716,2933.0,6287,0.53,0.47,7916667,1259,False,False,False,0,False,Krishnagiri,Residential,False,,False,False,False
Jacpels Residences,TN/30/Building/0406/2024,"Ward A, Block 25, TS No. 4/2B, 4/2C and 4/5, Brindavan Nagar, Hosur",Krishnagiri,12.443760000000001,77.49494000000001,Residential,Non-High Rise Building (NHRB),1296,,2795,,35,55736000,99772100,11753527,167261627,23,3,3,[],[],13946,30085,2.16,2.0,2.0,29,3997,3316.0,5560,0.33,0.6,4778904,860,False,False,False,1,False,Krishnagiri,Residential,False,,False,False,False
AGASTHYA AVENUE,TN/30/Building/0490/2024,"SF NO 445/3B2,MOOKONDAPALLI,HOSUR,KRIS HNAGIRI DT-635109",Krishnagiri,12.728305,77.803617,Residential,Non-High Rise Building (NHRB),1312,0,2869,,32,24375000,42000000,7500000,73875000,29,3,0,[],[],14124,30882,2.19,2.0,2.0,32,1726,3294.0,2392,0.33,0.57,2308594,965,False,False,False,0,False,Krishnagiri,Residential,False,,False,True,True
VINAYAGGAS - SAI NANDANA,TN/35/Building/0304/2024,"Stilt Floor + 5 Floors (Height – 18.00m) Residential Building with 20 Dwelling Units (Affordable Housing) at Door No.23 & 26, Plot No.23 & 26, Thennanthoppe 2nd Street (Now St.Mary’s Street) and Sarojini Street, Rajaji Nagar, Pallavaram, Chennai 600 043 comprised in S.No.365/3A1A1A1 Part, T.S.No.42/3 & 42/3-2 , Block No.4, Ward D of Zamin Pallavaram Village, Within the Limit of Tambaram Municipal Corporation",Chengalpattu,12.5747,80.08596,Residential,Non-High Rise Building (NHRB),735,,1885,,20,59545000,126812000,4230000,190587000,0,17,2,"[{'block': None, 'base_level': 'Stilt', 'floor_segments': ['5 Floors'], 'total_floors_above_base': 5}]",[18.0],7911,20286,2.56,2.0,2.0,19,7526,6251.0,9395,0.31,0.67,9529350,1014,False,False,False,1,False,Chengalpattu,Residential,False,,False,False,False
BRIGADE TECH BOULEVARD https://rera.tn.gov.in/public-view2/building/pfirm/c3724860-dfc6-11ee-b028-8b0615382a2d,TN/35/Building/0317/2024,"High rise Group Development with consisting of Extended combined double Basement floor comprising with 2 Blocks: Block 1: Group floor (Retail shop, cafeteria) + 12 floors, Block 2: Ground floor (Retail shop, cafeteria) + 12 floors and Block 3 (MLCP): Basement + 6 level + Terrace level(Two wheeler parking) with IT/ITES Building at Pallavaram – Thoraipakkam 200 feet Radial Road(MMRD Road), Pallavaram Chennai- 600043 comprised in Old S.No.109/1A1, 1A2, 1A3, 1B, 2A1, 2B, 3, 3A2, 3A3, 114/5C, 115/2C, 116/3, 116/4B, 116/4B2, 116/5, 116/8A, 116/8B, 116/11, 116/12A, 116/12B, T.S.No. 5/1, 6/1, 9/1, 9/2, 10, 11/1, 11/2, 13, 15, 17, 18, 19, 20, 21/1, 21/2, 21/3, 21/4, 21/5, 21/6, 21/7, 21/8, 21/9, 21/10, 21/11, 21/12, 21/13, 21/14, 21/15, 22, 23, 35/1, 35/2, 36, Block No.26, Ward No.C of Zamin Pallavaram Village, Pallavaram",Chengalpattu,12.57,80.102,Commercial,High Rise Building (HRB),20525,,,74660,,1000000000,1260000000,200000000,2460000000,1060,111,0,"[{'block': 'Block 1', 'base_level': None, 'floor_segments': ['12 floors'], 'total_floors_above_base': 12}, {'block': 'Block 2', 'base_level': 'Ground', 'floor_segments': ['12 floors'], 'total_floors_above_base': 12}, {'block': 'Block 3 (MLCP)', 'base_level': 'Basement', 'floor_segments': ['6'], 'total_floors_above_base': 6}]",[],220929,803630,3.64,2.0,4.87,1171,4526,3322.0,3061,0.41,0.51,,,False,False,False,0,False,Chengalpattu,Commercial,False,,False,True,True
VGK SAI HARDIK,TN/35/Building/0325/2024,"Old Door No. 19, New Door No. 36/48, Ganapathi Colony, East Tambaram, Chennai – 600 059 Comprised in Old S.No. 91/3, New T.S. No. 41, Block – 20, Ward – G of Selaiyur Village within the limits of Tambaram Municipal Corporation, Chengalpattu District",Chengalpattu,12.928817,80.134313,Residential,Non-High Rise Building (NHRB),775,,1987,,19,40500000,50000000,4500000,95000000,3,17,0,[],[],8342,21391,2.56,2.0,2.0,20,4855,2337.0,4441,0.43,0.53,5000000,1126,False,False,False,0,False,Chengalpattu,Residential,False,,False,False,False
TVS EMERALD AARANYA PHASE III,TN/35/Building/0327/2024,"Plot Nos. 101, 102, 104, 105, 106, 107, 108, 110EWS, 111EWS AND 112EWS, comprised in S.No209/1B, 1C, 3A, 3B, 5, 6, 7 and 8 in Vengaivasal village, St. Thomas Mount Panchayat Union, Tambaram Taluk, Chengalpattu District",Chengalpattu,12.54,80.1,Residential,Non-High Rise Building (NHRB),1284,,1664,,10,42300000,58700000,5700000,106700000,17,0,0,[],[],13817,17907,1.3,2.0,2.0,17,3061,3278.0,5959,0.4,0.55,10670000,1791,False,False,False,0,False,Chengalpattu,Residential,False,,False,False,False
ZIVA CHARUKESI,TN/35/Building/0332/2024,"Total No. of Blocks- 3, Stilt + 5, Each Block - 55 Dwelling Units, Total - 165 Dwelling Units",Chengalpattu,12.61895,80.1583,Residential,Non-High Rise Building (NHRB),8397,,14796,,165,39779000,439226811,3586650,482592461,73,2,6,"[{'block': None, 'base_level': 'Stilt', 'floor_segments': ['5'], 'total_floors_above_base': 5}]",[],90384,159264,1.76,2.0,2.0,81,440,2758.0,3030,0.08,0.91,2924803,965,False,False,False,0,False,Chengalpattu,Residential,False,,False,False,False
NEST ACCOLADE,TN/35/Building/0333/2024,NEST ACCOLADE,Chengalpattu,12.876738,80.107855,Residential,Non-High Rise Building (NHRB),2428,,6273,,59,75000000,400000000,20000000,495000000,38,21,1,[],[],26136,67526,2.58,2.0,2.0,60,2870,5924.0,7331,0.15,0.81,8389831,1145,False,False,False,0,False,Chengalpattu,Residential,False,,False,False,False
SPYKA CYGNUS,TN/35/Building/0334/2024,"Stilt + 5 Floors Residential Building with 29 dwelling units comprised in S.No. 365/100 (Old S.No. 365/4A2A1A1), Padur Village, Thiruporur Taluk, Chengalpattu District",Chengalpattu,12.811696,80.232934,Residential,Non-High Rise Building (NHRB),890,80,2313,,29,40000000,89974800,3628413,133603213,14,0,1,"[{'block': None, 'base_level': 'Stilt', 'floor_segments': ['5 Floors'], 'total_floors_above_base': 5}]",[],9583,25759,2.69,2.0,2.0,15,4174,3493.0,5187,0.3,0.67,4607007,888,False,False,False,0,False,Chengalpattu,Residential,False,,False,False,False
ALLIANCE VILLAS PVT LTD,TN/35/Building/0343/2024,"Thaiyur B Village , Thiruporur Taluk , Chengalpet District , Tamil Nadu.",Chengalpattu,12.463987,80.123996,Residential,Non-High Rise Building (NHRB),7203,,4874,,35,414046512,63035697,0,477082209,32,11,4,[],[],77537,52460,0.68,2.0,2.0,47,5340,3322.0,9094,0.87,0.13,13630920,1499,False,False,False,1,False,Chengalpattu,Residential,False,,False,True,True
CASAGRAND SELENIA,TN/35/Building/0345/2024,"Proposed Construction of Non High Rise Group Development Consists of 28 Blocks, Block 1 to 27, : Ground Floor + First Floor, Totally 221 D/U, Clubhouse Block 28 : Ground Floor + First Floor + Second Floor with Swimming Pool, Change Room & Shower Room on the Ground Floor Comprised in S.Nos. 267/17, 267/18, 267/19, 267/20, 267/21, & 267/22 of Sathankuppam Village (Hamlet of Pudhupakkam), Vandalur Taluk, Chengalpet District.",Chengalpattu,12.4656,80.1149,Residential,Non-High Rise Building (NHRB),68950,,16973,1134,221,374400000,716000000,81200000,1171600000,220,205,26,"[{'block': 'Block 1-27,', 'base_level': 'Ground', 'floor_segments': ['First Floor'], 'total_floors_above_base': 1}, {'block': 'Block 28', 'base_level': 'Ground', 'floor_segments': ['First Floor', 'Second Floor'], 'total_floors_above_base': 2}]",[],742171,194903,0.26,2.0,2.0,451,504,3674.0,6011,0.32,0.61,5301357,827,False,False,False,1,True,Chengalpattu,Residential,False,,False,False,False
“ISHA SYMPHONY VILLA”,TN/35/Building/0355/2024,"“ISHA SYMPHONY VILLA” to be set up at S.No.157/13, 158/5 of Pudupakkam Village, Vandalur Taluk, Chengalpattu District - 603103, Tamilnadu State.",Chengalpattu,12.48587,80.12394,Residential,Non-High Rise Building (NHRB),20300,,13414,792,96,104000000,340037120,5300000,449337120,96,16,0,[],[],218507,152909,0.7,2.0,2.0,112,476,2224.0,2939,0.23,0.76,4680595,1504,False,False,False,1,False,Chengalpattu,Residential,False,,False,False,False
CASAGRAND SELENIA II,TN/35/Building/0369/2024,"Proposed Construction of Non High Rise Group Development Consists of 28 Blocks, Block 1 to 27, : Ground Floor + First Floor, Totally 221 D/U, Clubhouse Block 28 : Ground Floor + First Floor + Second Floor with Swimming Pool, Change Room & Shower Room on the Ground Floor Comprised in S.Nos. 267/17, 267/18, 267/19, 267/20, 267/21, & 267/22 of Sathankuppam Village (Hamlet of Pudhupakkam), Vandalur Taluk, Chengalpet District.",Chengalpattu,12.4656,80.1149,Residential,Non-High Rise Building (NHRB),68950,,26241,202,221,374400000,716000000,81200000,1171600000,220,205,26,"[{'block': 'Block 1-27,', 'base_level': 'Ground', 'floor_segments': ['First Floor'], 'total_floors_above_base': 1}, {'block': 'Block 28', 'base_level': 'Ground', 'floor_segments': ['First Floor', 'Second Floor'], 'total_floors_above_base': 2}]",[],742171,284633,0.38,2.0,2.0,451,504,2516.0,4116,0.32,0.61,5301357,1278,False,False,False,1,True,Chengalpattu,Residential,False,,False,False,False
DAC MIDTOWN,TN/35/Building/0383/2024,"S.No: 41/4, 41/5, Potheri Village, Chengalpattu Taluk, Chengalpattu Village, Within the Limit of Maraimalainagar Municipality",Chengalpattu,12.826472,80.044359,Residential,Non-High Rise Building (NHRB),3600,,9155,201,91,67670000,297058800,0,364728800,92,0,0,[],[],38750,100706,2.6,2.0,2.0,92,1746,2950.0,3622,0.19,0.81,4008009,1083,False,False,False,0,False,Chengalpattu,Residential,False,,False,False,False
DAC MARSHAL,TN/35/Building/0386/2024,Stilt Floor + Five Floors of 114 Dwelling Units,Chengalpattu,12.912352,80.138872,Residential,Non-High Rise Building (NHRB),5482,,13581,,114,236000000,430000000,0,666000000,109,5,9,"[{'block': None, 'base_level': 'Stilt', 'floor_segments': ['Five Floors'], 'total_floors_above_base': 5}]",[],59009,146185,2.48,2.0,2.0,123,3999,2941.0,4556,0.35,0.65,5842105,1282,False,False,False,0,False,Chengalpattu,Residential,False,,False,False,False
VNR Tira,TN/35/Building/0414/2024,"Group Development, Villa, S.No. 28/11B & 32/9 Thalambur Village taulk, Chengalpet district",Chengalpattu,12.89123,80.0696,Residential,Non-High Rise Building (NHRB),2200,,2258,86,17,70000000,92500000,17578873,180078873,17,0,2,[],[],23681,25230,1.07,2.0,2.0,19,2956,3666.0,7137,0.39,0.51,10592875,1430,False,False,False,0,False,Chengalpattu,Residential,False,,False,False,False
ZIVA AMRITAVARSHINI,TN/35/Building/0432/2024,"BLOCK A & B, GROUND+ FIRST FLOOR, 32 VILLA UNITS",Chengalpattu,12.618358,80.158905,Residential,Non-High Rise Building (NHRB),8240,0,5844,,32,43339467,225072000,0,268411467,32,32,0,"[{'block': None, 'base_level': 'Ground', 'floor_segments': ['FIRST FLOOR'], 'total_floors_above_base': 1}]",[],88695,62901,0.71,2.0,2.0,64,489,3578.0,4267,0.16,0.84,8387858,1966,False,False,False,0,False,Chengalpattu,Residential,False,,False,False,False
CERULEAN,TN/35/Building/0436/2024,"District Town and Country Planning- Mamallapuram Local Planning Authority - Chengalpattu District - Thiruporur Taluk and Panchayat Union – Muttukadu Panchayat and Village - S.F.No: 99/6C1A2B - Site area of - 1230.00 sq.m, Stilt floor + 5 floors of Total FSI Area – 2633.75 Sq.m (10 dwelling) for Proposed Construction of Residential Building",Chengalpattu,12.83308,80.24099,Residential,Non-High Rise Building (NHRB),1230,,2634,,10,33048000,104077216,11486239,148611455,16,6,2,"[{'block': None, 'base_level': 'Stilt', 'floor_segments': ['5 floors'], 'total_floors_above_base': 5}]",[],13240,28349,2.14,2.0,2.0,24,2496,3671.0,5242,0.22,0.7,14861146,2835,False,False,False,0,False,Chengalpattu,Residential,False,,False,False,False
DRA INARA (PHASE - 1),TN/35/Building/0438/2024,"Plot Nos;3,4,5,6,7,8,9,10,11,12,13,14,15,16,17,20, comprised in Survey numbers 47/3A,4A,5,6A,7A,8 & 47/10A of Plot Thazhambur Panchayat and within the limit of Karanai Village, Thiruporur Panchayat Union, Vandalur Taluk, Chengalpattu District, Tamil Nadu State.",Chengalpattu,12.862174,80.199654,Residential,Non-High Rise Building (NHRB),4091,0,3450,,16,15000000,149618152,1230226,165848378,32,0,0,[],[],44035,37131,0.84,2.0,2.0,32,341,4029.0,4467,0.09,0.9,10365524,2321,False,False,False,0,False,Chengalpattu,Residential,False,,False,False,False
VGN PRIDE DE' VILLA,TN/35/Building/0441/2024,PADUR VILLAGE - SURVEY NO. 225/1,Chengalpattu,12.482333999999998,80.13693,Residential,Non-High Rise Building (NHRB),4673,0,4673,0,32,150891000,150891000,0,301782000,40,7,4,[],[],50297,50297,1.0,2.0,2.0,51,3000,3000.0,6000,0.5,0.5,9430688,1572,False,False,False,1,False,Chengalpattu,Residential,False,,False,False,False
DAC AEROPOLIS,TN/35/Building/0444/2024,"Basement Floor (Parking and Pump room) + Stilt Floor + 4 Floors + 5th Floor (Part) (Height - 18.30m) Residential Building with 137 Dwelling units for Affordable Housing with Gym, Association Room, & Indoor Games Room at Shankar Nagar 32nd Street, Pammal, Chennai comprised in S.Nos.167/9A and 167/9B of Pammal Village within the limits of Tambaram Municipal Corporation.",Chengalpattu,12.964847,80.123711,Residential,Non-High Rise Building (NHRB),5050,0,13493,0,137,141494244,487000000,0,628494244,148,0,0,"[{'block': None, 'base_level': 'Basement', 'floor_segments': ['4 Floors', '5th Floor'], 'total_floors_above_base': 5}]",[18.3],54358,145241,2.67,2.0,2.0,148,2603,3353.0,4327,0.23,0.77,4587549,1060,False,False,False,0,False,Chengalpattu,Residential,False,,False,False,False
ATH ROYAL QUEEN,TN/35/Building/0450/2024,"SHANKAR NAGAR 8TH STREET, 9TH STREET & 10TH STREET, PAMMAL, CHENNAI - 600075, COMPRISED IN OLD S.No.143/604, T.S.No.1, BLOCK No.8",Chengalpattu,12.967474,80.128725,Residential,Non-High Rise Building (NHRB),1145,0,2913,0,32,100000000,100000000,10000000,210000000,27,3,0,[],[],12330,31358,2.54,2.0,2.0,30,8110,3189.0,6697,0.48,0.48,6562500,980,False,False,False,0,False,Chengalpattu,Residential,False,,False,False,False
DRA BEENA CLOVER,TN/35/Building/0459/2024,"comprised in Old Survey Nos. 771/1A & 771/2A (Old Survey Nos.771/1&771/2), as per Patta No.5295,New Survey No.771/2A1 situated at Madambakkam Village, Tambaram Taluk, Chengalpattu District, Tamil Nadu State.",Chengalpattu,12.897799,80.14614,Residential,Non-High Rise Building (NHRB),9580,0,24501,,217,226862100,684489000,56474100,967825200,220,0,0,[],[],103118,263728,2.56,2.0,2.0,220,2200,2595.0,3670,0.23,0.71,4460024,1215,False,False,False,0,False,Chengalpattu,Residential,False,,False,False,False
PROVIDENT BAYSCAPE https://rera.tn.gov.in/public-view2/building/pfirm/b912a450-3ef1-11ef-aa66-694613e73bfb,TN/35/Building/0461/2024,"The Promoter has legal title to the land on which the development of the project is proposed at S. NO. 299/1A1, 299/1B, 299/2A1, 299/2B1, 299/3B1, 299/3C1, 299/4B, 301/1A, 301/2A, 301/3A OF SATTAN KUPPAM VILLAGE (HAMLET OF PUDUPAKKAM), VANDALUR TALUK ,CHENGALPATTU DISTRICT AND 612B/2 OF PADUR VILLAGE, THIRUPORUR TALUK, CHENGALPATTU DISTRICT.” 1. The details of encumbrances in relation to such land on which the project is proposed to be carried out, including any dues or litigation, details of any rights, title, interest or name of any party in or over such land on which the project is proposed to be developed is attached to the application for registration. 2. That the time period within which the project shall be completed by the Promoter is 05.08.2028. 3. That seventy per cent of the amounts to be realized the promoter",Chengalpattu,12.793268,80.211168,Residential,High Rise Building (HRB),23371,0,76982,2654,676,781119237,3690223848,803190713,5274533798,676,9,27,[],[],251563,857193,3.41,2.0,4.87,712,3105,4305.0,6153,0.15,0.7,7802565,1226,False,False,False,0,False,Chengalpattu,Residential,False,,False,False,False
ACCESS SAI EMPIRE QUBE,TN/35/Building/0481/2024,RESIDENTIAL APARTMENTS,Chengalpattu,12.824322,80.079024,Residential,Non-High Rise Building (NHRB),1702,0,4425,,64,30785436,142500000,7500000,180785436,15,0,1,[],[],18320,47635,2.6,2.0,2.0,16,1680,2991.0,3795,0.17,0.79,2824772,744,False,False,False,0,False,Chengalpattu,Residential,False,,False,False,False
ENCANTO https://rera.tn.gov.in/public-view2/building/pfirm/06de6220-4d88-11ef-907e-4fd3ae7d44ab,TN/35/Building/0491/2024,"Residential cum Commercial building , Group Development consisting of 9 Blocks: 1. Block – A: Ground Floor + 2 Floors Commercial (Office) building, 2. Block – B: Ground Floor + First floor Residential building with 7 dwelling units, 3. Block – C: Ground Floor + First floor Residential building with 3 dwelling units, 4. Block – D: Ground Floor + First floor Residential building with 4 dwelling units, 5. Block – E: Partly Ground Floor + First floor with 5 dwelling units and Partly Ground Floor + 2 Floors Club House (Association Room, Play Station, GYM, Games Room), 6. Block – F: Ground Floor + First Floor Residential building with 11 dwelling units, 7. Block – G: Ground Floor + First Floor Residential building with 14 dwelling units, 8. Block – H: Ground Floor + First Floor Residential building with 4 dwelling units, 9. Block – I: Ground Floor + First Floor Residential",Chengalpattu,50.2,50.0,Mixed Development,Non-High Rise Building (NHRB),10786,,8997,321,59,98676094,130384748,30855601,259916443,112,3,0,"[{'block': 'Block – A', 'base_level': 'Ground', 'floor_segments': ['2 Floors'], 'total_floors_above_base': 2}, {'block': 'Block – B', 'base_level': 'Ground', 'floor_segments': ['First floor'], 'total_floors_above_base': 1}, {'block': 'Block – C', 'base_level': 'Ground', 'floor_segments': ['First floor'], 'total_floors_above_base': 1}, {'block': 'Block – D', 'base_level': 'Ground', 'floor_segments': ['First floor'], 'total_floors_above_base': 1}, {'block': 'Block – E', 'base_level': 'Ground', 'floor_segments': ['First floor', '2 Floors'], 'total_floors_above_base': 3}, {'block': 'Block – F', 'base_level': 'Ground', 'floor_segments': ['First Floor'], 'total_floors_above_base': 1}, {'block': 'Block – G', 'base_level': 'Ground', 'floor_segments': ['First Floor'], 'total_floors_above_base': 1}, {'block': 'Block – H', 'base_level': 'Ground', 'floor_segments': ['First Floor'], 'total_floors_above_base': 1}, {'block': 'Block – I', 'base_level': 'Ground', 'floor_segments': ['First Floor'], 'total_floors_above_base': 1}]",[],116096,100296,0.86,2.0,2.0,115,850,3322.0,2591,0.38,0.5,4405363,1641,False,False,False,0,False,Chengalpattu,Mixed Development,False,,False,True,True
JOEL VIRUKSHAM,TN/35/Building/0494/2024,"PLOT NO:21&21A, KATTABOMMAN STREET, RADHA NAGAR, CHROMPET,ZAMIN PALLAVARAM VILLAGE,CHENNAI.",Chengalpattu,12.571010000000001,80.08415,Residential,Non-High Rise Building (NHRB),652,0,1666,,15,45000000,59415000,2150000,106565000,11,4,2,[],[],7018,17938,2.56,2.0,2.0,17,6412,3312.0,5941,0.42,0.56,7104333,1196,False,False,False,1,False,Chengalpattu,Residential,False,,False,False,False
NEST BONSAI,TN/35/Building/0504/2024,NEST BONSAI,Chengalpattu,12.871206,80.192032,Residential,Non-High Rise Building (NHRB),4928,0,13624,,128,82440000,744837100,10000000,837277100,68,40,12,[],[],53044,146649,2.76,2.0,2.0,120,1554,5079.0,5709,0.1,0.89,6541227,1146,False,False,False,0,False,Chengalpattu,Residential,False,,False,False,False
ASN SERENITY,TN/35/Building/0511/2024,"STILT FLOOR + 5 FLOORS (HEIGHT 18.30M) RESIDENTIAL BUILDING WITH 20 DWELLING UNITS AVAILING PREMIUM FSI AT PLOT NO.2, DOOR NO.4, SANTHANAKRISHNA STREET, NEHRU NAGAR, CHROMPET, CHENNAI COMPRISED IN PYMASH NO.230, S.NO.6/3B, T.S.NO.41, BLOCK NO.3, WARD NO. F OF HASTHINAPURAM VILLAGE WITHIN IN THE LIMIT OF TAMBARAM CITY MUNICIPAL CORPORATION",Chengalpattu,12.9467889,80.139792,Residential,Non-High Rise Building (NHRB),887,0,2482,,20,50000000,86500000,15471960,151971960,18,4,2,"[{'block': None, 'base_level': 'Stilt', 'floor_segments': ['5 FLOORS'], 'total_floors_above_base': 5}]",[18.3],9548,26714,2.8,2.0,2.0,24,5237,3238.0,5689,0.33,0.57,7598598,1336,False,False,False,0,False,Chengalpattu,Residential,False,,False,False,False
Sivarams Kamalalayam,TN/35/Building/0512/2024,"Promoters share of flats First Floor - 101,104,105,106, Second Floor - 201,202,203,204,205,206, Third Floor - 301,302,303 & 304 Which is consist of Stilt floor +3 floors with 16 dwelling units at No 18&33, Budhar street, East Thambaram, Chennai 600059 comprised in Old survey number 94/2A3B1C1A1B(Part) and 94/2A3B1C1A2(Part), Ward no G, block no 22, Town surway no 20, at selaiyur village, tambaram taluk, Chengalpat district",Chengalpattu,12.92777,80.13264,Residential,Non-High Rise Building (NHRB),705,0,1409,,16,20856000,54816605,3500000,79172604,16,0,2,"[{'block': None, 'base_level': 'Stilt', 'floor_segments': ['First Floor', 'Second Floor', 'Third Floor', '3 floors'], 'total_floors_above_base': 6}]",[],7584,15167,2.0,2.0,2.0,18,2750,3614.0,5220,0.26,0.69,4948288,948,False,False,False,0,False,Chengalpattu,Residential,False,,False,False,False
Republic of Nature Phase 1,TN/35/Building/0523/2024,Residential,Chengalpattu,12.749808,80.237332,Residential,Non-High Rise Building (NHRB),33904,0,11189,,85,31500000,301100000,1000000,333600000,63,0,6,[],[],364935,120440,0.33,2.0,2.0,69,86,2500.0,2770,0.09,0.9,3924706,1417,False,False,False,0,False,Chengalpattu,Residential,False,,False,False,False
Vedesh Vivaan,TN/35/Building/0537/2024,"Stilt floor + 5 floors, Residential building with 83 dwelling units and GYM for Affordable Housing at Plot No.MSB- 12,New S.No.100/1A1A1 (Pt), 100/1B1A2 (Pt), 100/3B1A1 (Pt), 101/3A (Pt), 101/3B1B (Pt), 101/2B2 (Pt), 102/4A (Pt), 102/5B2 (Pt), 102/5C3 (Pt) & 102/5D3 (Pt) of Vengambakkam Village, St.Thomas Mount Panchayat Union, Chennai 600127.",Chengalpattu,12.871382,80.12704,Residential,Non-High Rise Building (NHRB),1886,5432,0,,83,50319200,117000000,3000000,170319200,35,0,0,"[{'block': None, 'base_level': 'Stilt', 'floor_segments': ['5 floors'], 'total_floors_above_base': 5}]",[],20295,58473,2.88,2.0,2.0,35,2479,2001.0,2913,0.3,0.69,2052039,704,False,False,False,0,False,Chengalpattu,Residential,False,,False,False,False
ARUSH ENCLAVE,TN/35/Building/0542/2024,"Comprised in Old S.No. 17/1, 17/2 & 17/3, T.S. No. 54/3, Block No – 56, Ward – G of Selaiyur Village, Tambaram Taluk within the limits of Tambaram Municipal Corporation, Chengalpattu District",Chengalpattu,12.926449,80.142319,Residential,Non-High Rise Building (NHRB),548,0,1094,,12,40000000,25000000,5000000,70000000,12,0,1,[],[],5899,11774,2.0,2.0,2.0,13,6781,2123.0,5945,0.57,0.36,5833333,981,False,False,False,0,False,Chengalpattu,Residential,False,,False,False,False
ALPHA SIGNATURE,TN/35/Building/0555/2024,"STILT FLOOR (PART)/GROUND (PART)+4 FLOOR + 5TH FLOOR (PART) (HEIGHT - 18.30M) COMMERCIAL CUM RESIDENTIAL BUILDING WITH 26 DWELLING UNIT AT RAVI MAIN ROAD, MEDAVAKKAM, CHENNAI 600100. COMPARISED IN S.NO. 153/5, 154/1A2,155/1A1A, 155/1A1B, 155/1A1B,155/1A1C & 155/1A2",Chengalpattu,12.926123,80.18956,Residential,Non-High Rise Building (NHRB),1432,0,3410,248,26,100000000,120000000,20000000,240000000,17,14,3,"[{'block': None, 'base_level': 'Ground', 'floor_segments': ['4 FLOOR', '5TH FLOOR'], 'total_floors_above_base': 5}]",[18.3],15418,39376,2.55,2.0,2.0,34,6486,3048.0,6095,0.42,0.5,9230769,1412,False,False,False,0,False,Chengalpattu,Residential,False,,False,False,False
TVS EMERALD AARANYA PHASE III - 7 VILLAS,TN/35/Building/0559/2024,Self Development,Chengalpattu,12.54113,80.10198399999999,Residential,Non-High Rise Building (NHRB),994,0,1193,0,7,30100000,41800000,4100000,76000000,13,0,0,[],[],10695,12836,1.2,2.0,2.0,13,2814,3256.0,5921,0.4,0.55,10857143,1834,False,False,False,1,False,Chengalpattu,Residential,False,,False,False,False
HANU HOME- ESHA,TN/35/Building/0568/2024,"PROPOSED CONSTRUCTION OF STILT FLOOR+5 FLOORS (HEIGHT-18.0M) RESIDENTIAL BUILDING WITH 15 DWELLING UNITS AVAILING AFFORDABLE HOUSING BENEFIT AT PERUBAKKAM, CHENNAI COMPRISED IN S.NO.344/2PART (DOCUMENT), S.NOS. 344/2A, 344/2B(PATTA) OF PERUMBAKKAM VILLAGE WITHIN THE LIMITS OF ST.THOMAS MOUNT PANCHAYAT UNION.",Chengalpattu,12.890999,80.19855,Residential,Non-High Rise Building (NHRB),648,0,1654,,15,22500000,50000000,1400000,73900000,9,3,12,"[{'block': None, 'base_level': 'Stilt', 'floor_segments': ['5 FLOORS'], 'total_floors_above_base': 5}]",[18.0],6976,17799,2.55,2.0,2.0,24,3225,2809.0,4152,0.3,0.68,4926667,1187,False,False,False,0,False,Chengalpattu,Residential,False,,False,False,False
Chiron Villa,TN/35/Building/0585/2024,"STILT + 3, VILLA FLATS",Chengalpattu,12.853961,80.243958,Residential,Non-High Rise Building (NHRB),1750,0,2945,27,13,63171900,73669500,28993000,165834400,30,0,0,"[{'block': None, 'base_level': 'Stilt', 'floor_segments': ['3'], 'total_floors_above_base': 3}]",[],18837,31993,1.7,2.0,2.0,30,3354,2303.0,5183,0.38,0.44,12756492,2439,False,False,False,0,False,Chengalpattu,Residential,False,,False,False,False
PODIGAI,TN/35/Building/0594/2024,"2. Project PODIGAI is being developed as Group Development Residential Building in Mambakkam Village comprising of 22 dwelling Units in G + 1 Structure with Block A – E in S.Nos 136 & 137 on site extent of 4330 sq.m , FSI area 3279.05 Sq.m",Chengalpattu,12.838553,79.168497,Residential,Non-High Rise Building (NHRB),3603,0,3207,72,22,16011300,118600000,3627000,138238300,19,8,5,"[{'block': None, 'base_level': 'Ground', 'floor_segments': ['1'], 'total_floors_above_base': 1}]",[],38782,35295,0.91,2.0,2.0,32,413,3360.0,3917,0.12,0.86,6283559,1569,False,False,False,0,False,Chengalpattu,Residential,False,,False,False,False
TVS EMERALD SERENE SPRINGS,TN/35/Building/0599/2024,"HRB, Block 01 & 02, No of floors 16, Total FSI area 24476.78 sq.m",Chengalpattu,12.782308,80.218584,Residential,High Rise Building (HRB),7430,2599,21878,0,237,235000000,1020000000,0,1255000000,109,0,0,[],[],79973,263466,3.29,2.0,4.87,109,2938,3871.0,4763,0.19,0.81,5295359,1112,False,False,False,0,False,Chengalpattu,Residential,False,,False,False,False
URBANDO EVORISE https://rera.tn.gov.in/public-view2/building/pfirm/037f4b20-b793-11ef-a28a-4d34ad51b3ee,TN/35/Building/0607/2024,"Proposed Construction of High-Rise Building with Basement Floor (Part) + Stilt Floor (for parking) + 10th Floor affordable Housing, residential Building with 100 dwelling units + 11th Floor part (Multi-Purpose Hall, Indoor Games, Gym & Spa) at Gandhi Nagar 3rd cross street, Perumbakkam, Chennai – 600 100. Comprised in old s.no: 310/2A3,310/2B,310/3,311/1 & 311/1B, as per patta new S.no:310/2A3A,310/2B1,310/3B,311/1A,311 /1B1 & 311/1B2, of Perumbakkam Village, Tambaram Taluk, Chengalpattu District, within the limits of St.Thomas Mount Panchayat Union:-",Chengalpattu,12.5328,80.12075999999999,Residential,High Rise Building (HRB),4095,0,12185,321,100,100000000,470000000,,570000000,41,64,0,"[{'block': None, 'base_level': 'Basement', 'floor_segments': ['10th Floor', '11th Floor'], 'total_floors_above_base': 2}]",[],44082,134614,3.05,2.0,4.87,105,2268,3491.0,4234,0.18,0.82,5700000,1312,False,False,False,1,False,Chengalpattu,Residential,False,,False,False,False
AMBUR PROPERTIES LLP,TN/37/Building/0418/2024,"M/S. AMBUR PROPERTIES LLP of my layout project comprised in Ward – B, Block – 2, T.SNos.10/1part of Ambur Municipality, Ambur Taluk, Tirupattur District.",Tirupathur,12.461100000000002,78.43261,Mixed Development,Non-High Rise Building (NHRB),15294,9801,,374,305,50000000,150000000,20000000,220000000,0,6,0,[],[],164620,109525,0.67,2.0,2.0,6,304,,2009,0.23,0.68,721311,346,False,False,False,1,False,Tirupathur,Mixed Development,False,,False,True,True
The Enigma,TN/5/Building/0509/2024,"Development of 0.43 acres situated at SF.No.603/4A & 604/ 1B2B , Katpadi Village, Katpadi Taluk, Vellore Dist. Tamil Nadu. The Project comprises of 36 Dwelling units.",Vellore,12.5806,79.0912,Residential,Non-High Rise Building (NHRB),1703,,4142,846,31,150000000,325536561,18670750,494207311,37,13,5,[],[],18331,53690,2.93,2.0,2.0,55,8183,6063.0,9205,0.3,0.66,15942171,1732,False,False,False,1,False,Vellore,Residential,False,,False,False,False
-,TN/5/Building/0528/2024,RESIDENTIAL APARTMENT,Vellore,12.95524,79.138893,Residential,Non-High Rise Building (NHRB),689,79,787,,18,50000000,40000000,10000000,100000000,5,4,2,[],[],7415,9324,1.26,2.0,2.0,11,6743,4290.0,10725,0.5,0.4,5555556,518,False,False,False,0,False,Vellore,Residential,False,,False,False,False
Annamalaiyar flower market,TN/6/Building/0530/2024,"S. No: 7/1, 7/8. Building No: 330/2024. Kilanaikarai Village, Melathikkan Panchayat , Tiruvannamalai Taluk, Tiruvannamalai District, Tamil Nadu State .",Tiruvannamalai,12.205081,79.072097,Commercial,Non-High Rise Building (NHRB),12200,0,0,4958,,10870600,51842350,44180000,106892950,0,67,0,[],[],131320,53366,0.41,2.0,2.0,67,83,,2003,0.1,0.48,,,False,False,False,0,False,Tiruvannamalai,Commercial,False,,False,True,True
RR TOWER,TN/7/Building/0370/2024,40 DWELLING APARTMENT,Salem,11.6285,78.14663889,Residential,Non-High Rise Building (NHRB),1700,,4398,,40,27500000,112403000,20716692,160619692,37,3,0,[],[],18304,47344,2.59,2.0,2.0,40,1502,2374.0,3393,0.17,0.7,4015492,1184,False,False,False,0,False,Salem,Residential,False,,False,False,False
SUNDARAM TIRUMALA TOWER,TN/7/Building/0468/2024,STILT+ 5 FLOOR APARTMENT OF 13 DWELLING UNITS,Salem,11.644417,78.150139,Residential,Non-High Rise Building (NHRB),589,78,1520,0,13,4217000,37860000,4872925,46949925,10,4,2,"[{'block': None, 'base_level': 'Stilt', 'floor_segments': ['5 FLOOR'], 'total_floors_above_base': 5}]",[],6340,17205,2.71,2.0,2.0,16,665,2201.0,2729,0.09,0.81,3611533,1323,False,False,False,0,False,Salem,Residential,False,,False,False,False
NAAVAL PARADISE,TN/7/Building/0505/2024,"SF.No: 9/1B,10/2A1B,&13/1A,At Kannankurichi Village, and Town Panchayat, Salem Taluk, & District.",Salem,11.6917,78.1825,Mixed Development,Non-High Rise Building (NHRB),36205,0,29818,1519,92,132518850,530000000,726500000,1389018850,368,15,10,[],[],389707,337306,0.87,2.0,2.0,393,340,3135.0,4118,0.1,0.38,15098031,3489,False,False,False,1,True,Salem,Mixed Development,False,,False,True,True
Amirtha Varsha,TN/7/Building/0575/2024,"Ward-AC,Block-28,T.S.No.27/2,Ward- AC,Block-19,T.S.No.42/2,(Old Ward- D,Block-19,T.S.No.4/3,7/1 and 7/2) at Periyeri Village, Salem Corporation,Salem Tk, Salem Dt.",Salem,11.659561,78.148858,Residential,Non-High Rise Building (NHRB),3077,0,7996,,55,65555485,254653003,30960911,351169399,60,0,6,[],[],33121,86068,2.6,2.0,2.0,66,1979,2959.0,4080,0.19,0.73,6384898,1565,False,False,False,0,False,Salem,Residential,False,,False,False,False
NAAVAL SUNSHINE,TN/7/Building/0582/2024,"Sf no - 65/10A, Murungapatty Panchayat/Village , Veerapandi Panchayat Union, salem west taluk, salem - 636307",Salem,11.638163,78.039603,Mixed Development,Non-High Rise Building (NHRB),17254,0,11306,484,58,6600000,580000000,,586600000,116,15,21,[],[],185718,126913,0.68,2.0,2.0,152,36,4570.0,4622,0.01,0.99,10113793,2098,False,False,False,0,False,Salem,Mixed Development,False,,False,False,False
White Elephant,TNRERA/10/BLG/0384/2025,S.F.No. 1385/1A2,Erode,11.322352,77.743228,Residential,Non-High Rise Building (NHRB),562,0,1304,,16,2980800,32000000,,34980800,12,12,2,[],[],6049,14035,2.32,2.0,2.0,26,493,2280.0,2492,0.09,0.91,2186300,877,False,False,False,0,False,Erode,Residential,False,,False,False,False
EKAYA BY SRIVARI,TNRERA/11/BLG/0327/2025,8 Luxury Villas with one Exclusive Club house,Coimbatore,11.00544,77.01571,Residential,Non-High Rise Building (NHRB),2958,0,3585,262,9,53495500,324100000,,377595500,24,16,4,[],[],31840,41411,1.3,2.0,2.0,44,1680,7826.0,9118,0.14,0.86,41955056,4287,False,False,False,0,False,Coimbatore,Residential,False,,False,False,False
Aria Square,TNRERA/11/BLG/0331/2025,"PROPOSED CONSTRUCTION OF RESIDENTIAL BUILDING AFFORTABLE HOUSING ( GYM, INDOOR PLAY AREA, YOGA ROOM, ASSOCIATION ROOM, MULTI PURPOSE HALL) COMPRISED IN S F NO 47/2A1, KALAPATTI (WEST) VILLAGE, COIMBATORE NORTH TALUK, COIMBATORE DISTRICT AND CORPORATION EAST ZONE",Coimbatore,11.095835,77.026041,Residential,Non-High Rise Building (NHRB),1659,0,4595,231,58,82857710,167500000,,250357710,23,0,2,[],[],17860,51938,2.91,2.0,2.0,25,4639,3225.0,4820,0.33,0.67,4316512,853,False,False,False,0,False,Coimbatore,Residential,False,,False,False,False
Sanbrix Stany Towers,TNRERA/11/BLG/0335/2025,Proposed constructions of basement + stilt + 4 floors office building,Coimbatore,11.02337,76.9902,Commercial,Non-High Rise Building (NHRB),1424,0,0,3618,,49062400,171640722,,220703122,40,0,4,"[{'block': None, 'base_level': 'Basement', 'floor_segments': ['4 floors'], 'total_floors_above_base': 4}]",[],15332,38938,2.54,2.0,2.0,44,3200,4408.0,5668,0.22,0.78,,,False,False,False,0,False,Coimbatore,Commercial,False,,False,False,False
JAINS AASHNA,TNRERA/11/BLG/0351/2025,"a Residential Building, with Basement + Stilt + 14 Floors + Part 15th Floor comprised in S.F.No. 139/2, (S.F.No. 139/2C as per Patta) situated at Vilankurchi Village, Coimbatore Corporation, Coimbatore North Taluk, Coimbatore District",Coimbatore,11.065663,77.015124,Residential,Non-High Rise Building (NHRB),4047,0,14102,404,140,1200000000,1345486000,,2545486000,84,34,9,"[{'block': None, 'base_level': 'Basement', 'floor_segments': ['14 Floors', '15th Floor'], 'total_floors_above_base': 15}]",[],43560,156141,3.58,2.0,2.0,127,27548,8617.0,16302,0.47,0.53,18182043,1084,False,False,False,0,False,Coimbatore,Residential,False,,False,False,False
AMBER,TNRERA/11/BLG/0356/2025,RESIDENTIAL APARTMENTS,Coimbatore,10.988976,76.946609,Residential,Non-High Rise Building (NHRB),1726,4200,4200,4200,30,130000000,146655000,,276655000,30,0,21,[],[],18584,135636,7.3,2.0,2.0,51,6995,3307.0,2040,0.47,0.53,9221833,3014,False,False,False,0,False,Coimbatore,Residential,False,,False,True,True
WILLA 25,TNRERA/11/BLG/0362/2025,"Group HousingDevelopment- District Town and Country planning office, Coimbatore - Local Planning Authority - Coimbatore District and Coimbatore Corporation- - Ward: B- 049.Kavundampalayam Village - Block No:81- T.S. No’s.2/1,2/2,2/4,2/5-Site area: 2989.00- Proposed Group Housing Development with 16 villasfor anFSI Area:3127.56 sqm",Coimbatore,11.045812,76.923316,Residential,Non-High Rise Building (NHRB),2989,0,3128,0,16,110000000,130000000,,240000000,15,24,0,[],[],32173,33665,1.05,2.0,2.0,39,3419,3862.0,7129,0.46,0.54,15000000,2104,False,False,False,0,False,Coimbatore,Residential,False,,False,False,False
VAIBHAV,TNRERA/11/BLG/0372/2025,"S.F. Nos. 411/2, 411/3, 411/4, 411/5, 411/6, 411/7, 411/8, 411/9, 411/10, 412/1A2, 412/1A3 (Site No: F8, F9, F10, G8, G9, G10, G11, G12, G13) at Saravanampatti Village, Coimbatore North taluk, Coimbatore Corporation North Zone, Coimbatore District.",Coimbatore,11.091421,76.985714,Residential,Non-High Rise Building (NHRB),1477,0,3824,0,38,70000000,132500000,,202500000,27,0,4,[],[],15898,41159,2.59,2.0,2.0,31,4403,3219.0,4920,0.35,0.65,5328947,1083,False,False,False,0,False,Coimbatore,Residential,False,,False,False,False
Dhiya`s Skanda Samriddi,TNRERA/11/BLG/0375/2025,"Ward No:K(11), Block No:14, T.S.No:279,280 Sanganur village, Central Zone, Coimbatore Corporation",Coimbatore,11.021262,76.958825,Residential,Non-High Rise Building (NHRB),1110,0,3107,,19,205700000,107532000,,313232000,9,12,3,[],[],11948,33444,2.8,2.0,2.0,24,17216,3215.0,9366,0.66,0.34,16485895,1760,False,False,False,0,False,Coimbatore,Residential,False,,False,False,False
GOLOKA,TNRERA/11/BLG/0382/2025,"Block 1 - Basement, Stilt + 5 Floors, Block 2 - Basement, Stilt + 5 Floors Block 1 - 20 Dwellings and Block 2 - 25 Dwellings",Coimbatore,11.041572,77.030094,Residential,Non-High Rise Building (NHRB),2773,0,7071,,45,74621430,302991300,,377612730,54,0,9,"[{'block': None, 'base_level': 'Basement', 'floor_segments': ['5 Floors', '5 Floors'], 'total_floors_above_base': 10}]",[],29848,76116,2.55,2.0,2.0,63,2500,3981.0,4961,0.2,0.8,8391394,1691,False,False,False,0,False,Coimbatore,Residential,False,,False,False,False
SRREE KRISHNAA’S ARANYA,TNRERA/11/BLG/0414/2025,"Site No: 9 & 10 In S.F.No:232/1B4 At Balaji Nagar Of Vadavalli Village, West Zone, Perur Taluk, Coimbatore Corporation",Coimbatore,11.025528,76.887333,Residential,Non-High Rise Building (NHRB),557,0,1445,,10,4020000,42466600,,46486600,10,0,1,[],[],5995,15555,2.59,2.0,2.0,11,671,2730.0,2989,0.09,0.91,4648660,1556,False,False,False,0,False,Coimbatore,Residential,False,,False,False,False
RC EMERALD CASTLE,TNRERA/16/BLG/0358/2025,"Stilt + 9 floors with 18 Residential flats at New Door no: 23, (Old Door No: 62), Crawford colony Main Road, land comprised in T.S. No. 24 (24/1 & 24/2), Block No.0002, Ward: AK, Survey No. 136/1, land situated at Crawford Colony Majara, K.Abishekapuram Village, Tiruchirappalli City Corp. Ko.Abhisekapuram Zone Town, Tiruchirappalli West Taluk, Tiruchirappalli District of Zone – 4.",Tiruchirappalli,10.782705,78.678399,Residential,High Rise Building (HRB),1295,0,3614,,18,90000000,260000000,,350000000,3,14,13,[],[],13935,38901,2.79,2.0,4.87,30,6459,6684.0,8997,0.26,0.74,19444444,2161,False,False,False,0,False,Tiruchirappalli,Residential,False,,False,False,False
TVH Elanza,TNRERA/16/BLG/0368/2025,"T.S.No: 27, Block No:12, Ward: Y, Puthur Village, Zone – V, Tiruchirappalli District/ Corporation",Tiruchirappalli,10.81424,78.679153,Residential,Non-High Rise Building (NHRB),1590,0,4457,,35,102657000,105251000,,207908000,35,35,0,[],[],17109,47970,2.8,2.0,2.0,70,6000,2194.0,4334,0.49,0.51,5940229,1371,False,False,False,0,False,Tiruchirappalli,Residential,False,,False,False,False
Navarathna Saroja Residency,TNRERA/16/BLG/0370/2025,"Navarathna Saroja Residency, in T S NO: 9 /2, (old Ward : B) , New Ward - G , Block : 19, At Konakarai Road, Chinthamani Village, K.Abishekapuram Zone, Zone-V, Thiruchirapalli.",Tiruchirappalli,10.835694,78.68443,Residential,Non-High Rise Building (NHRB),768,0,1534,,16,7441200,69006892,,76448092,2,12,0,[],[],8268,16514,2.0,2.0,2.0,14,900,4179.0,4629,0.1,0.9,4778006,1032,False,False,False,0,False,Tiruchirappalli,Residential,False,,False,False,False
OXINA ELYSIAN,TNRERA/16/BLG/0371/2025,RESIDENTIAL BUILDING OF STILT FLOOR+5 FLOORS WITH 60 DWELLING UNITS,Tiruchirappalli,10.757406,78.69378,Residential,High Rise Building (HRB),2723,0,7868,,60,207000000,163000000,,370000000,68,0,1,"[{'block': None, 'base_level': 'Stilt', 'floor_segments': ['5 FLOORS'], 'total_floors_above_base': 5}]",[],29315,84691,2.89,2.0,4.87,69,7061,1925.0,4369,0.56,0.44,6166667,1412,False,False,False,0,False,Tiruchirappalli,Residential,False,,False,False,False
VAIRAM SKYLINE,TNRERA/16/BLG/0383/2025,"“VAIRAM SKYLINE” Stilt Parking plus Four Floors Total 20 Residential dwelling units to be set up Residential Apartment Building at Plot no: 18,19,23&24, Ward:K, Block: 4, T.S.No:19/4 at Puthur Village, K.Abishekapuram Zone,Tiruchirappalli District,620003",Tiruchirappalli,10.820630000000001,78.66884999999999,Residential,Non-High Rise Building (NHRB),763,0,1899,,20,9781631,72965849,,82747480,18,0,0,"[{'block': None, 'base_level': 'Stilt', 'floor_segments': ['Four Floors'], 'total_floors_above_base': 4}]",[],8213,20441,2.49,2.0,2.0,18,1191,3570.0,4048,0.12,0.88,4137374,1022,False,False,False,1,False,Tiruchirappalli,Residential,False,,False,False,False
MITHA RANGASTHALAM,TNRERA/16/BLG/0404/2025,Ground Floor + 2 Floors,Tiruchirappalli,10.10852059,78.685696,Residential,Non-High Rise Building (NHRB),1071,0,2125,,15,57500000,62500000,,120000000,15,0,1,"[{'block': None, 'base_level': 'Ground', 'floor_segments': ['2 Floors'], 'total_floors_above_base': 2}]",[],11523,22870,1.98,2.0,2.0,16,4990,2733.0,5247,0.48,0.52,8000000,1525,False,False,False,0,False,Tiruchirappalli,Residential,False,,False,False,False
ROHINI RAMJI,TNRERA/16/BLG/0418/2025,FLAT PROMETERS OF RESIDENTIAL APARTMENTS,Tiruchirappalli,10.8260344,78.6741602,Residential,High Rise Building (HRB),1898,0,6211,,45,40860000,203904000,,244764000,45,0,5,[],[],20427,66853,3.27,2.0,4.87,50,2000,3050.0,3661,0.17,0.83,5439200,1486,False,False,False,0,False,Tiruchirappalli,Residential,False,,False,False,False
PARK VILLE,TNRERA/1/BLG/0397/2025,"PLAN SHOWING THE PROPOSED AFFORDABLE HOUSING BLOCK (STILT + 13 FLOORS) COMPRISED IN SURVEY NUMBERS 53/1A1,59/1E,59/2B4,59/2C,59/3E,59/6A, 60/2E1,64/1C AT VADAKKUPATTU ""A"" VILLAGE , KUNDRATHUR TALUK , KANCHEEPURAM DISTRICT",Kancheepuram,79.953566,12.811126,Residential,High Rise Building (HRB),5726,0,16421,237,180,13050000,553400000,,566450000,72,32,10,"[{'block': None, 'base_level': 'Stilt', 'floor_segments': ['13 FLOORS'], 'total_floors_above_base': 13}]",[],61633,179306,2.91,2.0,4.87,114,212,3086.0,3159,0.02,0.98,3146944,982,False,False,False,0,False,Kancheepuram,Residential,False,,False,False,False
NEST FASCINO,TNRERA/1/BLG/0400/2025,NEST FASCINO,Kancheepuram,12.53198,80.03107,Residential,Non-High Rise Building (NHRB),3865,0,10585,,93,74885943,508603657,,583489600,64,32,8,[],[],41599,113937,2.74,2.0,2.0,104,1800,4464.0,5121,0.13,0.87,6274082,1225,False,False,False,0,False,Kancheepuram,Residential,False,,False,False,False
ATH MERLION Phase I,TNRERA/1/BLG/0411/2025,"Comprised in Old S.No: 238/1 238/2 & 238/3A (Document), New S.No. 238/1B, 238/2E, 238/2D, 238/2C, 238/3A5, 238/2B, 238/3A4 & 238/3A3 (Patta) of Rendamkattalai Village, within the limit of Kundrathur Panchayat Union; Project Name:- “ATH MERLION Phase I”",Kancheepuram,12.996224,80.115966,Residential,Non-High Rise Building (NHRB),958,0,2491,,33,26800000,98325000,,125125000,19,3,2,[],[],10312,26808,2.6,2.0,2.0,24,2599,3668.0,4667,0.21,0.79,3791667,812,False,False,False,0,False,Kancheepuram,Residential,False,,False,False,False
AAKASH ENCLAVE,TNRERA/20/BLG/0369/2025,"Aakash Enclave situated in Madurai Town Survey No.9, Ward No. 14 Block No.5, Door No.112 A, Lal Bahadur Shastri Street, Bibikulam, Madurai – 625002, Madurai District. Stilt + 4 Floors - Total Area 3878.78 Sq. M out of that FSI area 2978.92 Sq.M -",Madurai,9.944618,78.127906,Residential,Non-High Rise Building (NHRB),1238,0,2979,0,32,46600000,103400000,,150000000,21,10,0,"[{'block': None, 'base_level': 'Stilt', 'floor_segments': ['4 Floors'], 'total_floors_above_base': 4}]",[],13330,32065,2.41,2.0,2.0,31,3496,3225.0,4678,0.31,0.69,4687500,1002,False,False,False,0,False,Madurai,Residential,False,,False,False,False
Nandalala,TNRERA/20/BLG/0376/2025,Stilt + 5 Floors with 30 Dwelling units,Madurai,9.563979999999999,78.07408000000001,Residential,Non-High Rise Building (NHRB),1296,0,3354,,30,10458750,87185170,,97643920,18,12,3,"[{'block': None, 'base_level': 'Stilt', 'floor_segments': ['5 Floors'], 'total_floors_above_base': 5}]",[],13950,36107,2.59,2.0,2.0,33,750,2415.0,2704,0.11,0.89,3254797,1204,False,False,False,1,False,Madurai,Residential,False,,False,False,False
VIVAN,TNRERA/24/BLG/0345/2025,Stilt floor + 5 Typical Floors,Virudhunagar,9.571606,77.946334,Residential,Non-High Rise Building (NHRB),594,0,1326,,15,17500000,51500000,,69000000,15,1,1,"[{'block': None, 'base_level': 'Stilt', 'floor_segments': [], 'total_floors_above_base': 0}]",[],6390,14276,2.23,2.0,2.0,17,2739,3607.0,4833,0.25,0.75,4600000,952,False,False,False,0,False,Virudhunagar,Residential,False,,False,False,False
SREE MEENAKSHI,TNRERA/26/BLG/0408/2025,"T.S.NO: 54/1 & 54/2, TOWN SURVEY WARD: BS, BLOCK: 12, OLD SURVEY NO: 264/4 & 264/8, VM CHATHIRAM VILLAGE, HIGH GROUND DD PLAN, PALAYAMKOTTAI WARD, TIRUNELVELI CITY MUNICIPAL CORPORATION, TIRUNELVELI DISTRICT",Tirunelveli,8.708363,77.753998,Residential,Non-High Rise Building (NHRB),1040,0,3023,,30,21020000,125245000,,146265000,26,4,3,"[{'block': None, 'base_level': 'Ground', 'floor_segments': [], 'total_floors_above_base': 0}]",[],11200,32538,2.91,2.0,2.0,33,1877,3849.0,4495,0.14,0.86,4875500,1085,False,False,False,0,False,Tirunelveli,Residential,False,,False,False,False
THE CITEDAL,TNRERA/29/BLG/0328/2025,"Survey No - 165/30 & 165/31 Of Prasanth colony west main road, Rajakilpakkam Village, Tambaram Municipal Corporation, Chennai District",Chennai,12.543859999999999,80.09111999999999,Residential,Non-High Rise Building (NHRB),2400,0,6239,,64,200000000,500000000,,700000000,49,2,5,[],[],25833,67151,2.6,2.0,2.0,56,7742,7446.0,10424,0.29,0.71,10937500,1049,False,False,False,1,False,Chennai,Residential,False,,False,False,False
ENDEE EDEN,TNRERA/29/BLG/0330/2025,"No.12/14, 4th Cross Street, United India Colony, Kodambakkam, Chennai - 600024",Chennai,13.051115,80.226125,Residential,Non-High Rise Building (NHRB),517,0,1413,0,10,69562500,62040000,,131602500,10,2,2,[],[],5567,15206,2.73,2.0,2.0,14,12496,4080.0,8655,0.53,0.47,13160250,1521,False,False,False,0,False,Chennai,Residential,False,,False,False,False
AMARA ANTARA,TNRERA/29/BLG/0333/2025,"New Door No.1/4, Old Door No.9, Kothari Road, Nungambakkam, Chennai 600034, Comprised in Old R.S.No.537/1 and R.S.No.537/15, Block No.30 of Nungambakkam Village, within the limit of Greater Chennai Corporation.",Chennai,13.06442,80.23938,Residential,Non-High Rise Building (NHRB),1236,0,3310,,15,360000000,213500000,,573500000,13,17,3,[],[],13304,35625,2.68,2.0,2.0,33,27059,5993.0,16098,0.63,0.37,38233333,2375,False,False,False,0,False,Chennai,Residential,False,,False,False,False
SRI VIDYA,TNRERA/29/BLG/0334/2025,"Stilt + Five Floors with 10 Dwelling units at Plot No.15 & 16, Door No.18, Friends Avenue, Arumbakkam, Chennai 600106, Comprised in T.S.No: 23/24, Block No: 15, Ward-1 of Arumbakkam Village within the limits of Greater Chennai Corporation",Chennai,13.073232,80.21467,Residential,Non-High Rise Building (NHRB),524,0,1359,,10,50000000,80000000,,130000000,8,3,1,[],[],5646,14630,2.59,2.0,2.0,12,8856,5468.0,8886,0.38,0.62,13000000,1463,False,False,False,0,False,Chennai,Residential,False,,False,False,False
KG BLISS ON THE BAY,TNRERA/29/BLG/0336/2025,"Residential Development at New Beach Road,Thiruvanmiyur.",Chennai,12.975732,80.26447,Residential,Non-High Rise Building (NHRB),1145,0,1716,0,10,156097800,90654345,,246752145,19,1,2,[],[],12330,18469,1.5,2.0,2.0,22,12660,4908.0,13360,0.63,0.37,24675214,1847,False,False,False,0,False,Chennai,Residential,False,,False,False,False
VESTAS DIMENSIONS,TNRERA/29/BLG/0338/2025,"The proposed construction of Stilt floor + 4 floors (Height – 16.0m) Residential with 12 Dwelling units Availing Premium FSI with TOD Benefit at Plot No.155/4, 155/5 & 155/6, Balaji Street, Srinivasa Nagar II, Madipakkam, Chennai 600091 comprised in Old S.No.91 (Pt) and New S.No.91/75A, 91/75B & 91/100 of Madipakkam Village within the limits of Greater Chennai Corporation",Chennai,12.966887,80.212735,Residential,Non-High Rise Building (NHRB),567,0,1237,,12,45000000,55000000,,100000000,1,10,1,"[{'block': None, 'base_level': 'Stilt', 'floor_segments': ['4 floors'], 'total_floors_above_base': 4}]",[16.0],6100,13318,2.18,2.0,2.0,12,7377,4130.0,7509,0.45,0.55,8333333,1110,False,False,False,0,False,Chennai,Residential,False,,False,False,False
-,TNRERA/29/BLG/0339/2025,"construction of Stilt floor + 5floors (Height – 18.30 m Height) Commercial (Office – 325.90 Sq.m) cum Residential Building with 3 dwelling units (1st & 2nd floor – Office + 3rd, 4th & 5th floor – Residential) at New Door No.62, Old Door No.47,Thambaiah Reddy Street and New Door No.44, Old Door No.28-A, Jubilee Road, West Mambalam, Chennai 600033, Comprised in T.S.No.56, Block No.47 of Puliyur Village within the limits of Greater Chennai Corporation",Chennai,13.041054,80.2244509,Mixed Development,Non-High Rise Building (NHRB),544,0,488,325,3,50000000,25000000,,75000000,0,5,2,"[{'block': None, 'base_level': 'Stilt', 'floor_segments': ['5floors', '2nd floor', '5th floor'], 'total_floors_above_base': 7}]",[18.3],5856,8746,1.49,2.0,2.0,7,8539,2858.0,8575,0.67,0.33,25000000,1749,False,False,False,0,False,Chennai,Mixed Development,False,,False,False,False
NOVA PLATINUM 64,TNRERA/29/BLG/0340/2025,"NOVA PLATINUM 64, AMBATTUR ROAD",Chennai,13.08838,80.18818,Residential,Non-High Rise Building (NHRB),810,0,1617,,10,150000000,50000000,,200000000,10,0,1,[],[],8719,17404,2.0,2.0,2.0,11,17204,2873.0,11492,0.75,0.25,20000000,1740,False,False,False,0,False,Chennai,Residential,False,,False,False,False
KCEE SRINIVASAM,TNRERA/29/BLG/0341/2025,"OLD NO.12, NEW NO.25, RAMACHANDRA STREET, T.NAGAR, CHENNAI - 600017",Chennai,13.045082,80.230175,Residential,Non-High Rise Building (NHRB),523,0,1311,,10,86250000,57652000,,143902000,9,1,1,[],[],5630,14114,2.51,2.0,2.0,11,15321,4085.0,10196,0.6,0.4,14390200,1411,False,False,False,0,False,Chennai,Residential,False,,False,False,False
OCEAN BREEZE,TNRERA/29/BLG/0343/2025,"construction of Ground floor + 2 floor commercial Building at plot No.1 & Residential Building Plot No.2 to 43 comprised in S.No.224/1B, 224/2A, 224/2B2, 232/1B, 232/2B, 232/3B, 232/5, 232/6, 232/7, 232/9 of Kamarajar Street, Okkiyam Thoraipakkam Village, Sholinganallur Taluk, Greater Chennai Corporation, Chennai District",Chennai,12.56299,80.1401,Mixed Development,Non-High Rise Building (NHRB),8950,0,11058,168,43,470000000,490000000,,960000000,89,3,0,"[{'block': None, 'base_level': 'Ground', 'floor_segments': ['2 floor'], 'total_floors_above_base': 2}]",[],96337,120828,1.25,2.0,2.0,92,4879,4055.0,7945,0.49,0.51,22325581,2768,False,False,False,1,False,Chennai,Mixed Development,False,,False,False,False
SKYLINE HARMONY,TNRERA/29/BLG/0346/2025,"PLAN SHOWING THE PROPOSED CONSTRUCTION OF STILT FLOOR + 5 FLOORS RESIDENTIAL BUILDING (HEIGHT- 18.30M) WITH 14 DWELLING UNITS AVAILING PREMIUM FSI AT OLD DOOR NO.5, NEW DOOR NO.9, THIRUMOORTHY STREET, T.NAGAR, CHENNAI COMPRISED IN T.S.NO.6974, BLOCK NO.108-B OF T.NAGAR VILLAGE WITHIN THE LIMITS OF GREATER CHENNAI CORPORATION.",Chennai,13.047358,80.238158,Residential,Non-High Rise Building (NHRB),602,0,1641,,14,115000000,115164209,,230164209,10,4,2,"[{'block': None, 'base_level': 'Stilt', 'floor_segments': ['5 FLOORS'], 'total_floors_above_base': 5}]",[18.3],6480,17662,2.73,2.0,2.0,16,17747,6520.0,13032,0.5,0.5,16440301,1262,False,False,False,0,False,Chennai,Residential,False,,False,False,False
"SALMA “PANACHE RESIDENCES""",TNRERA/29/BLG/0350/2025,"Old Door No: 16, 16/1, 17, New Door No: 24/67, Halls Road, Kilpauk, Chennai – 600 010, comprised in Old R.S. No: 139 part, T.S. No: 139/2,139/7, and 139/8, Block No: 10 of Egmore Village and Taluk, Chennai District and Tamil Nadu State.",Chennai,13.08043431589904,80.2361132448449,Residential,Non-High Rise Building (NHRB),904,0,2341,,12,145957350,77006646,,222963996,20,2,2,[],[],9730,25194,2.59,2.0,2.0,24,15000,3057.0,8850,0.65,0.35,18580333,2100,False,False,False,0,False,Chennai,Residential,False,,False,False,False
ASHWANTH ELITE FLATS,TNRERA/29/BLG/0352/2025,"Plot Nos.2 & 3, Veera Raghavalu Nagar, Kathirvedu, Chennai-600066, comprised in Old Survey No.36/7A, as per Patta Survey No.36/7A3, 36/7A4, Situated at Kathirvedu Village, Madhavaram Taluk, Chennai District",Chennai,13.142831,80.201308,Residential,Non-High Rise Building (NHRB),580,0,1160,,15,14365800,24950592,,39316392,10,0,5,[],[],6246,12486,2.0,2.0,2.0,15,2300,1998.0,3149,0.37,0.63,2621093,832,False,False,False,0,False,Chennai,Residential,False,,False,False,False
SULAIMAN MANZIL,TNRERA/29/BLG/0353/2025,"Plot No.316A, New Door No.27, Old Door No.10, 1st Avenue and 2nd Main Road, Indira Nagar, Adayar, Chennai 600020 in Old T.S.No.47 to 49 (Pt), New R.S.Nos.39, 40/1, 40/2, 40/3 & 41/2, Block No.13 of Kalikundram Village within the limit of Greater Chennai Corporation",Chennai,12.5957,80.1512,Commercial,Non-High Rise Building (NHRB),359,0,0,715,,27720000,19246000,,46966000,4,2,1,[],[],3864,7698,1.99,2.0,2.0,7,7173,2500.0,6101,0.59,0.41,,,False,False,False,0,False,Chennai,Commercial,False,,False,False,False
PUSHKAR'S GETTU APARTMENTS,TNRERA/29/BLG/0359/2025,"Stilt + Five Floors with 15 Dwelling units at Old Door No: 4, New Door No: 9, Venkatapathy Street, Kilpauk, Chennai- 600010, Comprised in T.S. No: 3140/3, Block No: 53, Ward -1 of Purusawalkam Village, within the limits of Greater Chennai Corporation",Chennai,13.084138,80.242819,Residential,Non-High Rise Building (NHRB),722,0,1976,,15,60000000,100000000,,160000000,12,3,2,[],[],7775,21272,2.74,2.0,2.0,17,7717,4701.0,7522,0.38,0.62,10666667,1418,False,False,False,0,False,Chennai,Residential,False,,False,False,False
THOLLOL ENTERPRISES,TNRERA/29/BLG/0360/2025,"Proposed construction of Basement Floor(mechanized car parking and Lumber room) + Ground floor (Part) + Stilt Floor(part) + 3 Floors Commercial Building (Office-Height-17.90m) at Old Door No.45 & 45A, New Door No.165 & 166, North Usman Road, T.Nagar, Chennai Comprised in Old S.No.101/1 Part, T.S.No.5254, Block no.18 (As per Document), Block No.119 (As per Patta) of T.Nagar Village Within the Limits of Greater Chennai Corporation.",Chennai,13.047012,80.233032,Commercial,Non-High Rise Building (NHRB),892,0,0,1703,,200000000,55000000,,255000000,16,1,1,"[{'block': None, 'base_level': 'Ground', 'floor_segments': ['3 Floors'], 'total_floors_above_base': 3}]",[17.9],9600,18328,1.91,2.0,2.0,18,20833,3001.0,13913,0.78,0.22,,,False,False,False,0,False,Chennai,Commercial,False,,False,False,False
-,TNRERA/29/BLG/0361/2025,"Stilt Floor + 1st Floor (Shop) + 2nd To 4th Floors (Office) Commercial Building (16.00m Height) Availing Premium FSI At Plot No.273, Door No. F13/17, Second Main Road, Anna Nagar East, Chennai- 600 102, Comprised In Old R.S.No.46 Part, T.S.No.5, Block No.3 Of Periyakudal Village Within The Limits Of Greater Chennai Corporation",Chennai,13.05113,80.13138000000001,Commercial,Non-High Rise Building (NHRB),945,0,0,945,,63000000,30000000,,93000000,6,7,2,"[{'block': None, 'base_level': 'Stilt', 'floor_segments': ['1st Floor'], 'total_floors_above_base': 1}]",[],10177,10177,1.0,2.0,2.0,15,6190,2948.0,9138,0.68,0.32,,,False,False,False,1,False,Chennai,Commercial,False,,False,False,False
ALTITUDE 9 https://rera.tn.gov.in/public-view2/building/pfirm/4ab42970-8750-11f0-be32-4164828f041c,TNRERA/29/BLG/0364/2025,"CONSTRUCTION OF HIGH RISE BUILDING (HRB) CONSISTING OF 2 BLOCKS, BLOCK 1: EXTENDED BASEMENT FLOOR + STILT FLOOR PART/GROUND FLOOR PART ( PARKING, RESIDENTIAL, KIDS PLAY AREA, CLUB HOUSE RECEPTION, ASSOCIATION ROOM, ELECTRICAL SWITCH GEAR ROOM, METER ROOM,) + 1ST FLOOR TO 9 FLOORS – 75 DWELLING UNITS WITH 30.0M HEIGHT RESIDENTIAL BUILDING, BLOCK 2: GROUND FLOOR +2 FLOORS WITH 9.45M HEIGHT COMMERCIAL BUILDING(SHOP) AVAILING WITH PREMIUM FSI AT PLOT NO: 1 & 2, DOOR NO.18/35, 37 & 230/2, JAWAHARLAL NEHRU SALAI, ( INNER RING ROAD ) SCHOOL STREET, THIRUVEEDHI AMMAN KOIL STREET, KOYEMBEDU, CHENNAI – 600 107, COMPRISED IN TS.NO.47, 48, 65/1, 65/2, 66, 68/2, BLOCK NO.56 OF",Chennai,13.07398280200628,13.07430580201263,Residential,High Rise Building (HRB),3324,0,10989,294,75,620000000,700000000,,1320000000,47,37,9,"[{'block': 'BLOCK 1', 'base_level': 'Ground', 'floor_segments': ['1ST FLOOR', '9 FLOORS'], 'total_floors_above_base': 10}, {'block': 'BLOCK 2', 'base_level': 'Ground', 'floor_segments': ['2 FLOORS'], 'total_floors_above_base': 2}]",[9.45],35785,121454,3.39,2.0,4.87,93,17326,5763.0,10868,0.47,0.53,17600000,1577,False,False,False,0,False,Chennai,Residential,False,,False,False,False
PAWAN'S FORTUNE VILLAS,TNRERA/29/BLG/0367/2025,"1-30 Plots at Vetri Nagar, Comprised in (As per patta old S.No: 598/1B1A Part, 1B1A2, 1B1A3, 1B1A4, 2B Part & 598/1A1B), As per patta New T.S.No:3/16, Block No: 21, Ward: E, Korattur Village, Ambattur Taluk, Greater Chennai Corporation Chennai District",Chennai,13.129374,80.194463,Residential,Non-High Rise Building (NHRB),2520,0,3320,,30,120000000,260000000,,380000000,30,0,0,[],[],27129,35738,1.32,2.0,2.0,30,4423,7275.0,10633,0.32,0.68,12666667,1191,False,False,False,0,False,Chennai,Residential,False,,False,False,False
THE BLOOMINGDALE,TNRERA/29/BLG/0374/2025,"Construction of Stilt Floor (Parking) + 1st To 5th Floor Residential Building (Height -18.30m) With 15 Dwelling Units Availing Premium FSI With TOD Benefit at Old Door No:72(96), New Door No: 96/3, MC.Nichols Road, Chetpet, Egmore Taluk, Chennai District - 600031, Comprised In Old S.No: 133 Part, R.S.No:381/ 1 Part And T.S.No: 381/4, Block No: 24 of Egmore Village, Egmore Taluk, Chennai District Within the Limits of Greater Chennai Corporation",Chennai,13.075872,80.238593,Residential,Non-High Rise Building (NHRB),948,0,2651,,15,190000000,120000000,,310000000,20,0,2,[],[18.3],10199,28536,2.8,2.0,2.0,22,18630,4205.0,10863,0.61,0.39,20666667,1902,False,False,False,0,False,Chennai,Residential,False,,False,False,False
SRI GURUVAYURAPPAN APARTMENT,TNRERA/29/BLG/0378/2025,S+5 FLOORS,Chennai,12.984248988061434,80.19297855296422,Residential,Non-High Rise Building (NHRB),813,0,2270,,26,45000000,70000000,,115000000,18,2,2,"[{'block': None, 'base_level': 'Stilt', 'floor_segments': ['5 FLOORS'], 'total_floors_above_base': 5}]",[],8750,24431,2.79,2.0,2.0,22,5143,2865.0,4707,0.39,0.61,4423077,940,False,False,False,0,False,Chennai,Residential,False,,False,False,False
BLACK DIAMOND,TNRERA/29/BLG/0381/2025,"Stilt floor + 4 floors with 18.30m height IT/ITES use Building at Shed No.L-6 & L- 7, Thiru-Vi-Ka Industrial Estate, Guindy, Chennai 600032 in S.No.35 (pt), 37 (Pt), 38 (Pt) & 58 (Pt), Block No.6 of Alandur Village within the limit of Greater Chennai Corporation",Chennai,13.004000000000001,80.12289999999999,Commercial,Non-High Rise Building (NHRB),576,0,0,1199,,55000000,40313650,,95313650,18,0,0,"[{'block': None, 'base_level': 'Stilt', 'floor_segments': ['4 floors'], 'total_floors_above_base': 4}]",[],6202,12902,2.08,2.0,2.0,18,8868,3125.0,7388,0.58,0.42,,,False,False,False,1,False,Chennai,Commercial,False,,False,False,False
AANIRUDH ANNAPOORNA KAMAKSHI,TNRERA/29/BLG/0385/2025,STILT + 5 FLOORS,Chennai,13.0345,80.11577,Residential,Non-High Rise Building (NHRB),834,0,2289,0,20,160000000,105000000,,265000000,19,3,2,"[{'block': None, 'base_level': 'Stilt', 'floor_segments': ['5 FLOORS'], 'total_floors_above_base': 5}]",[],8975,24636,2.75,2.0,2.0,24,17828,4262.0,10757,0.6,0.4,13250000,1232,False,False,False,1,False,Chennai,Residential,False,,False,False,False
AANIRUDH'S NARMADA,TNRERA/29/BLG/0386/2025,STILT + 5 FLOORS,Chennai,13.036402,80.231799,Residential,Non-High Rise Building (NHRB),669,0,1736,,19,120000000,118000000,,238000000,13,3,1,"[{'block': None, 'base_level': 'Stilt', 'floor_segments': ['5 FLOORS'], 'total_floors_above_base': 5}]",[],7205,18690,2.59,2.0,2.0,17,16656,6314.0,12734,0.5,0.5,12526316,984,False,False,False,0,False,Chennai,Residential,False,,False,False,False
THE EDGE,TNRERA/29/BLG/0387/2025,"High Rise Building (HRB) with 41.20M height consisting of Extended Double Basement Floor (Parking) + Stilt floor part (Parking) / Ground Floor part (Double height lobby, Waiting Room, Meter room + 1st floor (Residential + Multipurpose Hall & Indoor Games) + 2nd Floor to 9th Floor + 10th Floor Part (Gym & Dress Change Room) & Open Swimming Pool at Terrace Floor level of Residential Building with 15 Dwelling Units availing premium FSI with TOD benefit at Plot No.1A, 1B & 1C, Old Door No.30, New Door No.14, Padmavathy Thayar Street, Gopalapuram, Chennai – 600 086 comprised in R.S. No.67/130, Block No.4, of Mylapore Village, Mylapore Taluk within the limits of Greater Chennai Corporation",Chennai,13.052168,80.254609,Mixed Development,High Rise Building (HRB),2786,0,7590,206,15,440000000,804357000,,1244357000,95,0,12,"[{'block': None, 'base_level': 'Ground', 'floor_segments': ['1st floor', '2nd Floor', '9th Floor', '10th Floor', 'Terrace Floor'], 'total_floors_above_base': 5}]",[],29984,83910,2.8,2.0,4.87,107,14675,9586.0,14830,0.35,0.65,,,False,True,False,0,False,Chennai,Mixed Development,False,,False,False,False
MP MAVIS,TNRERA/29/BLG/0388/2025,"CONSTRUCTION OF STILT FLOOR (PARKING) + 5 FLOORS(HEIGHT -18.30M) RESIDENTIAL BUILDING WITH 70 DWELLING UNITS (INDOOR GAMES AT 1ST FLOOR, YOGA & GYM AT 2ND FLOOR ) AVAILING PREMIUM FSI WITH AFFORDABLE HOUSING BENEFIT AT 12.00 M WIDE 3RD MAIN ROAD EXTENSION, KURINJI NAGAR, PERUNGALATHUR, CHENNAI – 600 063 COMPRISED IN OLD S.NO. 97 & 99/1B AND AS PER PATTA S.NOS. 97/1, 97/2, 97/3 & 99/1B1B OF PERUNGALATHUR VILLAGE WITHIN THE LIMITS OF TAMBARAM MUNICIPAL CORPORATION",Chennai,12.9149297,80.087548,Residential,Non-High Rise Building (NHRB),2975,0,7731,,70,120000000,228034400,,348034400,69,1,9,"[{'block': None, 'base_level': 'Stilt', 'floor_segments': ['5 FLOORS', '1ST FLOOR', '2ND FLOOR'], 'total_floors_above_base': 7}]",[18.3],32018,83216,2.6,2.0,2.0,79,3748,2740.0,4182,0.34,0.66,4971920,1189,False,False,False,0,False,Chennai,Residential,False,,False,False,False
GREEN SAI NIVAS,TNRERA/29/BLG/0392/2025,"The proposed construction of Stilt floor + 4 floors + 5th floor (part) (Height - 18.30m) Residential Building with 20 dwelling units Availing Premium FSI with TOD Benefit at Plot No.22 & 23, Joseph 2nd Street, Nehru Nagar (Joseph Nagar), Pazhavanthangal, Chennai 600114 Comprised in Old.S.No.51/6 and T.S.No.52/3 & 52/4, Block No.5, Ward-B of Nanganallur Village, Alandur Taluk within the Limits of Greater Chennai Corporation",Chennai,12.98451,80.18238,Residential,Non-High Rise Building (NHRB),686,0,1783,,20,100000000,70000000,,170000000,10,7,2,"[{'block': None, 'base_level': 'Stilt', 'floor_segments': ['4 floors', '5th floor'], 'total_floors_above_base': 5}]",[18.3],7384,19190,2.6,2.0,2.0,19,13543,3648.0,8859,0.59,0.41,8500000,959,False,False,False,0,False,Chennai,Residential,False,,False,False,False
Ascendant Realty LLP,TNRERA/29/BLG/0393/2025,"Stilt Floor + 5 Floors (Height - 18.30m) Residential Building with 15 Dwelling units at New Door No.16, Old Door No.39, Bheemanna Garden Street, Alwarpet, Chennai – 600 018, comprised in R.S.No.3631/17, Block No.72, Mylapore (Part 2) Village within the Limits of Greater Chennai Corporation",Chennai,13.03358644154456,80.25452035908798,Residential,Non-High Rise Building (NHRB),685,0,1779,,15,200000000,70000000,,270000000,0,15,2,"[{'block': None, 'base_level': 'Stilt', 'floor_segments': ['5 Floors'], 'total_floors_above_base': 5}]",[18.3],7370,19147,2.6,2.0,2.0,17,27137,3656.0,14101,0.74,0.26,18000000,1276,False,False,False,0,False,Chennai,Residential,False,,False,False,False
THULIR BY NIRAI,TNRERA/29/BLG/0395/2025,"The proposed construction of Stilt Floor (parking) + 5 Floors Residential building (18.30m Height) with 10 Dwelling units availing with Premium FSI at Plot No.2936, AL Block, 14th Main Road comprised in Old S.No.114/2pt, T.S.No,213, Block No. 9-B, Ward No.1, of Naduvakkarai Village within the limits of Greater Chennai Corporation",Chennai,13.044749999999999,80.12144,Residential,Non-High Rise Building (NHRB),502,0,1265,,10,80000000,100000000,,180000000,8,3,1,"[{'block': None, 'base_level': 'Stilt', 'floor_segments': ['5 Floors'], 'total_floors_above_base': 5}]",[],5398,13615,2.52,2.0,2.0,12,14820,7345.0,13221,0.44,0.56,18000000,1361,False,False,False,1,False,Chennai,Residential,False,,False,False,False
Innovative's 3 Block,TNRERA/29/BLG/0399/2025,"Door No. 3A, 3B. 3C, 3D, 3E & 3F, P.T.Raman Salai, Kalinga Colony, K K. Nagar, Chennai, comprised in S No 56/1 Part, 57 Part (Document) and T.S. No:2/16, Block No. 98 (Patta) of Kodambakkam (Part — 2) village within the limits of Greater Chennai Corporation",Chennai,13.039828,80.205068,Residential,Non-High Rise Building (NHRB),630,0,1586,,10,93000000,60000000,,153000000,10,2,2,[],[],6781,17071,2.52,2.0,2.0,14,13714,3515.0,8963,0.61,0.39,15300000,1707,False,False,False,0,False,Chennai,Residential,False,,False,False,False
CUBE LUXOR,TNRERA/29/BLG/0401/2025,"Proposed construction of Stilt Floor + 4 Floors + 5th Floor Part (Height 18.30 m) Residential Building with 13 dwelling units,Located at Plot No.1, Door No.12/8, Sankarapuram 2nd Street, Sankara Nagar, Choolaimedu, Chennai 600094, comprised in Paimash No.512 & 513, and T.S.No.134/1 (Part) (Document) and T.S.No.134/1 & 134/3 (Patta), Block No.14 of Puliyur Village within the limits of Greater Chennai Corporation",Chennai,13.0637011,80.2268809,Residential,Non-High Rise Building (NHRB),530,0,1376,,13,70000000,130984744,,200984744,13,0,1,"[{'block': None, 'base_level': 'Stilt', 'floor_segments': ['4 Floors', '5th Floor'], 'total_floors_above_base': 5}]",[18.3],5699,14813,2.6,2.0,2.0,14,12282,8843.0,13568,0.35,0.65,15460365,1139,False,False,False,0,False,Chennai,Residential,False,,False,False,False
G square Pristine Icon 1,TNRERA/29/BLG/0402/2025,"Residential Building (Apartment) in Sf no 309/38 & 309/39, Plot no 61 & 62 with 16 Dewiling Units in approved layout",Chennai,12.689907,77.817204,Residential,Non-High Rise Building (NHRB),737,0,1471,,16,244981050,51051837,,296032887,8,0,2,[],[],7929,15837,2.0,2.0,2.0,10,30898,3224.0,18692,0.83,0.17,18502055,990,False,False,False,0,False,Chennai,Residential,False,,False,False,False
NAVIN’S MAYURA GARDENS,TNRERA/29/BLG/0403/2025,"proposed project name of “ NAVIN’S MAYURA GARDENS ” Residential Apartments with Basement Floor +Stilt Floor + First Floor part to 5th Floor part, situated at on the land bearing Survey Nos. (i) S.No.47/2A and as per patta S.No.47/2A2 (ii) S.No.47/1 and as per patta S.No.47/1B, (iii) S.No.47/2A and as per patta S.No.47/2A3 of Sridevikuppam Road, Valasaravkkam village, Maduravoyal Taluk, Chennai – 600 087, within the limits of Greater Chennai Corporation.",Chennai,13.045691,80.176454,Residential,Non-High Rise Building (NHRB),2650,0,7417,,59,272073600,33234000,,305307600,105,2,7,"[{'block': None, 'base_level': 'Basement', 'floor_segments': ['First Floor', '5th Floor'], 'total_floors_above_base': 2}]",[],28524,79837,2.8,2.0,2.0,114,9538,3682.0,3824,0.89,0.11,5174705,1353,False,False,False,0,False,Chennai,Residential,False,,False,True,True
"SREESAI BUILDERS "" HIRAN MAYI """,TNRERA/29/BLG/0406/2025,"Planning Permission for the proposed construction of Stilt floor + 5 floors (Height – 18.30m) Residential Building with 20 dwelling units For Affordable Housing at Plot No.2, New Door No.38, Old Door No.6, Raman Street, Maragatham Chandrasekar Nagar (M.C. Nagar), Hasthinapuram, Chennai 600064, Comprised in S.No.23/1A1A3 (Document), and T.S.No.23, Block No.37, WardF of Hasthinapuram Village within the limit of Tambaram Municipal Corporation",Chennai,12.5622,80.08376999999999,Residential,Non-High Rise Building (NHRB),637,0,1653,,20,70000000,100000000,,170000000,4,13,2,"[{'block': None, 'base_level': 'Stilt', 'floor_segments': ['5 floors'], 'total_floors_above_base': 5}]",[18.3],6857,17796,2.6,2.0,2.0,19,10209,5619.0,9553,0.41,0.59,8500000,890,False,False,False,1,False,Chennai,Residential,False,,False,False,False
-,TNRERA/29/BLG/0407/2025,STILT FLOOR WITH MACHANIZED PIT PUZZLE PARKING +5 FLOORS,Chennai,13.0303,80.1359,Commercial,Non-High Rise Building (NHRB),522,0,0,1316,,100000000,5000000,,105000000,9,2,0,"[{'block': None, 'base_level': 'Stilt', 'floor_segments': ['5 FLOORS'], 'total_floors_above_base': 5}]",[],5619,14164,2.52,2.0,2.0,11,17798,3682.0,7413,0.95,0.05,,,False,False,False,0,False,Chennai,Commercial,False,,False,True,True
AMARA ANEJA,TNRERA/29/BLG/0409/2025,"Plot No.8, New Door No.23, Old Door No.12, Chevalier Shivaji Ganesan Road (South Boag Road), T.Nagar, Chennai 600017, comprised in Old S.No.122/2, 123/1, 123/2, 123/3, 123/4 & 124/2 (Pt) (Document) and T.S.No.6553/1 & 6553/2, Block No.141 of T.Nagar Village, within the limit of Greater Chennai Corporation",Chennai,13.038381,80.243345,Residential,Non-High Rise Building (NHRB),1293,0,3614,,15,240000000,140000000,,380000000,31,12,4,[],[],13922,38902,2.79,2.0,2.0,47,17238,3599.0,9768,0.63,0.37,25333333,2593,False,False,False,0,False,Chennai,Residential,False,,False,False,False
NPSH NIVASAM,TNRERA/29/BLG/0410/2025,STILT FLOOR + 3 FLOORS,Chennai,13.069493,80.216585,Residential,Non-High Rise Building (NHRB),930,0,1860,,16,66448798,52064607,,118513405,16,0,2,"[{'block': None, 'base_level': 'Stilt', 'floor_segments': ['3 FLOORS'], 'total_floors_above_base': 3}]",[],10016,20024,2.0,2.0,2.0,18,6634,2600.0,5919,0.56,0.44,7407088,1251,False,False,False,0,False,Chennai,Residential,False,,False,False,False
AL KALIMA,TNRERA/29/BLG/0412/2025,"Proposed Construction of Commercial (Office) Cum Residential Apartment Building with 5 dwelling units (1st & 2nd Floors - Office; 3rd, 4th & 5th Floors – Residential) at Plot No.B180, 54th Street, Ashok Nagar, Chennai 600 083, Comprised in T.S No. 60, Block No.70 situated at Kodambakkam Village, Mambalam Taluk, Chennai District, Within the Limits of Greater Chennai Corporation, Zone:10 & Division No:131,Tamilnadu State.",Chennai,13.03312,80.21305,Mixed Development,Non-High Rise Building (NHRB),651,0,749,499,5,88200000,38694669,,126894669,4,7,1,[],[],7007,13427,1.92,2.0,2.0,12,12587,2882.0,9451,0.7,0.3,25378934,1612,False,False,False,0,False,Chennai,Mixed Development,False,,False,False,False
BBCL ANUGRAHA,TNRERA/29/BLG/0415/2025,Revised Planning Permission for the Proposed construction of Stilt floor (part) /Ground floor(part) + 5 floors (height - 18.30m) residential building with 10 dwelling units (with mechanized parking) Availing Premium FSI with TOD Benefit,Chennai,13.020500492061045,80.25863415849564,Residential,Non-High Rise Building (NHRB),712,0,1848,,10,130000000,93200000,,223200000,20,0,2,"[{'block': None, 'base_level': 'Ground', 'floor_segments': ['5 floors'], 'total_floors_above_base': 5}]",[18.3],7659,19888,2.6,2.0,2.0,22,16975,4686.0,11223,0.58,0.42,22320000,1989,False,False,False,0,False,Chennai,Residential,False,,False,False,False
G RADHAKRISHNAN,TNRERA/29/BLG/0420/2025,"PLOT NO 1229, NEW DOOR NO. 55, 18TH MAIN ROAD, ANNA NAGAR, VILLIVAKKAM VILLAGE, CHENNAI – 600040",Chennai,13.08784,80.27847,Commercial,Non-High Rise Building (NHRB),455,0,0,729,,73350000,27670546,,101020546,5,2,1,[],[],4900,7846,1.6,2.0,2.0,8,14970,3527.0,12875,0.73,0.27,,,False,False,False,0,False,Chennai,Commercial,False,,False,False,False
Legendary Bliss,TNRERA/29/BLG/0423/2025,9 Residential Units,Chennai,13.0354722,80.23433333333334,Residential,Non-High Rise Building (NHRB),600,0,1298,,9,85219200,35000000,,120219200,9,0,1,[],[],6458,13974,2.16,2.0,2.0,10,13195,2505.0,8603,0.71,0.29,13357689,1553,False,False,False,0,False,Chennai,Residential,False,,False,False,False
-,TNRERA/29/BLG/0424/2025,"constructlon of Basement Floor (Parking) + Ground Floor (Shops) + 2 Floors (Office) Commercial Building at Arcot Road, Kamala Nagar, Porur, Chennai -600 116, comprised in S. No:123/10A2A1, 123/10B1 & 125/2 of Porur village within the limits of Greater Chennai Corporation",Chennai,13.037957,80.162657,Commercial,Non-High Rise Building (NHRB),2529,0,0,2529,,202800000,70000000,,272800000,19,7,7,"[{'block': None, 'base_level': 'Ground', 'floor_segments': ['2 Floors'], 'total_floors_above_base': 2}]",[],27224,27224,1.0,2.0,2.0,33,7449,2571.0,10021,0.74,0.26,,,False,False,False,0,False,Chennai,Commercial,False,,False,False,False
-,TNRERA/29/BLG/0425/2025,BASEMENT FLOOR + STILT FLOOR +7 FLOORS IT / ITES OFFICE BUILDING,Chennai,12.958762,80.247589,Commercial,High Rise Building (HRB),2404,0,,6690,,202539122,345625623,,548164745,106,27,0,"[{'block': None, 'base_level': 'Basement', 'floor_segments': ['7 FLOORS'], 'total_floors_above_base': 7}]",[],25876,72008,2.78,2.0,4.87,133,7827,4800.0,7613,0.37,0.63,78309249,0,False,True,False,0,False,Chennai,Commercial,False,,False,False,False
SRI HARI HOMES KINGS COURT,TNRERA/2/BLG/0349/2025,Basement floor + stilt floor + 5 floors residential building with 75 dwelling units,Tiruvallur,13.086698,80.146207,Residential,Non-High Rise Building (NHRB),3076,0,7256,,75,95629248,74181467,,169810715,61,2,0,"[{'block': None, 'base_level': 'Basement', 'floor_segments': ['5 floors'], 'total_floors_above_base': 5}]",[],33106,78097,2.36,2.0,2.0,63,2889,2756.0,2174,0.56,0.44,2264143,1041,False,False,False,0,False,Tiruvallur,Residential,False,,False,True,True
MP VARAM,TNRERA/2/BLG/0379/2025,"CONSTRUCTION OF STILT FLOOR + 1ST FLOOR PART TO 5TH FLOOR PART RESIDENTIAL BUILDING WITH 60 DWELLING UNITS(AFFORDABLE HOUSING WITH HEIGHT-18.30M) AT VANAGARAM MAIN ROAD, VANAGARAM, CHENNAI COMPRISED IN OLD S.NO.285/2 AT PRESENT S.NO.285/2A2 &285/2B OF VANAGARAM VILLAGE, POONAMALLEE TALUK WITHIN THE LIMITS OF VILLIVAKKAM PANCHAYAT UNION",Tiruvallur,13.0500803,80.1546298,Residential,Non-High Rise Building (NHRB),2240,0,5819,,60,190000000,173038800,,363038800,10,50,2,"[{'block': None, 'base_level': 'Stilt', 'floor_segments': ['1ST FLOOR', '5TH FLOOR'], 'total_floors_above_base': 2}]",[18.3],24110,62632,2.6,2.0,2.0,62,7881,2763.0,5796,0.52,0.48,6050647,1044,False,False,False,0,False,Tiruvallur,Residential,False,,False,False,False
AMPLE TOWER,TNRERA/30/BLG/0357/2025,AMPLE TOWER,Krishnagiri,12.42274,77.49504,Residential,Non-High Rise Building (NHRB),999,0,2682,,32,11900000,48200000,,60100000,7,6,0,[],[],10753,28869,2.68,2.0,2.0,13,1107,3294.0,2082,0.2,0.8,1878125,902,False,False,False,1,False,Krishnagiri,Residential,False,,False,True,True
TVH CREST,TNRERA/32/BLG/0365/2025,"Residential Apartment located in S.F.NO: 463/3A1A16B, Sri Vignesh Nagar, Palangarai Village & Panchayat, Avinashi Taluk ,Tiruppur District - Site area of 892 Sq.m (As per approved)- Block-1 RB (consist of 24 Residential dwelling units of Stilt + 4 floors)- FSI area of 2265.76 Sq.m",Tiruppur,11.18595,77.281904,Residential,Non-High Rise Building (NHRB),892,0,2266,,24,27000000,70000000,,97000000,26,0,0,"[{'block': None, 'base_level': 'Stilt', 'floor_segments': ['4 floors'], 'total_floors_above_base': 4}]",[],9601,24388,2.54,2.0,2.0,26,2812,2870.0,3977,0.28,0.72,4041667,1016,False,False,False,0,False,Tiruppur,Residential,False,,False,False,False
TVH SERENITY,TNRERA/32/BLG/0366/2025,"Survey No: 462/1C2B, & 462/1C2C Layout Approved No:308/2001, AT "" SRI VIGNESH NAGAR "" Palangarai Village & Panchayat, Avinashi Taluk , Tiruppur District, Site area of 520 Sq.m (As per approved)- Construction of Stilt, First, Second ,Third & Head Room (consist of 12 Residential dwelling units of Stilt + 3 floors)- FSI area of 1036.20 Sq.m",Tiruppur,11.185102,77.282626,Residential,Non-High Rise Building (NHRB),520,0,1036,,12,16062500,33425500,,49488000,13,0,0,"[{'block': None, 'base_level': 'Stilt', 'floor_segments': ['3 floors'], 'total_floors_above_base': 3}]",[],5597,11154,1.99,2.0,2.0,13,2870,2997.0,4437,0.32,0.68,4124000,929,False,False,False,0,False,Tiruppur,Residential,False,,False,False,False
JONES IKON https://rera.tn.gov.in/public-view2/building/pfirm/59832aa0-87d1-11f0-b55e-2d3fff3d4bfa,TNRERA/35/BLG/0332/2025,"CONSTRUCTION OF HIGH RISE BUILDING (HRB) GROUP DEVELOPMENT CONSISTING OF EXTENDED COMBINED DOUBLE BASEMENT FLOORS (PARKING) COMPRISING BLOCK A & BLOCK B, COMBINED STILT FLOOR (PARKING) COMPRISING BLOCK A & BLOCK B, BLOCK A (78 DU): STILT FLOOR (PARKING) + 1ST FLOOR TO 13 FLOORS (RESDENTIAL), BLOCK B (78 DU): STILT FLOOR (PARKING) + 1ST FLOOR TO 13 FLOORS (RESDENTIAL) FOR RESIDENTIAL PURPOSE - TOTALLY 156 DWELLING UNITS & BLOCK C - AMENITY BUILDING: BASEMENT FLOOR (PARKING) + GROUND FLOOR + 3 FLOORS (AMENITY) AND OPEN SWIMMING POOL AT TERRACE FLOOR AT PALLAVARAM - THURAIPAKKAM 200 FEET RADIAL ROAD (MMRD ROAD), PALLAVARAM, CHENNAI-600 043 COMPRISED IN OLD SURVEY NOS. 138/4, 139/1, 139/2A, 2B,",Chengalpattu,12.57095,80.09583,Residential,High Rise Building (HRB),9850,0,35725,2401,156,736748000,1036198600,,1772946600,369,42,33,"[{'block': 'BLOCK A & BLOCK B, COMBINED STILT FLOOR (PARKING) COMPRISING BLOCK A & BLOCK B, BLOCK A (78 DU)', 'base_level': 'Stilt', 'floor_segments': ['1ST FLOOR', '13 FLOORS'], 'total_floors_above_base': 14}, {'block': 'BLOCK B (78 DU)', 'base_level': 'Stilt', 'floor_segments': ['1ST FLOOR', '13 FLOORS'], 'total_floors_above_base': 14}, {'block': 'BLOCK C - AMENITY BUILDING', 'base_level': 'Ground', 'floor_segments': ['3 FLOORS', 'TERRACE FLOOR'], 'total_floors_above_base': 4}]",[],106024,410377,3.87,2.0,4.87,444,6949,2525.0,4320,0.42,0.58,11365042,2465,False,False,False,1,False,Chengalpattu,Residential,False,,False,False,False
SANTA CLARA by DAC,TNRERA/35/BLG/0337/2025,"S.No. 112/1A1, 112/2, 112/3B, 112/4 & 121/1A of Arasankazhani Village, Tambaram Taluk, Chengalpattu District.",Chengalpattu,12.876897,80.20206,Residential,Non-High Rise Building (NHRB),8920,0,9028,,61,255887470,307813700,,563701170,66,0,0,[],[],96014,97177,1.01,2.0,2.0,66,2665,3168.0,5801,0.45,0.55,9241003,1593,False,False,False,0,False,Chengalpattu,Residential,False,,False,False,False
VIGNESH NRD GALLERY,TNRERA/35/BLG/0342/2025,"proposed construction of High Rise Building (HRB) with 29.55m height consisting of Extended Basement Floor + Ground Floor + 7 Floors - Commercial Office building at Plot No. 48 (Part), 69 (Part) & 70 (Part), Old Door No. 8 & 70 New Door No : 27, Grand Southern Trunk (GST) Road, Pallavaram, Chennai-600 044 comprised in Old S.No. 508/64 (Part) & 66 (Part), T.S. No. 73, Block No. 21, Ward- E of Zamin Pallavaram Village within the Limits of Pallavaram Municipality",Chengalpattu,12.949762,80.138671,Commercial,High Rise Building (HRB),1517,0,0,4146,,25000000,170000000,,195000000,21,13,3,"[{'block': None, 'base_level': 'Ground', 'floor_segments': ['7 Floors'], 'total_floors_above_base': 7}]",[],16325,44630,2.73,2.0,4.87,37,1531,3809.0,4369,0.13,0.87,,,False,False,False,0,False,Chengalpattu,Commercial,False,,False,False,False
Godrej Azure,TNRERA/35/BLG/0354/2025,"Survey Number's 282,283/1,284/1,284/24,281/1B1A, 281/1B2, 283/2, 284/2B Padur & Kazhipattur Village, Survey Numbers 222/2, 224/1, 224/2227/1A, 227/18, 227/10, 227/2A, 227/2B, 227/2C, 227/3, 225/1, 225/2, 226/1, 226/2.",Chengalpattu,12.807599318525352,80.2286993298545,Residential,High Rise Building (HRB),13371,0,53255,,435,481400000,2313500000,,2794900000,296,148,20,[],[],143928,573231,3.98,2.0,4.87,464,3345,4036.0,4876,0.17,0.83,6425057,1318,False,False,False,0,False,Chengalpattu,Residential,False,,False,False,False
ANORA ATELIER,TNRERA/35/BLG/0373/2025,STILT + 4 FLOORS RESIDENTIAL BUILDING,Chengalpattu,12.24435,80.06084,Residential,Non-High Rise Building (NHRB),1050,1963,0,,44,4000000,55000000,,59000000,0,8,0,"[{'block': None, 'base_level': 'Stilt', 'floor_segments': ['4 FLOORS'], 'total_floors_above_base': 4}]",[],11302,21128,1.87,2.0,2.0,8,354,2603.0,2793,0.07,0.93,1340909,480,False,False,False,1,False,Chengalpattu,Residential,False,,False,False,False
Sai Harmony,TNRERA/35/BLG/0396/2025,Construction of Residential Building 19 Dwelling units Stilt + 5 Floor,Chengalpattu,12.56157,80.11022,Residential,Non-High Rise Building (NHRB),748,0,1945,,19,70000000,77000000,,147000000,17,2,1,"[{'block': None, 'base_level': 'Stilt', 'floor_segments': ['5 Floor'], 'total_floors_above_base': 5}]",[],8052,20931,2.6,2.0,2.0,20,8694,3679.0,7023,0.48,0.52,7736842,1102,False,False,False,1,False,Chengalpattu,Residential,False,,False,False,False
ASHIANA SWARANG PHASE III,TNRERA/35/BLG/0398/2025,We are developing the whole project in the name of Ashiana Swarang in Phase wise manner.,Chengalpattu,12.727091,80.226955,Residential,Non-High Rise Building (NHRB),9684,0,14678,,451,99400000,701600000,,801000000,114,271,22,[],[],104235,157990,1.52,2.0,2.0,407,954,4441.0,5070,0.12,0.88,1776053,350,False,False,False,0,False,Chengalpattu,Residential,False,,False,False,False
VISTA VILLAS,TNRERA/35/BLG/0416/2025,"S.NO 1483/3B1,3B2, THAIYUR A VILLAGE THIRUPORUR TALUK, CHENGALPATTU DISTRICT",Chengalpattu,12.780868,80.220687,Residential,Non-High Rise Building (NHRB),2000,0,2180,0,16,42500000,102500000,,145000000,16,0,0,[],[],21528,23471,1.09,2.0,2.0,16,1974,4367.0,6178,0.29,0.71,9062500,1467,False,False,False,0,False,Chengalpattu,Residential,False,,False,False,False
AANIRUDH SHREE PALACE,TNRERA/35/BLG/0419/2025,AANIAANIRUDH SHREE PALACE,Chengalpattu,12.982141,80.190716,Residential,Non-High Rise Building (NHRB),665,0,1861,,10,80000000,45000000,,125000000,19,0,0,[],[],7156,20031,2.8,2.0,2.0,19,11180,2247.0,6240,0.64,0.36,12500000,2003,False,False,False,0,False,Chengalpattu,Residential,False,,False,False,False
FELIXA SKY MILANO PHASE - II,TNRERA/35/BLG/0421/2025,"Ground + 1 Floor (G+1) building consisting of 15 villas. (Promoter’s share Villa Nos. 1, 2, 3, 4, 5, 6, 7, 7A, 9, 10, 11, 12, 12A, 14, and 15). The development is situated in Survey Nos. 13/35, 13/34, 13/33, 13/32, 13/38 and 13/39, 13/40, 13/41 and 13/47, 13/48, 13/49, 13/50, 13/54, 13/53, 13/44 and 13/51, 13/43, and 13/42, Thazhambur Panchayat, Karanai Village, Vandalur Taluk, Chengalpattu District.",Chengalpattu,12.859971,80.206173,Residential,Non-High Rise Building (NHRB),1698,0,2373,0,15,50700000,90000000,,140700000,15,10,0,"[{'block': None, 'base_level': 'Ground', 'floor_segments': ['1 Floor', '1'], 'total_floors_above_base': 2}]",[],18279,25545,1.4,2.0,2.0,25,2774,3523.0,5508,0.36,0.64,9380000,1703,False,False,False,0,False,Chengalpattu,Residential,False,,False,False,False
CSK NITISH APARTMENTS,TNRERA/35/BLG/0426/2025,NO.3&4 GOPAL NAGAR VEDHANARAYANAPURAM CHENGALPATTU,Chengalpattu,12.656845,79.968333,Residential,Non-High Rise Building (NHRB),965,965,965,,12,21568000,40000000,,61568000,6,0,0,[],[],10391,20781,2.0,2.0,2.0,6,2076,1925.0,2963,0.35,0.65,5130667,1732,False,False,False,0,False,Chengalpattu,Residential,False,,False,False,False
PALLADIUM,TNRERA/35/BLG/0428/2025,"Proposed Construction of Commercial Building Situated at Survey Number - 465/3A2C2, Padur Village and Panchayat, Thiruporur Taluk and Panchayat Union, Chengalpattu District, Tamilnadu.",Chengalpattu,12.79694,80.223835,Commercial,Non-High Rise Building (NHRB),1497,0,0,1630,,109000000,49314733,,158314733,0,16,1,[],[],16114,17541,1.09,2.0,2.0,17,6764,2811.0,9025,0.69,0.31,,,False,False,False,0,False,Chengalpattu,Commercial,False,,False,False,False
Sarojini green park,TNRERA/36/BLG/0344/2025,Residential,Ranipet,12.55296,79.19172,Residential,Non-High Rise Building (NHRB),19850,18031,0,98,416,14900000,426700000,,441600000,,,,[],[],213663,195132,0.91,2.0,2.0,,70,2187.0,2263,0.03,0.97,1061538,467,False,False,False,1,False,Ranipet,Residential,False,,False,False,False
CHONA KRISHNA APARTMENT,TNRERA/7/BLG/0329/2025,"WARD-U,BLOCK-14,T.S.NO- 22,23,24/1,25/1 AND 26 AT SURAMANGALAM, BODINAYAKKENPATTI, SALEM CORPORATION,SALEM WEST TALUK,SALEM TOWN,SALEM DISTRICT.",Salem,11.666686,78.120344,Residential,Non-High Rise Building (NHRB),2370,0,6632,,50,60540372,284439608,,344979980,55,4,6,[],[],25512,71386,2.8,2.0,2.0,65,2373,3985.0,4833,0.18,0.82,6899600,1428,False,False,False,0,False,Salem,Residential,False,,False,False,False
KAVERI,TNRERA/7/BLG/0363/2025,"Plot No.60,61,62,63,80,81,82,83,SF No.5/55,5/56,5/57,5/58,5/75,5/76,5/77,5/ 78 at Kondappanaickenpatti Village & Panchayat, Salem Panchayat Union, Salem Tk & Dt.",Salem,11.732901,78.171182,Residential,Non-High Rise Building (NHRB),1110,0,2872,,30,8957700,101264620,,110222320,14,3,2,[],[],11948,30913,2.59,2.0,2.0,19,750,3276.0,3566,0.08,0.92,3674077,1030,False,False,False,0,False,Salem,Residential,False,,False,False,False
KING PALACE APARTMENT,TNRERA/7/BLG/0394/2025,"Address : Stilt + 5 floors Residential apartments, T.S.No.4/2B, 4/3, 4/4, 4/5, 4/6, 4/7, Ward J, Block 39, Kumarasamipatti Village, Salem Town, Salem Taulk, Salem District, Tamil Nadu - 636007 No. of Units : 135 No. of Blocks : 2 (A & B) No. of Floors : Stilt + 5 Floors",Salem,11.671117,78.165353,Residential,Non-High Rise Building (NHRB),5489,0,18548,,135,96628500,599700000,,696328500,75,45,12,"[{'block': 'Block 39, Kumarasamipatti Village, Salem Town, Salem Taulk, Salem District, Tamil Nadu - 636007 No. of Units', 'base_level': 'Stilt', 'floor_segments': ['5 Floors'], 'total_floors_above_base': 5}]",[],59081,199645,3.38,2.0,2.0,132,1636,3004.0,3488,0.14,0.86,5157989,1479,False,False,False,0,False,Salem,Residential,False,,False,False,False
Metropole - Krishna,TNRERA/7/BLG/0413/2025,Apartment Building,Salem,11.678381,78.141299,Residential,Non-High Rise Building (NHRB),511,0,1246,,10,12342000,43994500,,56336500,5,6,1,[],[],5500,13410,2.44,2.0,2.0,12,2244,3281.0,4201,0.22,0.78,5633650,1341,False,False,False,0,False,Salem,Residential,False,,False,False,False
SENDHUR VILLA APARTMENT,TNRERA/8/BLG/0380/2025,Stilt + 5 Floors,Namakkal,11.216284,78.141765,Residential,Non-High Rise Building (NHRB),1955,0,5072,1,38,14728280,169533000,,184261280,48,3,5,"[{'block': None, 'base_level': 'Stilt', 'floor_segments': ['5 Floors'], 'total_floors_above_base': 5}]",[],21040,54600,2.6,2.0,2.0,56,700,3105.0,3375,0.08,0.92,4848981,1437,False,False,False,0,False,Namakkal,Residential,False,,False,False,False
ROCK MOOUNT CLASSIC APARTMENT,TN/10/Building/0275/2025,"Development Residential Building in 2,053 Sq.m of land situated at SF No.145/3A1, 145/3A3, 145/4A1A, 145/4A1B1, 145/4A1C1, 145/4A1C2, 145/4A1C3, 146/2A5A, 146/2A5B, 146/2A5C, 146/2A5D, (Site Nos. 73, 74, 75, 76, 77, 78 & 79), Kavundachipalayam Village , Kavundachipalayam Panchayat, Perundurai Taluk, Erode Dist. Tamil Nadu. PIN Code - 638 112. The project comprises of 32 Dwelling Units.",Erode,11.293872,77.673504,Residential,Non-High Rise Building (NHRB),2053,0,5087,,32,4420000,185500000,,189920000,46,0,2,[],[],22098,54759,2.48,2.0,2.0,48,200,3388.0,3468,0.02,0.98,5935000,1711,False,False,False,0,False,Erode,Residential,False,,False,False,False
The Gardenia,TN/10/Building/0282/2025,2 Block ( Stilt+5Floors),Erode,11.31175,77.661423,Residential,Non-High Rise Building (NHRB),3239,0,7985,,70,3802465,350000000,,353802465,63,17,8,"[{'block': None, 'base_level': 'Stilt', 'floor_segments': ['5Floors'], 'total_floors_above_base': 5}]",[],34864,85945,2.47,2.0,2.0,88,109,4072.0,4117,0.01,0.99,5054321,1228,False,False,False,0,False,Erode,Residential,False,,False,False,False
Dhiya's Sai Anandham,TN/11/Building/0002/2025,"Ward No:D, Block No:33, T.S.No:2, (S.F.No:121/3B pt), Koundampalayam village, Coimbatore North Taluk, Coimbatore Corporation",Coimbatore,11.039835,76.932998,Residential,Non-High Rise Building (NHRB),1214,0,2902,,25,50000000,114000000,,164000000,20,2,2,[],[],13068,31240,2.39,2.0,2.0,24,3826,3649.0,5250,0.3,0.7,6560000,1250,False,False,False,0,False,Coimbatore,Residential,False,,False,False,False
-,TN/11/Building/0025/2025,"S.F.No. 390/4A2, 4A3, 4A4,4A5,4A6,4B, 391/5A,5B,5C, 395/2A, 396/4A, 1A1A, 1A1B, 1B, 1C, 2A, 2B, 2C, 397/2A1, 2B1, 2B2, 2A2A, 2B3A,2A2B,2A3D, 2B3B, 2B4A, 2C1, 2C2A, 2A3C, 2A3A, 2A3B, 2B4B, 398/2 & 398/3A",Coimbatore,11.047354,77.036961,Residential,Non-High Rise Building (NHRB),26756,0,18297,1060,45,500000000,645665300,30000000,1175665300,97,60,0,[],[],287998,208351,0.72,2.0,2.0,157,1736,3099.0,5643,0.43,0.55,26125896,4377,False,False,False,0,False,Coimbatore,Residential,False,,False,False,False
CASAGRAND ORCHARDS PHASE II,TN/11/Building/0030/2025,"Proposed additional Construction of Phase – II Non High Rise Residential Group Development Building Consists of 9 Blocks, Block- C to I: Ground +First Floor , Block- J : Ground +First Floor +Second Floor (Partly),Block- K: (Amenity Block) - Ground +First Floor, Totally 115 D/U Comprised in S.Nos : 150/1A2B1, 150/1A2B3 & 150/1A2B5, of Kannampalayam Village, Sulur Taluk, Coimbatore District. OSR & Link Road Gifted Vide Gift Deed No : 11226/2024, Dated: 03.08.2024 Comprised In S.No:150/1A2B2 & 150/1A2B4.",Coimbatore,11.00271,77.06183,Residential,Non-High Rise Building (NHRB),38526,0,22569,729,115,360000000,980000000,,1340000000,115,19,13,"[{'block': None, 'base_level': 'Ground', 'floor_segments': ['First Floor', 'First Floor', 'Second Floor', 'First Floor'], 'total_floors_above_base': 4}]",[],414687,250778,0.6,2.0,2.0,147,868,3908.0,5343,0.27,0.73,11652174,2112,False,False,False,0,False,Coimbatore,Residential,False,,False,False,False
SREE DAKSHA'S DIORA,TN/11/Building/0040/2025,Coimbatore District - Coimbatore North Taluk - Kurudampalayam Village/ Panchayat - S.F.Nos: 94/3B & 94/6,Coimbatore,11.08161,76.937465,Residential,Non-High Rise Building (NHRB),8094,0,15225,741,105,66500000,766030700,,832530700,130,11,11,[],[],87123,171850,1.97,2.0,2.0,152,763,4458.0,4845,0.08,0.92,7928864,1561,False,False,False,0,False,Coimbatore,Residential,False,,False,False,False
RADIANCE IMPERIA,TN/11/Building/0042/2025,"The Proposed Construction of Non-High Rise Residential Building Consists of 80 Villas (Ground Floor + 2 Floors) with Club House (Ground Floor +3 Floors) and Swimming Pool Comprised in S.Nos.164/2B, 165 & 167/2, Veerakeralam Village, Perur Taluk, Coimbatore District.",Coimbatore,11.00634,76.9021,Residential,Non-High Rise Building (NHRB),33069,0,27318,1595,80,28187000,645040000,,673227000,113,209,28,"[{'block': None, 'base_level': 'Ground', 'floor_segments': ['2 Floors', '3 Floors'], 'total_floors_above_base': 5}]",[],355951,311216,0.87,2.0,2.0,350,79,2073.0,2163,0.04,0.96,8415338,3676,False,False,False,0,False,Coimbatore,Residential,False,,False,False,False
SREE DAKSHA 'S ELSRIA,TN/11/Building/0047/2025,"Coimbatore District - Coimbatore North Taluk - Coimbatore Corporation - Chinnavedampatti Village - S.F.Nos: 202/2H, 202/2I, 205/2A1A2 AND 206/5A",Coimbatore,11.04341,76.58099,Residential,Non-High Rise Building (NHRB),19917,0,12175,744,50,112700000,657000000,,769700000,85,55,13,[],[],214386,139057,0.65,2.0,2.0,153,526,4725.0,5535,0.15,0.85,15394000,2621,False,False,False,0,False,Coimbatore,Residential,False,,False,False,False
THULIR BY DAC,TN/11/Building/0056/2025,"S.F.No.557/1B2B, 557/1B3B & 557/1B4B Thudiyalur Village, Coimbatore North Taluk, Coimbatore District, Within The Limit Coimbatore Corporation, Tamil Nadu.",Coimbatore,11.057773,76.939644,Residential,Non-High Rise Building (NHRB),2360,0,6132,,54,56163277,200800000,,256963277,37,23,5,[],[],25403,65999,2.6,2.0,2.0,65,2211,3042.0,3893,0.22,0.78,4758579,1222,False,False,False,0,False,Coimbatore,Residential,False,,False,False,False
CASAGRAND CELEST,TN/11/Building/0058/2025,"Proposed Construction Of Residential Non High Rise Group Development Building Consists Of 2 Blocks With Combined Basement, Block 1: Ground Floor + 5 Upper Floors, (87 D/U) Block 2: Ground Floor (Part) + 5 Upper Floors, (136 D/U) Amenity Block (Part) Ground Floor + 4 Upper Floors With Swimming Pool On The Ground Floor Level, Totally 223 D/U Comprised In S.No. 524/2A & 524/2B Of Sulur Village, Sulur Taluk, Coimbatore District.",Coimbatore,11.021755,78.12983,Residential,Non-High Rise Building (NHRB),10750,0,20937,690,223,210000000,960000000,,1170000000,100,0,10,"[{'block': 'Block 1', 'base_level': 'Ground', 'floor_segments': ['5 Upper Floors'], 'total_floors_above_base': 5}, {'block': 'Block 2', 'base_level': 'Ground', 'floor_segments': ['5 Upper Floors', '4 Upper Floors'], 'total_floors_above_base': 9}]",[],115712,232797,2.01,2.0,2.0,110,1815,4124.0,5026,0.18,0.82,5246637,1011,False,False,False,0,False,Coimbatore,Residential,False,,False,False,False
CAPITAL CITY,TN/11/Building/0072/2025,"Basement+S+5 floor Combination of Precast load bearing Shear walls , non load bearing precast walls , and columns of 1bhk,2bhk and 3bhk type units",Coimbatore,11.069556,77.035861,Residential,Non-High Rise Building (NHRB),4046,0,11257,,150,146062710,404925519,,550988229,112,0,7,"[{'block': None, 'base_level': 'Basement', 'floor_segments': ['5 floor'], 'total_floors_above_base': 5}]",[],43551,121169,2.78,2.0,2.0,119,3354,3342.0,4547,0.27,0.73,3673255,808,False,False,False,0,False,Coimbatore,Residential,False,,False,False,False
GRAND CITY,TN/11/Building/0117/2025,"Basement+Stilt+5 floor Combination of conventional framed structure, walls and columns of 1BHK,2BHK and 3BHK type units",Coimbatore,11.04346578,76.98194853,Residential,Non-High Rise Building (NHRB),2733,0,7073,,90,123189311,240479479,,363668790,53,0,5,"[{'block': None, 'base_level': 'Basement', 'floor_segments': ['5 floor'], 'total_floors_above_base': 5}]",[],29416,76134,2.59,2.0,2.0,58,4188,3159.0,4777,0.34,0.66,4040764,846,False,False,False,0,False,Coimbatore,Residential,False,,False,False,False
Lavendar,TN/11/Building/0121/2025,"S.F.No.251/2B,252/2B,Lavendar,Era.Moha n Nagar,KalapattiWest,Near Green Field Tuilp Garden, Coimbatore -641048.",Coimbatore,11.066767,77.02708,Residential,Non-High Rise Building (NHRB),8050,0,11999,345,52,97351499,389564308,,486915807,115,66,15,[],[],86649,132874,1.53,2.0,2.0,196,1124,2932.0,3664,0.2,0.8,9363766,2484,False,False,False,0,False,Coimbatore,Residential,False,,False,False,False
EESHANYA'S SYNCHRONY,TN/11/Building/0133/2025,"S.F. Nos. 92/1B2, 92/1C1B, 92/2B, Vellakinar village, Coimbatore North Taluk, Coimbatore District",Coimbatore,11.080153,76.959387,Residential,Non-High Rise Building (NHRB),4401,0,10973,,90,52000000,327300000,,379300000,90,0,10,[],[],47371,118109,2.49,2.0,2.0,100,1098,2771.0,3211,0.14,0.86,4214444,1312,False,False,False,0,False,Coimbatore,Residential,False,,False,False,False
ELITE COURTYARD,TN/11/Building/0135/2025,RESIDENTIAL BUILDING,Coimbatore,11.0516389,77.042887,Residential,Non-High Rise Building (NHRB),1614,0,4145,,32,40000000,87000000,,127000000,32,0,4,[],[],17373,44616,2.57,2.0,2.0,36,2302,1950.0,2847,0.31,0.69,3968750,1394,False,False,False,0,False,Coimbatore,Residential,False,,False,False,False
M/s. Prince Property Management Services,TN/11/Building/0136/2025,"PLAN SHOWING THE PROPOSED CONSTRUCTION OF (18.25m HEIGHT) COMPRISED IN S.NO. 4 / 4 , 5 & 6, RESIDENTIAL BUILDING STILT FLOOR + 5 FLOORS MYLAMPATTI VILLAGE , SULUR TALUK , COIMBATORE DISTRICT.",Coimbatore,11.045770000000001,77.05009,Residential,Non-High Rise Building (NHRB),21250,0,18356,,240,210000000,482400000,,692400000,152,0,3,"[{'block': None, 'base_level': 'Stilt', 'floor_segments': ['5 FLOORS'], 'total_floors_above_base': 5}]",[],228733,197579,0.86,2.0,2.0,155,918,2442.0,3504,0.3,0.7,2885000,823,False,False,False,1,False,Coimbatore,Residential,False,,False,False,False
Sri Sundaramm Gardens,TN/11/Building/0143/2025,"S.F.NO. 132/ 3B2, 4, 5 AND 6B, SARAVANAMPATTI VILLAGE , COIMBATORE NORTH TALUK AND DISTRICT.",Coimbatore,11.071,77.0068,Residential,Non-High Rise Building (NHRB),2390,0,2430,,10,8141048,112300000,,120441048,19,10,4,[],[],25727,26161,1.02,2.0,2.0,33,316,4293.0,4604,0.07,0.93,12044105,2616,False,False,False,0,False,Coimbatore,Residential,False,,False,False,False
Cresendo,TN/11/Building/0155/2025,Residential Apartment building Stilt + 5 Floors,Coimbatore,11.066192,76.936728,Residential,Non-High Rise Building (NHRB),3035,0,7879,,55,35935614,394139360,,430074974,69,0,8,"[{'block': None, 'base_level': 'Stilt', 'floor_segments': ['5 Floors'], 'total_floors_above_base': 5}]",[],32668,84809,2.6,2.0,2.0,77,1100,4647.0,5071,0.08,0.92,7819545,1542,False,False,False,0,False,Coimbatore,Residential,False,,False,False,False
VRINDHAVANA ADHIRA,TN/11/Building/0168/2025,35 unit residential complex,Coimbatore,11.05,76.56,Residential,Non-High Rise Building (NHRB),1445,0,3525,,35,27000000,147000000,,174000000,35,0,0,[],[],15554,37941,2.44,2.0,2.0,35,1736,3874.0,4586,0.16,0.84,4971429,1084,False,False,False,0,False,Coimbatore,Residential,False,,False,False,False
ADVIKA,TN/11/Building/0173/2025,Residential apartment,Coimbatore,11.0637156,77.0235422,Residential,Non-High Rise Building (NHRB),594,0,1257,,14,22035000,49280600,,71315600,9,0,1,[],[],6398,13532,2.12,2.0,2.0,10,3444,3642.0,5270,0.31,0.69,5093971,967,False,False,False,0,False,Coimbatore,Residential,False,,False,False,False
SASHTI,TN/11/Building/0182/2025,"Old S.F.No:474/1A1pt, T.S.No.30, Block 23, Ward – Y (25) , Vilankuruchi Village, Coimbatore Corporation",Coimbatore,11.028304,77.013368,Residential,Non-High Rise Building (NHRB),7020,0,8418,518,25,212500000,361707646,,574207646,50,34,8,[],[],75563,96182,1.27,2.0,2.0,92,2812,3761.0,5970,0.37,0.63,22968306,3624,False,False,False,0,False,Coimbatore,Residential,False,,False,False,False
PROZONE PALMS PHASE IC,TN/11/Building/0184/2025,Tower C named Florenza with basement floor + stilt floor+ 18 floors. Each floor consists of 10 DUs of which 4 x 3 BHK and 6 x 2 BHK units.,Coimbatore,11.05608,76.99277,Residential,High Rise Building (HRB),99550,0,19026,,540,221200000,1274100000,622900000,2118200000,180,3,0,"[{'block': None, 'base_level': 'Basement', 'floor_segments': ['18 floors'], 'total_floors_above_base': 18}]",[],1071546,204798,0.19,2.0,4.87,183,206,6221.0,10343,0.1,0.6,3922593,379,False,False,False,0,False,Coimbatore,Residential,False,,False,False,False
SANKALP,TN/11/Building/0186/2025,Residential Aparatment,Coimbatore,11.012536,76.946722,Residential,Non-High Rise Building (NHRB),826,0,1989,,10,105000000,100000000,0,205000000,20,0,2,[],[],8894,21412,2.41,2.0,2.0,22,11805,4670.0,9574,0.51,0.49,20500000,2141,False,False,False,0,False,Coimbatore,Residential,False,,False,False,False
Dhiya's Rajashree,TN/11/Building/0198/2025,"Ward No:K(11), Block No:45, T.S.No:1799, Site no.43, Sanganur village, Central Zone, Coimbatore Corporation",Coimbatore,11.022777,76.956009,Residential,Non-High Rise Building (NHRB),522,0,1306,,10,76500000,58500000,,135000000,6,4,1,[],[],5622,14057,2.5,2.0,2.0,11,13607,4162.0,9604,0.57,0.43,13500000,1406,False,False,False,0,False,Coimbatore,Residential,False,,False,False,False
THE GARNET,TN/11/Building/0201/2025,"Ground + 2 Floors , 24 Blocks, with 24 Units of Residential Group Housing Development building, S.F.Nos: 1074/1A2, 1074/2A1, 1074/2A2C, 1074/2A2D, 1074/2B1A and 1074/2B3A, East Zone Kalapatti (East) Village ,Coimbatore North Taluk, Coimbatore Corporation , Coimbatore District.",Coimbatore,11.10035,77.035299,Residential,Non-High Rise Building (NHRB),8273,0,10350,,24,120000000,460000000,,580000000,96,0,12,"[{'block': None, 'base_level': 'Ground', 'floor_segments': ['2 Floors'], 'total_floors_above_base': 2}]",[],89045,111406,1.25,2.0,2.0,108,1348,4129.0,5206,0.21,0.79,24166667,4642,False,False,False,0,False,Coimbatore,Residential,False,,False,False,False
BROOKLYN BY DAC,TN/11/Building/0220/2025,"WARD.NO:H(8), BLOCK.NO:40, TS.NO: 1594 & 1595 AT ANNUPPERPALAYAM VILLAGE, COIMBATORE NORTH TALUK, COIMBATORE DISTRICT/ CORPORATION",Coimbatore,11.012914960900742,76.95630146708822,Residential,Non-High Rise Building (NHRB),928,0,1854,0,15,50000000,70000000,,120000000,17,0,0,[],[],9987,19957,2.0,2.0,2.0,17,5007,3508.0,6013,0.42,0.58,8000000,1330,False,False,False,0,False,Coimbatore,Residential,False,,False,False,False
Dhiya’s Urbanite,TN/11/Building/0222/2025,"Ward No:V(22), Block No:46, T.S.No:93/2,3,4, Site No.37,38,39, Ganapathy village, North Zone, Coimbatore Corporation",Coimbatore,11.044613,76.981919,Residential,Non-High Rise Building (NHRB),613,0,1593,,10,66500000,68900000,,135400000,6,4,1,[],[],6597,17149,2.6,2.0,2.0,11,10080,4018.0,7896,0.49,0.51,13540000,1715,False,False,False,0,False,Coimbatore,Residential,False,,False,False,False
VSK's AARA Apartment,TN/11/Building/0223/2025,"Block No.45 - Ward D(49) - kavundampalayam Village - T.S.No.2/1 - Old SF No.145/2B , Coimbatore District and Coimbatore Corporation - North Taluk",Coimbatore,11.02221,76.56007,Residential,Non-High Rise Building (NHRB),1976,0,5106,,45,300000000,130000000,,430000000,45,0,0,[],[],21269,54964,2.58,2.0,2.0,45,14105,2365.0,7823,0.7,0.3,9555556,1221,False,False,False,1,False,Coimbatore,Residential,False,,False,False,False
MAYFLOWER EAST GATE PHASE II,TN/11/Building/0226/2025,"OLD S.F.No.418/2PT NEW T.S.No.5/4,5/5,BLOCK No.7 WARD No.Z(26) VILLANKURICHI VILLAGE",Coimbatore,11.021849999999999,77.01133999999999,Residential,High Rise Building (HRB),1809,0,5016,148,26,65000000,197500000,,262500000,48,0,0,[],[],19474,55586,2.85,2.0,4.87,48,3338,3553.0,4722,0.25,0.75,10096154,2077,False,False,False,1,False,Coimbatore,Residential,False,,False,False,False
M/s.Gujan's Paripalana Phase III,TN/11/Building/0234/2025,"S.F No:411/2E14C, 411/2E14D, 411/2E14E, 411/2E14F Site Nos : 3, 4, 5,6 in approved layout LP/CLP : 323/2022",Coimbatore,11.0048988,76.8861038,Residential,Non-High Rise Building (NHRB),765,0,1981,,40,250000000,70000000,,320000000,0,0,0,[],[],8234,21325,2.59,2.0,2.0,0,30360,3283.0,15006,0.78,0.22,8000000,533,False,False,False,0,False,Coimbatore,Residential,False,40.0,False,False,False
NAVANEETHA RR RAGHAVENDRA,TN/11/Building/0235/2025,"Silt + 5 Floors with 28 Dwellimg unit T. S. No. 169,170,171 , Ward No: F , Block No. 5, Coimbatore old Town and Village, Coimbatore South, Coimbatore Corporation, Coimbatore District.",Coimbatore,10.995759,76.950759,Residential,Non-High Rise Building (NHRB),1183,0,2962,,28,51000000,105000000,,156000000,22,4,0,"[{'block': None, 'base_level': None, 'floor_segments': ['5 Floors'], 'total_floors_above_base': 5}]",[],12734,31882,2.5,2.0,2.0,26,4005,3293.0,4893,0.33,0.67,5571429,1139,False,False,False,0,False,Coimbatore,Residential,False,,False,False,False
ORCHID AARNA,TN/11/Building/0239/2025,Basement+Stilt+5 Floors of Residential Apartment building.,Coimbatore,11.073344,76.94387,Residential,Non-High Rise Building (NHRB),4047,0,10516,0,68,108900000,362742750,,471642750,84,2,8,"[{'block': None, 'base_level': 'Basement', 'floor_segments': ['5 Floors'], 'total_floors_above_base': 5}]",[],43560,113191,2.6,2.0,2.0,94,2500,3205.0,4167,0.23,0.77,6935923,1665,False,False,False,0,False,Coimbatore,Residential,False,,False,False,False
INFINIUM LOTUS MEADOWS,TN/11/Building/0241/2025,"Proposed Group House Residential Building - Stilt+5 Floors Apartment Block (65 Dwelling Units), Ground+1 Floor Villas (39 Dwelling Units) & Club House totalling 104 Dwelling Units in SF No 633, Keeranatham Village and Panchayat, Annur Taluk, Coimbatore District",Coimbatore,11.097712,76.983487,Residential,Non-High Rise Building (NHRB),17039,0,16685,662,104,340000000,860000000,,1200000000,104,24,0,"[{'block': None, 'base_level': 'Ground', 'floor_segments': ['5 Floors', '1 Floor'], 'total_floors_above_base': 6}]",[],183402,186716,1.02,2.0,2.0,128,1854,4606.0,6427,0.28,0.72,11538462,1727,False,False,False,0,False,Coimbatore,Residential,False,,False,False,False
AURA,TN/11/Building/0245/2025,"Door No.90, 91, 146 & 147, Rajaji Road, Sarojini Street, Ram nagar, Coimbatore - 641 009. Stilt + Five Floors with 16 Dwelling units at Availing Premium FSI In Old S.F.NO.33, T.S.No.9/282 (OLD), Block No.14, Ward No. Ward –I(9) Anupperpalayam, Site No.21 Part & 28, Present T.S.No.331/1, 331/2, 331/4 & 331/5 of Anupperpalayam Village, Coimbatore (N) Taluk, Coimbatore District and Corporation.",Coimbatore,11.011912,76.963291,Residential,Non-High Rise Building (NHRB),810,0,2098,,16,95000000,19521650,,114521650,14,2,2,"[{'block': None, 'base_level': 'Stilt', 'floor_segments': ['Five Floors'], 'total_floors_above_base': 5}]",[],8719,22588,2.59,2.0,2.0,18,10896,3307.0,5070,0.83,0.17,7157603,1412,False,False,False,0,False,Coimbatore,Residential,False,,False,True,True
Dhiya's Sai Sree Lakshmi,TN/11/Building/0246/2025,"Ward No:Q(17), Block No:15, T.S.No:34,35,36, Site No.1,2, Sanganur village, West Zone, Coimbatore Corporation",Coimbatore,11.03012,76.941437,Residential,Non-High Rise Building (NHRB),778,0,2002,,20,91500000,82000000,,173500000,2,13,2,[],[],8369,21551,2.58,2.0,2.0,17,10933,3805.0,8051,0.53,0.47,8675000,1078,False,False,False,0,False,Coimbatore,Residential,False,,False,False,False
ACROSS ORIGIN,TN/11/Building/0247/2025,"SITE NO.10, SF.No. 3/3C1A2 & 3/3C1A3, VKV NANJAPPA GOUNDER LAYOUT, SARAVANAMPATTI, VILANKURICHI VILLAGE,COIMBATORE NORTH TALUK,COIMBATORE CORPORATION - 641035",Coimbatore,11.097096,77.01432,Residential,Non-High Rise Building (NHRB),529,0,1634,,13,26003400,51353669,,77357069,10,1,2,[],[],5694,17592,3.09,2.0,2.0,13,4567,2919.0,4397,0.34,0.66,5950544,1353,False,False,False,0,False,Coimbatore,Residential,False,,False,False,False
NITHYA CLOVER,TN/11/Building/0260/2025,"(S+5 FLOORS) 2 BLOCK, AFFORDABLE HOUSING RESIDENTIAL APARTMENT BUILDING",Coimbatore,11.006417,76.997611,Residential,Non-High Rise Building (NHRB),3487,0,9075,,90,56301102,251714849,,308015951,88,12,9,"[{'block': None, 'base_level': 'Stilt', 'floor_segments': ['5 FLOORS'], 'total_floors_above_base': 5}]",[],37534,97682,2.6,2.0,2.0,109,1500,2577.0,3153,0.18,0.82,3422399,1085,False,False,False,0,False,Coimbatore,Residential,False,,False,False,False
INDRAPRASTHA,TN/11/Building/0271/2025,"T.S. Nos. 9/1B2, 9/1B3 & 9/1B4 (S.F. No:364/ 1 Part) of Vilankurichi Village, Coimbatore North Taluk, Coimbatore - 641035",Coimbatore,11.048478,77.103959,Residential,Non-High Rise Building (NHRB),4050,0,3781,306,14,20000000,140000000,,160000000,28,3,0,[],[],43594,43986,1.01,2.0,2.0,31,459,3183.0,3638,0.12,0.88,11428571,2907,False,False,False,0,False,Coimbatore,Residential,False,,False,False,False
SRINIVASA PALMS -2,TN/11/Building/0274/2025,"S.F.No:304/2B, Vadakkipalayam Village,Pollachi Taluk, Coimbatore Dist",Coimbatore,10.434608,76.57152199999999,Mixed Development,Non-High Rise Building (NHRB),4745,0,11327,934,160,50000000,300000000,,350000000,31,3,3,[],[],51075,131983,2.58,2.0,2.0,37,979,2273.0,2652,0.14,0.86,2187500,762,False,False,False,1,False,Coimbatore,Mixed Development,False,,False,False,False
WILLA 25,TN/11/Building/0284/2025,"Group House Building- District Town and Country planning office, Coimbatore - Local Planning Authority - Coimbatore District and Coimbatore Corporation– Kavundampalayam Village - Ward:B(049) - Block No:81- T.S.No’s.2/3, 2/6, 2/7, 2/8, 2/9 - Site area: 2796.00 (As per TSLR) - Proposed Group House Building with Ground + 1 floor for an FSI Area:2741.14 sqm-TVS Nagar-Coimbatore-Thadagam Road",Coimbatore,11.04565,76.92283,Residential,Non-High Rise Building (NHRB),2796,,6571,,14,70000000,113500000,,183500000,14,14,0,"[{'block': 'Block No', 'base_level': 'Ground', 'floor_segments': ['1 floor'], 'total_floors_above_base': 1}]",[],30096,70726,2.35,2.0,2.0,28,2326,3307.0,2595,0.38,0.62,13107143,5052,False,False,True,0,False,Coimbatore,Residential,False,,False,True,True
Ananyas Nana Nani Homes Phase 8,TN/11/Building/0285/2025,Construction of Residential Building,Coimbatore,10.999958,76.846958,Residential,Non-High Rise Building (NHRB),41750,0,73447,5879,510,397250000,2100000000,,2497250000,584,25,0,[],[],449393,853860,1.9,2.0,2.0,609,884,2459.0,2925,0.16,0.84,4896569,1550,False,False,False,0,False,Coimbatore,Residential,False,,False,False,False
RR MILIR,TN/11/Building/0294/2025,"2ND STREET, ARYAN SOAP COLONY, RAMANATHAPURAM, COIMBATORE",Coimbatore,76.9909628,76.9907788,Residential,Non-High Rise Building (NHRB),4425,0,4425,,55,55000000,122398614,,177398614,32,0,0,[],[],47633,47633,1.0,2.0,2.0,32,1155,2570.0,3724,0.31,0.69,3225429,866,False,False,False,0,False,Coimbatore,Residential,False,,False,False,False
-,TN/11/Building/0297/2025,"127/2A, 127/2B1 & 127/2B2 of Kalapatti west Village",Coimbatore,11.082994,77.033803,Residential,Non-High Rise Building (NHRB),2428,0,6287,,40,78480000,255600000,,334080000,60,0,6,[],[],26135,67671,2.59,2.0,2.0,66,3003,3777.0,4937,0.23,0.77,8352000,1692,False,False,False,0,False,Coimbatore,Residential,False,,False,False,False
PROMAG ARANYA,TN/11/Building/0300/2025,"Sf.No 514/1A1,518/2B,519/2B at Vadavalli Village, West Zone, Perur Taluk ,Coimbatore District",Coimbatore,11.023734,76.879069,Residential,Non-High Rise Building (NHRB),4727,0,2233,18,9,26026000,93741300,,119767300,8,14,3,[],[],50879,24236,0.48,2.0,2.0,25,512,3868.0,4942,0.22,0.78,13307478,2671,False,False,False,0,False,Coimbatore,Residential,False,,False,False,False
""" GlobusArima Luminare """,TN/11/Building/0302/2025,Basement - 2 + Ground Floor + 8 Floors High rise Residential Building,Coimbatore,11.0231,77.00514000000001,Residential,High Rise Building (HRB),5848,0,17387,,97,500000000,800000000,,1300000000,178,50,15,"[{'block': None, 'base_level': 'Ground', 'floor_segments': ['8 Floors'], 'total_floors_above_base': 8}]",[],62945,187147,2.97,2.0,4.87,243,7943,4275.0,6946,0.38,0.62,13402062,1929,False,False,False,1,False,Coimbatore,Residential,False,,False,False,False
WELLINGTON VILLAGE,TN/11/Building/0308/2025,"S.F No: 194 / A1, 195 / 2A, 4B & 4D, KALAPATTY (WEST) VILLAGE, COIMBATORE NORTH TALUK, COIMBATORE CORPORATION.",Coimbatore,11.07349,77.029903,Residential,Non-High Rise Building (NHRB),17247,0,16856,437,47,23706000,410000000,,433706000,71,101,20,[],[],185645,186139,1.0,2.0,2.0,192,128,2203.0,2330,0.05,0.95,9227787,3860,False,False,False,0,False,Coimbatore,Residential,False,,False,False,False
MAHAABAGAVATH APARTMENTS,TN/11/Building/0311/2025,"Plot No.2,3,4, and 5 , RR VEL AVENUE Old SF No.225/1C New SF No.225/1B, Vadavalli Village , Perur Taluk, Coimbatore District",Coimbatore,11.027654,76.884019,Residential,Non-High Rise Building (NHRB),735,0,1820,,16,26900000,67500000,,94400000,18,0,2,[],[],7915,19590,2.48,2.0,2.0,20,3399,3446.0,4819,0.28,0.72,5900000,1224,False,False,False,0,False,Coimbatore,Residential,False,,False,False,False
Royal Kalpataru Phase II,TN/11/Building/0317/2025,"T. S. No. 8/2 (Old S. F. No. 162), Block No. 25, Ward – U(21) & T. S. No. 42 (Old S. F. No. 156/1 (Part)), Block 23, Ward –U(21), Ganapathy Nagar 3rd Street Extn.,Coimbatore Corporation (North Zone), Ganapathy Village, Coimbatore District, Tamil Nadu state.",Coimbatore,11.015830000000001,76.58588999999999,Mixed Development,Non-High Rise Building (NHRB),12019,0,3795,905,44,32363200,198305965,,230669165,70,43,4,[],[],129373,50593,0.39,2.0,2.0,117,250,3920.0,4559,0.14,0.86,5242481,928,False,False,False,1,False,Coimbatore,Mixed Development,False,,False,False,False
UPTOWN,TN/11/Building/0318/2025,"NEW S.F No : 629 / 10A & 10C, KURUCHI VILLAGE, MADUKKARAI TALUK, COIMBATORE DISTRICT",Coimbatore,10.928727,76.98434,Residential,Non-High Rise Building (NHRB),4100,0,7287,,110,15000000,250000000,,265000000,62,18,6,[],[],44132,78439,1.78,2.0,2.0,86,340,3187.0,3378,0.06,0.94,2409091,713,False,False,False,0,False,Coimbatore,Residential,False,,False,False,False
Sukra's FRENCH CASTLE,TN/11/Building/0319/2025,STILT+5,Coimbatore,11.0326,76.94095,Residential,Non-High Rise Building (NHRB),602,0,1533,,15,12500000,72700640,,85200640,12,0,2,"[{'block': None, 'base_level': 'Stilt', 'floor_segments': ['5'], 'total_floors_above_base': 5}]",[],6485,16505,2.55,2.0,2.0,14,1927,4405.0,5162,0.15,0.85,5680043,1100,False,False,False,0,False,Coimbatore,Residential,False,,False,False,False
SAARA HOMES,TN/11/Building/0322/2025,PREMIUM 2 & 3 BHK APARTMENTS,Coimbatore,11.0499306,76.9187302,Residential,Non-High Rise Building (NHRB),1174,0,2344,0,24,40000000,70000000,,110000000,22,5,0,[],[],12637,25236,2.0,2.0,2.0,27,3165,2774.0,4359,0.36,0.64,4583333,1051,False,False,False,0,False,Coimbatore,Residential,False,,False,False,False
ATULIT Business Centre,TN/12/Building/0017/2025,"The project is held at The Nilgiris District, Coonoor Municipality / Taluk - Ward B - Block - 6 bearing T.S No. 1/5.",Nilgiris,11.351756,76.79532,Commercial,Non-High Rise Building (NHRB),8306,0,0,5268,,75000000,125000000,,200000000,0,79,17,[],[],89405,56709,0.63,2.0,2.0,96,839,2204.0,3527,0.38,0.62,,,False,False,False,0,False,Nilgiris,Commercial,False,,False,False,False
KRISHNA TOWERS,TN/13/Building/0062/2025,"Plot No 81, Natarajapuram South, 6th Cross,Medical College Road,Thanjavur - 613007",Thanjavur,10.765952,79.115814,Residential,Non-High Rise Building (NHRB),526,0,1125,,12,7583000,28000000,,35583000,14,0,2,[],[],5656,12111,2.14,2.0,2.0,16,1341,2312.0,2938,0.21,0.79,2965250,1009,False,False,False,0,False,Thanjavur,Residential,False,,False,False,False
ABC TULIP,TN/16/Building/0016/2025,"“ABC TULIP” Stilt Parking plus Five Floors Total 20 Residential dwelling units to be set up At Affordable Residential Apartment Building In Ward:I, Block No:24, T.S.No:72/2 At Pandamangalam Village, K.Abishekapuram Zone Trichy 620003",Tiruchirappalli,10.493560000000002,78.39586,Residential,Non-High Rise Building (NHRB),866,0,2079,,20,13202189,73500181,,86702370,13,3,0,[],[],9317,22383,2.4,2.0,2.0,16,1417,3284.0,3874,0.15,0.85,4335118,1119,False,False,False,1,False,Tiruchirappalli,Residential,False,,False,False,False
ARENYA TOWERS,TN/16/Building/0045/2025,"The Residential Building ""ARENYA TOWERS "" at DOOR NO.65& 65/1, (Old D.NO.65&65A) T.S NO.47/1,2,3,4 & 5 Block:13 ward : y (old ward :E) Officers Colony Rengarajapuram, Puthur, K.Abishekapuram Zone, Trichy District",Tiruchirappalli,10.812502,78.680954,Residential,Non-High Rise Building (NHRB),1091,0,2060,0,24,85600000,56714430,,142314430,14,1,15,[],[],11743,22168,1.89,2.0,2.0,30,7289,2558.0,6420,0.6,0.4,5929768,924,False,False,False,0,False,Tiruchirappalli,Residential,False,,False,False,False
BHARATH GREEN ENCLAVE,TN/16/Building/0103/2025,"BASEMENT PLUS THREE FLOOR BUILDING, WITH 44 NOS OF 2 , 3 BHK FLATS. LOCATED AT MELUR ROAD , SRIRANGAM.",Tiruchirappalli,10.8693445,78.6806113,Residential,Non-High Rise Building (NHRB),2212,0,4691,,44,15475957,209176273,,224652230,44,0,0,"[{'block': None, 'base_level': 'Basement', 'floor_segments': ['THREE FLOOR'], 'total_floors_above_base': 3}]",[],23807,50494,2.12,2.0,2.0,44,650,4143.0,4449,0.07,0.93,5105732,1148,False,False,False,0,False,Tiruchirappalli,Residential,False,,False,False,False
ATULYA HOMES,TN/16/Building/0116/2025,"PROJECT NAME : ATULYA HOMES ,Situated at T.S No.65/2, Old T.S No.315/1, 315/2,315/3, & 316/2 of Kottapattu Village,Majara,Ward -V, Block No.11,Raja Nagar Extension - II, Ponamalai Zone, Tirchy Distrct - 620019.",Tiruchirappalli,10.741454,78.69937,Residential,Non-High Rise Building (NHRB),6498,0,11493,,152,141633000,380867000,,522500000,45,0,0,[],[],69944,123714,1.77,2.0,2.0,45,2025,3079.0,4223,0.27,0.73,3437500,814,False,False,False,0,False,Tiruchirappalli,Residential,False,,False,False,False
Vincent Philomena Enclave (VP Enclave),TN/16/Building/0122/2025,"Residential Apartment Building project "" Vincent Philomena Enclave “to be set up at New Ward AK, New Block No.4, New T.S.No.31 in Arokiasamy Pillai Street , Bearing Door No.13A/21, K.Abishekapuram Village, Crawford,Trichy, Tamil Nadu-620012",Tiruchirappalli,10.465221999999999,78.40475,Residential,Non-High Rise Building (NHRB),667,0,1679,,16,10509017,59622980,1227897,71359894,12,5,0,[],[],7176,18077,2.52,2.0,2.0,17,1465,3298.0,3948,0.15,0.84,4459993,1130,False,False,False,1,False,Tiruchirappalli,Residential,False,,False,False,False
VISAKA'S KN CASTEL,TN/16/Building/0131/2025,"""VISAKA'S KN CASTEL ""Stilt + 5 floors,15 Dwelling Unit, in T.S. No:145/88,89, Block No: 14, Ward: AF, Plot.No:13,14, Kottapattu Village , Tiruchirappalli East Taluk , Tiruchirappalli District, Tamil Nadu-620012",Tiruchirappalli,10.45228,78.41586,Residential,Non-High Rise Building (NHRB),524,0,1354,,15,4930339,45112450,,50042789,16,0,0,[],[],5645,14571,2.58,2.0,2.0,16,873,3096.0,3434,0.1,0.9,3336186,971,False,False,False,1,False,Tiruchirappalli,Residential,False,,False,False,False
RJ SKY,TN/16/Building/0139/2025,"“ RJ SKY” Stilt Parking plus five floors total 50 residential dwelling units to be constructed at Plot No:26,27&28 in Viswas Nagar at T.S.No:18/76 (OLD S.F.No:46/6c),Ward – Q,Block No:2,Tharanallur Village, Ariyamangalam Zone,Trichy City Corporation.",Tiruchirappalli,10.485819999999999,78.42301,Residential,Non-High Rise Building (NHRB),1913,0,5321,,50,29624892,182090962,,211715854,51,4,0,[],[],20588,57280,2.78,2.0,2.0,55,1439,3179.0,3696,0.14,0.86,4234317,1146,False,False,False,1,False,Tiruchirappalli,Residential,False,,False,False,False
SBRR Subhiksham,TN/16/Building/0153/2025,"Ground + 2 Floors, 10 Dwelling units, T.S. No. 1041/27, 53 Block, No:30, Ward - A, Vellithirumutham, Melur Road, Srirangam, Zone - I, Tiruchirapalli City Corporation, Tamilnadu - 620003",Tiruchirappalli,10.867683,78.67979,Residential,Non-High Rise Building (NHRB),632,0,1162,,10,55000000,40000000,,95000000,11,0,0,"[{'block': None, 'base_level': 'Ground', 'floor_segments': ['2 Floors'], 'total_floors_above_base': 2}]",[],6803,12508,1.84,2.0,2.0,11,8084,3198.0,7595,0.58,0.42,9500000,1251,False,False,False,0,False,Tiruchirappalli,Residential,False,,False,False,False
PRIYANKA TOWERS,TN/16/Building/0199/2025,"Stilt +4 floors in T.S.No.27/28,Ward I, Block No.6, Panadmanagalam Village, K.Abishekapuram, Trichy, Tamil Nadu- 620102.",Tiruchirappalli,10.502,78.3943,Residential,Non-High Rise Building (NHRB),982,0,2553,0,40,15128268,67240610,2329138,84698016,18,4,0,"[{'block': None, 'base_level': 'Stilt', 'floor_segments': ['4 floors'], 'total_floors_above_base': 4}]",[],10570,27482,2.6,2.0,2.0,22,1431,2447.0,3082,0.18,0.79,2117450,687,False,False,False,1,False,Tiruchirappalli,Residential,False,,False,False,False
VIGNESH AVANTHIKA,TN/16/Building/0214/2025,"“VIGNESH AVANTHIKA”Stilt Parking plus Five Floors Total 14 Residential dwelling units to be set up at Consulting Office Cum Residential Apartment Building In Ward: M, Block No:5, T.S.No:28, 29 At Old Door No:5, New Door No:C3, 3rd Cross West Extension, Thillai Nagar, Zone- V, Tiruchirappalli District.",Tiruchirappalli,10.825412,78.681365,Mixed Development,Non-High Rise Building (NHRB),922,0,2206,190,14,48238168,87102818,,135340986,17,2,0,[],[],9923,25789,2.6,2.0,2.0,19,4861,3378.0,5248,0.36,0.64,9667213,1696,False,False,False,0,False,Tiruchirappalli,Mixed Development,False,,False,False,False
Navaneetha’s Vairam,TN/16/Building/0250/2025,"Silt Floor + 5 Floors with 25 Dwelling Units , T. S. No. 13/1,13/2,13/3,13/4 , Ward No: AB , Block No. 7, (old Ward : K ) at Marees Avenue, Collectors office Road, K.Abishekapuram Village, Ponmalai Zone, ( Zone IV ) Thiruchirapalli Corporation, Tamil Nadu state.",Tiruchirappalli,10.80335,78.674113,Residential,Non-High Rise Building (NHRB),887,0,2992,,25,47700000,117500000,,165200000,19,4,0,[],[],9543,32210,3.38,2.0,2.0,23,4998,3648.0,5129,0.29,0.71,6608000,1288,False,False,False,0,False,Tiruchirappalli,Residential,False,,False,False,False
CREEK RESIDENCES,TN/1/Building/0003/2025,"Construction of 18Residential Villasviz., 1, 2, 3, 4, 5, 6, 7, 8, 9, 10, 11, 12, 13, 14, 15, 16, 17, 18, comprised in Plot Numbers 1 to 12 inSurvey No.119/2 & 120/2Bbearing Patta No. 1264, Building Plans approved by CMDA, KundrathurPanchayat Union & BDO, Erendamkattalaisituated in Erendamkattalai Village, KundrathurTaluk, Kancheepuram District, and within the Registration District of South Chennai and sub-registration District of Pammal.",Kancheepuram,12.28269,76.58936,Residential,Non-High Rise Building (NHRB),2319,0,2009,0,18,87363500,108150000,,195513500,0,18,0,[],[],24961,21629,0.87,2.0,2.0,18,3500,5000.0,9039,0.45,0.55,10861861,1202,False,False,False,0,False,Kancheepuram,Residential,False,,False,False,False
THE BANYAN,TN/1/Building/0012/2025,"The planning permission for the proposed construction of Group housing development with combined stilt Floor with 2 Blocks- Block A- Stilt Floor+5 Residential Building ( Height 18.30m) with 39 dweling units with association roomn and block – B stilt floor+5 floors residential building ( height 18.30m) with 50 dwelling units totally 89 dwelling units ( affordable Housing) at Plot no. 24,25,26,27&28, T.Ponnambalam salai, Aleya Garden, Kolapakkam, Chennai comprised in S.No.132/9 of Kolapakkam village Kundrathur taluk within the limits of Kundrathur panchayat Union",Kancheepuram,13.016274,80.147828,Residential,Non-High Rise Building (NHRB),3450,0,9585,,89,162100000,330000000,,492100000,39,51,1,"[{'block': None, 'base_level': 'Stilt', 'floor_segments': ['5 floors'], 'total_floors_above_base': 5}]","[18.3, 18.3]",37135,103177,2.78,2.0,2.0,91,4365,3198.0,4769,0.33,0.67,5529213,1159,False,False,False,0,False,Kancheepuram,Residential,False,,False,False,False
MP MERLIN,TN/1/Building/0080/2025,"Construction of Residential Building Stilt + 5 Floors, with 50 Dwelling units situated at Plot Nos. 1 ,comprised in Survey No.60/1A1A, & 64/3A1 Moondramkattalai Village, Kundrathur Taluk, Kancheepuram District.",Kancheepuram,12.9978987,80.1072635,Residential,Non-High Rise Building (NHRB),1693,0,4380,,50,82012500,152776800,,234789300,25,3,0,"[{'block': None, 'base_level': 'Stilt', 'floor_segments': ['5 Floors'], 'total_floors_above_base': 5}]",[],18225,47143,2.59,2.0,2.0,28,4500,3241.0,4980,0.35,0.65,4695786,943,False,False,False,0,False,Kancheepuram,Residential,False,,False,False,False
MP MAGNUS,TN/1/Building/0081/2025,"Construction of Residential Building , Stilt + 5 Floors with 20 Dwelling units situated at Plot Nos. 2,comprised in Survey No. 64/3A1 Moondramkattalai Village, Kundrathur Taluk, Kancheepuram District.",Kancheepuram,12.9978987,80.1072635,Residential,Non-High Rise Building (NHRB),629,0,1634,,20,30465000,56767500,,87232500,6,5,0,"[{'block': None, 'base_level': 'Stilt', 'floor_segments': ['5 Floors'], 'total_floors_above_base': 5}]",[],6770,17589,2.6,2.0,2.0,11,4500,3227.0,4959,0.35,0.65,4361625,879,False,False,False,0,False,Kancheepuram,Residential,False,,False,False,False
LE-PALAIS,TN/1/Building/0113/2025,"Project at Jothi Nagar Road connecting to Kundrathur Main Road, comprised in S.No.29/4, 29/5A, 29/5B, 29/5C & 29/5D of Moulivakkam Village, Kundrathur Taluk, Kancheepuram District, Kundrathur Panchayat Union Limit, Tamilnadu State.",Kancheepuram,13.018157,80.139806,Residential,Non-High Rise Building (NHRB),5200,0,12968,,116,220000000,510000000,,730000000,109,0,7,[],[],55970,139588,2.49,2.0,2.0,116,3931,3654.0,5230,0.3,0.7,6293103,1203,False,False,False,0,False,Kancheepuram,Residential,False,,False,False,False
PROSPERA BY DAC,TN/1/Building/0125/2025,"S.F.No.182/6C, 183/5A, 183/6, 183/7A, 183/7B, 183/8, 183/9A, 184 & 185 of Ayyappanthangal Village, Kundrathur Taluk, Within the Limit of Kundrathur Panchayat Union.",Kancheepuram,13.043498,80.138824,Residential,Non-High Rise Building (NHRB),6738,0,18847,,165,368000000,616247550,,984247550,149,35,0,[],[],72527,202864,2.8,2.0,2.0,184,5074,3038.0,4852,0.37,0.63,5965137,1229,False,False,False,0,False,Kancheepuram,Residential,False,,False,False,False
Tower 4B - Rainbow Heights,TN/1/Building/0137/2025,"Construction of Basement Floor for Tower 4B, Tower 4B – Ground floor + 19 floors with 272 dwelling units comprised in S.No.765/29B2c, 29B1, 389/2 part, 384, 398/2 part, 397/2, 390 part, 391, 380, 379, 392 of Mangadu Village, Poonamallee, Kundrathur Main Road, Pallavaram Taluk, Kancheepuram District.",Kancheepuram,13.01346,80.06499000000001,Residential,High Rise Building (HRB),108817,25619,0,275,2614,200000000,530000000,,730000000,0,0,0,"[{'block': None, 'base_level': 'Ground', 'floor_segments': ['19 floors'], 'total_floors_above_base': 19}]",[],1171292,278718,0.24,2.0,4.87,0,171,1902.0,2619,0.27,0.73,279265,105,False,False,False,1,False,Kancheepuram,Residential,False,2614.0,False,False,False
THE WHITE HOUSE – TOWER A,TN/1/Building/0167/2025,"Construction of Stilt Floor + 3 Floors (Height -13.40 M) Residential Building with 18 Dwelling Units at Plot Nos. 1, 2, 3, 4, 5, 6, 7, 8, 9, 10 & 11, Manapakkam Main Road, Kolapakam, Chennai 600116 Comprised In Old S.No.26/2, Patta No.4074 as per Patta Old S.No.26/2A1, now New Sub-Division S.Nos.26/2A1B, 26/2A1C, 26/2A1D, 26/2A1L, 26/2A1R, 26/2A1S, 26/2A1T, 26/2A1U 26/2A1V, 26/2A1W & 26/2A1X of Kolapakkam Village, within the limit of Kundrathur Panchayat Union.",Kancheepuram,13.0112897,80.1601398,Residential,Non-High Rise Building (NHRB),1040,0,2444,,18,58941675,95539500,,154481175,19,1,2,"[{'block': None, 'base_level': 'Stilt', 'floor_segments': ['3 Floors'], 'total_floors_above_base': 3}]",[13.4],11194,26309,2.35,2.0,2.0,22,5265,3631.0,5872,0.38,0.62,8582288,1462,False,False,False,0,False,Kancheepuram,Residential,False,,False,False,False
CASAGRAND HIGHCLERE,TN/1/Building/0177/2025,"Proposed Construction of Residential Building High Rise Group Development Consisting of Extended Combined Basement Floor with 3 Blocks, Block 1 : Stilt Floor + 15 Floors (165 Dwelling Units), Block 2 : Stilt Floor + 15 Floors (165 Dwelling Units), Block 3 : G+2 Floors Club House Building- (GF - Change Room, FF – Indoor Games / Kids Play Area / Av Room, SF – Gym / Kids Play Area / Association Room) and Swimming Pool (Partly Covered in Block-3 and Partly Open), Totally 330 Dwelling Units) at Kundrathur Main Road, Chennai - 600 069 Comprised in Survey Nos: 3/2, 4, 5/1, 5/2, 42/3, 43/1B & 43/3 of Kollacheri Village, Kundrathur Taluk, Kancheepuram District within The Limits of Kundrathur Panchayat Union.",Kancheepuram,13.005044,80.102013,Residential,High Rise Building (HRB),12480,0,37286,797,330,390000000,1750000000,,2140000000,195,69,28,"[{'block': 'Block 1', 'base_level': 'Stilt', 'floor_segments': ['15 Floors'], 'total_floors_above_base': 15}, {'block': 'Block 2', 'base_level': 'Stilt', 'floor_segments': ['15 Floors'], 'total_floors_above_base': 15}, {'block': 'Block 3', 'base_level': 'Ground', 'floor_segments': ['2 Floors'], 'total_floors_above_base': 2}]",[],134333,409922,3.05,2.0,4.87,292,2903,4269.0,5221,0.18,0.82,,,False,True,False,0,False,Kancheepuram,Residential,False,,False,False,False
CASAGRAND REVA https://rera.tn.gov.in/public-view2/building/pfirm/2a34b590-2cda-11f0-a6b1-7da4c2f2b79b,TN/1/Building/0179/2025,"Proposed Construction of High Rise Building (HRB) Group Development Consisting of Extended Combined Basement Floor (Block-1 & Block-2), Block 1: Ground Floor + 12 Floors with 39.75M Height (230 Dwelling Unit) (Amenities in GF - Kids Play Area, FF- Indoor Games, Pool Room & TT Room, SF - GYM, AV Room & Yoga), Block 2: Ground Floor + 12 Floor with 39.75M Height - 220 Dwelling Unit and Open Swimming Pool (Totally 450 Dwelling Units) Residential Building at Pallavaram - Kundrathur Road (Jawaharlal Nehru Road), S.Nos: 7/1, 7/2 & 513/1A1B of Kundrathur “B” Village, Kundrathur Taluk, Kancheepuram District within The Limits of Kundrathur Town Panchayat.",Kancheepuram,12.986547,80.119005,Residential,Non-High Rise Building (NHRB),20275,0,55449,1308,450,570000000,2710000000,,3280000000,291,0,30,"[{'block': 'Block 1', 'base_level': 'Ground', 'floor_segments': ['12 Floors'], 'total_floors_above_base': 12}, {'block': 'Block 2', 'base_level': 'Ground', 'floor_segments': ['12 Floor'], 'total_floors_above_base': 12}]",[],218235,610927,2.8,2.0,2.0,321,2612,4436.0,5369,0.17,0.83,7288889,1326,False,False,False,0,False,Kancheepuram,Residential,False,,False,False,False
BEACH BOULEVARD PHASE 3,TN/1/Building/0240/2025,"Group development, Residential villa, S. no.69/7s, Semmancheri Village, Thiruporur union, Thiruporu Taulk,",Kancheepuram,12.72571,80.18832,Residential,Non-High Rise Building (NHRB),1133,0,957,0,7,33536250,42682500,6467500,82686250,0,7,1,[],[],12195,10301,0.84,2.0,2.0,8,2750,4144.0,8027,0.41,0.52,11812321,1472,False,False,False,0,False,Kancheepuram,Residential,False,,False,False,False
CASAGRAND OSAKA https://rera.tn.gov.in/public-view2/building/pfirm/15042910-30df-11f0-9b28-a96b4c9a7a8d,TN/1/Building/0243/2025,"Proposed Construction of Group Housing Development with Combined Basement Consisting of 3 Blocks; Block A – Basement Floor + Ground Floor + 1st Floor Part + 2nd Floor Part + 3rd Floor Part + 4th Floor Part + 5th Floor Part (Height – 18.15 M) Residential Building with 119 Dwelling Units; Block B – Basement Floor + Ground Floor + 1st Floor Part + 2nd Floor Part + 3rd Floor Part + 4th Floor Part +5th Floor Part (Height – 18.15 M) Residential Building with 216 Dwelling Units with (Kids Play, Indoor Games Room, Gym & Yoga Room) with Swimming Pool; Block C – Basement Floor + Ground Floor + 1st Floor Part + 2nd Floor Part + 3rd Floor Part + 4th Floor Part +5th Floor Part (Height – 18.15 M) Residential Building with 66 Dwelling Units – Totally 401 Dwelling Units at Dhanalakshmi Nagar, Moulivakkam, Chennai Comprised In S.Nos.1/1A1B,",Kancheepuram,13.02482,80.139392,Residential,Non-High Rise Building (NHRB),27560,0,53179,955,401,820000000,2340000000,,3160000000,365,0,35,"[{'block': None, 'base_level': 'Ground', 'floor_segments': ['1st Floor', '2nd Floor', '3rd Floor', '4th Floor', '5th Floor', '1st Floor', '2nd Floor', '3rd Floor', '4th Floor', '5th Floor', '1st Floor', '2nd Floor', '3rd Floor', '4th Floor', '5th Floor'], 'total_floors_above_base': 15}]","[18.15, 18.15, 18.15]",296653,582692,1.96,2.0,2.0,400,2764,4016.0,5423,0.26,0.74,7880299,1427,False,False,False,0,False,Kancheepuram,Residential,False,,False,False,False
MILLENNIUM BY DAC,TN/1/Building/0289/2025,"S.NO: 52/1A2, 52/2A & 52/3 of Gerugambakkam Village within the Kundrathur Panchayat Union Limit",Kancheepuram,13.014812,80.140969,Residential,Non-High Rise Building (NHRB),3948,0,10245,,138,10000000,325400000,,335400000,78,0,0,[],[],42496,110275,2.59,2.0,2.0,78,235,2951.0,3041,0.03,0.97,2430435,799,False,False,False,0,False,Kancheepuram,Residential,False,,False,False,False
“HARMONIA PAVILION”,TN/1/Building/0299/2025,"“HARMONIA PAVILION”, Plot Nos.1,2, 17, 18 and 19, Town and Country, Comprised in Old Survey Nos. 1288/2, 1314/1, 1314/2 and New Survey Nos.1288/2A Part, 1334/1A1(Part) and 1314/2A1(Part), Sriperumbudur “C” Village, Sriperumbudur Taluk, Kancheepuram District, Tamil Nadu",Kancheepuram,12.975931230921857,79.92638689428314,Residential,Non-High Rise Building (NHRB),4110,0,9467,,110,64150000,352120000,,416270000,65,1,0,[],[],44239,101906,2.3,2.0,2.0,66,1450,3455.0,4085,0.15,0.85,3784273,926,False,False,False,0,False,Kancheepuram,Residential,False,,False,False,False
RISING PALMS PHASE 1,TN/1/Building/0307/2025,RESIDENTIAL,Kancheepuram,13.008776,79.980528,Residential,Non-High Rise Building (NHRB),12660,0,12308,2549,105,34117000,410107500,,444224500,91,0,8,[],[],136271,159924,1.17,2.0,2.0,99,250,2564.0,2778,0.08,0.92,4230710,1262,False,False,False,0,False,Kancheepuram,Residential,False,,False,False,False
DHANALAKSHMI RESIDENCY,TN/20/Building/0021/2025,"Dhanalakshmi Residency situated in Madurai Town Survey No..12/1, 12/2 (Old S.No. 2741/4, 2742/5) Ward No. 10 Block No.73, Door No.1, Vijayalakshmi Theatre Road, Bibikulam, Madurai – 625002, Madurai District",Madurai,9.950923,78.128369,Residential,Non-High Rise Building (NHRB),1634,0,3413,,30,28321000,114400000,,142721000,22,8,3,[],[],17594,36738,2.09,2.0,2.0,33,1610,3114.0,3885,0.2,0.8,4757367,1225,False,False,False,0,False,Madurai,Residential,False,,False,False,False
TWIN TOWER,TN/20/Building/0046/2025,"Madurai District, Madurai East Taluk, Madurai Corporation, Mangalakudi Village, New S.NO: 25/7 (Old S.NO : 25/7&25/8B) Site Area of 2500.00 SQ.M , Proposed Affordable Housing Building ( Stilt +5 Floors) for FSI Area of 6389.55 SQ.M (70 Dwelling Units)",Madurai,9.58,78.1,Residential,Non-High Rise Building (NHRB),2500,0,6390,,70,19445184,128243598,,147688782,53,0,5,"[{'block': None, 'base_level': 'Stilt', 'floor_segments': ['5 Floors'], 'total_floors_above_base': 5}]",[],26910,68776,2.56,2.0,2.0,58,723,1865.0,2147,0.13,0.87,2109840,983,False,False,False,0,False,Madurai,Residential,False,,False,False,False
VIDHATRI,TN/20/Building/0061/2025,"T.S Nos.5, 7/5, 7/6, 7/7, 7/8, 13/2, 13/3 - (At Ponmeni Village Old S.No.147/1, 2, 3, 4, 7, 8A, 8B, 9, 10)",Madurai,9.9222,78.08875,Residential,Non-High Rise Building (NHRB),4876,0,8922,,69,86618447,230000000,,316618447,58,10,10,[],[],52489,96039,1.83,2.0,2.0,78,1650,2395.0,3297,0.27,0.73,4588673,1392,False,False,False,0,False,Madurai,Residential,False,,False,False,False
"Shree Meenakshi Apartments, Block (A- 12 & A-13)",TN/20/Building/0149/2025,T.S No-22/5 and 22/6 (old S No-10pt) extent of 997.50 Sq.m - Stilt Floor + 5 Floors,Madurai,9.924932,78.148437,Residential,Non-High Rise Building (NHRB),998,0,2412,,20,99800000,90384050,,190184050,18,4,0,"[{'block': None, 'base_level': 'Stilt', 'floor_segments': ['5 Floors'], 'total_floors_above_base': 5}]",[],10737,25958,2.42,2.0,2.0,22,9295,3482.0,7327,0.52,0.48,9509202,1298,False,False,False,0,False,Madurai,Residential,False,,False,False,False
ANANYA APARTMENT,TN/20/Building/0215/2025,"“ANANYA APARTMENT” Comprised in C.Ward:08, Old Natham S.No:130/2(part), 130/3 New Natham Sub-division S.No:218/9 of Uthangudi Village, Madurai East Taluk, Madurai East Zone-1 & Madurai District.",Madurai,9.565450000000002,78.10016,Mixed Development,Non-High Rise Building (NHRB),1500,0,3430,446,31,26754220,126255000,,153009220,35,0,4,[],[],16146,41718,2.58,2.0,2.0,39,1657,3026.0,3668,0.17,0.83,4935781,1191,False,False,False,1,False,Madurai,Mixed Development,False,,False,False,False
MAX MADHAV,TN/20/Building/0254/2025,"S.No. 73/1B,73/1C,99/5A2,99/5B2 & 99/5B3, Thiruppalai Village, Madurai North Taluk, Madurai",Madurai,9.973269,78.138005,Residential,High Rise Building (HRB),2816,0,3632,,35,13000000,81000000,,94000000,27,7,3,[],[],30312,39093,1.29,2.0,4.87,37,429,2072.0,2405,0.14,0.86,2685714,1117,False,False,False,0,False,Madurai,Residential,False,,False,False,False
Quality Towers,TN/20/Building/0257/2025,A Residential Apartment with 30 Flats with Car parking,Madurai,9.906222,78.127944,Residential,Non-High Rise Building (NHRB),982,0,2198,,30,50000000,100000000,,150000000,8,4,2,[],[],10573,23662,2.24,2.0,2.0,14,4729,4226.0,6339,0.33,0.67,5000000,789,False,False,False,0,False,Madurai,Residential,False,,False,False,False
ELANZA,TN/20/Building/0268/2025,"Madurai District - Madurai North Taluk- Madurai West Panchayat Union-in Chettikulam Village/Panchayat, R.S.No:37/1A1 an extent of 1416.39 Sqm – Approval of The Proposed Construction Of Residential Apartment Building (40 Dwellings)-Stilt + 5 Floors-Total FSI area of 3675.23 Sqm",Madurai,10.001783,78.147952,Residential,Non-High Rise Building (NHRB),1416,0,3675,,40,3581485,79090950,,82672435,24,2,2,"[{'block': None, 'base_level': 'Stilt', 'floor_segments': ['5 Floors'], 'total_floors_above_base': 5}]",[],15246,39560,2.59,2.0,2.0,28,235,1999.0,2090,0.04,0.96,2066811,989,False,False,False,0,False,Madurai,Residential,False,,False,False,False
YASIN MUNOOR,TN/20/Building/0321/2025,"THE PROPOSED RESIDENTIAL APPARTMENT BUILDING IN PLOT NO:1&2,T.S.NO:1&2,(OLD T.S NO:2482/1A1PT,2482/1A2PT),BLOCK NO:68,S.WARD:X,THALLAKULAM VILLAGE,VISWANATHAPURAM,MADURA I NORTH TALUK,MADURAI CORPORATION.",Madurai,9.954891,78.126856,Residential,Non-High Rise Building (NHRB),904,0,2278,,25,12000000,104000000,,116000000,22,0,2,[],[],9725,24521,2.52,2.0,2.0,24,1234,4241.0,4731,0.1,0.9,4640000,981,False,False,False,0,False,Madurai,Residential,False,,False,False,False
THE HEARTY,TN/22/Building/0253/2025,Ground + 2 Floors with 26 Dwelling units,Dindigul,10.22558,77.47006,Residential,Non-High Rise Building (NHRB),765,0,764,,26,6340180,27350000,,33690180,7,7,2,"[{'block': None, 'base_level': 'Ground', 'floor_segments': ['2 Floors'], 'total_floors_above_base': 2}]",[],8234,8226,1.0,2.0,2.0,16,770,3325.0,4096,0.19,0.81,1295776,316,False,False,False,0,False,Dindigul,Residential,False,,False,False,False
ALAGU FLATS,TN/25/Building/0048/2025,"Stilt Floor + 3floors (Height 13.28m) Residential Building with 16 dwelling units at WARD:G,BLOCK NO:1, TS.No.37/1,37/2, 38/5,38/6,Devakottai Town, Sivagangai District.",Sivagangai,9.945154,78.826589,Residential,Non-High Rise Building (NHRB),736,0,1467,,16,3959000,28422000,600000,32981000,15,0,0,[],[13.28],7918,15791,1.99,2.0,2.0,15,500,1800.0,2089,0.12,0.86,2061312,987,False,False,False,0,False,Sivagangai,Residential,False,,False,False,False
Ruby Ashok Manor,TN/26/Building/0094/2025,"PLAN SHOWING THE PROPOSED CONSTRUCTION OF 30 DWELLING UNITS HOUSE BUILDING IN NEW T.S.NO : 3/11 , T.S.WARD : BS BLOCK : 06 , ( OLD T.S.NO : 3/7 PART , T.S.WARD : BS , BLOCK : 06 ) OLD S.NO : 287/3A PART , V.M CHATRAM VILLAGE , SIVANTHIPATTI ROAD HIGHGROUND D.D PLAN , PALAYAMKOTTAI WARD OFFICE , TIRUNELVELI CITY MUNICIPAL CORPORATION",Tirunelveli,8.709353245862681,77.74653366865306,Residential,Non-High Rise Building (NHRB),1698,0,3161,,30,34041560,70249832,,104291392,26,4,3,[],[],18281,34024,1.86,2.0,2.0,33,1862,2065.0,3065,0.33,0.67,3476380,1134,False,False,False,0,False,Tirunelveli,Residential,False,,False,False,False
JOHN LAKE BREEZE,TN/26/Building/0138/2025,"OLD SURVEY NO. 990/1, 990/2 & 990/1A1, T. S. SURVEY NO. 29/3A & 29/3B of WARD: AU, BLOCK: 7, KULAVANIGARPURAM VILLAGE, MELAPALAYAM WARD, MELAPALAYAM DETAILED DEVELOPMENT PLAN NO. 2, TIRUNELVELI CITY MUNICIPAL CORPORATION",Tirunelveli,8.700823,77.725003,Residential,Non-High Rise Building (NHRB),1715,0,4261,,40,4369600,117500000,,121869600,31,7,4,[],[],18460,45868,2.48,2.0,2.0,42,237,2562.0,2657,0.04,0.96,3046740,1147,False,False,False,0,False,Tirunelveli,Residential,False,,False,False,False
Asir Ark III,TN/26/Building/0301/2025,"Plot No. A-72, Maharaja Nagar Colony, 5th Cross Street, Palayamkottai, Tirunelveli – 627 011, [being Plot No. A- 72 in Maharaja Nagar, approved Lay-out No L.P.H./D.T.P. No. 56/62], comprised in Old S.No.318 & 339/2 Part of Vijayaraghava Mudaliar Chathiram Village, Present Corporation ward 39, As per TSLR extract, Old T.S. No. 88, New T.S.No.22, Block No.9, Ward B.S, Palayamkottai Taluk, Tirunelveli District",Tirunelveli,8.4218,77.4516,Residential,Non-High Rise Building (NHRB),1037,0,3110,,30,22901405,81300000,,104201405,18,13,3,[],[],11162,33473,3.0,2.0,2.0,34,2052,2429.0,3113,0.22,0.78,3473380,1116,False,False,False,0,False,Tirunelveli,Residential,False,,False,False,False
ETICA MALAR AURUM,TN/29/Building/0001/2025,"Thiru Vi Ka Industrial Estate, Guindy",Chennai,13.010987,80.209005,Commercial,Non-High Rise Building (NHRB),745,0,0,1649,,73000000,70000000,5000000,148000000,23,2,0,[],[],8022,17746,2.21,2.0,2.0,25,9100,3945.0,8340,0.49,0.47,,,False,False,False,0,False,Chennai,Commercial,False,,False,False,False
SHARON ROSE,TN/29/Building/0005/2025,"STILT FLOOR +5 FLOORS(18.30M HEIGHT) RESIDENTIAL BUILDING WITH 10 DWELLING UNITS AVAILING PREMIUM FSI WITH TOD BENEFIT AT D.NO:15, ZAKARIYA COLONY 1ST STREET, VARADARAJANPET, CHOOLAIMEDU, CHENNAI-600094.",Chennai,13.055013,80.229788,Residential,Non-High Rise Building (NHRB),569,0,1144,,10,75000000,45000000,1800000,121800000,13,1,1,"[{'block': None, 'base_level': 'Stilt', 'floor_segments': ['5 FLOORS'], 'total_floors_above_base': 5}]",[],6125,12311,2.01,2.0,2.0,15,12246,3655.0,9894,0.62,0.37,12180000,1231,False,False,False,0,False,Chennai,Residential,False,,False,False,False
IT/ITES,TN/29/Building/0007/2025,It is a 13000 sft (approx) building with basement+stilit+4 floors,Chennai,12.981512,80.251932,Commercial,Non-High Rise Building (NHRB),694,0,0,1067,,53140000,95000000,,148140000,0,16,0,"[{'block': None, 'base_level': 'Basement', 'floor_segments': ['4 floors'], 'total_floors_above_base': 4}]",[],7476,11480,1.54,2.0,2.0,16,7109,8275.0,12904,0.36,0.64,,,False,False,False,0,False,Chennai,Commercial,False,,False,False,False
RAMANIYAM PREMA SARASWATHI,TN/29/Building/0008/2025,SINGLE BLOCK OF 5 FLOORS CONSISTING OF 25 FLATS,Chennai,13.042935007576036,80.26669295847933,Residential,Non-High Rise Building (NHRB),1383,0,3681,,25,208390000,130762500,33442329,372594829,29,1,3,"[{'block': None, 'base_level': None, 'floor_segments': ['5 FLOORS'], 'total_floors_above_base': 5}]",[],14885,39625,2.66,2.0,2.0,33,14000,3300.0,9403,0.56,0.35,14903793,1585,False,False,False,0,False,Chennai,Residential,False,,False,False,False
-,TN/29/Building/0010/2025,"Stilt Floor + 4 Floors + 5th Floor (Part) (Height - 18.30m) Residential Building with 18 dwelling units Availing Premium FSI with TOD Benefit at Plot No.43, 44 & 45 (CMDA Approved Layout vide P.P.D/L.O-205/1988) at 4th Street and Narayanaswamy Main Road, Shollinganallur, Chennai – 600 119 Comprised in Old.S.No. 631/2 & 632/2, New.S.Nos. 631/2A2 & 632/11 of Shollinganallur Village within the limits of Greater Chennai Corporation",Chennai,12.89046,80.230847,Residential,Non-High Rise Building (NHRB),804,0,1997,,18,60000000,50000000,,110000000,12,9,0,"[{'block': None, 'base_level': 'Stilt', 'floor_segments': ['4 Floors', '5th Floor'], 'total_floors_above_base': 5}]",[18.3],8654,21496,2.48,2.0,2.0,21,6933,2326.0,5117,0.55,0.45,6111111,1194,False,False,False,0,False,Chennai,Residential,False,,False,False,False
Bhaggyam Anugraha,TN/29/Building/0011/2025,"Plot No.24, Old Door No.26, New Door No.51, IVth Trust Cross Street, Mandavelipakkam,Chennai-600028 comprised in (No.51/1,26/1), R.S.No.4311/22, Block No.97 of Mylapore village within the limit of Greater Chennai Corporation",Chennai,13.0265,80.267,Residential,Non-High Rise Building (NHRB),552,0,1471,,10,26236056,55432016,,81668072,9,2,1,[],[],5936,15838,2.67,2.0,2.0,12,4420,3500.0,5156,0.32,0.68,8166807,1584,False,False,False,0,False,Chennai,Residential,False,,False,False,False
EVERRIZE VEDHA,TN/29/Building/0013/2025,"THE PROPOSED CONSTRUCTION OF STILT + 4 FLOORS + 5TH FLOOR PART RESIDENTIAL BUILDING WITH 15 DWELLING UNITS. PLOT NOS. 15 AND 16A , DOOR NO. 15, PASUMPON MUTHURAMALINGAM STREET, RAJAJI COLONY, SALIGRAMMAM, CHENNAI 600 093 COMPRISED IN OLD S.NO. 101/1A PART, T.S.NO. 3/2, BLOCK NO. 34 OF SALIGRAMMAM VILLAGE WITHIN THE LIMITS OF GREATER CHENNAI CORPORATION.",Chennai,13.05491,80.19881,Residential,Non-High Rise Building (NHRB),643,0,1614,,15,55000000,79913900,,134913900,4,11,2,"[{'block': None, 'base_level': 'Stilt', 'floor_segments': ['4 FLOORS', '5TH FLOOR'], 'total_floors_above_base': 5}]",[],6926,17368,2.51,2.0,2.0,17,7941,4601.0,7768,0.41,0.59,8994260,1158,False,False,False,0,False,Chennai,Residential,False,,False,False,False
DRA ASTRA,TN/29/Building/0018/2025,"Comprised in Old S.Nos. 1075/1A1 part, 1075/1A2 part and 1075/1B, Old T.S.No.20 (As per Document), New T.S. No.20/1 (As per Patta),",Chennai,13.1488,80.2306,Residential,High Rise Building (HRB),4965,0,16429,0,132,180000000,450000000,,630000000,83,80,10,[],[],53443,176843,3.31,2.0,4.87,173,3368,2545.0,3562,0.29,0.71,4772727,1340,False,False,False,0,False,Chennai,Residential,False,,False,False,False
PRINCE SHANTIVEER,TN/29/Building/0019/2025,"OLD DOOR NO. 19 & 20, NEW DOOR NO.14&16, RAJA ANNAMALAI ROAD PURASAIWALKKAM, CHENNAI - 600084 IN R.S.NO. 20/26 & 20/2, BLOCK NO.2 OF PURASAIWALKKAM VILLAGE, CHENNAI DISTRICT, WITHIN THE LIMITS OF GREATER CHENNAI CORPORATION",Chennai,13.079501,80.254567,Mixed Development,High Rise Building (HRB),1643,,5851,659,30,427310407,258000000,,685310407,54,17,4,[],[],17681,70073,3.96,2.0,4.87,75,24168,3682.0,9780,0.62,0.38,22843680,2099,False,False,False,0,False,Chennai,Mixed Development,False,,False,False,False
BRIGADE ALTIUS https://rera.tn.gov.in/public-view2/building/pfirm/03a60fd0-c479-11ef-9cae-bfea0d7c92ed,TN/29/Building/0020/2025,"High-Rise Building(South) – Planning Permission Application is for the Proposed construction of High Rise Group Development with 3 Towers consisting of Extended Combined Double Basement Floor (for Parking) + Combined Stilt Floor (for Parking) + Combined 1st floor to 3rd floor (for Parking) + Combined 4th floor at Tower 1: Residential (2 dwelling units), Gym, Spa, Association Room, Tower 2 : Incidental activities (Business center, Change Rooms) & Tower 3: Residential (2 dwelling units), TT Room, Shop, Billiards, Indoor games with A.V.Room, Banquet hall, Badminton court, squash court, Open swimming pool at open terrace + Combined 5th floor at Tower 1: Residential (2 dwelling units), Tower 2: Double floor height incidental activities & Tower 3: Residential (2 dwelling units) + Combined 6th floor with open Podium",Chennai,7.8787,8.7874,Residential,High Rise Building (HRB),26487,0,128979,95,662,7000000000,8600000,,7008600000,1328,0,84,"[{'block': None, 'base_level': 'Basement', 'floor_segments': ['1st floor', '3rd floor', '4th floor', '5th floor', '6th floor'], 'total_floors_above_base': 5}]",[],285103,1389339,4.87,2.0,4.87,1412,24552,3682.0,5045,1.0,0.0,10587009,2097,False,False,False,0,False,Chennai,Residential,False,,False,True,True
KCEE ABINAVAM,TN/29/Building/0022/2025,"Plot No.11C & 11D, Door No.13 & 15, Murugesan Street, Rangarajapuram, Kodambakkam, Chennai-600 024",Chennai,13.04722280450872,80.22001448696962,Residential,High Rise Building (HRB),571,0,1272,,10,12500,48000000,0,48012500,7,3,1,[],[],6150,13690,2.23,2.0,4.87,11,2,3506.0,3507,0.0,1.0,4801250,1369,False,False,False,0,False,Chennai,Residential,False,,False,False,False
-,TN/29/Building/0024/2025,"PLOT NO: A-43, HINDU COLONY 5TH CROSS STREET, HINDU CO-OPERATIVE BUILDING SCHEME, NANGANALLUR, CHENNAI - 600061",Chennai,12.978800186150314,80.18328519139286,Residential,Non-High Rise Building (NHRB),639,0,1277,,12,110000000,50000000,,160000000,13,0,2,[],[],6875,13742,2.0,2.0,2.0,15,16000,3638.0,11643,0.69,0.31,13333333,1145,False,False,False,0,False,Chennai,Residential,False,,False,False,False
-,TN/29/Building/0026/2025,SRI GUHA RESIDENCE,Chennai,13.045033,80.185519,Residential,Non-High Rise Building (NHRB),669,0,985,,12,21708000,25000000,0,46708000,8,4,1,[],[],7203,10598,1.47,2.0,2.0,13,3014,2359.0,4407,0.46,0.54,3892333,883,False,False,False,0,False,Chennai,Residential,False,,False,False,False
JCT Complex,TN/29/Building/0027/2025,"shop building at Door No.8, Sir Thyagaraya Road and Chevalier Shivaji Ganesan Road comprised in T.S.No.6542/1. Block no:140, T.Nagar Village, Greater Chennai Corporation, Zone 10, Division no.136.",Chennai,13.0397,80.2433,Commercial,Non-High Rise Building (NHRB),1535,0,0,2271,,350000000,61085700,,411085700,37,0,4,[],[],16522,24445,1.48,2.0,2.0,41,21184,2499.0,16817,0.85,0.15,,,False,False,False,0,False,Chennai,Commercial,False,,False,False,False
KCEE SREEKARAM,TN/29/Building/0032/2025,"STILT FLOOR + 5 FLOORS RESIDENTIAL BUILDING WITH 10 DWELLING UNITS AT Plot Nos.18 & 19, Kamatchipuram 1st Street, Postal Colony, West Mambalam, Chennai - 600033.",Chennai,13.037313259816942,80.21727784103663,Residential,Non-High Rise Building (NHRB),665,0,1489,,10,107370900,61000000,,168370900,8,2,1,"[{'block': None, 'base_level': 'Stilt', 'floor_segments': ['5 FLOORS'], 'total_floors_above_base': 5}]",[],7158,16027,2.24,2.0,2.0,11,15001,3806.0,10505,0.64,0.36,16837090,1603,False,False,False,0,False,Chennai,Residential,False,,False,False,False
Sai Ganga Apartments,TN/29/Building/0033/2025,19 Residential Units proposed to be built on Stilt+5 Floors,Chennai,12.971528,80.214944,Residential,Non-High Rise Building (NHRB),753,0,1956,,19,82400000,72000000,,154400000,15,2,2,"[{'block': None, 'base_level': 'Stilt', 'floor_segments': ['5 Floors'], 'total_floors_above_base': 5}]",[],8105,21049,2.6,2.0,2.0,19,10166,3421.0,7335,0.53,0.47,8126316,1108,False,False,False,0,False,Chennai,Residential,False,,False,False,False
ALDA AYAN,TN/29/Building/0038/2025,"PROPOSED CONSTRUCTION OF STILT FLOOR + 4 FLOORS (HEIGHT - 16.0M) RESIDENTIAL BUILDING WITH 16 DWELLING UNITS AVAILING PREMIUM FSI AT PLOT NO.3, THIRUVALLUVAR NAGAR 7TH MAIN ROAD, THIRUVANMIYUR, CHENNAI - 600 041 COMPRISED IN OLD S.NO.219/2B(PT), NEW S.NO.219/2B2, T.S.NO.24/7, BLOCK NO.38 OF THIRUVANMIYUR VILLAGE WITHIN THE LIMITS OF GREATER CHENNAI CORPORATION.",Chennai,12.975833,80.260111,Residential,Non-High Rise Building (NHRB),900,0,2312,,16,75120500,145000000,,220120500,16,4,4,"[{'block': None, 'base_level': 'Stilt', 'floor_segments': ['4 FLOORS'], 'total_floors_above_base': 4}]",[16.0],9687,24890,2.57,2.0,2.0,24,7755,5826.0,8844,0.34,0.66,13757531,1556,False,False,False,0,False,Chennai,Residential,False,,False,False,False
Lifestyle Housing & Infrastructure - BALFORT,TN/29/Building/0041/2025,"Door No. 13, Balfour Road, Kilpauk, Chennai - 600 010, Comprised in Old S No. 8, R.S. No. 3132/1 Part (as per Doc), R.S. No. 3132/5 (as per Patta), Block No. 52, Ward -I of Purasawalkam Village, within the limits of Greater Chennai Corporation",Chennai,13.084285628120034,80.24453465461612,Commercial,Non-High Rise Building (NHRB),769,,,2119,,66090960,57017500,16498400,139606860,7,11,0,[],[],8280,22807,2.75,2.0,2.0,18,7982,2500.0,6121,0.47,0.41,,,False,False,False,0,False,Chennai,Commercial,False,,False,False,False
SWATHI'S VARUN,TN/29/Building/0043/2025,PROPOSED CONSTRUCTION OF STILT + 5 FLOORS (18.30 M) HEIGHT RESIDENTIAL BUILDING WITH 13 DWELLING UNITS AT PLOT NO 85 NEW DOOR NO 53 OLD DOOR NO 24 2ND MAIN ROAD RAJA ANNAMALAI PURAM CHENNAI -600028 COMPRISED IN IN R S NO 3950/16 BLOCK NO 86 OF MYLAPORE VILLAGE WITHIN THE LIMIT OF GREATER CHENNAI CORPORATION,Chennai,13.027099,80.255099,Residential,Non-High Rise Building (NHRB),624,0,1612,,13,50000000,93200000,,143200000,9,8,4,"[{'block': None, 'base_level': 'Stilt', 'floor_segments': ['5 FLOORS'], 'total_floors_above_base': 5}]",[],6722,17349,2.58,2.0,2.0,21,7438,5372.0,8254,0.35,0.65,11015385,1335,False,False,False,0,False,Chennai,Residential,False,,False,False,False
AYYAN ACHYUT,TN/29/Building/0049/2025,"Stilt Floor + 4Floors + 5th Floor (Part) (Height - 18.30m) Residential Building with 39 Dwelling at Selvaganapathy Nagar, Medavakkam, Chennai , comprised in Old.S.Nos.32/1B & 32/2B (Document), S.Nos.32/1B1B1, 32/2B2A, 32/2B2B & 32/3 (Patta) of Medavakkam Village within the Limits of St.Thomas Mount Panchayat Union.",Chennai,12.931817,80.190863,Residential,Non-High Rise Building (NHRB),1416,0,3672,,39,125000000,125000000,,250000000,22,3,2,"[{'block': None, 'base_level': 'Stilt', 'floor_segments': ['4Floors', '5th Floor'], 'total_floors_above_base': 5}]",[18.3],15246,39526,2.59,2.0,2.0,27,8199,3162.0,6325,0.5,0.5,6410256,1013,False,False,False,0,False,Chennai,Residential,False,,False,False,False
ANUSHREE,TN/29/Building/0050/2025,"Single block, with Basement floor (Parking) + Stilt Floor (Parking) + 19 floors Residential Building with 244 Dwelling Units, of flats covering 14731.63 sq.m. Carpet area and total area of 22248.25 sq.m (Comprising of Carpet Area 14731.63 sq.m + Balcony 1097.52 sq.m + Proportionate share in Common area 4093.83 sq.m) with provisions of 159 nos. of car parking.",Chennai,12.8388339,80.2197043,Residential,High Rise Building (HRB),5656,0,21897,,244,150000000,504559774,,654559774,127,159,14,"[{'block': None, 'base_level': 'Basement', 'floor_segments': ['19 floors'], 'total_floors_above_base': 19}]",[],60879,235702,3.87,2.0,4.87,300,2464,2141.0,2777,0.23,0.77,2682622,966,False,False,False,0,False,Chennai,Residential,False,,False,False,False
ANKUR ARALIAS,TN/29/Building/0051/2025,"High Rise Residential cum Commercial Building with 36.0m height consisting of Extended Basement Floor (Meant for parking) + Stilt Floor (Meant for parking) + 11 Floors (Office room & Association Room at 1st Floor,Association Room at 2nd Floor, Party Terrace at 4th Floor, Indoor Games at 6th Floor, Childrens Play area at 8th Floor, Gym at 10th Floor and Open Swimming Pool at Terrace Floor) – 88 dwelling units.at Plot No. P.P.6, abutting TNHB Main Road, Neighbourhood Scheme Phase-III, TNHB Block PP No.6, Sholinganallur, Chennai – 600 119. Comprised in Survey Nos. 347/1B2, 347/1C2, 347/1D2, 347/1E2, 347/2A2, 347/2B2, 348/3B2, 348/3C and 348/4B of Sholinganallur Village, Sholinganallur Taluk, Within the limits of Greater Chennai Corporation, Tamil Nadu",Chennai,12.8851,80.2363,Mixed Development,High Rise Building (HRB),3130,0,12447,130,88,131397400,250000000,,381397400,59,55,0,"[{'block': None, 'base_level': 'Basement', 'floor_segments': ['11 Floors', '1st Floor', '2nd Floor', '4th Floor', '6th Floor', '8th Floor', '10th Floor', 'Terrace Floor'], 'total_floors_above_base': 18}]",[],33691,135384,4.02,2.0,4.87,114,3900,1847.0,2817,0.34,0.66,4334061,1522,False,False,False,0,False,Chennai,Mixed Development,False,,False,False,False
NEWRY ALTURA,TN/29/Building/0052/2025,"Two Towers Tower 1 +14 floors, Tower 2 1+14 Floors, paruthipattu village, avadi corporation",Chennai,13.05228,80.06269,Residential,High Rise Building (HRB),11150,0,39973,0,387,6920995,1828034199,,1834955194,318,33,13,"[{'block': None, 'base_level': None, 'floor_segments': ['14 floors', '14 Floors'], 'total_floors_above_base': 28}]",[],120017,430260,3.58,2.0,4.87,364,58,4249.0,4265,0.0,1.0,4741486,1112,False,False,False,0,False,Chennai,Residential,False,,False,False,False
Enchanted https://rera.tn.gov.in/public-view2/building/pfirm/a1b9ea10-da0f-11ef-84c5-6d80246990e1,TN/29/Building/0054/2025,"High Rise Group development building with Extended Double Basement floor (Meant for parking) + Combined Stilt Floor (Part) (meant for parking)/ Ground Floor (Part) (Shops & Creche) over & above 6 Towers with Combined first floor for Podium & Club House use (Swimming pool along with dressing room, Gym, Indoor games, Badminton Court, Mini Theatre, Guest room, Kitchen, Multi- purpose hall and Dining) and Residential use (at Tower-01: 5 Dwelling units, Tower- 02: 5 Dwelling units, Tower-03: 5 Dwelling units, Tower-04: Nil Dwelling units, Tower-05 & 06: 6 Dwelling units) with 21 Dwelling units + Combined 2nd Floor (Tower-01: 5 Dwelling units, Tower- 02: 5 units, Tower-03: 5 units, Tower-04: Nil Dwelling Units, Tower-05 & 06: 8 Dwelling units) with 23 dwelling units + Combined 3rd Floor (Tower-01: 5 Dwelling units, Tower-02: 5 Dwelling",Chennai,12.948497,80.244304,Mixed Development,High Rise Building (HRB),40745,0,185875,12239,904,1750000000,7653644845,,9403644845,1506,224,192,"[{'block': None, 'base_level': 'Ground', 'floor_segments': ['first floor', '2nd Floor', '3rd Floor'], 'total_floors_above_base': 3}]",[],438576,2132477,4.86,2.0,4.87,1922,3990,3589.0,4410,0.19,0.81,10402262,2213,False,False,False,0,False,Chennai,Mixed Development,False,,False,False,False
JKB GANPATH,TN/29/Building/0055/2025,"Door No.71, 71/2 Ganapathy Street, West Mambalam, Chennai-33, Comprised in Old T.S.No.30/1, New T.S.No.30/5 & 30/9, Block No.48 of Puliyur Village",Chennai,13.04315,80.22492,Residential,Non-High Rise Building (NHRB),935,0,2426,,25,85000000,83000000,,168000000,12,8,2,[],[],10064,26108,2.59,2.0,2.0,22,8446,3179.0,6435,0.51,0.49,6720000,1044,False,False,False,0,False,Chennai,Residential,False,,False,False,False
ATH THE PALLADIUM,TN/29/Building/0060/2025,"Plot No. 158, Defence Officers Colony, 12th Cross Street, Nandambakkam, Chennai – 600 032. Comprised in S.No. 163/13, Nandambakkam Village, Alandur Taluk, Within the Limits of Greater Chennai Corporation",Chennai,13.025053,80.201401,Residential,Non-High Rise Building (NHRB),550,0,1429,,10,67035310,65988390,,133023700,12,5,2,[],[],5920,15379,2.6,2.0,2.0,19,11323,4291.0,8650,0.5,0.5,13302370,1538,False,False,False,0,False,Chennai,Residential,False,,False,False,False
-,TN/29/Building/0065/2025,"Plot No.134, Old Survey no. 592/1B part, 589/2 part, 589/3 part, 593/1C part, 592/1A part, 593/1B part & New Survey no: 592/1A2 & 593/1B2 of Sholinganallur Village within the limit of Greater Chennai Corporation",Chennai,12.535329999999998,80.12567,Residential,Non-High Rise Building (NHRB),550,0,1430,,15,25070000,64500000,,89570000,11,6,0,[],[],5920,15392,2.6,2.0,2.0,17,4235,4190.0,5819,0.28,0.72,5971333,1026,False,False,False,1,False,Chennai,Residential,False,,False,False,False
CASAGRAND WESLEY,TN/29/Building/0066/2025,"T.S No.23, panchaliamman kovil street, Arumbakkam village, chennai - 600106",Chennai,13.075814,80.210581,Residential,Non-High Rise Building (NHRB),894,0,1787,,12,87500000,71941158,,159441158,19,2,2,[],[],9620,19234,2.0,2.0,2.0,23,9096,3740.0,8290,0.55,0.45,13286763,1603,False,False,False,0,False,Chennai,Residential,False,,False,False,False
KCEE KAMALALAYAM,TN/29/Building/0068/2025,"Plot No.12, Old Door No.10, New Door No.21, Ramachandra Street, T.Nagar, Chennai-600017.",Chennai,13.044934529442672,80.23047146932295,Residential,Non-High Rise Building (NHRB),534,0,1312,,10,37415400,69700000,,107115400,7,3,1,[],[],5750,14123,2.46,2.0,2.0,11,6507,4935.0,7584,0.35,0.65,10711540,1412,False,False,False,0,False,Chennai,Residential,False,,False,False,False
-,TN/29/Building/0069/2025,STILT FLOOR + F.F (SHOW ROOM & OFFICE) + SF ( SERVICE AREA) + T.F (1 DEWLLING UNIT) + F.F ( 1 DWELLING UNIT),Chennai,13.09,80.2,Mixed Development,Non-High Rise Building (NHRB),546,0,382,499,2,80000000,25000000,,105000000,8,3,1,"[{'block': None, 'base_level': 'Stilt', 'floor_segments': [], 'total_floors_above_base': 0}]",[],5874,9490,1.62,2.0,2.0,12,13619,2634.0,11064,0.76,0.24,52500000,2057,False,False,False,0,False,Chennai,Mixed Development,False,,False,False,False
RAMANIYAM SRIDEVI,TN/29/Building/0071/2025,"New Door No.6, Old Door No.5/2, 4th Trust Cross Street, Mandavelipakkam, Chennai – 600 028 Comprised in R.S.No. 4311/2A Part as per Document and R.S.No.4311/224 as per Patta, Block No.97 of Mylapore Village (Part -2), Mylapore Taluk, Greater Chennai Corporation, Zone – IX, Division No – 126",Chennai,13.02636,80.26875,Residential,Non-High Rise Building (NHRB),785,0,2086,,10,107652000,92871527,,200523527,18,2,2,[],[],8448,22450,2.66,2.0,2.0,22,12744,4137.0,8932,0.54,0.46,20052353,2245,False,False,False,0,False,Chennai,Residential,False,,False,False,False
Bhaggyam Komala,TN/29/Building/0073/2025,"Plot no.11, old door no.15 &16, new door no.5&7, Visweswarapuram street, Mylapore, Chennai-600004 comprised in r.s.no.1648/26 & 1648/12, block no.34 of Mylapore village within the limits of Greater Chennai Corporation. Division 123, Zone -9",Chennai,13.0363,80.2589,Residential,Non-High Rise Building (NHRB),626,0,1587,,9,200000000,85056435,,285056435,9,3,1,[],[],6733,17085,2.54,2.0,2.0,13,29705,4978.0,16685,0.7,0.3,31672937,1898,False,False,False,0,False,Chennai,Residential,False,,False,False,False
RC ROSE WOOD,TN/29/Building/0074/2025,Stilt + 5 floors with 50 nos of Dwelling units at vilangadupakkam village within puzhal panachayat union limits,Chennai,13.384276,81.507023,Residential,Non-High Rise Building (NHRB),1906,0,3969,,50,24000000,212700000,,236700000,22,5,1,"[{'block': None, 'base_level': 'Stilt', 'floor_segments': ['5 floors'], 'total_floors_above_base': 5}]",[],20516,42720,2.08,2.0,2.0,28,1170,4979.0,5541,0.1,0.9,4734000,854,False,False,False,0,False,Chennai,Residential,False,,False,False,False
ADMIRALTY ESTATES,TN/29/Building/0076/2025,"""Proposed construction of Group Housing Development comprising 2 Blocks; Combined Double Basement floor for 2 Blocks; Block 1 – Combined Double Basement Floor + Ground Floor + 3 Floors + 4th Floor Part (Height 18.30 m) Residential Building with 9 dwelling units with Gym, Games Room and Swimming Pool in Fourth Floor Part; Block 2 – Combined Double Basement Floor + Ground Floor + 3 Floors + 4th Floor Part (Height 18.30 m) Residential Building with 5 dwelling units; Totally 14 Dwelling Units availing Premium FSI with TOD Benefit at Door No. 5/11, Rutland Gate 4th Street, Nungambakkam, Chennai, comprised in Old S.No. 330 and T.S. No:58/28, 58/117 & 58/118, Block No. 12 of Nungambakkam village within the limits of Greater Chennai Corporation""",Chennai,13.058918,80.250799,Residential,Non-High Rise Building (NHRB),2318,0,5984,0,14,309454400,232900000,,542354400,66,0,7,[],"[18.3, 18.3]",24956,64413,2.58,2.0,2.0,73,12400,3616.0,8420,0.57,0.43,38739600,4601,False,False,False,0,False,Chennai,Residential,False,,False,False,False
ANANTI GURU KRIPA,TN/29/Building/0077/2025,"STILT +3 FLOORS RESIDENTIAL BUILDING WITH 11 DWELLING UNITS IN T.S.NO.68, MAMBALAM VILLAGE",Chennai,13.03012622483942,80.22132281905598,Residential,Non-High Rise Building (NHRB),557,0,1107,0,11,47500000,54055600,,101555600,10,0,1,"[{'block': None, 'base_level': 'Stilt', 'floor_segments': ['3 FLOORS'], 'total_floors_above_base': 3}]",[],5995,11915,1.99,2.0,2.0,11,7923,4537.0,8523,0.47,0.53,9232327,1083,False,False,False,0,False,Chennai,Residential,False,,False,False,False
A E APARTMENT REDEVELOPMENT,TN/29/Building/0085/2025,REDEVELOPMENT OF AE APARTMENT VALASARAVAKKAM,Chennai,13.039689,80.180572,Residential,Non-High Rise Building (NHRB),724,0,2023,0,20,38600100,76000000,,114600100,17,5,2,[],[],7793,21770,2.79,2.0,2.0,24,4953,3491.0,5264,0.34,0.66,5730005,1089,False,False,False,0,False,Chennai,Residential,False,,False,False,False
PERFECT ASWIN,TN/29/Building/0088/2025,"Stilt floor + 3 floors(Height – 12m)Residential Building with 12 dwelling units Availing Premium FSI at Old Door No.36, New Door No.163, East Mada Street,Thiruvanmiyur, Chennai comprised in Old S.No.193/44A, T.S.No.57,Block No.60, Ward 1 of Thiruvanmiyur Village within the limit of Greater Chennai Corporation.",Chennai,12.983195,80.26193,Residential,Non-High Rise Building (NHRB),634,0,1304,,12,48880000,47000000,,95880000,10,2,2,"[{'block': None, 'base_level': 'Stilt', 'floor_segments': ['3 floors'], 'total_floors_above_base': 3}]",[12.0],6826,14034,2.06,2.0,2.0,14,7160,3349.0,6832,0.51,0.49,7990000,1169,False,False,False,0,False,Chennai,Residential,False,,False,False,False
QLP LLP EMERALD,TN/29/Building/0091/2025,QUINCE LIVERAS PROPERTIES LLP - EMERALD PROJECT,Chennai,12.970406,80.223854,Residential,Non-High Rise Building (NHRB),794,0,1689,,16,70000000,80000000,,150000000,11,7,2,[],[],8547,18179,2.13,2.0,2.0,20,8190,4401.0,8251,0.47,0.53,9375000,1136,False,False,False,0,False,Chennai,Residential,False,,False,False,False
NAHAR ARISTA,TN/29/Building/0092/2025,Stilt Floor + 4 Floors + 5th Floor (Part) Residential Building with 36 Dwelling units,Chennai,12.964565,80.242588,Residential,Non-High Rise Building (NHRB),1839,0,4775,,36,167203720,363118100,,530321820,20,32,4,"[{'block': None, 'base_level': 'Stilt', 'floor_segments': ['4 Floors', '5th Floor'], 'total_floors_above_base': 5}]",[],19795,51403,2.6,2.0,2.0,56,8447,7064.0,10317,0.32,0.68,14731162,1428,False,False,False,0,False,Chennai,Residential,False,,False,False,False
V R RESIDENCES,TN/29/Building/0093/2025,"Residential Building With 9 Dwelling Units Availing Premium FSI With TOD benefit at New Door No. 25, Old Door No.14, 15th Main Road & 11th Main Road, H-Block, Anna Nagar, Chennai – 600 040, Comprised In Old S.No.207/1A1A Part, T.S. No:10, Block No. 14 Of Koyambedu Village, Aminjikarai Taluk, Chennai District Within The Limits Of Greater Chennai Corporation",Chennai,13.086674,80.206004,Residential,Non-High Rise Building (NHRB),680,0,1768,,9,98000000,86500000,,184500000,19,1,2,[],[],7319,19031,2.6,2.0,2.0,22,13389,4545.0,9695,0.53,0.47,20500000,2115,False,False,False,0,False,Chennai,Residential,False,,False,False,False
Nivedha's Padmalaya,TN/29/Building/0095/2025,Stilt + 5 apartment,Chennai,13.028025,80.267834,Residential,Non-High Rise Building (NHRB),640,0,1774,,15,73700000,90294000,,163994000,15,0,2,"[{'block': None, 'base_level': 'Stilt', 'floor_segments': ['5'], 'total_floors_above_base': 5}]",[],6886,19099,2.77,2.0,2.0,17,10704,4728.0,8587,0.45,0.55,10932933,1273,False,False,False,0,False,Chennai,Residential,False,,False,False,False
COSMOS PROPERTY,TN/29/Building/0096/2025,"PLOT NO.60/61/62, NEHRU NAGAR, SECOND LINK ROAD, RAJIV GANDHI SALAI, KOTTIVAKKAM, CHENNAI -600 041",Chennai,12.582719999999998,80.14549000000001,Commercial,Non-High Rise Building (NHRB),669,0,0,1313,,35660800,28553420,,64214220,9,2,1,[],[],7200,14137,1.96,2.0,2.0,12,4953,2020.0,4542,0.56,0.44,,,False,False,False,1,False,Chennai,Commercial,False,,False,False,False
RAGHAV MANOR,TN/29/Building/0098/2025,"South Sivan Kovil Street, Kodambakkam, Chennai-600024",Chennai,13.052644,80.21852,Residential,Non-High Rise Building (NHRB),999,0,1939,,16,125874216,75476091,,201350307,18,1,2,[],[],10750,20874,1.94,2.0,2.0,21,11709,3616.0,9646,0.63,0.37,12584394,1305,False,False,False,0,False,Chennai,Residential,False,,False,False,False
TULASI,TN/29/Building/0100/2025,"Residential apartments of Stilt + Five Floors with 10 Dwelling units at Door No. E-1 to E6, Block-E, 54th Street, 56th Street, Ashok Nagar, Chennai – 600 083, comprised in Old S.No.220/5 Part, T.S.No.2, Block No.72 OF Kodambakkam Village, Mambalam Taluk, Chennai District",Chennai,13.032208785075582,80.21484599686369,Residential,Non-High Rise Building (NHRB),634,0,1652,,10,55200000,84100000,,139300000,10,0,1,"[{'block': None, 'base_level': 'Stilt', 'floor_segments': ['Five Floors'], 'total_floors_above_base': 5}]",[],6819,17781,2.61,2.0,2.0,11,8095,4730.0,7834,0.4,0.6,13930000,1778,False,False,False,0,False,Chennai,Residential,False,,False,False,False
Pushkar Serenity,TN/29/Building/0101/2025,"CONSTRUCTION OF STILT FLOOR + 5FLOORS (HEIGHT 18.30m.) RESIDENTIAL BUILDING WITH 20 DWELLING UNITS AVAILING PREMIUM FSI AT M- 8, OLD D. No. : 150F, NEW D. No. 113/8F, M.I.G. COLONY, L.B. ROAD, THIRUVANMIYUR CHENNAI - 600 041. COMPRISED IN OLD S. No. : 30/1 PART, T. S. No. : 171/6, BLOCK No. : 10, OF THIRUVANMIYUR VILLAGE, WITHIN THE LIMITS OF GREATER CHENNAI CORPORATION, DIVISION No. : 180, ZONE - 13.",Chennai,12.983319316353288,80.25468391706137,Residential,Non-High Rise Building (NHRB),1058,0,2472,,20,15500000,106500000,,122000000,20,0,2,[],[18.3],11388,26606,2.34,2.0,2.0,22,1361,4003.0,4585,0.13,0.87,6100000,1330,False,False,False,0,False,Chennai,Residential,False,,False,False,False
-,TN/29/Building/0102/2025,"door No.3&4, Paul Appasamy Street, T.Nagar, Chennai – 600017, Comprised in T.S.No.8319/3, 8327/1 & 8328, Block No.109 of Theyagaraya Nagar village within the limits of Greater Chennai Corporation Tamil Nadu",Chennai,13.04897440337581,80.24151885554551,Commercial,Non-High Rise Building (NHRB),1264,0,0,1891,,94519000,40000000,,134519000,16,0,0,[],[],13610,20358,1.5,2.0,2.0,16,6945,1965.0,6608,0.7,0.3,,,False,False,False,0,False,Chennai,Commercial,False,,False,False,False
KURINJI ELITE,TN/29/Building/0104/2025,"The proposed construction of Stilt floor+4 floors Residential Building (Height-14.95m) with 16 Dwelling units availing premium FSI with TOD benefit at Door No 326/1 to 326/6 and 328/1 to 328/6, Block No:174 and 175, Kurinji Colony 4th avenue and 6th avenue, Shanthi colony, Anna Nagar, Chennai comprised in T.S.No:60/1, Block No:19 of Koyambedu village within the limits of greater chennai corporation",Chennai,13.083003,80.202012,Residential,Non-High Rise Building (NHRB),1041,0,2216,,16,178080000,58880000,,236960000,9,7,2,[],[14.95],11200,23858,2.13,2.0,2.0,18,15900,2468.0,9932,0.75,0.25,14810000,1491,False,False,False,0,False,Chennai,Residential,False,,False,False,False
PEARL ASTER,TN/29/Building/0105/2025,"PROPOSED CONSTRUCTION OF STILT FLOOR (PARKING) + 5 FLOORS (18.30M - HEIGHT) RESIDENTIAL BUILDING WITH 15 DWELLING UNITS (AFFORDABLE HOUSING) AT PLOT NOS. 4 & 5 (AS PER CMDA APPROVED LAYOUT P.P.D./L. O No.96/1992), 7TH STREET AND 12TH STREET, SOWMYA NAGAR, PERUMBAKKAM, CHENNAI - 600100. COMPRISED IN OLD S.NO.429 / 2J (PART), NEW S.NO.429 / 2J1C (AS PER PATTA) OF PERUMBAKKAM VILLAGE WITHIN THE LIMITS OF ST. THOMAS MOUNT PANCHAYAT UNION",Chennai,12.906967,80.19288,Residential,Non-High Rise Building (NHRB),556,,1306,,15,33855000,44100000,,93955000,4,0,1,"[{'block': None, 'base_level': 'Stilt', 'floor_segments': ['5 FLOORS'], 'total_floors_above_base': 5}]",[],5980,14053,2.35,2.0,2.0,5,5662,3138.0,6686,0.36,0.47,6263667,937,False,False,True,0,False,Chennai,Residential,False,,False,False,False
AANIRUDH RAMANJANEYA,TN/29/Building/0108/2025,"Stilt floor+ 5 floors Residential Building (Height-18.00m) with 20 dwelling units Availing Premium FSI with TOD Benefit at Door No.20/18, Plot Nos. 17 & 18, Ram Nagar 8th street, Nanganallur, Chennai- 600061 comprised in Old S.No.93, T.S.No.70 & 73, Block No.14, Ward E of Adambakkam Village, Alandur Town within the Limits of Greater Chennai Corporation.",Chennai,12.59,80.11,Residential,Non-High Rise Building (NHRB),724,0,1874,,20,45000000,55000000,,100000000,9,11,0,"[{'block': None, 'base_level': 'Stilt', 'floor_segments': ['5 floors'], 'total_floors_above_base': 5}]",[18.0],7788,20168,2.59,2.0,2.0,20,5778,2727.0,4958,0.45,0.55,5000000,1008,False,False,False,0,False,Chennai,Residential,False,,False,False,False
Sreshta Tangirala,TN/29/Building/0109/2025,Residential Stilt +5 Floors 10 Units,Chennai,13.035501,80.261692,Residential,High Rise Building (HRB),730,0,1854,,10,172788000,50217025,,223005025,21,1,1,"[{'block': None, 'base_level': 'Stilt', 'floor_segments': ['5 Floors'], 'total_floors_above_base': 5}]",[],7854,19952,2.54,2.0,4.87,23,22000,2517.0,11177,0.77,0.23,22300502,1995,False,False,False,0,False,Chennai,Residential,False,,False,False,False
Krishna Grand,TN/29/Building/0110/2025,Private Office - Commercial,Chennai,13.02492,80.06360000000001,Commercial,Non-High Rise Building (NHRB),925,0,0,1285,,2918000,25000000,,27918000,7,4,1,[],[],9957,13830,1.39,2.0,2.0,12,293,1808.0,2019,0.1,0.9,,,False,False,False,1,False,Chennai,Commercial,False,,False,False,False
HANSA CENTURION,TN/29/Building/0111/2025,"Block-A; Stilt floor + 5 floors with 30 Residential Dwelling Units and Block-B; Stilt floor + 5 floors with 20 Residential Dwelling Units, Totelly 50 Dwelling Units at Plot Nos.46,47,58,59 & 60, Door No.1, Shanmugapuram 7th Street, Comprised in Old Survey No.548/Part1A1A1A1A1B1A, T S No.66, Block No.3, Ward-G, Tiruvottiyur, Chennai-600 019",Chennai,13.177382,80.299408,Residential,Non-High Rise Building (NHRB),1633,0,4197,,50,26362500,223487500,,249850000,31,6,0,"[{'block': None, 'base_level': 'Stilt', 'floor_segments': ['5 floors', '5 floors'], 'total_floors_above_base': 10}]",[],17581,45181,2.57,2.0,2.0,37,1499,4946.0,5530,0.11,0.89,4997000,904,False,False,False,0,False,Chennai,Residential,False,,False,False,False
VIRAAM,TN/29/Building/0112/2025,"Group Housing Development comprising 3 Blocks: Block A – Stilt floor + 4 floors + 5th floor (Part) (Height – 18.30m) Residential Building with 40 dwelling units: Block B – Stilt floor + 4 floors + 5th floor (Part) (Height – 18.30m) Residential Building with 40 dwelling units; Block C – Stilt floor + 3 floor (Height – 12.60m) Amenities Block (GYM, Play Area and Home Theatre) - Totally 80 dwelling units for Affordable Housing at Mangadu, Chennai Comprised S.No.475/1A1B of Mangadu Village, within the limit of Mangadu Municipality",Chennai,13.024,80.1145,Residential,Non-High Rise Building (NHRB),3036,0,7619,216,80,144107000,240000000,,384107000,56,19,75,"[{'block': 'Block A – Stilt floor + 4 floors + 5th floor (Part) (Height – 18.30m) Residential Building with 40 dwelling units', 'base_level': 'Stilt', 'floor_segments': ['4 floors', '5th floor', '3 floor'], 'total_floors_above_base': 8}]","[18.3, 18.3, 12.6]",32682,84334,2.58,2.0,2.0,150,4409,2846.0,4555,0.38,0.62,4801338,1025,False,False,False,0,False,Chennai,Residential,False,,False,False,False
NAHAR EAST,TN/29/Building/0114/2025,16 Residential Apartments in Two blocks,Chennai,12.983499,80.261985,Residential,Non-High Rise Building (NHRB),538,0,1315,0,16,52217447,82500000,,134717447,8,1,0,[],[],5791,14158,2.44,2.0,2.0,9,9017,5827.0,9515,0.39,0.61,8419840,885,False,False,False,0,False,Chennai,Residential,False,,False,False,False
BHARATH FLATS,TN/29/Building/0118/2025,"Plot No. C-38A, New Door No.12, Old Door No.14, Nanganallur 43rd Street & 44th Street, Nanganallur, Chennai 600 061",Chennai,12.98215922751133,80.18647364708312,Residential,Non-High Rise Building (NHRB),577,0,1485,,18,25000000,40000000,,65000000,7,4,1,[],[],6206,15986,2.58,2.0,2.0,12,4028,2502.0,4066,0.38,0.62,3611111,888,False,False,False,0,False,Chennai,Residential,False,,False,False,False
ARCADIA,TN/29/Building/0119/2025,"Plot No.10A, Classic Farms Avenue Road, Classic Retreat, Sholinganallur, Chennai – 600 119. Comprised in Old Survey No.602/1K, & 602/2L, New Survey No.602/2B19A, 602/2B19B & 602/2B19C of Sholinganallur Village, within the limit of Greater Chennai Corporation.",Chennai,12.897466,80.219368,Residential,Non-High Rise Building (NHRB),600,0,1159,0,11,17623680,20359279,,37982959,11,0,0,[],[],6458,12479,1.93,2.0,2.0,11,2729,3682.0,3044,0.46,0.54,3452996,1134,False,False,False,0,False,Chennai,Residential,False,,False,True,True
SAI VINAYAK,TN/29/Building/0123/2025,"Plot No.A (Plot No.95,96,101&102), 5th Main Road, Kamakoti Nagar, Pallikaranai, Chennai-600100",Chennai,12.940149,80.21009,Residential,Non-High Rise Building (NHRB),590,0,1528,,15,31254700,57643500,,88898200,15,4,1,[],[],6351,16448,2.59,2.0,2.0,20,4921,3505.0,5405,0.35,0.65,5926547,1097,False,False,False,0,False,Chennai,Residential,False,,False,False,False
IYRA MARVEL,TN/29/Building/0124/2025,"Proposed Construction of Stilt Floor (Mechanized car parking) + 5 Floors (Office) (Height 18.30m) Commercial Building at Plot No.329 and 330, Old Door No. 27 and 28, New Door No. 59 and 61, First Avenue, Indra Nagar, Adyar, Chennai comprised in Old S.No. 4part, T.S.No. 27 and 28, Block No.13 of Kalikundram village within the limits of Greater Chennai Corporation.",Chennai,12.99865,80.25158,Commercial,Non-High Rise Building (NHRB),791,0,0,2242,,130000000,70000000,,200000000,17,2,2,"[{'block': None, 'base_level': 'Stilt', 'floor_segments': ['5 Floors'], 'total_floors_above_base': 5}]",[18.3],8519,24133,2.83,2.0,2.0,21,15260,2901.0,8287,0.65,0.35,,,False,False,False,0,False,Chennai,Commercial,False,,False,False,False
Endee Sadhasivam,TN/29/Building/0126/2025,"PLAN SHOWING THE PROPOSED CONSTRUCTION OF STILT FLOOR + 5 FLOORS (18.0M HEIGHT) RESIDENTIAL BUILDING WITH 10 DWELLING UNITS AVAILING PREMIUM FSI WITH TOD BENEFITS AT NEW DOOR NO.13, OLD DOOR NO.7, THIRUVENKADAM STREET, RAJA ANNAMALAIPURAM, CHENNAI 600028 COMPRISED IN R.S.NO.4119/8, BLOCK NO.89 OF MYLAPORE VILLAGE WITHIN THE LIMITS OF GREATER CHENNAI CORPORATION",Chennai,13.025,80.263056,Residential,Non-High Rise Building (NHRB),534,0,1336,,10,78000000,39000000,,117000000,8,3,1,"[{'block': None, 'base_level': 'Stilt', 'floor_segments': ['5 FLOORS'], 'total_floors_above_base': 5}]",[],5750,14377,2.5,2.0,2.0,12,13565,2713.0,8138,0.67,0.33,11700000,1438,False,False,False,0,False,Chennai,Residential,False,,False,False,False
CHAMBERS,TN/29/Building/0128/2025,Proposed construction of Basement floor (TW Parking) + Stilt floor (Part) (Pit Puzzle Parking) / Ground floor (Part) + 4 floors Commercial Building (Shop – GF; Office – 1st to 4th floor) (18.30m Height),Chennai,13.01093,80.22262,Commercial,Non-High Rise Building (NHRB),1816,0,0,4316,,23600000,190000000,,213600000,33,5,3,"[{'block': None, 'base_level': 'Ground', 'floor_segments': ['4 floors', '4th floor'], 'total_floors_above_base': 5}]",[],19553,46458,2.38,2.0,2.0,41,1207,4090.0,4598,0.11,0.89,,,False,False,False,0,False,Chennai,Commercial,False,,False,False,False
ANTARES,TN/29/Building/0129/2025,Stilt +4+5th floor(Part)Height -18.30m Residential Building with 15 dwelling,Chennai,12.917172,80.227694,Residential,Non-High Rise Building (NHRB),882,0,2288,,15,64000000,86185716,,150185716,18,0,2,"[{'block': None, 'base_level': 'Stilt', 'floor_segments': ['4', '5th floor'], 'total_floors_above_base': 5}]",[18.3],9494,24624,2.59,2.0,2.0,20,6741,3500.0,6099,0.43,0.57,10012381,1642,False,False,False,0,False,Chennai,Residential,False,,False,False,False
PROVIDENCE,TN/29/Building/0141/2025,STILT + 5 FLOORS RESIDENTIAL BUILDING,Chennai,13.06023,80.245379,Residential,Non-High Rise Building (NHRB),1033,0,2662,,15,170000000,9900000,,179900000,28,0,2,"[{'block': None, 'base_level': 'Stilt', 'floor_segments': ['5 FLOORS'], 'total_floors_above_base': 5}]",[],11115,28655,2.58,2.0,2.0,30,15295,3682.0,6278,0.94,0.06,11993333,1910,False,False,False,0,False,Chennai,Residential,False,,False,True,True
Cinnamon Homes-Blossom,TN/29/Building/0142/2025,"STILT FLOOR + 5 FLOORS RESIDENTIAL BUILDING WITH 20 DWELLING UNITS AT BLOCK NO-19 & 20, VELLALAR STREET, MOGAPPAIR, CHENNAI-600 037. COMPRISED IN OLD S.NO- 249/2A PART AND T.S.NO. 76/2, BLOCK NO-36, WARD 9 (059), MOGAPPAIR WARD-H OF AMBATTUR TOWN WITHIN THE LIMITS OF GREATER CHENNAI CORPORATION.",Chennai,13.08368,80.17531,Residential,Non-High Rise Building (NHRB),922,0,2578,,20,74500000,85000000,,159500000,22,3,3,"[{'block': None, 'base_level': 'Stilt', 'floor_segments': ['5 FLOORS'], 'total_floors_above_base': 5}]",[],9924,27751,2.8,2.0,2.0,28,7507,3063.0,5748,0.47,0.53,7975000,1388,False,False,False,0,False,Chennai,Residential,False,,False,False,False
BBCL DHRITI,TN/29/Building/0145/2025,Proposed construction of Stilt Floor + 5 floors Residential building (Height 18.00m) with 20 Dwelling units availing Premium FSI,Chennai,12.959626,80.209981,Residential,Non-High Rise Building (NHRB),892,0,2261,,20,26400000,82979320,,109379320,12,8,3,"[{'block': None, 'base_level': 'Stilt', 'floor_segments': ['5 floors'], 'total_floors_above_base': 5}]",[18.0],9600,24332,2.53,2.0,2.0,23,2750,3410.0,4495,0.24,0.76,5468966,1217,False,False,False,0,False,Chennai,Residential,False,,False,False,False
SILVER SPRINGS,TN/29/Building/0146/2025,"Planning Permission for the proposed construction of Stilt Floor + 5 Floors (Height - 18.30m) Residential Building with 14 Dwelling units Availing Premium FSI with TOD Benefit at Plot No. 12 Part & Plot No.13, Kannan Nagar 1st Street (Kannan Nagar 1st Cross Street), Nanganallur, Chennai – 600 061 Comprised in Old.S.Nos. 87/4 Part, 87/5 Part, 88/4 Part & 88/5 Part, and T.S.No.22/2, 23, 29/2 & 29/3, Ward – D, Block No.26 of Thalakkancheri Village within the Limits of Greater Chennai Corporation",Chennai,12.969897,80.18958,Residential,Non-High Rise Building (NHRB),751,0,1916,,14,81040000,70000000,,151040000,15,3,2,"[{'block': None, 'base_level': 'Stilt', 'floor_segments': ['5 Floors'], 'total_floors_above_base': 5}]",[18.3],8084,20622,2.55,2.0,2.0,20,10025,3394.0,7324,0.54,0.46,10788571,1473,False,False,False,0,False,Chennai,Residential,False,,False,False,False
Sagar Springs Sagar Grandhi Constructions,TN/29/Building/0147/2025,"Proposed construction of Stilt Floor + 5 Floors (Height – 18.30 m) Residential Building with 15 Dwelling Units Availing Premium FSI at Plot No. 52, 2nd Cross Street, Classic Retreat, Sholinganallur, Chennai – 600 119. Comprised in S.No. 590/1A8, 591/1A18 & 592/1A15 of Sholinganallur Village within the limit of Greater Chennai Corporation",Chennai,12.895906,80.218308,Residential,Non-High Rise Building (NHRB),550,0,1489,,15,19800000,50000000,,69800000,13,4,0,"[{'block': None, 'base_level': 'Stilt', 'floor_segments': ['5 Floors'], 'total_floors_above_base': 5}]",[18.3],5920,16022,2.71,2.0,2.0,17,3345,3121.0,4357,0.28,0.72,4653333,1068,False,False,False,0,False,Chennai,Residential,False,,False,False,False
INDIVIDUAL,TN/29/Building/0150/2025,SLIT + 3 FLOORS COMMERCIAL OWN BUILDING,Chennai,13.0721938,80.2598699,Commercial,Non-High Rise Building (NHRB),428,0,0,709,,79920500,17365023,,97285523,6,2,0,"[{'block': None, 'base_level': None, 'floor_segments': ['3 FLOORS'], 'total_floors_above_base': 3}]",[],4602,7636,1.66,2.0,2.0,8,17368,2274.0,12740,0.82,0.18,,,False,False,False,0,False,Chennai,Commercial,False,,False,False,False
BBCL SANSKRITI,TN/29/Building/0151/2025,STILT + 5 FLOORS CONSISTING 20 DWELLING UNITS,Chennai,13.0435,80.22,Residential,Non-High Rise Building (NHRB),890,0,2445,,20,70000000,80000000,21000000,171000000,20,2,2,"[{'block': None, 'base_level': 'Stilt', 'floor_segments': ['5 FLOORS'], 'total_floors_above_base': 5}]",[],9583,26321,2.75,2.0,2.0,24,7305,3039.0,6497,0.41,0.47,8550000,1316,False,False,False,0,False,Chennai,Residential,False,,False,False,False
KHURINJI VERBENA,TN/29/Building/0156/2025,"PLOT NO.4 & 5, OLD DOOR NO.8 & 9, NEW DOOR NO.6 & 8, VENKATARATHNAM NAGAR EXTENSION 1ST STREET, ADYAR, CHENNAI",Chennai,12.999972,80.249779,Residential,Non-High Rise Building (NHRB),503,0,1307,,10,62000000,71500000,,133500000,8,2,1,[],[],5412,14067,2.6,2.0,2.0,11,11456,5083.0,9490,0.46,0.54,13350000,1407,False,False,False,0,False,Chennai,Residential,False,,False,False,False
RAMANIYAM ASHOK VIHAR,TN/29/Building/0159/2025,"Plot No.A-64, New Door No.21/1 to 16, Old Door No.20/1 to 16, Ashok Vihar Apartments, 11th Avenue , Ashok Nagar, Chennai – 600 083 comprised in Old S.No.223 part, T.S.No.5, Block No.72 of Kodambakkam Village (Part – II), Mambalam Taluk, Greater Chennai Corporation, Zone : X, Division No – 135",Chennai,13.031411,80.215354,Residential,Non-High Rise Building (NHRB),709,0,1906,,20,83930000,68654523,,152584523,20,0,2,[],[],7630,20520,2.69,2.0,2.0,22,11000,3346.0,7436,0.55,0.45,7629226,1026,False,False,False,0,False,Chennai,Residential,False,,False,False,False
ROOHI'S ANIKA,TN/29/Building/0160/2025,"Address : old door no.8,9,4,5,6 New door no. 21,23,11,13,15, Sengalaneer pillaiyar kovil street, mylapore, chennai 600004 Block : 1 No of Units : 15",Chennai,13.034522,80.270596,Residential,Non-High Rise Building (NHRB),573,0,1141,,15,67826000,36563000,,104389000,10,0,0,[],[],6166,12281,1.99,2.0,2.0,10,11000,2977.0,8500,0.65,0.35,6959267,819,False,False,False,0,False,Chennai,Residential,False,,False,False,False
JONES VISTA,TN/29/Building/0162/2025,CONSTRUCTION OF STILT FLOOR + GROUND FLOOR (PART) GYM + 4 FLOORS +5TH FLOOR (PART) RESIDENTIAL BUIDING .,Chennai,12.582519999999999,80.12423000000001,Residential,Non-High Rise Building (NHRB),1851,0,4664,,36,69699000,175600000,,245299000,39,2,4,"[{'block': None, 'base_level': 'Ground', 'floor_segments': ['4 FLOORS', '5TH FLOOR'], 'total_floors_above_base': 5}]",[],19924,50201,2.52,2.0,2.0,45,3498,3498.0,4886,0.28,0.72,6813861,1394,False,False,False,1,False,Chennai,Residential,False,,False,False,False
SPECTRA,TN/29/Building/0164/2025,"Plot No.46, Door No.27, Trustpuram 2nd Cross Street, Kodambakkam, Chennai - 600024, T.S.No.35, Block No.24 of Puliyur Village",Chennai,13.0543605,80.2227684,Residential,Non-High Rise Building (NHRB),648,0,1812,0,15,105000000,97500000,22500000,225000000,12,4,1,[],[],6970,19503,2.8,2.0,2.0,17,15065,4999.0,11537,0.47,0.43,15000000,1300,False,False,False,0,False,Chennai,Residential,False,,False,False,False
RAMALAKSHMI,TN/29/Building/0165/2025,PROPOSED CONSTRUCTION OF STILT FLOOR (PARKING) + 5 FLOORS (HEIGHT 18.30 M) RESIDENTIAL BUILDING WITH 15 DWELLING UNITS,Chennai,13.03833,80.24362,Residential,Non-High Rise Building (NHRB),1320,0,3694,,15,47100000,165280000,,212380000,33,2,3,"[{'block': None, 'base_level': 'Stilt', 'floor_segments': ['5 FLOORS'], 'total_floors_above_base': 5}]",[18.3],14210,39767,2.8,2.0,2.0,38,3315,4156.0,5341,0.22,0.78,14158667,2651,False,False,False,0,False,Chennai,Residential,False,,False,False,False
DWARAKA DARSHAN,TN/29/Building/0170/2025,"The proposed construction of stilt floor (parking)+5 floors Residential building (18.30m height) with 10 Dwelling units availing premium FSI at Block No 79, Dwaraka flats, Ambattur estate- Thirumangalam Road, Anna Nagar Western Extension, Chennai-600101, Comprised on Old S.no:289 part of padi village, S.nos:297/3B, 297/1A Part, 1B Part, 2A Part, 2B Part, 290part, T.S.No:87/9, 87/10, 87/11, Block No:9, Ward-H of Mogappair Village within the limits of greater Chennai corporation.",Chennai,13.0879883,80.1867667,Residential,Non-High Rise Building (NHRB),678,,1594,,10,72270000,41400000,,113670000,6,4,1,[],[],7300,17155,2.35,2.0,2.0,11,9900,2413.0,6626,0.64,0.36,11367000,1716,False,False,True,0,False,Chennai,Residential,False,,False,False,False
Sagar Prime Sagar Grandhi Constructions,TN/29/Building/0171/2025,S.No. 590/1A8 of Sholinganallur Village,Chennai,12.893,80.21914,Residential,Non-High Rise Building (NHRB),600,0,1551,,20,25000000,60000000,,85000000,17,5,0,[],[],6458,16693,2.58,2.0,2.0,22,3871,3594.0,5092,0.29,0.71,4250000,835,False,False,False,0,False,Chennai,Residential,False,,False,False,False
SRIVAARI ENCLAVE,TN/29/Building/0174/2025,"Planning Permission for the Proposed Construction of Stilt Floor (Parking) + 3 Floors Residential Building (Height -14.0m ) with 18 Dwelling units (Affordable Housing units) at Door No: 12, 12/2/1, 12/2B, Anandavelu Mudali Street, Perambur, Chennai, Comprised in R.S.No:440/70 and T.S.No:440/70, 440/242, 440/245, 440/263, Block No: 23, Ward -01 of Perambur Village within the limits of Greater Chennai Corporation",Chennai,13.110584,80.246956,Residential,Non-High Rise Building (NHRB),632,0,1276,,18,50000000,40000000,,90000000,9,1,1,[],[14.0],6800,13738,2.02,2.0,2.0,11,7353,2912.0,6551,0.56,0.44,5000000,763,False,False,False,0,False,Chennai,Residential,False,,False,False,False
"Construction of High Rise Building consisting of Extended Double Basement Floor + Ground Floor + 11 Floors for Commercial (Office/Retail Shop) Building Availing Premium FSI at Door no.112, Rajiv Gandhi Salai (OMR), Kandanchavadi, Perungudi, Chennai.",TN/29/Building/0175/2025,"Construction of High Rise Building consisting of Extended Double Basement Floor (Each 2 levels Mechanized parking) + Ground Floor + 11 Floors for Commercial (Office/Retail Shop) Building Availing Premium FSI at Door no.112, Rajiv Gandhi Salai (OMR), Kandanchavadi, Perungudi, Chennai – 600 096. Comprised in Survey nos. 286/3B1A, 286/3B1B1, 286/3B2A, 286/3B2B1 of Kottivakkam village, Sholinganallur Taluk (Previously Tambaram Taluk), Chennai District, Greater Chennai Corporation Division No: 183, Zone:14",Chennai,12.96791,80.24821,Commercial,High Rise Building (HRB),3380,0,0,13101,,600000000,800000000,240000000,1640000000,183,15,20,"[{'block': None, 'base_level': 'Ground', 'floor_segments': ['11 Floors'], 'total_floors_above_base': 11}]",[],36382,141018,3.88,2.0,4.87,218,16492,5673.0,11630,0.37,0.49,149090909,0,False,True,False,0,False,Chennai,Commercial,False,,False,False,False
ASTER FLATS,TN/29/Building/0176/2025,"Plot No.B1, B2, B3, B4 & B5, Ravi Street, Medavakkam, Chennai – 600 100 comprised in Old.S.Nos.154/1 Part, 154/2B3 Part, 155/1 Part, 155/1C1A Part & S.No.154/2B3A2, 155/1C1A1, 155/1C1A2, 155/1C1B & 155/1C2 (Patta) of Medavakkam village within the Limits of St.Thomas Mount Panchayat Union",Chennai,12.92648,80.189904,Residential,Non-High Rise Building (NHRB),982,0,2506,,19,63500000,110000000,,173500000,16,2,1,[],[],10570,26974,2.55,2.0,2.0,19,6007,4078.0,6432,0.37,0.63,9131579,1420,False,False,False,0,False,Chennai,Residential,False,,False,False,False
Etica Anantham,TN/29/Building/0178/2025,"STILT FLOOR + 5 FLOORS (18.25M HEIGHT) RESIDENTIAL BUILDING WITH 10 DWELLING UNITS ( Project registration for Second Floor 2 Dwelling Unit & Fourth Floor 2 Dwelling unit - Total 4 Dwelling Unit ) AT PLOT NO.3 & 4, NEW DOOR NO.27, OLD DOOR NO.14, CHINNAYA STREET, T.NAGAR, CHENNAI 600017, COMPRISED IN OLD PAIMASH NO.621 & 622 (DOCUMENT), AND T.S.NO.8347/3, BLOCK NO.109 OF T.NAGAR VILLAGE WITHIN THE LIMIT OF GREATER CHENNAI CORPORATION",Chennai,13.047347,80.240334,Residential,Non-High Rise Building (NHRB),889,0,2309,,10,100000000,110000000,,210000000,14,10,2,"[{'block': None, 'base_level': 'Stilt', 'floor_segments': ['5 FLOORS', 'Second Floor', 'Fourth Floor'], 'total_floors_above_base': 7}]",[],9569,24851,2.6,2.0,2.0,26,10450,4426.0,8450,0.48,0.52,21000000,2485,False,False,False,0,False,Chennai,Residential,False,,False,False,False
ASTA AURA,TN/29/Building/0180/2025,"“Asta Aura” a High rise residential complex consisting of Stilt Floor part (Parking) Ground Floor part (Lobby, Gym, Transformer Room, Meter Room) + 1st Floor to 7th Floors with 12 dwelling units to be set up at Old Door No.10, New Door No.19, Padmavathiyar Salai, Jeypore Colony, Gopalapuram, Chennai- 600086 an extent of 20965 sq.ft comprised in T.S.No.67/83 in Block No.04 of Mylapore part-1 Village, Mylapore Taluk Chennai district within limits of Greater Chennai Corporation.",Chennai,13.052645,80.256432,Residential,High Rise Building (HRB),1948,0,5347,,12,501207510,348792490,,850000000,31,18,5,"[{'block': None, 'base_level': 'Ground', 'floor_segments': ['1st Floor'], 'total_floors_above_base': 1}]",[],20965,57550,2.75,2.0,4.87,54,23907,6061.0,14770,0.59,0.41,70833333,4796,False,False,False,0,False,Chennai,Residential,False,,False,False,False
SANKAR ELITE,TN/29/Building/0181/2025,"Stilt Floor+5 Floors Residential Building (Height- 18.30m)with 15 Dwelling Units Availing premium FSI at Plot No. 667 & Plot No.669 pt, Ram Nagar 6th Main Road, Madipakkam, Chennai Comprised in S.No.112/1A2A1 and 112/1A2A2 as per patta of Madipakkam Village within the limit of Greater Chennai Corporation",Chennai,12.963177,80.208885,Residential,Non-High Rise Building (NHRB),560,0,1454,,15,37000000,50000000,,87000000,11,6,2,"[{'block': None, 'base_level': 'Stilt', 'floor_segments': ['5 Floors'], 'total_floors_above_base': 5}]",[18.3],6028,15653,2.6,2.0,2.0,19,6138,3194.0,5558,0.43,0.57,5800000,1044,False,False,False,0,False,Chennai,Residential,False,,False,False,False
MAGIZHCHI THARANGINI,TN/29/Building/0183/2025,"The proposed construction of a Stilt floor (parking)+5 floors residential building with 10 dwelling units (Height 18.30m) availing premium FSI at Door nos 93/1 to 93/6, block no 93, magizhchi colony, T.S.Krishna nagar, anna nagar western extension, Chennai -600101 comprised in Old S No 163/2part, 187 part, New S.No:162 part, 164 part, 288 part and 209part and T.S.No:1/2, Block No:43 ward-H of Mogappair Village within the limits of greater chennai Corporation.",Chennai,13.088092,80.182363,Residential,Non-High Rise Building (NHRB),535,0,1174,,10,40896000,31050000,,71946000,6,4,1,[],[18.3],5760,12634,2.19,2.0,2.0,11,7100,2458.0,5695,0.57,0.43,7194600,1263,False,False,False,0,False,Chennai,Residential,False,,False,False,False
-,TN/29/Building/0187/2025,"Proposed Construction of Stilt Floor (Parking) + 5 Floors Residential Building (18.30m Height) with 20 dwelling units (Affordable Housing) at Padikuppam Main Road, Padikuppam, Chennai, comprised in Old S.No. 240 & 241 and T.S.No. 4/3, Ward - I, Block No. 69 of Padi village within the limits of Greater Chennai Corporation.",Chennai,13.078712,80.189121,Residential,Non-High Rise Building (NHRB),630,0,1490,,20,82000000,51000000,,133000000,6,5,1,"[{'block': None, 'base_level': 'Stilt', 'floor_segments': ['5 Floors'], 'total_floors_above_base': 5}]",[],6781,16041,2.37,2.0,2.0,12,12092,3179.0,8291,0.62,0.38,6650000,802,False,False,False,0,False,Chennai,Residential,False,,False,False,False
SRINIVASA https://rera.tn.gov.in/public-view2/building/pfirm/e7c23e00-308d-11f0-ac80-4dd6a487ddfd,TN/29/Building/0189/2025,"HIGH RISE BUILDING (HRB) WITH 60.00M HEIGHT CONSISTING OF EXTENDED DOUBLE BASEMENT FLOOR (PARKING) + STILT FLOOR PART (PARKING) / GROUND FLOOR PART (DOUBLE HEIGHT LOBBY, ASSOCIATION ROOM, METER ROOM & GENERATOR ROOM) + 1ST FLOOR TO 17TH FLOORS + 18TH FLOOR PART (GYM, PARTY HALL) OF RESIDENTIAL BUILDING WITH 67 DWELLING UNITS AND OPEN SWIMMING POOL AT 18TH FLOOR PART AVAILING WITH PREMIUM FSI AT OLD DOOR NO. 21, NEW DOOR NO.2, DR.GOVINDAN ROAD & REDDYKUPPAM ROAD, DEVANATHAN COLONY, WEST MAMBALAM, CHENNAI - 600 033 AND COMPRISED IN OLD PYMASH NOS.863 TO 868(PART), T.S.NO.11/1, BLOCK NO.27 OF MAMBALAM VILLAGE, WITHIN THE LIMITS OF GREATER CHENNAI CORPORATION",Chennai,13.031098,80.225062,Mixed Development,High Rise Building (HRB),4185,0,14243,380,67,530000000,574514500,,1104514500,114,46,18,"[{'block': None, 'base_level': 'Ground', 'floor_segments': ['1ST FLOOR', '18TH FLOOR', '18TH FLOOR'], 'total_floors_above_base': 3}]",[],45047,157392,3.49,2.0,4.87,178,11766,3650.0,7018,0.48,0.52,16485291,2288,False,False,False,0,False,Chennai,Mixed Development,False,,False,False,False
KSA ANANYA,TN/29/Building/0190/2025,"Plot no.31, Annai Indira Nagar Main Road, Annai Indira Nagar, Thoraipakkam, Chennai – 600097 comprised in S.No. 281/32 of Okkiam Thoraipakkam village within the limits o",Chennai,12.929373,80.232057,Residential,Non-High Rise Building (NHRB),750,176,2096,,24,35523750,80000000,,115523750,16,0,2,[],[],8073,24464,3.03,2.0,2.0,18,4400,3270.0,4722,0.31,0.69,4813490,1019,False,False,False,0,False,Chennai,Residential,False,,False,False,False
PEARL AAKSHAYA,TN/29/Building/0192/2025,"PROPOSED CONSTRUCTION OF STILT FLOOR + 4 FLOORS + 5TH FLOOR (PART HEIGHT - 18.30M) RESIDENTIAL BUILDING WITH 30 DWELLING UNITS AVAILING PREMIUM FSI AT PLOT 9 & 10 (CMDA APPROVED LAYOUT - 73/2005) (S.NO.26/8 & 26/7) TOGETHER WITH LAND (S.NO. 26/1B1A) AT PAVITHRA ENCLAVE, PERUNGALATHUR, CHENNAI COMPRISED IN S.NO.26/1B1A, 26/7 & 26/8 OF PERUNGALATHUR VILLAGE WITHIN THE LIMITS OF TAMBARAM MUNICIPAL CORPORATION",Chennai,12.918566,80.091237,Residential,Non-High Rise Building (NHRB),1227,0,3186,,30,35000000,132138000,,167138000,11,19,3,"[{'block': None, 'base_level': 'Stilt', 'floor_segments': ['4 FLOORS', '5TH FLOOR'], 'total_floors_above_base': 5}]",[18.3],13206,34291,2.6,2.0,2.0,33,2650,3853.0,4874,0.21,0.79,5571267,1143,False,False,False,0,False,Chennai,Residential,False,,False,False,False
MEGHA SANGAMAM,TN/29/Building/0193/2025,"Stilt floor + 5 floors(Height - 18.30m) Residential Building with 15 dwelling units Availing Premium FSI with TOD Benefit at Plot No.4-A, 4-B & 6-A, 3rd Main Road and 2nd Main Road, Kannan Nagar, Madipakkam, Chennai 600091, Comprised in S.No.86/1, 86/2 & 86/3 (Document), and T.S.No.32/1, 32/3 & 32/4 (Patta), Block No.25, Ward-D of Thalakkanancheri Village, Alandur Taluk within the limit of Greater Chennai Corporation.",Chennai,12.970467,80.188261,Residential,Non-High Rise Building (NHRB),642,0,1669,,15,56216000,46729550,,102945550,9,8,2,"[{'block': None, 'base_level': 'Stilt', 'floor_segments': ['5 floors'], 'total_floors_above_base': 5}]",[18.3],6910,17967,2.6,2.0,2.0,19,8135,2601.0,5730,0.55,0.45,6863037,1198,False,False,False,0,False,Chennai,Residential,False,,False,False,False
-,TN/29/Building/0194/2025,COMMERCIAL BUILDING BASEMENT FLOOR + GROUND FLOOR + MEZZANINE FLOOR + 3 FLOORS,Chennai,13.033219,80.243212,Commercial,Non-High Rise Building (NHRB),515,0,0,864,,123686200,16604186,,140290386,6,0,0,"[{'block': None, 'base_level': 'Ground', 'floor_segments': ['3 FLOORS'], 'total_floors_above_base': 3}]",[],5543,9305,1.68,2.0,2.0,6,22312,3682.0,15077,0.88,0.12,,,False,False,False,0,False,Chennai,Commercial,False,,False,True,True
VGN SEATTLE,TN/29/Building/0195/2025,Residential - STILT + 5 Floors,Chennai,13.077671,80.184114,Residential,Non-High Rise Building (NHRB),980,2547,2547,,20,68636100,100000000,,168636100,22,22,0,"[{'block': None, 'base_level': 'Stilt', 'floor_segments': ['5 Floors'], 'total_floors_above_base': 5}]",[],10550,54830,5.2,2.0,2.0,44,6506,1824.0,3076,0.41,0.59,8431805,2742,False,False,False,1,False,Chennai,Residential,False,,False,False,False
Construction of 203 MIG Units consisting of two blocks of stilt + 13 Floors at Ayyanavaram scheme in TS No 22 Block No 33 of Ayyanavaram Village Chennai.,TN/29/Building/0204/2025,203 MIG FLATS AT AYANAVARAM,Chennai,13.092996,80.239214,Residential,High Rise Building (HRB),7702,0,18035,,203,602300574,1456528500,,2058829074,50,160,7,[],[],82906,194122,2.34,2.0,4.87,217,7265,7503.0,10606,0.29,0.71,10142015,956,False,False,False,0,False,Chennai,Residential,False,,False,False,False
RADIANCE ETERNITY https://rera.tn.gov.in/public-view2/building/pfirm/e1138bd0-3f8e-11f0-81da-4fe668dd8bbb,TN/29/Building/0206/2025,"The Proposed Construction of High Rise Group Development Building for Residential Use Consisting of 2 Blocks with Combined & Extended Double Basement Floor (for Parking Use) for Block - A & B, in Block No - A: Stilt Floor (for Parking Use & ATM)+ 1st Floor to 10th Floor with 49 Dwelling Units, in Block No - B: Stilt Floor (Parking Use) + 1st Floor to 21st Floor with 166 Dwelling Units and at 22nd floor part Club House use (Association room, Gym, AV room, Creche, Indoor Games, Co-Working Space and Open Swimming pool with Change room & Shower) Totally 215 dwelling units, availing premium FSI with TOD Benefit at Door No.2/79, abutting Rajiv Gandhi Salai (Old Mahabalipuram Road), Comprised in S.No.113/1A2 & 114/1B, Okkiyam Thoraipakkm village, Sholinganallur Taluk, Chennai District,",Chennai,12.94476,80.23812,Residential,High Rise Building (HRB),8972,0,35848,1727,215,1270000000,1090659000,,2360659000,335,68,27,"[{'block': 'Block - A & B, in Block No - A', 'base_level': 'Stilt', 'floor_segments': ['1st Floor', '10th Floor'], 'total_floors_above_base': 2}, {'block': 'Block No - B', 'base_level': 'Stilt', 'floor_segments': ['1st Floor', '21st Floor', '22nd floor'], 'total_floors_above_base': 3}]",[],96573,404450,4.19,2.0,4.87,430,13151,2697.0,5837,0.54,0.46,10979809,1795,False,False,False,0,False,Chennai,Residential,False,,False,False,False
OCEAN CLIFFS,TN/29/Building/0207/2025,"at S.No. 8/20, 8/19, 8/15, 8/2B1A, 8/2B1F1A, of Kanathur Reddikuppam Village, Thiruporur Taluk, Chengalpattu District.",Chennai,12.838633,80.240236,Residential,High Rise Building (HRB),77703,0,73215,4488,317,250000000,1800000000,,2050000000,778,0,0,[],[],836385,836386,1.0,2.0,4.87,778,299,2152.0,2451,0.12,0.88,6466877,2486,False,False,False,0,False,Chennai,Residential,False,,False,False,False
VIVANAS ALOFT,TN/29/Building/0208/2025,"PLOT NO , B, S.NO ,143/3A1B1A1, V.O.C ,Street, Kaikankuppam, Valasaravakkam , Chennai, 600 087",Chennai,13.038278,80.186453,Residential,Non-High Rise Building (NHRB),3210,0,8345,0,68,250000000,327306000,,577306000,68,5,2,[],[],34553,89824,2.6,2.0,2.0,75,7235,3644.0,6427,0.43,0.57,8489794,1321,False,False,False,0,False,Chennai,Residential,False,,False,False,False
Solara,TN/29/Building/0211/2025,"Proposed construction of Basement floor (Part) + Stilt floor (Mechanised - Pit Puzzle Parking) + 3 floors + 4 floor (Part) (Height – 18.25 m) IT/ITES Building Availing IT Developments additional FSI benefits & Premium FSI at Plot No.107, Industrial Estate for Electrical & Instruments, Perungudi, Chennai 600096, Comprised in S.No.7/2 of Neelangarai Village within the limit of Greater Chennai Corporation",Chennai,12.95484,80.247873,Commercial,Non-High Rise Building (NHRB),1350,0,0,3054,,90500000,129841094,,220341094,45,2,0,"[{'block': None, 'base_level': 'Basement', 'floor_segments': ['3 floors', '4 floor'], 'total_floors_above_base': 7}]",[18.25],14531,32877,2.26,2.0,2.0,47,6228,3949.0,6702,0.41,0.59,,,False,False,False,0,False,Chennai,Commercial,False,,False,False,False
-,TN/29/Building/0212/2025,"Basement Floor (Pit puzzle parking) + Ground Floor (part) + 2 Floors(Part) (Front part of Building- Shop) and Stilt Floor(part) + 3 Floors (Part) (Rear part of building - Office) (Height - 12.0m) Commercial Building availing Premium FSI at Plot No.12, New Door No.18,Old Door No.157,North Usman Road, T.Nagar,Chennai Comprised in T.S.No.5238, Block No.119 of T.Nagar village within the limits of Greater Chennai Corporation",Chennai,13.04582,80.23279,Commercial,Non-High Rise Building (NHRB),892,0,0,1884,,273168000,18393326,,291561326,26,0,1,"[{'block': None, 'base_level': 'Ground', 'floor_segments': ['2 Floors', '3 Floors'], 'total_floors_above_base': 5}]",[12.0],9600,20275,2.11,2.0,2.0,27,28455,3682.0,14380,0.94,0.06,,,False,False,False,0,False,Chennai,Commercial,False,,False,True,True
NAVIN'S AUM GRIHA,TN/29/Building/0213/2025,"High Rise Building (HRB) with 30.0m height consisting of Extended Basement Floor (Parking) + Stilt floor (2 level Stack Parking, Electrical Transformer Room) + 9 floors of Residential building with 18 dwelling units at Old Door No.13, New Door No.14, College Road, Nungambakkam, Chennai comprised in Old R.S.No.78/1, T.S.No.78/13, Block No.14 of Nungambakkam Village within the limits of Greater Chennai Corporation",Chennai,13.06774,80.252445,Residential,High Rise Building (HRB),1224,,2876,,18,637946400,160000000,,797946400,34,14,4,"[{'block': None, 'base_level': 'Basement', 'floor_segments': ['9 floors'], 'total_floors_above_base': 9}]",[],13175,30961,2.35,2.0,4.87,52,48421,5168.0,25773,0.8,0.2,44330356,1720,False,False,True,0,False,Chennai,Residential,False,,False,False,False
IYRA SPIRE,TN/29/Building/0217/2025,"Proposed Construction of High Rise Residential Building with Extended Double Basement Floor (Meant for parking) + Stilt Floor (Meant for Parking) + 1st Floor (Association room & Residential Units) + 15 Floors + 16th Floor Part (Residential Units, Association Room, Indoor Games & Open Swimming Pool with Change/Shower room). Totally 123 dwelling units, abutting Perungudi Railway Station Road & MRTS Road and Seshadri Puram 1st Main Road, Ambedkar Nagar, Seshadri Puram, Velachery, Chennai - 600042. Comprised in old S.No: 714/4, 714/5 part, 714/6, 714/7. New T.S. No.34, 35, 36, 37, Block No.238, Velachery Village, Velachery Taluk, Chennai. Within the limit of Greater Chennai Corporation.",Chennai,12.976056,80.231254,Residential,High Rise Building (HRB),4114,0,19751,,123,339900000,606100000,,946000000,129,67,15,"[{'block': None, 'base_level': 'Basement', 'floor_segments': ['1st Floor', '15 Floors', '16th Floor'], 'total_floors_above_base': 17}]",[],44283,212596,4.8,2.0,4.87,211,7676,2851.0,4450,0.36,0.64,,,False,True,False,0,False,Chennai,Residential,False,,False,False,False
Tulip,TN/29/Building/0218/2025,Stilt Floor plus 3 floors,Chennai,13.054886,80.24353,Residential,Non-High Rise Building (NHRB),520,0,1038,,9,120500000,41880000,,162380000,8,0,1,"[{'block': None, 'base_level': 'Stilt', 'floor_segments': ['3 floors'], 'total_floors_above_base': 3}]",[],5603,11168,1.99,2.0,2.0,9,21508,3750.0,14540,0.74,0.26,18042222,1241,False,False,False,0,False,Chennai,Residential,False,,False,False,False
VISTA SQUARE,TN/29/Building/0221/2025,"Old Door No. 1/12, New Door No.19, Plot No.1, Kilpauk Garden Road, New Avadi Road, Egmore, Chennai – 600008",Chennai,13.083811,80.234118,Commercial,Non-High Rise Building (NHRB),1067,0,0,2485,,188490000,114835621,,303325621,33,2,0,[],[],11485,26743,2.33,2.0,2.0,35,16412,4294.0,11342,0.62,0.38,,,False,False,False,0,False,Chennai,Commercial,False,,False,False,False
VOORA TECH EDGE https://rera.tn.gov.in/public-view2/building/pfirm/06f02130-3546-11f0-8222-0168395b9c5a,TN/29/Building/0228/2025,"‘VOORA TECH EDGE’ for the Proposed Construction of High Rise Commercial Building (IT/ITES Building) with Extended Basement Floor (Meant for Parking) + Ground Floor Part/Stilt Floor Part (with 3 Level Mechanical Stack Parking) + First Floor to 7th Floor at Plot No.4- C/1(SP),3rd Main Road (N.H.BYE-PASS ROAD FLY OVER), Ambathur Industrial Estate, Ambathur, Chennai–600058. Comprised in Old S.No.9part,27/1part,27/2part,28part,29pa rt, T.S.No.11, Block No:18 of Athipattu Village, Ambathur Village, Ambathur Taluk, Chennai District, within the Limits of Greater Chennai Corporation",Chennai,13.092856076179968,80.161342520622,Commercial,High Rise Building (HRB),4047,0,0,12614,,5100000,407331288,,412431288,154,28,10,[],[],43560,135776,3.12,2.0,4.87,192,117,3000.0,3038,0.01,0.99,,,False,False,False,0,False,Chennai,Commercial,False,,False,False,False
AMARA AVIRA,TN/29/Building/0230/2025,"Proposed construction of High-Rise Residential Building consisting of an Extended Basement Floor + Stilt Floor (Part) / Ground Floor (Part) + 14 Floors Residential Building with 14 Dwelling Units & an Open Swimming Pool @ Terrace Floor Level availing Premium FSI with TOD Benefit at old Door No. 52 & 53, New Door No. 04 & 06, abutting Vijaya Raghavachari Road and Dr. B Narasimhan Road (North Boag Road), T.Nagar, Chennai - 600017, Comprised originally in old S.No. 58/2, then T.S.No. 4887/2(part), currently in T.S.No. 4887/4 & T.S.No. 4887/6, Block No.114, T.Nagar Village, Guindy Taluk within the limits of Greater Chennai Corporation.",Chennai,13.043588,80.244391,Residential,High Rise Building (HRB),1484,0,4842,,14,644500000,355500000,,1000000000,22,42,8,"[{'block': None, 'base_level': 'Ground', 'floor_segments': ['14 Floors', 'Terrace Floor'], 'total_floors_above_base': 15}]",[],15974,52118,3.26,2.0,4.87,72,40348,6821.0,19187,0.64,0.36,71428571,3723,False,False,False,0,False,Chennai,Residential,False,,False,False,False
Sai Viruksham,TN/29/Building/0231/2025,"Planning Permission for the Proposed Construction of Stilt floor (Parking) + 3 floors Residential Building with Affordable Housing - 14 dwelling units (Height -14.00m) at Plot no.63, 64 & 64B, Door no 3/147, 3rd Cross street, Devaraj Avenue, Mettukuppam, Okkiyam Thoraipakkam, Chennai – 600097 comprised in Old S.No. 405/13 and New S.Nos. 405/116, 405/28, 405/160 and 405/157 of Thoraipakkam village within the limits of Greater Chennai Corporation",Chennai,12.56278,80.14284,Residential,Non-High Rise Building (NHRB),578,0,1155,,14,50000000,50000000,,100000000,11,0,2,"[{'block': None, 'base_level': 'Stilt', 'floor_segments': ['3 floors'], 'total_floors_above_base': 3}]",[14.0],6222,12429,2.0,2.0,2.0,13,8037,4023.0,8046,0.5,0.5,7142857,888,False,False,False,1,False,Chennai,Residential,False,,False,False,False
“NPL TOWER”,TN/29/Building/0232/2025,"Commercial Project “NPL TOWER”, Commercial Building with 42.0m height consisting of Extended Basement Floor (Meant for parking) + Stilt Floor Part (Meant for Mechanical Car Parking) cum Ground Floor Part + 10 Floors (for Commercial Use), abutting TNHB Main Road, Neighbourhood Scheme Phase-III, TNHB, shopping Complex Site No. 12, Sholinganallur, Chennai – 600 119 & comprised in Survey No. 235/26 of Sholinganallur Village, Sholinganallur Taluk, Within the limits of Greater Chennai Corporation, Tamil Nadu",Chennai,12.52523,80.14042,Commercial,High Rise Building (HRB),2490,0,0,8460,,105000000,143300000,,248300000,40,46,8,"[{'block': None, 'base_level': 'Ground', 'floor_segments': ['10 Floors'], 'total_floors_above_base': 10}]",[],26802,91062,3.4,2.0,4.87,94,3918,3682.0,2727,0.42,0.58,,,False,False,False,0,False,Chennai,Commercial,False,,False,True,True
RAMANIYAM SPRINGS,TN/29/Building/0236/2025,"proposed construction of Stilt + 5 floors (Height – 18.30 M) Residential Building at Plot No. 209, Old Door No.33, New Door No.81, 4th Main Road, Gandhi Nagar, Adyar, Chennai – 600 020, Comprised in Old S.No.9 Part as per Document and T.S.No.3 as per Patta , Block No.37 of Kottur Village, Guindy Taluk, Greater Chennai Corporation, Zone – XIII, Division No – 173",Chennai,13.009577,80.252124,Residential,Non-High Rise Building (NHRB),813,0,2393,,20,151442700,118664427,,270107127,20,0,2,"[{'block': None, 'base_level': 'Stilt', 'floor_segments': ['5 floors'], 'total_floors_above_base': 5}]",[18.3],8753,25755,2.94,2.0,2.0,22,17302,4607.0,10488,0.56,0.44,13505356,1288,False,False,False,0,False,Chennai,Residential,False,,False,False,False
AVINYA,TN/29/Building/0238/2025,2 Blocks; Block 1 - Stilt floor + 5 floors (Height - 18.30m) Residential Building with 39 Dwelling units with Indoor Games Room and Association Room; Block 2 - Stilt floor + 5 floors (Height - 18.30m) Residential Building with 10 Dwelling units; Totally 49 Dwelling Units,Chennai,12.957444,80.16744,Residential,Non-High Rise Building (NHRB),2272,0,6156,85,49,3850000,171900000,,175750000,22,4,0,"[{'block': None, 'base_level': 'Stilt', 'floor_segments': ['5 floors', '5 floors'], 'total_floors_above_base': 10}]","[18.3, 18.3]",24456,67174,2.75,2.0,2.0,26,157,2559.0,2616,0.02,0.98,3586735,1352,False,False,False,0,False,Chennai,Residential,False,,False,False,False
HARMONY SUMITRA,TN/29/Building/0248/2025,PLOT NO 8 DOOR NO 2 MAHARANI CHINNAMAL ROAD TEYNAMPET CHENNAI -600018,Chennai,13.03939,80.25278,Residential,Non-High Rise Building (NHRB),743,0,2080,,22,25718000,118175000,,143893000,3,14,2,[],[],7998,22391,2.8,2.0,2.0,19,3216,5278.0,6426,0.18,0.82,6540591,1018,False,False,False,0,False,Chennai,Residential,False,,False,False,False
Blucon Sunrise,TN/29/Building/0252/2025,"Plot No.30 Part & 35, 20th Street, Krishna Nagar, Maduravoyal, Chennai - 600095.",Chennai,13.054243,80.170345,Residential,Non-High Rise Building (NHRB),573,0,933,0,9,23746800,25100000,,48846800,9,1,1,[],[],6168,10039,1.63,2.0,2.0,11,3850,2500.0,4866,0.49,0.51,5427422,1115,False,False,False,0,False,Chennai,Residential,False,,False,False,False
THE BUNGALOWS,TN/29/Building/0256/2025,"OLD DOOR No.3,4, NEW DOOR No.9/5, ETHIRAJ LANE, EGMORE, CHENNAI - 600008.",Chennai,13.067431000000003,80.25695499999999,Residential,Non-High Rise Building (NHRB),1356,0,2706,0,10,364850000,152501631,,517351631,27,0,3,[],[],14591,29127,2.0,2.0,2.0,30,25006,5236.0,17762,0.71,0.29,51735163,2913,False,False,False,1,False,Chennai,Residential,False,,False,False,False
CASAGRAND ZANORA,TN/29/Building/0259/2025,"Plot No.A, B & C, Door No. 7, 7A & 21, Canal Bank Road, Kasturibai Nagar, Adyar, Chennai – 600 020, Comprised in Old S.No.7/9 Part, T.S.Nos. 66/2, 66/3, 66/4 & 66/5",Chennai,13.00305,80.248676,Residential,Non-High Rise Building (NHRB),1114,0,2223,,15,141705610,92914837,,234620447,28,0,2,[],[],11991,23928,2.0,2.0,2.0,30,11818,3883.0,9805,0.6,0.4,15641363,1595,False,False,False,0,False,Chennai,Residential,False,,False,False,False
SAI KRUPAA,TN/29/Building/0262/2025,"Door No. 9A, Old Door No. 21& 21A, New Door No. 9/7, Varadaraja Perumal Koil Street, Tondiarpet, Chennai – 600081, Comprised in S. No. 3579/7, Ward – 1, Block No. 53, of Tondiarpet Village, within the Limits of Greater Chennai Corporation, Chennai district, Tamil Nadu State.",Chennai,13.0731,80.17231,Residential,Non-High Rise Building (NHRB),842,0,1679,,16,35156828,37399745,,72556573,2,0,18,[],[],9058,18077,2.0,2.0,2.0,20,3881,2069.0,4014,0.48,0.52,4534786,1130,False,False,False,1,False,Chennai,Residential,False,,False,False,False
SUMANTH APARTMENT,TN/29/Building/0263/2025,"Revised Planning Permission for construction of Stilt Floor (Parking) + 4 Floors (Height – 16.00m).Residential Building with 16 dwelling units availing Premium FSI with TOD Benefit Plot no 2, Door no 4, Balaram Street, Adyar, Chennai – 600020 comprised in Old S.No. 16/5 part and T.S.No. 55/9, Block no 16 of Pallipattu village within the limits of Greater Chennai Corporation",Chennai,12.005444,80.562833,Residential,Non-High Rise Building (NHRB),686,0,1654,,16,100000000,250000000,,350000000,11,5,2,"[{'block': None, 'base_level': 'Stilt', 'floor_segments': ['4 Floors'], 'total_floors_above_base': 4}]",[16.0],7383,17803,2.41,2.0,2.0,18,13545,14043.0,19660,0.29,0.71,21875000,1113,False,False,False,0,False,Chennai,Residential,False,,False,False,False
SIDHARTH SOLITAIRE,TN/29/Building/0264/2025,"stilt floor + 5 floors residential building with 45 dwelling units (stilt floor (parking) + 1st floor + 2nd floor +3 rd floor part+ 4th floor part + 5th floor part (yoga room at 1st floor part & gym at 2nd floor part) (height -18.30m), availing premium FSI at kalaimagal nagar, 2nd main road, Ekkaduthangal, chennai - 600032, comprised in old s.no. 21 part, T.S.No. 42/13, block no 1 of Ekkaduthangal village within the limits of greater chennai corporation",Chennai,13.02191,80.1448,Residential,Non-High Rise Building (NHRB),3197,0,6978,1331,45,950000000,400000000,,1350000000,71,1,7,"[{'block': None, 'base_level': 'Stilt', 'floor_segments': ['5 floors', '1st floor', '2nd floor', '4th floor', '5th floor', '1st floor', '2nd floor'], 'total_floors_above_base': 11}]",[18.3],34412,89437,2.6,2.0,2.0,79,27606,4472.0,15094,0.7,0.3,30000000,1669,False,False,False,1,False,Chennai,Residential,False,,False,False,False
ALTITUDE,TN/29/Building/0265/2025,"Construction of High Rise Building with 72.0m height consisting of Extended Double Basement Floor (for Parking use) +Stilt floor part (Double height for parking use)/ Ground floor part (Banquet hall, Home theatre, Reception and Meter room) + 20 floors + 21st floor part for Residential Building with 30 Dwelling units and open swimming pool at terrace Floor at Door No.11, C.P. Ramaswamy Road, Alwarpet, Chennai 600 028 comprised in R.S.No. 1646/47 & 1646/53 Block No.34 of Mylapore Village within the limit of Greater Chennai Corporation",Chennai,13.036432494614017,80.25717923642443,Residential,High Rise Building (HRB),4310,0,14138,,30,3926166600,569129476,,4495296076,154,0,0,"[{'block': None, 'base_level': 'Ground', 'floor_segments': ['20 floors', '21st floor', 'terrace Floor'], 'total_floors_above_base': 22}]",[],46398,152176,3.28,2.0,4.87,154,84620,3740.0,29540,0.87,0.13,149843203,5073,False,False,False,0,False,Chennai,Residential,False,,False,False,False
KCEE CHAITHANYAM,TN/29/Building/0267/2025,"Stilt Floor + 5 Floors Commercial cum Residential Building with 8 dwelling units ( Office - 1st Floor, Residential - 2nd to 5th Floor) at New Door No.6, Old Door No.5A, 5B, 5C, 5D, 5E & 5F, P.T.Rajan Salai, Kalinga Colony, K.K.Nagar, Chennai - 600078, Comprised in Old S.No.55/1A (Part), 56/1B (Part), T.S.No.2/17, Block No.98 of Kodambakkam Village within the limit of Greater Chennai Corporation",Chennai,13.039962,80.205093,Mixed Development,Non-High Rise Building (NHRB),618,0,1200,278,8,65854800,63400000,,129254800,10,1,1,"[{'block': None, 'base_level': 'Stilt', 'floor_segments': ['5 Floors', '1st Floor', '5th Floor'], 'total_floors_above_base': 7}]",[],6652,15910,2.39,2.0,2.0,12,9900,3985.0,8124,0.51,0.49,16156850,1614,False,False,False,0,False,Chennai,Mixed Development,False,,False,False,False
PARK TOWER,TN/29/Building/0269/2025,STILT PLUS 3 FLOORS RESIDENTIAL AND COMMERCIAL BUILDINGS COMPRISED IN TS NO 5 PART ARUMBAKKAM VILLAGE GREATER CHENNAI CORPORATION,Chennai,13.072441,80.215568,Mixed Development,Non-High Rise Building (NHRB),535,80,183,666,5,50000000,30000000,15000000,95000000,4,5,1,"[{'block': None, 'base_level': 'Stilt', 'floor_segments': ['3 FLOORS'], 'total_floors_above_base': 3}]",[],5756,10006,1.74,2.0,2.0,10,8687,2998.0,9494,0.53,0.32,19000000,568,False,False,False,0,False,Chennai,Mixed Development,False,,False,False,False
KAMADHENU https://rera.tn.gov.in/public-view2/building/pfirm/5c817e80-41e4-11f0-bb11-0df77f17faa4,TN/29/Building/0270/2025,"EXTENDED DOUBLE BASEMENT FLOOR (PARKING) + STILT FLOOR (DOUBLE HEIGHT LOBBY, OPEN DG, CARETAKER BOOTH, ELECTRICAL TRANSFORMER ROOM + 1ST FLOOR TO 12 FLOORS RESIDENTIAL BUILDING WITH 79 DWELLING UNITS & MULTI PURPOSE HALL, LIBRARY, GYM, INDOOR GAMES & KID'S ROOM AT 12TH FLOOR LEVEL AND SWIMMING POOL AT TERRACE LEVEL AVAILING WITH PREMIUM FSI AT OLD DOOR NO: 178, NEW DOOR NO:8, LUZ CHURCH ROAD, MYLAPORE,CHENNAI- 600 004. COMPRISED IN R.S.NO:1693/1 BLOCK NO:35 OF MYLAPORE VILLAGE, MYLAPORE TALUK WITHIN THE LIMITS OF GREATER CHENNAI CORPORATION, DIVISION:123 ZONE-IX",Chennai,13.037444,80.266359,Residential,High Rise Building (HRB),4206,0,20317,,79,1317566000,682434000,,2000000000,185,39,20,[],[],45273,218686,4.83,2.0,4.87,244,29103,3121.0,9146,0.66,0.34,25316456,2768,False,False,False,0,False,Chennai,Residential,False,,False,False,False
KG ROSETTA,TN/29/Building/0272/2025,Residential Project at Egmore Police Commissioner Office Road,Chennai,13.07504,80.258638,Residential,Non-High Rise Building (NHRB),1112,0,3246,,20,248500000,210000000,,458500000,17,16,3,[],[],11975,34943,2.92,2.0,2.0,36,20752,6010.0,13121,0.54,0.46,22925000,1747,False,False,False,0,False,Chennai,Residential,False,,False,False,False
SILVER STONE,TN/29/Building/0273/2025,"Stilt floor + 3 floors (Height-12.00m) Residential Building with 16 dwelling units at Old Door NO. 17 & 18, New Door No. 36 & 38, (Plot – B as per approved sub division plan by GCC) Morrison 1st street & Morrision 5th Street, Alandur, Chennai comprised in Old Ssurvey No. R.S.No.15/2 (Paimash No.737pt&739/3), S.No: 14/3 (Paimash No.785) and T.S.No. 238, T.S.No.239 part, Block 3 , Ward A of Alandur",Chennai,12.593988,80.113001,Residential,Non-High Rise Building (NHRB),667,0,1268,,16,100000000,34244000,,134244000,9,0,0,"[{'block': None, 'base_level': 'Stilt', 'floor_segments': ['3 floors'], 'total_floors_above_base': 3}]",[12.0],7181,13643,1.9,2.0,2.0,9,13925,2510.0,9840,0.74,0.26,8390250,853,False,False,False,0,False,Chennai,Residential,False,,False,False,False
SREEROSH PROPERTIES P LTD,TN/29/Building/0277/2025,STILT PLUS 5 FLOORS,Chennai,13.050715,80.264036,Residential,Non-High Rise Building (NHRB),2468,0,3160,,53,113700000,234400000,,348100000,59,6,6,"[{'block': None, 'base_level': 'Stilt', 'floor_segments': ['5 FLOORS'], 'total_floors_above_base': 5}]",[],26565,34018,1.28,2.0,2.0,71,4280,6890.0,10233,0.33,0.67,6567925,642,False,False,False,0,False,Chennai,Residential,False,,False,False,False
LIFESTYLE - ASCEND,TN/29/Building/0279/2025,"Construction of Stilt Floor (Parking) + 4 Floors + 5th Floor Part (Gym & Games Room Only) Residential Building with 16 Dwelling Units (Height-18.30M) Plot No.12 & 13, Subburayan Road, Mylapore, Chennai – 600004, Comprised in R.S.No.3565/2, 3565/8, 3566/2 & 3566/13, Block No.71 of Mylapore Village within the limits of Greater Chennai Corporation, Tamilnadu.",Chennai,13.032643,80.262693,Residential,Non-High Rise Building (NHRB),854,0,2218,,16,70000000,76400000,,146400000,17,6,2,"[{'block': None, 'base_level': 'Stilt', 'floor_segments': ['4 Floors', '5th Floor'], 'total_floors_above_base': 5}]",[18.3],9195,23873,2.6,2.0,2.0,25,7613,3200.0,6132,0.48,0.52,9150000,1492,False,False,False,0,False,Chennai,Residential,False,,False,False,False
ETICA MALAR MRC NAGAR,TN/29/Building/0281/2025,"High Rise Building (HRB) with extended Basement floor + Stilt floor part / Ground floor part ( Generator Room , Meter Room & Transformer Room) + 1st Floor to 9 floors with 18 dwelling units of Residential Building, Old Door No 96, New Door No. 140, Karpagam Avenue, Santhome high road, Raja Annamalai puram, Chennai – 600028.Comprised in R.S. NO. 4297/24, Block No. 95 of Mylapore Village within the limit of Greater Chennai Corporation",Chennai,13.020911,80.269512,Residential,High Rise Building (HRB),1200,,2820,,18,227959375,255875531,,483834906,8,12,2,"[{'block': None, 'base_level': 'Ground', 'floor_segments': ['1st Floor', '9 floors'], 'total_floors_above_base': 10}]",[],12917,30355,2.35,2.0,4.87,22,17648,8429.0,15939,0.47,0.53,26879717,1686,False,False,True,0,False,Chennai,Residential,False,,False,False,False
RAJMEENA PARADISE,TN/29/Building/0283/2025,"S+3 floors, Plot No:26, Golden George Nagar, Near ONGC Appt, Mugappair East, Mogappair, Chennai, 60003comprised in Survey No:S.No358/21, Mogappair village, AmbatturTaulk, Now Chennai corporation limit.",Chennai,13.102737,80.288678,Residential,Non-High Rise Building (NHRB),562,0,1122,0,9,17500000,32500000,,50000000,10,0,0,"[{'block': None, 'base_level': 'Stilt', 'floor_segments': ['3 floors'], 'total_floors_above_base': 3}]",[],6049,12082,2.0,2.0,2.0,10,2893,2690.0,4138,0.35,0.65,5555556,1342,False,False,False,0,False,Chennai,Residential,False,,False,False,False
BINDIYA GARDENS,TN/29/Building/0287/2025,"Residential apartments of Stilt + Five Floors with 09 Dwelling units at Plot No: 349, Old Door No: 41, New Door No: 14, 10 th Street and 17 th Street , I-Block, Anna Nagar East, Chennai-600102, Comprised in Old S. No.: 49 part, T.S.No: 61, Block No: 4 of Periyakudal Village, Aminjikarai Taluk within the limits of Greater Chennai Corporation",Chennai,13.088959,80.222167,Residential,Non-High Rise Building (NHRB),667,0,1848,,9,75400000,90000000,,165400000,18,4,2,[],[],7175,19893,2.77,2.0,2.0,24,10509,4524.0,8314,0.46,0.54,18377778,2210,False,False,False,0,False,Chennai,Residential,False,,False,False,False
The President By Asta,TN/29/Building/0288/2025,"“The President” by Asta A High rise residential complex consisting of extended Triple basement floor + G.F Part (indoor activity & association room)Stilt Part + 1st to 21st floor) (Swimming Pool @20th & 21st floor) + 22nd floor part floor (Gym,Lounge & Common Swimming pool) with 79 dwelling units situated at No.25, Dr.Radhakrishnan Salai, Mylapore, Chennai-600004 an extent of 7092.50 sq.mtrs (As per Patta) 7107.05 sq.mtrs (As per documents) 7216.87 sq.mtrs (As per Site) comprised in T.S.No. 1738/2,1738/92,1738/93,1738/94,1738/95, 1738/96 & 1738/97, in Block No.37 of Mylapore Village, Mylapore Taluk Chennai district within limits of Greater Chennai Corporation.",Chennai,13.04452,80.26936,Residential,High Rise Building (HRB),7092,0,34397,311,79,2775779061,1702900000,,4478679061,349,17,37,"[{'block': None, 'base_level': 'Basement', 'floor_segments': ['21st floor', '21st floor', '22nd floor'], 'total_floors_above_base': 3}]",[],76343,373596,4.89,2.0,4.87,403,36359,4558.0,11988,0.62,0.38,,,False,True,False,0,False,Chennai,Residential,False,,False,False,False
RAJPARIS GALAXY,TN/29/Building/0291/2025,"Proposed construction of Stilt Floor (Parking) + 1st Floor (Partly two wheeler parking and partly Residential) + 2nd Floor to 5th Floor Residential Building (18.00m Height) with 29 dwelling units availing Premium FSI with TOD benefit at Old Door no 82, New door no 38, Chellappa Street & Padavattamman Kovil Street, Kosapet, Chennai – 600012 comprised in Old S.No. 2386 and T.S.No. 2751/1, Block no 40 of Purasalwalkam village within the limits of Greater Chennai Corporation",Chennai,13.09413,80.253135,Residential,Non-High Rise Building (NHRB),715,0,1860,,29,50050000,60000000,,110050000,11,0,1,"[{'block': None, 'base_level': 'Stilt', 'floor_segments': ['1st Floor', '2nd Floor', '5th Floor'], 'total_floors_above_base': 3}]",[],7701,20016,2.6,2.0,2.0,12,6499,2998.0,5498,0.45,0.55,3794828,690,False,False,False,0,False,Chennai,Residential,False,,False,False,False
PEARL ELITA,TN/29/Building/0292/2025,"Proposed project PEARL ELITA to be set up at ISHWARYAM GARDEN ROAD, VENGAIVASAL, CHENNAI COMPRISED IN OLD S.NOS.15/1(PT) & 15/2 (DOCUMENT), NEW S.NO.15/1B & 15/2A1B (PATTA) OF VENGAIVASAL VILLAGE WITHIN THE LIMITS OF ST. THOMAS MOUNT PANCHAYAT UNION",Chennai,12.908,80.186,Residential,Non-High Rise Building (NHRB),3153,0,8184,,84,120000000,406450541,,526450541,48,31,4,[],[],33939,88093,2.6,2.0,2.0,83,3536,4614.0,5976,0.23,0.77,6267268,1049,False,False,False,0,False,Chennai,Residential,False,,False,False,False
CORAL,TN/29/Building/0303/2025,"STILT FLOOR (PARKING) + 5 FLOORS RESIDENTIAL BUILDING WITH 40 DWELLING UNITS (HEIGHT -18.30M) AVAILING PREMIUM FSI AT BLOCK NO. L-44 TO L-48, 1ST MAIN ROAD, BESANT NAGAR, CHENNAI – 600 090, COMPRISED IN T.S.NO.4/36, BLOCK NO.40 OF URUR VILLAGE,VELACHERY TALUK, WITHIN THE LIMITS OF GREATER CHENNAI CORPORATION,",Chennai,12.999986,12.265154,Residential,Non-High Rise Building (NHRB),1725,0,4415,,40,264020700,18238500,,282259200,40,4,4,"[{'block': None, 'base_level': 'Stilt', 'floor_segments': ['5 FLOORS'], 'total_floors_above_base': 5}]",[18.3],18570,47521,2.56,2.0,2.0,48,14218,3682.0,5940,0.94,0.06,7056480,1188,False,False,False,0,False,Chennai,Residential,False,,False,True,True
KCEE SABARI,TN/29/Building/0305/2025,"Stilt Floor + 5 Floors (Height 18.30 m) Residential Building with 40 dwelling units availing Premium FSI at Block Nos. S 21, S 22, S 23 & S 24, Door No. 110 & 112, Lakshmana Swamy Salai, Ponnamalam Salai & 11th Sector 71st Street, K.K. Nagar, Chennai, comprised in Old S.No. 248 Part, 249/7 Part, 250/2A Part, 250/2B Part and T.S. No.324/6, Block No. 49 of Virugambakkam village within the limits of Greater Chennai Corporation",Chennai,13.039596,80.19625,Residential,Non-High Rise Building (NHRB),1450,0,4052,,40,238950000,186787500,,425737500,40,13,4,"[{'block': None, 'base_level': 'Stilt', 'floor_segments': ['5 Floors'], 'total_floors_above_base': 5}]",[18.3],15604,43615,2.8,2.0,2.0,57,15313,4283.0,9761,0.56,0.44,10643438,1090,False,False,False,0,False,Chennai,Residential,False,,False,False,False
GATALA ADVAYA,TN/29/Building/0306/2025,"CONSTRUCTION OF HIGH RISE RESIDENTIAL USE BUILDING CONSISTS OF STILT FLOOR + 9 FLOORS (HEIGHT 30.0M) WITH 78 DWELLING UNITS AND GYM, INDOOR GAMES, ASSOCIATION ROOM AT 1ST FLOOR LEVEL AT DOOR NO. 3/532, KUNDRATHUR MAIN ROAD, MADHANANTHAPURAM, CHENNAI – 600 125, AND COMPRISED IN NEW S.NO. 69/2B1 AND 70/5A1H2 (OLD S.NO. 69/2B & 70/5) OF MADHANANTHAPURAM VILLAGE, ALANDUR TALUK, WITHIN THE LIMITS OF GREATER CHENNAI CORPORATION",Chennai,13.023182,80.146112,Residential,Non-High Rise Building (NHRB),2857,0,9031,,78,167800000,376900000,,544700000,46,31,0,"[{'block': None, 'base_level': 'Stilt', 'floor_segments': ['9 FLOORS', '1ST FLOOR'], 'total_floors_above_base': 10}]",[30.0],30752,97206,3.16,2.0,2.0,77,5456,3877.0,5604,0.31,0.69,6983333,1246,False,False,False,0,False,Chennai,Residential,False,,False,False,False
BLUEMOON YASH,TN/29/Building/0310/2025,"Plot no. A, TVH Bloom Main Road, TVH Bloom 1st street, Sholinganallur, Chennai – 600119, Comprised in S.No.602/5B1A1A3 part & 602/5B2A part, of Sholinganallur-1 village, Sholinganallur Taluk, Chennai, within the limits of Greater Chennai Corporation",Chennai,12.903042,80.223722,Residential,Non-High Rise Building (NHRB),3565,0,9268,0,64,211073610,506000000,,717073610,16,0,64,[],[],38377,99760,2.6,2.0,2.0,80,5500,5072.0,7188,0.29,0.71,11204275,1559,False,False,False,0,False,Chennai,Residential,False,,False,False,False
SWATHI'S LAVAKUCHA,TN/29/Building/0312/2025,"Proposed construction of Stilt floor + 5 floors Residential Building (Height – 18.30m) with 15 dwelling units availing Premium FSI with TOD benefit Door no.2/12(17), Plot no 19, Lavakucha Apartment, Sri Lubdhi Colony and C.V.Raman Road, Alwarpet, Chennai – 600018, Comprised in R.S.No.1645/27, Block No.34 of Mylapore Village within the limits of Greater Chennai Corporation",Chennai,13.035647,80.261911,Residential,Non-High Rise Building (NHRB),650,0,1792,,15,53988000,111752000,,165740000,13,2,2,"[{'block': None, 'base_level': 'Stilt', 'floor_segments': ['5 floors'], 'total_floors_above_base': 5}]",[18.3],6997,19289,2.76,2.0,2.0,17,7716,5794.0,8592,0.33,0.67,11049333,1286,False,False,False,0,False,Chennai,Residential,False,,False,False,False
KENZ KREST,TN/29/Building/0316/2025,Proposed Construction of Stilt+5 floors Commercial cum Residential Building with 5 Dwelling Units availing premium FSI with TOD Benefits at Door Nos 111/1 111/3 113/4 113/1 113/2 and 113/3 Old Door Nos 58/1 58/3 58/4 58/2/1 58/2/2& 58/2/3 Plot No 6 and 6A Chamiers Road RA Puram Chennai 600 028 Comprised in S Nos 3925/23 and 3925/32 Block No 86 Mylapore Village Mylapore-Triplicane Taluk within the Limits of Greater Chennai Corporation,Chennai,13.02746,80.25312,Mixed Development,Non-High Rise Building (NHRB),817,0,1207,933,5,154844800,58592500,,213437300,8,9,1,"[{'block': None, 'base_level': 'Stilt', 'floor_segments': ['5 floors'], 'total_floors_above_base': 5}]",[],8798,23044,2.62,2.0,2.0,18,17600,2543.0,9262,0.73,0.27,42687460,2599,False,False,False,0,False,Chennai,Mixed Development,False,,False,False,False
THULSI,TN/29/Building/0320/2025,"Stilt + 4 Floorss + 5th Floor (Part) Residential Building with 13 Dwelling Units Availing Premium FSI at Plot No.62 & 63, Balaji Nagar, Kuberan Nagar Extension 14th Street, Madipakkam, Chennai 600091, Comprised in S.No.135/2 (Document), S.Nos.135/20 & 135/21 (Patta) of Madipakkam Village, within the limit of Greater Chennai Corporation",Chennai,12.95506,80.20538,Residential,Non-High Rise Building (NHRB),520,0,1350,,13,37488000,72364400,,109852400,9,4,1,"[{'block': None, 'base_level': 'Stilt', 'floor_segments': ['4', '5th Floor'], 'total_floors_above_base': 5}]",[],5597,14534,2.6,2.0,2.0,14,6698,4979.0,7558,0.34,0.66,8450185,1118,False,False,False,0,False,Chennai,Residential,False,,False,False,False
NEXUS,TN/29/Building/0325/2025,"PROPOSED CONSTRUCTION OF STILT FLOOR + 5 FLOORS Part RESIDENTIAL BUILDING (HEIGHT18.00M) WITH 17 DWELLING UNITS AVAILING PREMIUM FSI TOD BENEFIT AT PLOT NO.56, 57 & 58, DOOR NO.30, OLD DOOR NO.30(57) & NEW DOOR NO.17, ELANGO NAGAR MAIN ROAD, VIRUGAMBAKKAM, CHENNAI COMPRISED IN OLD S.NO.146(PART) AND T.S.NO.78 & 79, BLOCK NO.5 OF VIRUGAMBAKKAM TOWN, MAMBALAM TALUK WITHIN THE LIMITS OF GREATER CHENNAI CORPORATION",Chennai,13.05267480189689,13.05275880189855,Residential,Non-High Rise Building (NHRB),730,0,1896,0,17,120000000,80000000,,200000000,8,9,2,"[{'block': None, 'base_level': 'Stilt', 'floor_segments': ['5 FLOORS'], 'total_floors_above_base': 5}]",[18.0],7852,20408,2.6,2.0,2.0,19,15282,3920.0,9800,0.6,0.4,11764706,1200,False,False,False,0,False,Chennai,Residential,False,,False,False,False
GMB HONEYDEW,TN/2/Building/0059/2025,STILT+5FLOORS,Tiruvallur,13.110574522250836,80.09844531374027,Residential,Non-High Rise Building (NHRB),2999,0,7685,,102,112000000,344860900,,456860900,61,0,7,"[{'block': None, 'base_level': 'Stilt', 'floor_segments': ['5FLOORS'], 'total_floors_above_base': 5}]",[],32276,82722,2.56,2.0,2.0,68,3470,4169.0,5523,0.25,0.75,4479028,811,False,False,False,0,False,Tiruvallur,Residential,False,,False,False,False
Zudio Garments,TN/2/Building/0064/2025,"""Zudio Garments"", Kakkalur Village, Tiruvallur Taluk & District - 602001 Survey No. 196/2Part, Plot No. R-215",Tiruvallur,13.137326,79.909462,Commercial,Non-High Rise Building (NHRB),814,0,0,1199,,17688000,29560000,1500000,48748000,15,1,16,[],[],8758,12907,1.47,2.0,2.0,32,2020,2290.0,3777,0.36,0.61,,,False,False,False,0,False,Tiruvallur,Commercial,False,,False,False,False
VGN ASPIRE GARDENS,TN/2/Building/0084/2025,"VILLINJIAMBAKKM VILLAGE, AVADI TALUK, THIRUVALLUR DISTRICT",Tiruvallur,13.636920000000003,80.5938,Residential,Non-High Rise Building (NHRB),12097,0,8370,0,69,367896592,397196360,0,765092952,69,21,0,[],[],130206,90089,0.69,2.0,2.0,90,2825,4409.0,8493,0.48,0.52,11088304,1306,False,False,False,1,False,Tiruvallur,Residential,False,,False,False,False
RAIL VIEW APARTMENT,TN/2/Building/0132/2025,"proposed construction of Residential Apartment Building at Ward No. D, Block No. 26, Old Survey No. 735/1B Part, T.S.No. 1/9B, Periyakuppam Village, Thiruvallur Municipality & District. measuring an extent of (1860.00 Sq.mts).",Tiruvallur,13.118836717413869,79.92281885109252,Residential,Non-High Rise Building (NHRB),1860,0,2484,,42,15000000,67000000,,82000000,0,15,0,[],[],20021,26742,1.34,2.0,2.0,15,749,2505.0,3066,0.18,0.82,1952381,637,False,False,False,0,False,Tiruvallur,Residential,False,,False,False,False
-,TN/2/Building/0152/2025,"S.NO. 107/2B2, POONAMALLEE HIGH ROAD AND KANNAKI STREET, SENEERKUPPAM VILLAGE, POONAMALLEE, CHENNAI 600056.",Tiruvallur,13.047877332102226,80.11988382157429,Commercial,Non-High Rise Building (NHRB),1088,0,0,1312,,11713000,20372000,,32085000,5,11,1,[],[],11713,14123,1.21,2.0,2.0,17,1000,2756.0,2272,0.37,0.63,,,False,False,False,0,False,Tiruvallur,Commercial,False,,False,True,True
LML THE LUXE ONE,TN/2/Building/0229/2025,"LML THE LUXE ONE is a secured gated community of 350 units with a land extent of 4.45 1/2 Acres comprising of Spacious 2BHK& 3BHK apartments ranging 977 Sq Ft to 1420 Sq ft in 5 magnificent blocks of Stilt + 5 Floors with total saleable area 448000 sqft situated at goparasanallur village village poonamallee taluk, Thiruvallur district Tamilnadu",Tiruvallur,13.03043,80.07311,Residential,Non-High Rise Building (NHRB),17860,0,38815,,350,545100000,1598700000,,2143800000,277,14,34,"[{'block': None, 'base_level': 'Stilt', 'floor_segments': ['5 Floors'], 'total_floors_above_base': 5}]",[],192243,417796,2.17,2.0,2.0,325,2835,3827.0,5131,0.25,0.75,6125143,1194,False,False,False,1,False,Tiruvallur,Residential,False,,False,False,False
ANAGHA,TN/2/Building/0244/2025,"New Survey No. 631/1B and T.S. Nos. 69, 70 and 71, Block 77, Ward D, situated at Thirumullaivoyal Village, Ambattur Taluk, Thiruvallur District",Tiruvallur,13.123194,80.132629,Residential,Non-High Rise Building (NHRB),732,0,1860,,20,19056835,52932140,0,71988975,14,3,0,[],[],7881,20025,2.54,2.0,2.0,17,2418,2643.0,3595,0.26,0.74,3599449,1001,False,False,False,0,False,Tiruvallur,Residential,False,,False,False,False
M Balaji Saravanan,TN/2/Building/0266/2025,Existing Ground Floor + First Floor Commercial (Shop) Building,Tiruvallur,13.196765,80.183821,Commercial,Non-High Rise Building (NHRB),3442,0,0,1782,,10000000,50000000,,60000000,0,21,2,"[{'block': None, 'base_level': 'Ground', 'floor_segments': ['First Floor'], 'total_floors_above_base': 1}]",[],37048,19180,0.52,2.0,2.0,23,270,2607.0,3128,0.17,0.83,,,False,False,False,0,False,Tiruvallur,Commercial,False,,False,False,False
RLD AURA,TN/2/Building/0309/2025,"Proposed Construction of Stilt Floor (Parking) + 4 Floors + 5th Floor Part Residential Building (Height - 18.30m ) with 49 Dwelling Units Affordable Housing units (Association room at 5th Floor) at Public Purpose Plot-I in PPD/LO.No.38/2017, 5th Main Road, Royal Star Nagar, Ayapakkam, Chennai- 600 077, Comprised in S. No. 343/2B1 part, 343/2E1 part, 343/2E2 part, 345/1A part, and 345/1B part of Ayapakkam Village within the limits of Villivakkam Panchayat Union",Tiruvallur,13.091415,80.130196,Residential,Non-High Rise Building (NHRB),1638,0,4247,,49,58179000,146200000,,204379000,22,0,0,"[{'block': None, 'base_level': 'Stilt', 'floor_segments': ['4 Floors', '5th Floor', '5th Floor'], 'total_floors_above_base': 6}]",[18.3],17630,45713,2.59,2.0,2.0,22,3300,3198.0,4471,0.28,0.72,4171000,933,False,False,False,0,False,Tiruvallur,Residential,False,,False,False,False
NAVACHAITANYA NIVAS,TN/30/Building/0070/2025,"Proposed Construction of Residential Building(Apartment) with Stilt Floor, First Floor, Second Floor, Third floor, Fourth floor, Fifth Floor And Head room to an extent of 972.00 Sq.mt. in the Land bearing S.No. 540/1B1A , New Sf.No. 540/3 , Plot No. B in approved Sub division No. 26/2022 of Mathigiri village, Hosur City Municipal Corporation, Hosur Taluk, Krishnagiri District, Tamilnadu.",Krishnagiri,12.71872,77.80247,Residential,Non-High Rise Building (NHRB),972,0,2445,,27,14000000,120000000,,134000000,28,0,2,"[{'block': None, 'base_level': 'Stilt', 'floor_segments': ['First Floor', 'Second Floor', 'Third floor', 'Fourth floor', 'Fifth Floor'], 'total_floors_above_base': 5}]",[],10463,26314,2.52,2.0,2.0,30,1338,4560.0,5092,0.1,0.9,4962963,975,False,False,False,0,False,Krishnagiri,Residential,False,,False,False,False
Dahlia apartments - Phase 2,TN/30/Building/0140/2025,"The phase 2 of our project consisting of 45 dwellings with a mix of 2 and 3 bhk apartments in Dinnur road, Hosur",Krishnagiri,12.718,74.81699,Residential,Non-High Rise Building (NHRB),2062,0,4771,,45,90000000,150000000,13000000,253000000,45,3,3,[],[],22193,51358,2.31,2.0,2.0,51,4055,2921.0,4926,0.36,0.59,5622222,1141,False,False,False,0,False,Krishnagiri,Residential,False,,False,False,False
MAJESTIC VILLAS,TN/32/Building/0004/2025,"S.F No : 347 / 1B, PATTA No : 4292, MUTHANAMPALAYAM VILLAGE, TIRUPPUR",Tiruppur,11.03568,77.22429000000001,Residential,Non-High Rise Building (NHRB),2300,0,1683,144,12,2720000,60000000,1455122,64175122,0,14,0,[],[],24757,19676,0.79,2.0,2.0,14,110,3049.0,3262,0.04,0.93,5347927,1510,False,False,False,1,False,Tiruppur,Residential,False,,False,False,False
CASAGRAND HIGHLINE,TN/32/Building/0006/2025,"Proposed Construction of Residential High Rise and Non High Rise Group Development Consists of 5 Blocks, Block 1 to 4: Ground + First Floor + Second Floor (Part), (36 D/U), Block 5 Basement + Ground Floor (Part) Club House (Part) + 12 Upper Floors (137 D/U) Totally 173 D/u with Swimming Pool on the Ground Level Comprised In S.F.No. 560/1 & 561/1B1B12 of Rakkiapakayam Village, Thirumuruganpoondi Municipality, Avinashi Taluk, Tiruppur District",Tiruppur,11.156714,75.31137,Residential,High Rise Building (HRB),22359,0,41127,941,173,1300000000,1780000000,,3080000000,315,73,39,"[{'block': 'Block 1-4', 'base_level': 'Ground', 'floor_segments': ['First Floor', 'Second Floor', '12 Upper Floors'], 'total_floors_above_base': 14}]",[],240667,452812,1.88,2.0,4.87,427,5402,3931.0,6802,0.42,0.58,17803468,2559,False,False,False,0,False,Tiruppur,Residential,False,,False,False,False
WINDSOR CASTLE,TN/35/Building/0009/2025,Residential Building with 20 dwelling units,Chengalpattu,12.903986,80.167259,Residential,Non-High Rise Building (NHRB),663,0,1723,,20,15705800,90000000,,105705800,10,6,0,[],[],7139,18544,2.6,2.0,2.0,16,2200,4853.0,5700,0.15,0.85,5285290,927,False,False,False,0,False,Chengalpattu,Residential,False,,False,False,False
CASAGRAND GOLDENGROVE,TN/35/Building/0014/2025,"Proposed Construction of Residential Non High Rise Building Villa No. 1 To 116 Consists of Ground Floor + First Floor, Totally 116 D/U, Comprised in Survey Nos. 85/1B, 86/2A, 86/2B, 86/3, 87/2, 102/1B, 103/3A, 103/3B, 105/1, 105/2 AND 105/3A of Sonallur Village, Vandalur Taluk, Chengalpet District",Chengalpattu,12.835604,80.179788,Residential,Non-High Rise Building (NHRB),23650,0,14539,,116,290000000,650000000,,940000000,71,9,0,"[{'block': None, 'base_level': 'Ground', 'floor_segments': ['First Floor'], 'total_floors_above_base': 1}]",[],254566,156496,0.61,2.0,2.0,80,1139,4153.0,6007,0.31,0.69,8103448,1349,False,False,False,0,False,Chengalpattu,Residential,False,,False,False,False
CASAGRAND TRANQUIL,TN/35/Building/0023/2025,"Proposed Construction of Residential High Rise Building Development Consists of Basement + Ground floor +11 upper floors with 331 D/u &Clubhouse: Ground floor (partly)+ First floor (partly) with Swimming pool on the Ground level at Plot-B (DTCP Approved Layout /Subdivision No. 264/2023 dated 27.12.2023) comprised in Sy.Nos.29/2A1, 29/3A1, 261/1B2 of Pudupakkam Village & Panchayat, Thiruporur Panchayat Union, Vandalur Taluk, Chengalpet District.",Chengalpattu,80.12499,12.47498,Residential,High Rise Building (HRB),18504,0,34062,1025,331,220000000,820000000,,1040000000,196,0,19,"[{'block': None, 'base_level': 'Ground', 'floor_segments': ['11 upper floors', 'First floor'], 'total_floors_above_base': 12}]",[],199175,377668,1.9,2.0,4.87,215,1105,2171.0,2754,0.21,0.79,3141994,1108,False,False,False,0,False,Chengalpattu,Residential,False,,False,False,False
SR HAVEN,TN/35/Building/0029/2025,RESIDENTIAL APARTMENTS,Chengalpattu,12.5348,12.12,Residential,Non-High Rise Building (NHRB),5835,0,10413,,90,120500000,290000000,10500000,421000000,99,20,0,[],[],62804,112085,1.78,2.0,2.0,119,1919,2587.0,3756,0.29,0.69,4677778,1245,False,False,False,0,False,Chengalpattu,Residential,False,,False,False,False
LML SKY LIVING,TN/35/Building/0034/2025,"LML Sky Living Project is a secured gated community of 175 units with a land extent of 1.44Acres comprising of Spacious 2BHK& 3BHK apartments ranging 1048 S qFt to 1458 Sq ft in 2magnificent blocks of Stilt + 13 Floors with total saleable area 216039 sqft and Separate club house situated at kanadapalayam village, Tambaram, Chennai Tamilnadu",Chengalpattu,13.005731343734157,80.20714695054777,Residential,High Rise Building (HRB),5800,0,23399,1163,175,149000000,864000000,,1013000000,122,69,2,"[{'block': None, 'base_level': 'Stilt', 'floor_segments': ['13 Floors'], 'total_floors_above_base': 13}]",[],62431,264375,4.23,2.0,4.87,193,2387,3268.0,3832,0.15,0.85,5788571,1439,False,False,False,0,False,Chengalpattu,Residential,False,,False,False,False
STARWOOD TOWERS PHASE -III (CEDAR),TN/35/Building/0039/2025,"The Residential Building STARWOOD TOWERS PHASE -III (CEDAR)Situated at S.Nos.20/3, 20/4A,20/5A1, 37/6A, 36/6B, 37/7A, 37/8 of Vengaivasal village, Tambaram Taluk, Chengalpattu District",Chengalpattu,12.542310000000002,80.10558999999999,Residential,High Rise Building (HRB),8975,0,25325,0,166,81422963,718330478,,799753441,105,61,17,[],[],96609,272591,2.82,2.0,4.87,183,843,2635.0,2934,0.1,0.9,4817792,1642,False,False,False,1,False,Chengalpattu,Residential,False,,False,False,False
TVS EMERALD VERDE VISTA,TN/35/Building/0044/2025,"3 Blocks, Basement + Ground + 5 Floors",Chengalpattu,12.485499999999998,80.13257999999999,Residential,Non-High Rise Building (NHRB),19650,5588,33578,,355,596000000,1413000000,,2009000000,355,0,20,"[{'block': None, 'base_level': 'Ground', 'floor_segments': ['5 Floors'], 'total_floors_above_base': 5}]",[],211511,421577,1.99,2.0,2.0,375,2818,3352.0,4765,0.3,0.7,5659155,1188,False,False,False,1,False,Chengalpattu,Residential,False,,False,False,False
DRA INARA PHASE -II,TN/35/Building/0053/2025,"comprised in Survey numbers. 174/Part,175/1part,175/2,178/2Apart,227/ 1,227/2,176,178/2B,190,191,192,193,177 & Plot Nos; 27 to 42 and 43 to 61 within the limit of Ottiyambakkam Village, Tambaram Taluk,",Chengalpattu,12.862174,80.199654,Residential,Non-High Rise Building (NHRB),4049,0,4697,,34,27000000,117000000,,144000000,66,0,0,[],[],43582,50558,1.16,2.0,2.0,66,620,2314.0,2848,0.19,0.81,4235294,1487,False,False,False,0,False,Chengalpattu,Residential,False,,False,False,False
SPRING TIDE,TN/35/Building/0057/2025,"Paranur Village, Chengalpattu Taluk, Chengalpattu District",Chengalpattu,12.73,80.01,Mixed Development,Non-High Rise Building (NHRB),37008,0,43525,2548,1119,605900000,2936000000,172600000,3714500000,598,205,10,[],[],398355,495926,1.24,2.0,2.0,813,1521,5920.0,7490,0.16,0.79,3319482,419,False,False,False,0,False,Chengalpattu,Mixed Development,False,,False,False,False
CASAGRAND SUN CITY PHASE - II https://rera.tn.gov.in/public-view2/building/pfirm/c39c7820-e540-11ef-b2e4-a5ec7cc6a487,TN/35/Building/0063/2025,"Proposed Additional Construction of Residential Highrise Group Development Building Consists of 3 Blocks, Block 5 & 6 with Combined Double Basement B1 & B2, Block 5: Ground + 36 Upper Floors (295 D/U), Block 6: Ground + 36 Upper Floors (295 D/U), Block 10 (Club House): Ground + 3 Floors with Swimming Pool on the Ground Floor, Totally 590 D/U comprised in S.Nos. 108/2A,109/1A, 109/2B, 109/4A3, 109/4A4, 111/1C1A1, 111/1C1B1, 111/1C1B3, 112/1A, 112/1C, 112/2A, 112/4A, 112/5A, 113/2A, 113/3A, 113/4A, 114/2, 114/3A, 114/3B, 114/3C, 114/4, 114/5, 114/6, 114/7, 115/1, 115/2, 115/3, 115/4, 116, 117/1, 117/2, 117/3, 117/4, 117/5, 117/6, 120/1, 121/2, 122/1A, 122/1B, 122/2, 123/1, 123/2, 123/3, 123/4, 123/5, 123/6, 123/7, 124/2B, 124/3, 124/4, 124/5, 125/1A2, 125/1B, 125/2A, 125/2B, 126, 127/1B, 127/2A, 127/3A, 127/3B, 128/1A, 128/1C, 128/2, 128/3A, 128/4A, 128/5A,",Chengalpattu,12.839137,80.147958,Residential,High Rise Building (HRB),155278,0,89903,5477,590,1070000000,4190000000,,5260000000,568,0,52,"[{'block': 'Block 5 & 6 with Combined Double Basement B1 & B2, Block 5', 'base_level': 'Ground', 'floor_segments': ['36 Upper Floors'], 'total_floors_above_base': 36}, {'block': 'Block 6', 'base_level': 'Ground', 'floor_segments': ['36 Upper Floors'], 'total_floors_above_base': 36}, {'block': 'Block 10 (Club House)', 'base_level': 'Ground', 'floor_segments': ['3 Floors'], 'total_floors_above_base': 3}]",[],1671397,1026662,0.61,2.0,4.87,620,640,4081.0,5123,0.2,0.8,8915254,1640,False,False,False,0,False,Chengalpattu,Residential,False,,False,False,False
AVITTAM ADIYOGI,TN/35/Building/0067/2025,"Stilt Floor + 4 Floors + 5th Floor part Residential Building (Height- 18.30m) with 39 Dwelling Units with Affordable Housing at Plot No. 19,20 & 21, 11th west street, Jai nagar Extension, Mehta Nagar, Kundrathur, Chennai Comprised in S.No.90/1B1B, 90/1B1C, 90/1B1A2 & 90/1B1A3 of Kundrathur-B Village within the limits of Kundrathur Municipality",Chengalpattu,12.991187,80.106051,Residential,Non-High Rise Building (NHRB),1187,0,3086,,39,50000000,150000000,,200000000,19,14,4,"[{'block': None, 'base_level': 'Stilt', 'floor_segments': ['4 Floors', '5th Floor'], 'total_floors_above_base': 5}]",[18.3],12779,33222,2.6,2.0,2.0,37,3913,4515.0,6020,0.25,0.75,5128205,852,False,False,False,0,False,Chengalpattu,Residential,False,,False,False,False
SRI NANDANA AVENUE KMR HOUSING,TN/35/Building/0075/2025,"Plot No. 8, 9, 10, 11, 12 & 13 (Approved Layout PPD/LO. No. 129/2004) Sethunarayna Street, Sai Enclave, Chitlapakkam, Chenna – 600064, Comprised in Old S.No. 120/2, New S.No. 120/2A1B3, 120/2A2B2, 120/2A1B2 (Patta) of Chitlappakam Village, Tambaram Taluk, Within the Limits of Tambaram Municipal Corporation",Chengalpattu,12.927169,80.138957,Residential,Non-High Rise Building (NHRB),1146,0,2826,,30,120000000,78500000,,198500000,21,3,2,[],[],12340,30414,2.46,2.0,2.0,26,9724,2581.0,6527,0.6,0.4,6616667,1014,False,False,False,0,False,Chengalpattu,Residential,False,,False,False,False
THE WORLD OF JOY,TN/35/Building/0087/2025,Village Siruseri Taluk Thiruporur District Chengalpattu State Tamilnadu,Chengalpattu,12.8,80.12,Residential,High Rise Building (HRB),41764,0,76883,0,2880,650000000,2375000000,5556500,3025000000,890,74,0,[],[],449539,827558,1.84,2.0,4.87,964,1446,2870.0,3655,0.21,0.79,1050347,287,False,False,False,0,False,Chengalpattu,Residential,False,,False,False,False
VIVA VIBRANT,TN/35/Building/0090/2025,"At Sai VIVA Lane, Thiruthani Nagar, Zamin Pallavaram, Chennai-600043",Chengalpattu,12.954342,80.169066,Residential,Non-High Rise Building (NHRB),1000,0,1986,,15,77500000,73994600,,151494600,16,2,2,[],[],10764,21382,1.99,2.0,2.0,20,7200,3461.0,7085,0.51,0.49,10099640,1425,False,False,False,0,False,Chengalpattu,Residential,False,,False,False,False
CASAGRAND CASAMIA https://rera.tn.gov.in/public-view2/building/pfirm/e91091b0-07fb-11f0-ba2a-e3053517c352,TN/35/Building/0097/2025,"Proposed Construction of Residential Group Housing Development Consisting of Combined Basement Floor with 13 Blocks; Block 1: Combined Basement Floor + Ground Floor + 4 Floors + 5th Floor (Part) (18.15m Height) Residential Building with 106 Dwelling Units with Board Games Room, Video Games Room, AV Room, Yoga Room, Badminton Room, Squash Room, Kids Play Room, Fitness Room, Aerobics Room; Block 2: Combined Basement Floor + Ground Floor + 5 Floors (18.15m Height) Residential Building with 137 Dwelling Units; Block 3: Combined Basement Floor + Ground Floor + 5 Floors (18.15m Height) Residential Building with 48 Dwelling Units; Block 4: Combined Basement Floor + Ground Floor + 5 Floors (18.15m Height) Residential Building with 60 Dwelling Units; Block 5 Combined Basement Floor + Ground",Chengalpattu,12.990163,80.134133,Residential,Non-High Rise Building (NHRB),88500,0,170181,5189,1314,2330000000,7320000000,,9650000000,1165,117,124,"[{'block': 'Block 1', 'base_level': 'Ground', 'floor_segments': ['4 Floors', '5th Floor'], 'total_floors_above_base': 5}, {'block': 'Block 2', 'base_level': 'Ground', 'floor_segments': ['5 Floors'], 'total_floors_above_base': 5}, {'block': 'Block 3', 'base_level': 'Ground', 'floor_segments': ['5 Floors'], 'total_floors_above_base': 5}, {'block': 'Block 4', 'base_level': 'Ground', 'floor_segments': ['5 Floors'], 'total_floors_above_base': 5}]",[],952605,1887671,1.98,2.0,2.0,1406,2446,3878.0,5112,0.24,0.76,7343988,1394,False,False,False,0,False,Chengalpattu,Residential,False,,False,False,False
BRIGADE MORGAN HEIGHTS https://rera.tn.gov.in/public-view2/building/pfirm/212a3270-e858-11ef-b669-853e970ce642,TN/35/Building/0099/2025,"High-rise Building(South) – The Planning Permission application received for the proposed construction of High Rise Residential Group Development Buildings of 4 Blocks consisting of Block - 1: Stilt+3 Floors (Parking) and 4th to 24th Floor Residential Building (626 Dwelling Units), Block - 2: Stilt + 3 Floors (Parking) and 4th to 18th Floor Residential Building (360 Dwelling Units), Block - 3: Stilt + 2 Floors (Parking) and 3rd to 13th Floor Residential Building (264 Dwelling Units) - Totally 1250 Dwelling Units and Block - 4: Club House - Ground + 4 Floors +5th floor part-, Multi-Purpose Hall, Badminton Court, Creche, Clinic, Games room, Saloon, Convenience Store, Pharmacy, Gym and Swimming Pool and Clock Tower with 30m Height, at S.Nos:453, 495/2C, 496, 497 & 498, Sholinganallur - Medavakkam",Chengalpattu,12.54162,80.12353,Mixed Development,High Rise Building (HRB),59529,0,189025,3697,1250,8000000000,47875000,,8047875000,1537,28,155,"[{'block': 'Block - 1', 'base_level': 'Stilt', 'floor_segments': ['3 Floors', '24th Floor'], 'total_floors_above_base': 4}, {'block': 'Block - 2', 'base_level': 'Stilt', 'floor_segments': ['3 Floors', '18th Floor'], 'total_floors_above_base': 4}, {'block': 'Block - 3', 'base_level': 'Stilt', 'floor_segments': ['2 Floors', '13th Floor'], 'total_floors_above_base': 3}, {'block': 'Block - 4', 'base_level': 'Ground', 'floor_segments': ['4 Floors', '5th floor'], 'total_floors_above_base': 5}]",[],640762,2074435,3.24,2.0,4.87,1720,12485,3322.0,3880,0.99,0.01,6438300,1628,False,False,False,0,False,Chengalpattu,Mixed Development,False,,False,True,True
CASAGRAND GOLDENGROVE,TN/35/Building/0106/2025,"Proposed Construction of Residential Non High-Rise Building Villa No. 1 To 116 Consists of Ground Floor + First Floor, Totally 116 D/U , with Club House Building Comprised in Survey Nos. 85/1B, 86/2A1, 86/2A2, 86/2B2, 86/3A, 86/3C, 86/3E, 87/2A, 87/2C, 103/3A1, 103/3A3, 103/3A4, 103/3B1, 103/3B3, 103/3B5, 105/1A, 105/ 1C, 105/1D, 105/1E, 105/1F, 105/1G, 105/2A, 105/2B, 105/2C, 105/3A2, 105/3A3 and 105/3A4 of Sonallur Village, Vandalur Taluk, Chengalpet District. OSR & Link Road Gifted vide Gift Deed No : 17676/2024, dated on 11.11.2024 comprised in S.Nos. 86/2A3, 86/2B1, 86/3B, 86/3D, 87/2B, 102/1B1, 102/1B2, 102/1B3, 103/3A2, 103/3A5, 103/3B2, 103/3B4, 105/1B, 105/2D, 105/3A1 of Sonallur Village, Vandalur Taluk, Chengalpet District.",Chengalpattu,12.835604,80.17979,Residential,Non-High Rise Building (NHRB),23650,0,14539,470,116,290000000,650000000,,940000000,71,12,0,"[{'block': None, 'base_level': 'Ground', 'floor_segments': ['First Floor'], 'total_floors_above_base': 1}]",[],254566,161550,0.63,2.0,2.0,83,1139,4024.0,5819,0.31,0.69,8103448,1349,False,False,False,0,False,Chengalpattu,Residential,False,,False,False,False
CASAGRAND JARVIS https://rera.tn.gov.in/public-view2/building/pfirm/1565b520-04cd-11f0-a435-a3aaf93ab724,TN/35/Building/0107/2025,"Proposed Construction of Residential Non - High Rise Group Development consists of 4 Blocks, Block 1: Basement + Ground + 5 Upper floors,(118 D/U) Block 2 : Basement + Ground+ 5 Upper floors (119 D/U), Block 3 & 4 with Combined Basement floor, Block 3: Ground floor Part + 5 Upper Floors (125 D/U), Amenity Block : Ground floor Part + 3 Upper floors, Block 4 : Ground + 5 Upper floors(107 D/U) with Swimming Pool on the Ground Level,Totally 469 D/U comprised in S. Nos. 167/2, 167/3, 167/4A, 167/5A, 167/5B, 167/6, 167/7, 167/9, 167/10, 167/11, 167/12B, 168/2, 168/3, 168/4, 168/5A, 168/5B, 168/6, 168/7, 168/14, 180/2, 180/3A, 180/3B, 180/4, 180/6A, 180/6B, 180/7, 180/8, 180/9A, 180/9B, 208/1, 208/2, 209/1A, 209/1B, 209/1C, 209/1D, 209/1E, 209/2A, 209/2B, 209/3, 209/4, 209/5, 209/6, 209/7, 209/8, 209/10, 209/11, 209/12,",Chengalpattu,12.814205,80.207986,Residential,Non-High Rise Building (NHRB),34453,0,65467,1240,469,820000000,2430000000,,3250000000,451,18,43,"[{'block': 'Block 1', 'base_level': 'Ground', 'floor_segments': ['5 Upper floors'], 'total_floors_above_base': 5}, {'block': 'Block 2', 'base_level': 'Ground', 'floor_segments': ['5 Upper floors'], 'total_floors_above_base': 5}, {'block': 'Block 3 & 4 with Combined Basement floor, Block 3', 'base_level': 'Ground', 'floor_segments': ['5 Upper Floors', '3 Upper floors'], 'total_floors_above_base': 8}, {'block': 'Block 4', 'base_level': 'Ground', 'floor_segments': ['5 Upper floors'], 'total_floors_above_base': 5}]",[],370849,718035,1.94,2.0,2.0,512,2211,3384.0,4526,0.25,0.75,6929638,1503,False,False,False,0,False,Chengalpattu,Residential,False,,False,False,False
ALTAVIDA Block - D,TN/35/Building/0115/2025,Stilt Floor + 11 Floors with 55 dwelling units,Chengalpattu,12.7378,80.1753,Residential,High Rise Building (HRB),20465,0,5186,,55,120000000,150000000,,270000000,20,35,0,"[{'block': None, 'base_level': 'Stilt', 'floor_segments': ['11 Floors'], 'total_floors_above_base': 11}]",[],220281,55822,0.25,2.0,4.87,55,545,2687.0,4837,0.44,0.56,4909091,1015,False,False,False,0,False,Chengalpattu,Residential,False,,False,False,False
DRA INARA PHASE - III,TN/35/Building/0120/2025,"comprised in Survey numbers. 174/Part,175/1part,175/2,178/2Apart,227/ 1,227/2,176,178/2B,190,191,192,193,177 & Plot Nos; 1 to 24,26,42,62 to 66,68 to 84,86 to 105 within the limit of Ottiyambakkam Village, Tambaram Taluk, Chengalpattu District, Tamil Nadu State.",Chengalpattu,12.8657,80.1903,Residential,Non-High Rise Building (NHRB),7813,0,10734,0,68,42470877,307703200,,350174077,87,28,0,[],[],84100,115537,1.37,2.0,2.0,115,505,2663.0,3031,0.12,0.88,5149619,1699,False,False,False,0,False,Chengalpattu,Residential,False,,False,False,False
DRA PHOEBE LUMINA,TN/35/Building/0127/2025,"Plot No. 1, Survey No. 14/2C1B2",Chengalpattu,12.8318,80.2292,Commercial,Non-High Rise Building (NHRB),1793,0,0,3531,,74513440,87420700,,161934140,28,0,2,[],[],19304,38008,1.97,2.0,2.0,30,3860,2300.0,4261,0.46,0.54,,,False,False,False,0,False,Chengalpattu,Commercial,False,,False,False,False
HANU HOMES - SUNSHINE https://rera.tn.gov.in/public-view2/building/pfirm/6133bc20-d19b-11ef-8c2f-b5f479972e8c,TN/35/Building/0130/2025,"PLAN SHOWING THE PROPOSED CONSTRUCTION OF GROUND FLOOR (PART)/ STILT FLOOR (PART) + 4 FLOORS + 5TH FLOOR PART (HEIGHT 18.30M ) RESIDENTIAL CUM COMMERCIAL BUILDING WITH 26 DWELING UNITS AND OF FICE (2 15. 15 Sq.mts) AT (GROUND FLOOR PART AND FIRST FLOOR PART) AVAILING PREMIUM FSI AT NOOKAMPALAYAM MAIN ROAD, PERUMBAKKAM,CHENNAI COMPRISED IN OLD S.N0.233/2, NEW S.N0.233/2A2,233/2A3,233/2B2 AND 233/2B3 OF PERUMBAKKAM VILLAGE WITHIN THE LIMITS OF ST .THOMAS MOUNT PANCHAYAT UNION)",Chengalpattu,12.896707,80.198196,Mixed Development,Non-High Rise Building (NHRB),1133,0,2528,215,26,75300000,115300000,,190600000,4,17,2,"[{'block': None, 'base_level': 'Ground', 'floor_segments': ['4 FLOORS', '5TH FLOOR', 'FIRST FLOOR'], 'total_floors_above_base': 6}]",[18.3],12197,29532,2.42,2.0,2.0,23,6174,3904.0,6454,0.4,0.6,7330769,1047,False,False,False,0,False,Chengalpattu,Mixed Development,False,,False,False,False
RLD ALTIMA,TN/35/Building/0144/2025,"THE PROPOSED CONSTRUCTION OF HIGH RISE (AFFORDABLE RESIDENTIAL HOUSES) GROUP DEVELOPMENT CONSISTS OF COMBINED EXTENDED BASEMENT FLOORS WITH BLOCK - 01 (TOWER A) AND BLOCK - 02. BLOCK-01 (TOWER A) 315 DWELLING UNITS (STILT TO 35TH FLOOR) BLOCK-02 (CLUB HOUSE : GROUND FLOOR + FIRST FLOOR WITH SWIMMING POOL @ GROUND LEVEL, COMPRISED IN S.NO. 585/1A2A1, 586/1A, 586/2A, 586/2B, 586/2C, 587, 595/1B1A, 596/1A, 598/1 AT PADUR VILLAGE, THIRUPORUR TALUK, CHENGALPATTU DISTRICT, TAMIL NADU.",Chengalpattu,12.79345,80.21784,Residential,High Rise Building (HRB),30069,0,36551,1915,315,538000000,1095147980,,1633147980,307,0,16,"[{'block': 'BLOCK - 01 (TOWER A) AND BLOCK - 02. BLOCK-01 (TOWER A) 315 DWELLING UNITS (STILT-35TH FLOOR) BLOCK-02 (CLUB HOUSE', 'base_level': 'Ground', 'floor_segments': ['FIRST FLOOR'], 'total_floors_above_base': 1}]",[],323660,414045,1.28,2.0,4.87,323,1662,2645.0,3944,0.33,0.67,5184597,1249,False,False,False,0,False,Chengalpattu,Residential,False,,False,False,False
THE WHITE HOUSE – TOWER B,TN/35/Building/0148/2025,"Construction of Stilt Floor + 3 Floors (Height -13.40 M ) Residential Building with 18 Dwelling Units at Plot No - 12,13,14,15,16,17,18,19,20,21,22 & 23 Manapakkam Main Road, Kolapakam, Chennai 600116 comprised In Old S.No.26/2, Patta No.4074 as per Patta Old S.No.26/2A1, now New Sub-Division S.Nos.26/2A1E, 26/2A1F, 26/2A1G, 26/2A1H, 26/2A1I, 26/2A1J, 26/2A1K, 26/2A1M, 26/2A1N, 26/2A1O, 26/2A1P & 26/2A1Q Of Kolapakkam Village, Within The Limit Of Kundrathur Panchayat Union.",Chengalpattu,13.0112897,80.1601398,Residential,Non-High Rise Building (NHRB),1078,0,2366,,18,61089795,92539800,,153629595,18,2,2,"[{'block': None, 'base_level': 'Stilt', 'floor_segments': ['3 Floors'], 'total_floors_above_base': 3}]",[13.4],11607,25472,2.19,2.0,2.0,22,5263,3633.0,6031,0.4,0.6,8534978,1415,False,False,False,0,False,Chengalpattu,Residential,False,,False,False,False
-,TN/35/Building/0154/2025,construction of Stilt floor + 3 floors (Shop – 12.0m height) Commercial Building,Chengalpattu,12.57526,80.11187,Commercial,Non-High Rise Building (NHRB),521,0,0,887,,35000000,20000000,,55000000,11,2,2,"[{'block': None, 'base_level': 'Stilt', 'floor_segments': ['3 floors'], 'total_floors_above_base': 3}]",[],5608,9548,1.7,2.0,2.0,15,6241,2095.0,5760,0.64,0.36,,,False,False,False,1,False,Chengalpattu,Commercial,False,,False,False,False
BEVERLY RIDGE,TN/35/Building/0157/2025,"Construction of 42 Villas in 42 Plots comprised in Present Survey No.11/2B2B1A, 11/2B2C, 11/4 bearing Patta Nos. 5053, 5054 & 10360 in the Layout approved by the President, Pudupakkam Panchayat, Thiruporur Panchayat Union, vide Layout Approval No. Na.Ka.No. 17/2023 dated 07/12/2023 and with Resolution No. 93 dated 07.12.2023 situated in Pudupakkam Village, Vandaloor Taluk, Chengalpet District and Within the Registration District of Chenglepet and Sub- Registration District of Thiruporur.",Chengalpattu,12.803974,80.190625,Residential,Non-High Rise Building (NHRB),4161,0,5132,0,42,134367000,248589000,,382956000,0,42,0,[],[],44787,55240,1.23,2.0,2.0,42,3000,4500.0,6933,0.35,0.65,9118000,1315,False,False,False,0,False,Chengalpattu,Residential,False,,False,False,False
Spring Tide,TN/35/Building/0158/2025,"Paranur Village, Chengalpattu Taluk, Chengalpattu District",Chengalpattu,12.43,79.59,Mixed Development,High Rise Building (HRB),37008,0,39307,,1119,605900000,3108600000,,3714500000,598,205,10,[],[],398355,423097,1.06,2.0,4.87,813,1521,7347.0,8779,0.16,0.84,3319482,378,False,False,False,0,False,Chengalpattu,Mixed Development,False,,False,False,False
S&P NEW HAVEN RIBBON WALK,TN/35/Building/0161/2025,"Construction of residential building at Survey no: 76B/1, 77/1, 2A, 78/1A, 2, 5, 8A, 79, 80/1, 2A, 81A/9, 81A/10 of Keezhakottaiyur village and survey No; 131/1A, 131/1B of Mambakkam village ,Tiruporur Taluk, Chengalpattu district",Chengalpattu,12.836765,80.157297,Residential,High Rise Building (HRB),61308,0,42602,498,1694,520000000,1500000000,,2020000000,271,119,15,[],[],659910,463924,0.7,2.0,4.87,405,788,3233.0,4354,0.26,0.74,1192444,271,False,False,False,0,False,Chengalpattu,Residential,False,,False,False,False
NAPA VALLEY BY DAC,TN/35/Building/0166/2025,"Ottiyambakkam Main Road, Arasankazhani, Chennai, Comprised in S.No.41/3A, 41/3B1 & 42/1 of Arasankazhani Village within the limit of St.Thomas Mount Panchayat Union.",Chengalpattu,12.874303,80.19137,Residential,Non-High Rise Building (NHRB),4027,0,11269,,110,73734000,345000000,,418734000,74,40,5,[],[],43342,121298,2.8,2.0,2.0,119,1701,2844.0,3452,0.18,0.82,3806673,1103,False,False,False,0,False,Chengalpattu,Residential,False,,False,False,False
VOORA ONE SEA https://rera.tn.gov.in/public-view2/building/pfirm/3e45ab90-f371-11ef-9231-7b67d79d5ea5,TN/35/Building/0169/2025,"Proposed project ‘VOORA ONE SEA’ for the Proposed Construction of Group Development for Affordable Residential Apartments – High Rise Building with Combined Basement Floor +Combined Stilt Floor + Combined Podium with Swimming Pool and Block : 3(Commercial - Club House) and Residential Building BLOCK: 1(ISLAND -1,Stilt + 12th Floor – 204 Dwelling units- 1BHK), BLOCK:2(ISLAND – 2, First Floor+41st Floor – 365 Dwelling units, ISLAND - 3,First Floor + 41st Floor – 367 Dwelling units, ISLAND – 4,First Floor + 12th Floor – 103 Dwelling units-2 & 3 BHK) Total 1039 Dwelling units, at “Voora One Sea” S.Nos. 18/1, 2, 3, 8A, 8B, 10; 19/1,2, 3, 4, 6B, 23/1A, 24/1, 25/1A, 1B, 1C, 1D, 2, 3, 4, 5, 6, 7, 8, 9A, 9B, 9C, 10; 29/12C1, 12C2, 12C3B; 30/5C1A, 6B, 7A, 8, 9, 10, 12C1A, 12C1B, 12C2, 12C3, 13A1, 13B; 31/1C1A1, 11 and 31/13,ECR Main Road,",Chengalpattu,12.84425,80.239875,Mixed Development,High Rise Building (HRB),44370,12322,92839,3320,1039,1300000000,1780000000,,3080000000,776,0,78,"[{'block': None, 'base_level': 'Basement', 'floor_segments': ['12th Floor', 'First Floor', '41st Floor', 'First Floor', '41st Floor', 'First Floor', '12th Floor'], 'total_floors_above_base': 7}]",[],477594,1167675,2.44,2.0,4.87,854,2722,3322.0,2638,0.42,0.58,2964389,1089,False,False,False,0,False,Chengalpattu,Mixed Development,False,,False,True,True
INCOR CHENNAI PROJECTS TWO PVT LTD,TN/35/Building/0185/2025,"RESIDENTAIL AND MIXED DEVELOPMENT OF 2, 2.5, 3 BHK WITH CLUB HOUSE INSIDE GATED COMMUNITY",Chengalpattu,12.774309375526512,80.2187063904473,Mixed Development,High Rise Building (HRB),167170,0,265008,5166,2204,1370000000,5100000000,,6470000000,340,576,67,[],[],1799401,2908127,1.62,2.0,4.87,983,761,3322.0,2225,0.21,0.79,2935572,1294,False,False,False,0,False,Chengalpattu,Mixed Development,False,,False,True,True
WHITEFIELD MUDRA PHASE B,TN/35/Building/0188/2025,"Survey Nos. 134/1C, 134/2A1, 135/1C1, 135/2C1 &136/2C1C of Medavakkam Village, Tambaram Taluk, Chengalpet District",Chengalpattu,12.9269,80.1937,Residential,Non-High Rise Building (NHRB),3547,0,9118,0,65,181355000,339352200,,520707200,83,0,0,[],[],38180,98142,2.57,2.0,2.0,83,4750,3458.0,5306,0.35,0.65,8010880,1510,False,False,False,0,False,Chengalpattu,Residential,False,,False,False,False
ASHIANA SHUBHAM PHASE 3A,TN/35/Building/0205/2025,"We are developing the whole project named ""Ashiana Shubham"" wherein Phase 1,2, 3 and 4 are complete and we are applying for Phase 3A.",Chengalpattu,12.75965,80.044601,Mixed Development,Non-High Rise Building (NHRB),182330,0,1608,537,921,25700000,71500000,,97200000,0,5,0,[],[],1962578,23094,0.01,2.0,2.0,5,13,3096.0,4209,0.26,0.74,105537,19,False,False,False,0,False,Chengalpattu,Mixed Development,False,,False,False,False
NEST ETERNIA,TN/35/Building/0209/2025,NEST ETERNIA,Chengalpattu,12.871094,80.192247,Residential,Non-High Rise Building (NHRB),5556,0,14539,,148,113220000,772222100,,885442100,70,48,6,[],[],59809,156496,2.62,2.0,2.0,124,1893,4934.0,5658,0.13,0.87,5982717,1057,False,False,False,0,False,Chengalpattu,Residential,False,,False,False,False
HEYDAY SENIOR CARE SERVIES CHENNAI P LTD,TN/35/Building/0210/2025,HEYDAY IS SENIOR PEOPLE GATED COMMUNITY WITH FACILITIES AND AMENITIES,Chengalpattu,12.773895488326936,80.21999510539672,Mixed Development,High Rise Building (HRB),167170,0,38771,,672,246300000,1405600000,,1651900000,48,36,8,[],[],1799401,417328,0.23,2.0,4.87,92,137,3368.0,3958,0.15,0.85,2458185,621,False,False,False,0,False,Chengalpattu,Mixed Development,False,,False,False,False
SPRING TIDE,TN/35/Building/0216/2025,Paranur Village Chengalpattu Taluk Chengalpattu District,Chengalpattu,12.43,79.59,Mixed Development,High Rise Building (HRB),37008,0,8896,1033,1119,346200000,3997600000,,4343800000,813,598,10,[],[],398355,106877,0.27,2.0,4.87,1421,869,37404.0,40643,0.08,0.92,3881859,86,False,False,False,0,False,Chengalpattu,Mixed Development,False,,False,False,False
VILLA ONE PHASE - II,TN/35/Building/0219/2025,"Comprised in Old S.No.199/6B (part) New S.No.199/6B1 (part), 199/6B2 (part) & 199/6B3 (part) of Nanmangalam Village, Tambaram Taluk, Chengalpet District, ST.Thomas Mount Panchayat Union Limit, Tamilnadu State.",Chengalpattu,12.56339,80.10524000000001,Residential,Non-High Rise Building (NHRB),1947,0,2634,,11,77304000,87870519,,165174519,20,2,2,[],[],20957,28357,1.35,2.0,2.0,24,3689,3099.0,5825,0.47,0.53,15015865,2578,False,False,False,1,False,Chengalpattu,Residential,False,,False,False,False
Prestige Pallavaram Estates Private Limited,TN/35/Building/0224/2025,"The proposed construction of high-rise group development consisting of 14 Blocks with 2 combined extended basements; Blocks 1 to 13: (Residential) Ground floor +14 floors (total 2069 dwelling units) & Block 14: Clubhouse, Ground floor + 5 floors, at Pallavaram – Thoraipakkam radial road.",Chengalpattu,12.952744388896893,80.16474601388734,Mixed Development,High Rise Building (HRB),88390,0,278291,5695,2069,4520817101,16362541635,,20883358736,2668,288,210,"[{'block': 'Block 14', 'base_level': 'Ground', 'floor_segments': ['5 floors'], 'total_floors_above_base': 5}]",[],951416,3056802,3.21,2.0,4.87,3166,4752,5353.0,6832,0.22,0.78,10093455,1448,False,False,False,0,False,Chengalpattu,Mixed Development,False,,False,False,False
RAJPARIS BLUE JEWEL,TN/35/Building/0225/2025,"S.No. 95 / 52 Of Muttukadu Village, Thirupporur Taluk, Chengalpattu District, 603112",Chengalpattu,12.80917776830005,80.24279731749661,Residential,High Rise Building (HRB),3370,0,12107,,55,162654660,550000000,,712654660,64,60,7,[],[],36274,130317,3.59,2.0,4.87,131,4484,4220.0,5469,0.23,0.77,12957357,2369,False,False,False,0,False,Chengalpattu,Residential,False,,False,False,False
TVS EMERALD UDYANA PHASE III,TN/35/Building/0227/2025,Non High Rise Building with stilt +5 Floors in 2 blocks,Chengalpattu,12.54153,80.10113,Residential,Non-High Rise Building (NHRB),6522,0,14167,,135,217800000,598000000,,815800000,95,29,1,"[{'block': None, 'base_level': 'Stilt', 'floor_segments': ['5 Floors'], 'total_floors_above_base': 5}]",[],70205,152489,2.17,2.0,2.0,125,3102,3922.0,5350,0.27,0.73,6042963,1130,False,False,False,0,False,Chengalpattu,Residential,False,,False,False,False
VILLA ONE PHASE - I,TN/35/Building/0233/2025,"VILLA ONE PHASE-1, Comprised in OLD S.No.199/6B (part) New S.No.199/6B1 (part), 199/6B2 (part) & 199/6B3 (part) of Nanmangalam Village, Tambaram Taluk, Chengalpet District, ST.Thomas Mount Panchayat Union Limit, Tamilnadu State.",Chengalpattu,12.942803,80.181155,Residential,Non-High Rise Building (NHRB),1597,0,2000,,9,46870844,66209645,,113080489,18,0,0,[],[],17194,21525,1.25,2.0,2.0,18,2726,3076.0,5253,0.41,0.59,12564499,2392,False,False,False,0,False,Chengalpattu,Residential,False,,False,False,False
BAY VILLA,TN/35/Building/0237/2025,Block 8 to 26 NHRB (consist of 83 units) and Gym & Indoor game,Chengalpattu,12.813238,80.229589,Mixed Development,Non-High Rise Building (NHRB),27230,0,26601,628,83,250000000,900000000,,1150000000,162,69,25,[],[],293097,293097,1.0,2.0,2.0,256,853,3071.0,3924,0.22,0.78,13855422,3450,False,False,False,0,False,Chengalpattu,Mixed Development,False,,False,False,False
ASHIANA SWARANG PHASE II,TN/35/Building/0242/2025,"We are developing the whole project named ""Ashiana Swarang"" wherein the Phase 1 TNRERA approval has been taken and its currently under construction.",Chengalpattu,12.727301,80.227232,Residential,Non-High Rise Building (NHRB),44311,0,7755,,451,54100000,395900000,,450000000,0,0,0,[],[],476959,83475,0.18,2.0,2.0,0,113,4743.0,5391,0.12,0.88,997783,185,False,False,False,0,False,Chengalpattu,Residential,False,451.0,False,False,False
AVITTAM NAYANMAR,TN/35/Building/0258/2025,"proposed construction of Group Housing Development with 2 Blocks; Block 1 - Stilt floor + 5 floors (Height - 18.30m) Residential Building with 65 Dwelling; Block 2 - Stilt floor + 5 floors (Height - 18.30m) Residential Building with 50 Dwelling units; Totally 115 Dwelling units for Affordable Housing at Dharkast Road (Kishkindha Main Road), Kannadapalayam, West Tambaram, Chennai 600045, comprised in Old S.Nos.268/2, 268/3 & 268/4, and T.S.Nos.106/1, 107/2, 107/3, 108/2 & 108/3, Block No.21, Ward No.C of Tambaram Village, Tambaram Taluk within the Limits of Tambaram Municipal Corporation",Chengalpattu,12.935517,80.102738,Residential,Non-High Rise Building (NHRB),4497,0,12584,,115,350000000,450000000,,800000000,116,11,12,"[{'block': None, 'base_level': 'Stilt', 'floor_segments': ['5 floors', '5 floors'], 'total_floors_above_base': 10}]","[18.3, 18.3]",48409,135453,2.8,2.0,2.0,139,7230,3322.0,5906,0.44,0.56,6956522,1178,False,False,False,0,False,Chengalpattu,Residential,False,,False,False,False
AVITTAM THIRUNAVUKARASAR,TN/35/Building/0261/2025,"Stilt floor + 5 floors (Height - 18.30m) Residential Building with 65 Dwelling for Affordable Housing at Dharkast Road (Kishkindha Main Road), Kannadapalayam Bajanai koil Street, West Tambaram, Chennai 600045, comprised in Old S.Nos.268/2, 268/3 & 268/4, and T.S.Nos.106/2, 107/4, 107/5, 108/4 & 108/5, Block No.21, Ward No.C of Tambaram Village, Tambaram Taluk within the Limits of Tambaram Municipal Corporation",Chengalpattu,12.935622,80.102393,Residential,Non-High Rise Building (NHRB),2080,0,5806,,65,155000000,280000000,,435000000,55,0,5,"[{'block': None, 'base_level': 'Stilt', 'floor_segments': ['5 floors'], 'total_floors_above_base': 5}]",[18.3],22385,62495,2.79,2.0,2.0,60,6924,4480.0,6961,0.36,0.64,6692308,961,False,False,False,0,False,Chengalpattu,Residential,False,,False,False,False
Lakewoods Towers H & I,TN/35/Building/0276/2025,"Development of Residential Towers H & I in Lakewoods projects in plot No.17/2, Paranur Village, Chengalpattu",Chengalpattu,12.7275248,79.9876373,Residential,High Rise Building (HRB),37756,0,17186,,747,73500000,964155000,,1037655000,747,8,8,[],[],406404,184992,0.46,2.0,4.87,763,181,5212.0,5609,0.07,0.93,1389096,248,False,False,False,0,False,Chengalpattu,Residential,False,,False,False,False
SHRINAY GRANDEUR,TN/35/Building/0278/2025,"At Plot No.1,Comprised in S.No.111/2A1A1A, 3A3A1 , 2A1A2& 3A3B Of KANATHUR REDDYKUPPAM Village",Chengalpattu,12.83754,80.240883,Mixed Development,Non-High Rise Building (NHRB),1784,0,3644,675,16,62944619,99471297,,162415916,28,3,2,[],[],19198,46492,2.42,2.0,2.0,33,3279,2140.0,3493,0.39,0.61,10150995,2451,False,False,False,0,False,Chengalpattu,Mixed Development,False,,False,False,False
WHITEFIELD MUDRA PHASE C,TN/35/Building/0280/2025,"Survey Nos. 134/2A3, 135/1C3, 135/2C3, 136/2C1D, 164/1A5 & 165/1A1A of Medavakkam Village, Tambaram Taluk, Chengalpet District",Chengalpattu,12.9265,80.1939,Residential,Non-High Rise Building (NHRB),3309,0,8592,,71,169185500,328564500,,497750000,78,0,0,[],[],35618,92485,2.6,2.0,2.0,78,4750,3553.0,5382,0.34,0.66,7010563,1303,False,False,False,0,False,Chengalpattu,Residential,False,,False,False,False
DRA iHeart,TN/35/Building/0293/2025,"S.Nos. 14/2C1B1, 14/3A2A1, 14/3B1B1, 14/3B2B, Plot No;2 Egattur Village,Thiruporur Taluk,Thiruporur Panchayat Union, Tamil Nadu.",Chengalpattu,12.8318,80.2292,Residential,High Rise Building (HRB),10523,0,51147,0,271,437214480,1501078550,,1938293030,307,145,0,[],[],113267,550541,4.86,2.0,4.87,452,3860,2727.0,3521,0.23,0.77,7152373,2032,False,False,False,0,False,Chengalpattu,Residential,False,,False,False,False
“BOLLINENI ZION” https://rera.tn.gov.in/public-view2/building/pfirm/3ee02cf0-4d01-11f0-bf2f-c9eefc52a7fd,TN/35/Building/0296/2025,"proposed and additional construction to the earlier approved Block Nos: A to E (Residential Blocks each with Combined B.Floor + Combined Stilt Floor + 28 Floors), Retail Block (Combined B.Floor + G.Floor + 5 Floors), Club House (Combined B.Floor + Combined Stilt Floor + 3 Floors) and School Block (consisting of Ground floor + 3 floors - Partial CC obtained). Proposed & additional construction of 2nd B.Floor for the Retail Block and Combined/Extended Basement floor for the proposed additional blocks (along with already approved Blocks A, B, C, D, E, CLUB HOUSE and RETAIL BLOCK and Combined Stilt floor for BLOCK A, B, C, D, E and CLUB HOUSE Block) - F, G, H, J, K, L, M. Over & above the Combined B.Floor + Combined Stilt Floor in BLOCK F: 1st floor + 19 Floors + 20th Floor Part to 28th floors Part - Residential building",Chengalpattu,12.879733,80.204263,Residential,High Rise Building (HRB),94680,0,173787,,1375,2853579456,4681400000,,7534979456,1489,36,0,"[{'block': 'Block Nos', 'base_level': 'Stilt', 'floor_segments': ['28 Floors'], 'total_floors_above_base': 28}, {'block': 'Block (Combined B.Floor + G.Floor + 5 Floors), Club House (Combined B.Floor + Combined Stilt Floor + 3 Floors) and School Block (consisting of Ground floor + 3 floors - Partial CC obtained). Proposed & additional construction of 2nd B.Floor for the Retail Block and Combined/Extended Basement floor for the proposed additional blocks (along with already approved Blocks A, B, C, D, E, CLUB HOUSE and RETAIL BLOCK and Combined Stilt floor for BLOCK A, B, C, D, E and CLUB HOUSE Block) - F, G, H, J, K, L, M. Over & above the Combined B.Floor + Combined Stilt Floor in BLOCK F', 'base_level': None, 'floor_segments': ['1st floor', '19 Floors', '20th Floor'], 'total_floors_above_base': 21}]",[],1019126,1870629,1.84,2.0,4.87,1525,2800,2503.0,4028,0.38,0.62,5479985,1360,False,False,False,0,False,Chengalpattu,Residential,False,,False,False,False
ATH THE MERLION,TN/35/Building/0304/2025,"S.No. 165/1B of Rajakilpakkam Village, Tambaram Taluk within the limits of Tambaram Municipal corporation",Chengalpattu,12.910225,80.151983,Residential,Non-High Rise Building (NHRB),1942,0,4987,,49,140000000,208944000,,348944000,41,4,0,[],[],20909,53683,2.57,2.0,2.0,45,6696,3892.0,6500,0.4,0.6,7121306,1096,False,False,False,0,False,Chengalpattu,Residential,False,,False,False,False
SEA/LA/VIE,TN/35/Building/0314/2025,STILT+5 FLOORS,Chengalpattu,12.847269,80.24256,Residential,Non-High Rise Building (NHRB),1012,0,2604,0,16,61043000,100300000,,161343000,16,0,2,"[{'block': None, 'base_level': 'Stilt', 'floor_segments': ['5 FLOORS'], 'total_floors_above_base': 5}]",[],10888,28029,2.57,2.0,2.0,18,5607,3578.0,5756,0.38,0.62,10083938,1752,False,False,False,0,False,Chengalpattu,Residential,False,,False,False,False
PARC SOCIAL,TN/35/Building/0315/2025,"Commercial Building by name “ Parc Social” admeasuring an total constructed area of 3230.57 sq.meters consisting of 1 Banquet Hall and 14 Retail Shops developed as Ground Floor + 1st Floor in the land admeasuring an extent of 4,280.00 sq.meters. in Commercial Plot No.: C7 of TNRERA approved Layout No. TN/01/Layout/0010/2022 (L.P.DTCP No:59/2021), comprised in S.F.Nos. 79/139, 108/43, 108/45, 108/46, 108/55, 109/1, 109/11, 109/13, 109/15, 110/171 & 110/172, (Old SF.No,:79/7part, 108/9 part, 108/10 part, 108/14 part, 108/15 part, 109/1 part, 109/3A part, 109/9A part, 109/9B part & 110/11 part),in Pudupakkam Village, Thiruporur Panchayat, Vandalur Taluk, Chengalpattu District., Tamil Nadu",Chengalpattu,12.817699,80.198921,Commercial,Non-High Rise Building (NHRB),4280,0,0,3181,,34900000,146300000,,181200000,0,40,0,"[{'block': None, 'base_level': 'Ground', 'floor_segments': ['1st Floor'], 'total_floors_above_base': 1}]",[],46069,34241,0.74,2.0,2.0,40,758,4273.0,5292,0.19,0.81,,,False,False,False,0,False,Chengalpattu,Commercial,False,,False,False,False
AVANTIKA,TN/35/Building/0323/2025,Stilt + 4 floors Residential cum Commercial (Office at First floor only) building with 35 dwelling units,Chengalpattu,12.8,80.02,Mixed Development,Non-High Rise Building (NHRB),1999,0,3291,497,35,95000000,90000000,,185000000,43,9,4,"[{'block': None, 'base_level': 'Stilt', 'floor_segments': ['4 floors', 'First floor'], 'total_floors_above_base': 5}]",[],21518,40775,1.89,2.0,2.0,56,4415,2207.0,4537,0.51,0.49,5285714,1012,False,False,False,0,False,Chengalpattu,Mixed Development,False,,False,False,False
ZIVA ASSIST,TN/35/Building/0324/2025,Total No of Blocks- 1; Block 1- Ground Floor + Four Floors consist of 156 Rooms,Chengalpattu,12.61895,80.1583,Residential,Non-High Rise Building (NHRB),15263,0,9022,4822,156,40900000,285800000,,326700000,0,102,5,"[{'block': None, 'base_level': 'Ground', 'floor_segments': ['Four Floors'], 'total_floors_above_base': 4}]",[],164289,149011,0.91,2.0,2.0,107,249,1918.0,2192,0.13,0.87,2094231,622,False,False,False,0,False,Chengalpattu,Residential,False,,False,False,False
B & B Windchimes Apartment,TN/5/Building/0036/2025,"Stilt+5 Floors] – District Town and Country Planning Office, Ranipet District – Walajah Taluk – Arcot Panchayat Union – Nandhiyalam Village/Panchayat of Survey Number: 338/3A",Vellore,12.56082,79.15157,Residential,Non-High Rise Building (NHRB),3260,0,7913,,48,35085258,368019348,,403104606,48,0,7,"[{'block': None, 'base_level': 'Stilt', 'floor_segments': ['5 Floors'], 'total_floors_above_base': 5}]",[],35085,85173,2.43,2.0,2.0,55,1000,4321.0,4733,0.09,0.91,8398013,1774,False,False,False,0,False,Vellore,Residential,False,,False,False,False
-,TN/5/Building/0203/2025,"Stilt Floor + 13 floors Residential Building with 132 dwelling at NO.3, Blackers Road, Mount Road, Chennai-600002 Comprised in S.No.612/2A1B, 612/2A2A, 612/2A2B & 612/8 of Katpadi village within & Taluk, Vellore District",Vellore,12.581024000000003,79.084387,Residential,Non-High Rise Building (NHRB),5250,0,15311,397,132,106800000,598500000,,705300000,78,77,16,"[{'block': None, 'base_level': 'Stilt', 'floor_segments': ['13 floors'], 'total_floors_above_base': 13}]",[],56510,169082,2.99,2.0,2.0,171,1890,3540.0,4171,0.15,0.85,5343182,1249,False,False,False,1,False,Vellore,Residential,False,,False,False,False
Chola Shivaji,TN/7/Building/0031/2025,"Ward-AA,Block-59,TS No.1/11,Old Ward- H,Block-7,TS No.34/1B,36/3B, Annadhanapatti Village, Salem Corporation, Salem SouthTk ,Salem Dt.",Salem,11.643715,78.141166,Residential,Non-High Rise Building (NHRB),1922,0,5354,,50,73416556,218333428,,291749984,52,1,5,[],[],20688,57635,2.79,2.0,2.0,58,3549,3788.0,5062,0.25,0.75,5835000,1153,False,False,False,0,False,Salem,Residential,False,,False,False,False
Chola Ellappa's Grand,TN/7/Building/0035/2025,"TS No.7/2,8/2,10/2,Ward-AA,Block- 62(Old Ward-H,Block-10,TS No.31/1,31/2,32part),Annadhanapatti Village, Salem Corporation, Salem South Taluk, Salem Dt.",Salem,11.641967,78.141332,Residential,High Rise Building (HRB),2598,0,8172,,54,99219687,293469294,,392688981,39,23,7,[],[],27959,87963,3.15,2.0,4.87,69,3549,3336.0,4464,0.25,0.75,7272018,1629,False,False,False,0,False,Salem,Residential,False,,False,False,False
KHAVIN'S COVE,TN/7/Building/0191/2025,STILT+5 FLOOR APPARTMENT BUILDING- 25 DWELLING UNITS,Salem,11.700222,78.168222,Residential,Non-High Rise Building (NHRB),1229,0,2941,,25,13300000,71000000,8567000,92867000,17,8,3,"[{'block': None, 'base_level': 'Stilt', 'floor_segments': ['5 FLOOR'], 'total_floors_above_base': 5}]",[],13229,31661,2.39,2.0,2.0,28,1005,2243.0,2933,0.14,0.76,3714680,1266,False,False,False,0,False,Salem,Residential,False,,False,False,False
Metropole- Bathija's Mountain View,TN/7/Building/0197/2025,Apartment Building,Salem,11.710471,78.170393,Residential,Non-High Rise Building (NHRB),1356,0,3438,,33,10216500,113536303,,123752803,10,21,3,[],[],14596,37001,2.54,2.0,2.0,34,700,3068.0,3345,0.08,0.92,3750085,1121,False,False,False,0,False,Salem,Residential,False,,False,False,False
METROPOLE- OG TOWERS,TN/7/Building/0313/2025,Apartment Building,Salem,11.641681,78.151065,Residential,Non-High Rise Building (NHRB),1644,0,4263,,45,35398000,155789797,,191187797,15,27,4,[],[],17699,45891,2.59,2.0,2.0,46,2000,3395.0,4166,0.19,0.81,4248618,1020,False,False,False,0,False,Salem,Residential,False,,False,False,False
BLUELEAF GRANGE,TNRERA10BLG0008/2026,STILT + 5 FLOORS,Erode,11.0297695,77.693156,Residential,Non-High Rise Building (NHRB),2220,0,6216,,45,47790000,306000000,,353790000,50,0,5,"[{'block': None, 'base_level': 'Stilt', 'floor_segments': ['5 FLOORS'], 'total_floors_above_base': 5}]",[],23896,66913,2.8,2.0,2.0,55,2000,4573.0,5287,0.14,0.86,7862000,1487,False,False,False,0,False,Erode,Residential,False,,False,False,False
FAIR FIELD,TNRERA10BLG0014/2026,S F NO: 1349/5G,Erode,11.323202,77.752934,Residential,Non-High Rise Building (NHRB),590,0,1110,,12,20000000,15000000,,35000000,0,8,0,[],[],6350,11950,1.88,2.0,2.0,8,3149,3659.0,2929,0.57,0.43,2916667,996,False,False,False,0,False,Erode,Residential,False,,False,True,True
Dhiya’s Aurum,TNRERA11BLG0007/2026,"Ward No:Q(17), Block No:21, T.S.No:170,171 Sanganur village, West Zone, Coimbatore Corporation",Coimbatore,11.029674,76.946829,Residential,Non-High Rise Building (NHRB),520,0,1339,,10,76000000,43700000,,119700000,0,10,1,[],[],5600,14412,2.57,2.0,2.0,11,13571,3032.0,8306,0.63,0.37,11970000,1441,False,False,False,0,False,Coimbatore,Residential,False,,False,False,False
ZENORA,TNRERA11BLG0013/2026,"S.F.No. 917/1, 918/2, 918/3 and 918/4B of Kalapatti (East) Village, Coimbatore North Taluk, Coimbatore District and Corporation – East Zone.",Coimbatore,11.065518,77.049703,Residential,Non-High Rise Building (NHRB),28293,,27700,1836,60,776600000,1744000000,,2520600000,39,197,24,[],[],304543,317922,1.04,2.0,2.0,260,2550,5486.0,7928,0.31,0.69,42010000,4969,False,False,False,0,False,Coimbatore,Residential,False,,False,False,False
SREE DAKSHA'S LEIA,TNRERA11BLG0021/2026,29 Dwelling (Ground + First Floor) residential villas and Amenities,Coimbatore,11.00537,76.53214,Residential,Non-High Rise Building (NHRB),10220,0,6736,331,29,123600000,396600000,,520200000,49,19,7,"[{'block': None, 'base_level': 'Ground', 'floor_segments': ['First Floor'], 'total_floors_above_base': 1}]",[],110012,76064,0.69,2.0,2.0,75,1124,5214.0,6839,0.24,0.76,17937931,2500,False,False,False,0,False,Coimbatore,Residential,False,,False,False,False
ROHINI PALMS,TNRERA16BLG0003/2026,FLAT PROMOTERS OF RESIDENTIAL APARTMENT,Tiruchirappalli,10.776609,78.692891,Residential,Non-High Rise Building (NHRB),2188,0,5803,,49,62410150,221508000,,283918150,51,4,6,[],[],23551,62468,2.65,2.0,2.0,61,2650,3546.0,4545,0.22,0.78,5794248,1275,False,False,False,0,False,Tiruchirappalli,Residential,False,,False,False,False
URBANEST,TNRERA17BLG0010/2026,Residential Apartment,Karur,10.958643,78.06165,Residential,Non-High Rise Building (NHRB),1603,0,3411,,16,9365716,93674284,,103040000,32,3,3,[],[],17255,36721,2.13,2.0,2.0,38,543,2551.0,2806,0.09,0.91,6440000,2295,False,False,False,0,False,Karur,Residential,False,,False,False,False
ISHWARYA APARTMENTS,TNRERA1BLG0016/2026,CONSTRUCTION OF STILT FLOOR PLUS 3 FLOOR RESIDENTIAL BUILDING,Kancheepuram,12.920676,80.194966,Residential,Non-High Rise Building (NHRB),600,0,1200,,15,18202250,42510000,,60712250,11,0,0,"[{'block': None, 'base_level': 'Stilt', 'floor_segments': ['3 FLOOR'], 'total_floors_above_base': 3}]",[],6458,12916,2.0,2.0,2.0,11,2818,3291.0,4701,0.3,0.7,4047483,861,False,False,False,0,False,Kancheepuram,Residential,False,,False,False,False
SAI RAM,TNRERA20BLG0023/2026,Residential building,Madurai,9.910951,78.096058,Residential,Non-High Rise Building (NHRB),1816,0,4707,,50,103520000,209523803,,313043803,38,6,0,[],[],19543,50668,2.59,2.0,2.0,44,5297,4135.0,6178,0.33,0.67,6260876,1013,False,False,False,0,False,Madurai,Residential,False,,False,False,False
ASTA,TNRERA29BLG0004/2026,"construction of Group Development of 2 Blocks Block A & B consists Stilt Floor (Parking) + 5 Floors Residential building (18.30m height) totally 15 dwelling units availing with Premium FSI at HIG Residential Apartment Flat No. 12/1, 12/2, 12/3,12/4, 12/5, 12/6, J.J. Nagar East Scheme (162 HIG Flat Mogappair East Scheme), Vellalar Street and Plot No. 81, Paneer Nagar, Mogappair, Chennai – 37 Comprised in S.No. 245/2, 245/3 T.S. No. 29/2, 29/3, 65/2 & 65/3 Block No.36, Ward-H, of Mogappair Village, Ambattur Taluk within the limits of Greater Chennai Corporation",Chennai,13.050360000000001,80.10298,Residential,Non-High Rise Building (NHRB),941,0,2067,,15,60000000,77883836,,137883836,10,6,2,"[{'block': None, 'base_level': 'Stilt', 'floor_segments': ['5 Floors'], 'total_floors_above_base': 5}]",[],10125,22252,2.2,2.0,2.0,18,5926,3500.0,6196,0.44,0.56,9192256,1483,False,False,False,1,False,Chennai,Residential,False,,False,False,False
VOORA AGASTYA HEIGHTS,TNRERA29BLG0006/2026,"New Door No. 231 & 232, Old Door No. 293 & 294 abutting Thiruvottiyur High Road comprised in T.S.No. 3659/1 (Part) &3661/1 (Part), Block No. 54 of Tondiarpet Vilage, Tondiarpet Taluk within the limits of Greater Chennai Corporation.",Chennai,13.124603519582289,80.28898543163312,Residential,High Rise Building (HRB),2280,0,8190,,52,1000000,446884000,,447884000,22,43,8,[],[],24539,88161,3.59,2.0,4.87,73,41,5069.0,5080,0.0,1.0,8613154,1695,False,False,False,0,False,Chennai,Residential,False,,False,False,False
ELITE,TNRERA29BLG0009/2026,"The proposed construction of Ground Floor (Part) / Stilt Floor (Part) + 3 Floors (Height – 14.00m) Commercial cum Residential Building with 6 Dwelling units (GF – Gym, FF – Office (428.91 Sq.m), 2F & 3F – Residential) at Plot No.3 & 6, Bazaar Road (Madipakkam- Velachery Main Road) and Vallalpari Street, Ram Nagar, Madipakkam, Chennai 600091 comprised in Old S.No.94/1A (Part) (Document), and S.No.94/1A1A2A & 94/1A1A2B (Patta) of Madipakkam Village within the Limits of Greater Chennai Corporation.",Chennai,12.964419,80.211566,Mixed Development,Non-High Rise Building (NHRB),691,0,889,453,6,60000000,60000000,,120000000,9,2,0,"[{'block': None, 'base_level': 'Ground', 'floor_segments': ['3 Floors'], 'total_floors_above_base': 3}]",[14.0],7442,14450,1.94,2.0,2.0,11,8063,4152.0,8304,0.5,0.5,20000000,1595,False,False,False,0,False,Chennai,Mixed Development,False,,False,False,False
RAGHU,TNRERA29BLG0012/2026,"The proposed construction of Stilt floor +5Floors Residential Building with 10Dwelling Units (Heights-18.30m) Availing Premium FSI at Block No B-6, 11th Cross Street, GOCH Colony, Besant Nagar, Chennai-600090 Comprised in Old S.No 127 part, 17 part, New S.No:17/3 part, 17/2B1 Part, T.S.No:8/10, Block No 40 of urur Village within the Limits of Greater Chennai Corporation.",Chennai,13.027352,80.253214,Residential,Non-High Rise Building (NHRB),531,0,1314,0,10,37692600,35765000,,73457600,6,4,1,[],[18.3],5711,14142,2.48,2.0,2.0,11,6600,2529.0,5194,0.51,0.49,7345760,1414,False,False,False,0,False,Chennai,Residential,False,,False,False,False
AYYAN ACHYUT,TNRERA29BLG0015/2026,"The proposed construction of Stilt floor + 4 Floors + 5th floor(pt) (Height – 18.30 m) Residential Building with 37 Dwelling Units (Affordable Housing) at Vignarajapuram 2nd Main Road , Vengaivasal, Chennai 600126 comprised in Old S.No.41/4B4 & 41/4B5 , as per patta New S.No.41/4B4A2 & 41/4B5A2 of Vengaivasal Village within the Limits of St.Thomas Mount Panchayat Union",Chennai,12.93196,80.190964,Residential,Non-High Rise Building (NHRB),1376,0,3848,,37,37500000,133798000,,171298000,23,2,2,"[{'block': None, 'base_level': 'Stilt', 'floor_segments': ['4 Floors', '5th floor'], 'total_floors_above_base': 5}]",[18.3],14809,41420,2.8,2.0,2.0,27,2532,3230.0,4136,0.22,0.78,4629676,1119,False,False,False,0,False,Chennai,Residential,False,,False,False,False
HANSA DIAMOND,TNRERA29BLG0017/2026,"Residential building consists of 2 blocks, Block No. 1 stilt floor parking plus four floors plus fifth floor part with 36 dwelling units and Block No.2 stilt floor parking plus four floors plus fifth floor part with 28 dwelling units Totally 64 dwelling units.",Chennai,13.164805,80.296458,Residential,Non-High Rise Building (NHRB),1651,3336,0,,64,35500000,100000000,,135500000,28,0,0,"[{'block': None, 'base_level': 'Stilt', 'floor_segments': ['four floors', 'fifth floor', 'four floors', 'fifth floor'], 'total_floors_above_base': 10}]",[],17771,35908,2.02,2.0,2.0,28,1998,2785.0,3774,0.26,0.74,2117188,561,False,False,False,0,False,Chennai,Residential,False,,False,False,False
REPUBLIC OF NATURE PHASE - II,TNRERA29BLG0019/2026,RESIDENTIAL,Chennai,12.749783,80.237324,Residential,Non-High Rise Building (NHRB),30922,0,21501,,129,38280464,579551348,,617831812,150,0,14,[],[],332841,231440,0.7,2.0,2.0,164,115,2504.0,2670,0.06,0.94,4789394,1794,False,False,False,0,False,Chennai,Residential,False,,False,False,False
ANAND ELITE APARTMENT,TNRERA30BLG0022/2026,"Construction Of Stilt Floor + 5 Floors Residential Building With 50 Dwelling Units at Mookandapalli, Hosur - 635 109 COMPRISED IN DOCUMENT S.NO: 398/2,398/7,235/3A AS PER PATTA S. NO : 398/2, 398/7,235/3A2 OF Mookandapalli Village, Hosur Municipal Corporation, Hosur Taulk, Krishnagiri District",Krishnagiri,12.71872,77.80247,Residential,Non-High Rise Building (NHRB),1965,0,5422,,50,56500000,280836664,,337336664,39,0,4,"[{'block': None, 'base_level': 'Stilt', 'floor_segments': ['5 Floors'], 'total_floors_above_base': 5}]",[],21151,58367,2.76,2.0,2.0,43,2671,4812.0,5780,0.17,0.83,6746733,1167,False,False,False,0,False,Krishnagiri,Residential,False,,False,False,False
CASAGRAND GLENMERE,TNRERA35BLG0005/2026,"Proposed Construction of Residential Non High Rise Building Villa No.1 to 110 Consists of Ground Floor + First Floor, Totally 110 D/U, comprised in Survey Nos. 1009/12A, 1009/12B, 1009/12C, 1009/12D, 1009/12E, 1009/12F, 1009/13A, 1009/13B, 1009/13C, 1009/14, 1009/17A, 1009/17B, 1010/1, 1010/2, 1010/3, 1011/1, 1011/2, 1011/3, 1439/2C, 1439/2D, 1439/3A1 & 1439/3B of Thaiyur B Village, Thiruporur Taluk, Chengalpet District.",Chengalpattu,12.75716,80.183286,Residential,Non-High Rise Building (NHRB),25475,0,16398,,110,250000000,450000000,,700000000,81,81,0,"[{'block': None, 'base_level': 'Ground', 'floor_segments': ['First Floor'], 'total_floors_above_base': 1}]",[],274210,176503,0.64,2.0,2.0,162,912,2550.0,3966,0.36,0.64,6363636,1605,False,False,False,0,False,Chengalpattu,Residential,False,,False,False,False
ISHA UNI5,TNRERA35BLG0018/2026,"New Survey Nos. 46/1E, 46/2B, 57/6, situated at Kolapakkam Village, Vandalur Taluk, Chengalpattu District",Chengalpattu,12.876028,80.111361,Residential,Non-High Rise Building (NHRB),7972,0,16757,,173,125000000,360800000,,485800000,89,84,0,[],[],85813,180367,2.1,2.0,2.0,173,1457,2000.0,2693,0.26,0.74,2808092,1043,False,False,False,0,False,Chengalpattu,Residential,False,,False,False,False
PALM BEACH – PHASE II”,TNRERA35BLG0020/2026,"bearing Plot Numbers A1, A2, A3, A4, A5, A6, B1, B2, B3, B4, B5, B6, C1, C2, C3, C4, C5, C6, Common Area, D1, D2, D3, D4, D5",Chengalpattu,12.642865,80.139038,Residential,Non-High Rise Building (NHRB),2689,0,2671,0,23,57892000,100625000,,158517000,0,23,0,[],[],28946,28750,0.99,2.0,2.0,23,2000,3500.0,5514,0.37,0.63,6892043,1250,False,False,False,0,False,Chengalpattu,Residential,False,,False,False,False
-,TNRERA7BLG0011/2026,"Ward 13, New S.No.110/2A1A1A1C (Old S.F.No.110/2A) of Karuppur Village, Omalur Taluk, Salem District",Salem,11.443719759999999,78.251306,Residential,Non-High Rise Building (NHRB),1003,0,2036,,16,6000000,90000000,,96000000,15,1,2,[],[],10796,21915,2.03,2.0,2.0,18,556,4107.0,4381,0.06,0.94,6000000,1370,False,False,False,1,False,Salem,Residential,False,,False,False,False
THE GARDENIA,TNRERA/10/BLG/0061/2026,Basement+stilt +5 floor ( 2 block A and B) and total number of Unit 70,Erode,11.31175,77.661423,Residential,Non-High Rise Building (NHRB),3239,0,8153,120,70,3802465,350000000,,353802465,58,12,7,"[{'block': None, 'base_level': 'Basement', 'floor_segments': ['5 floor'], 'total_floors_above_base': 5}]",[],34864,89048,2.55,2.0,2.0,77,109,3930.0,3973,0.01,0.99,5054321,1254,False,False,False,0,False,Erode,Residential,False,,False,False,False
GUJANS PARIPALANA PHASE IV BLOCK-1,TNRERA/11/BLG/0026/2026,"site Nos- 1,2,3 East, 16 East, 17, 18 - S.F.Nos.144/2A6, 144/2A7, 144/2A8, 144/2A9, 144/2A14, 144/2A15, 144/2A16, 144/2A17 - with a site area 1076.60 sqm - Approved for Affordable Residential Apartment Building with stilt + 4 floors",Coimbatore,10.935715,76.874078,Residential,Non-High Rise Building (NHRB),1077,0,2430,,30,173920000,57385000,,231305000,21,0,0,"[{'block': None, 'base_level': 'Stilt', 'floor_segments': ['4 floors'], 'total_floors_above_base': 4}]",[],11588,26153,2.26,2.0,2.0,21,15008,2194.0,8844,0.75,0.25,7710167,872,False,False,False,0,False,Coimbatore,Residential,False,,False,False,False
GUJANS PARIPALANA PHASE IV BLOCK- 2,TNRERA/11/BLG/0028/2026,"ite Nos- 3west, 4, 5, 14, 15, 16west - S.F.Nos.144/2A2, 144/2A3, 144/2A4, 144/2A5, 144/2A10, 144/2A11, 144/2A12, 144/2A13",Coimbatore,10.935715,76.874078,Residential,Non-High Rise Building (NHRB),952,0,2430,,30,153800000,56145000,,209945000,21,0,0,[],[],10246,26153,2.55,2.0,2.0,21,15011,2147.0,8028,0.73,0.27,6998167,872,False,False,False,0,False,Coimbatore,Residential,False,,False,False,False
ATLANTIC CITY,TNRERA/11/BLG/0034/2026,"Basement+Stilt+12 floors Combination of Precast load bearing Shear walls , non load bearing precast walls , and columns of 1bhk,2bhk and 3bhk type units",Coimbatore,11.041293,76.925441,Residential,High Rise Building (HRB),4512,0,15572,,178,144908567,519615800,,664524367,84,46,12,"[{'block': None, 'base_level': 'Basement', 'floor_segments': ['12 floors'], 'total_floors_above_base': 12}]",[],48565,167616,3.45,2.0,4.87,142,2984,3100.0,3965,0.22,0.78,3733283,942,False,False,False,0,False,Coimbatore,Residential,False,,False,False,False
NEXUS CITY,TNRERA/11/BLG/0050/2026,"Basement+Ground+5 floors Combination of conventional framed structure, walls and columns of 1BHK,2BHK and 3BHK type units",Coimbatore,11.034049,77.020922,Residential,Non-High Rise Building (NHRB),5331,0,14866,,182,194763398,502838550,,697601948,112,0,11,"[{'block': None, 'base_level': 'Ground', 'floor_segments': ['5 floors'], 'total_floors_above_base': 5}]",[],57379,160014,2.79,2.0,2.0,123,3394,3142.0,4360,0.28,0.72,3832978,879,False,False,False,0,False,Coimbatore,Residential,False,,False,False,False
Dhiya’s Sai Bharath,TNRERA/11/BLG/0057/2026,"SF No:59/2A & 92/2, Chinnavedampatti village, Coimbatore North Taluk, North Zone, Coimbatore Corporation",Coimbatore,11.058119,76.98193,Residential,Non-High Rise Building (NHRB),5180,0,13231,,105,384000000,626465000,,1010465000,109,7,11,[],[],55757,142417,2.55,2.0,2.0,127,6887,4399.0,7095,0.38,0.62,9623476,1356,False,False,False,0,False,Coimbatore,Residential,False,,False,False,False
INFINIUM ALTITUDE,TNRERA/11/BLG/0060/2026,"Proposed Residential (Signature Tower - Combined Basement + Stilt + 13 Floors (78 Dwelling Units), Executive Tower - Combined Basement + Stilt + 14 Floors(154 Dwelling Units)), Amenities Block (Combined Basement + Stilt + 2 Floors) & Commercial Building(Basement + Ground + 7 Floors) & totalling 232 Dwelling Units in T. S. No: 2/3 Part[Old S.F. No: 468 & 469/1] Ward No. W[23], Block No. 3, At Sathy Road, Ganapathy Village, Coimbatore Corporation",Coimbatore,11.051529,76.991486,Mixed Development,High Rise Building (HRB),16728,0,39874,13479,232,1035000000,3650000000,,4685000000,440,0,45,[],[],180054,574286,3.19,2.0,4.87,485,5748,6356.0,8158,0.22,0.78,20193966,1850,False,False,False,0,False,Coimbatore,Mixed Development,False,,False,False,False
Kovai Pavillion,TNRERA/11/BLG/0069/2026,"Coimbatore District, Coimbatore South Taluk, Singanallur Village, Old S.F. No.230/2pt, Ward No. Al (35). Block No.82, T.S. NO.58/4, extent of 860.00 Sq.m",Coimbatore,11.007232,77.052904,Residential,High Rise Building (HRB),860,0,2202,,23,24952000,57221000,,82173000,23,0,0,[],[],9257,23698,2.56,2.0,4.87,23,2695,2415.0,3468,0.3,0.7,3572739,1030,False,False,False,0,False,Coimbatore,Residential,False,,False,False,False
CASAGRAND ASCENTIA,TNRERA/11/BLG/0070/2026,"PROPOSED CONSTRUCTION OF RESIDENTIAL NON HIGH RISE GROUP DEVELOPMENT BUILDING CONSISTS OF 3 BLOCKS WITH COMBINED BASEMENT, BLOCK 1: GROUND FLOOR + 5 UPPER FLOORS, (53 D/U), BLOCK 2: GROUND FLOOR + 5 UPPER FLOORS, (70 D/U), BLOCK 3 WITH CLUBHOUSE : GROUND FLOOR (PART) + FIRST FLOOR (PART) + 3 UPPER FLOORS (115 D/U), CLUBHOUSE: GROUND FLOOR (PART)+ FIRST FLOOR (PART) WITH SWIMMING POOL ON THE GROUND LEVEL, TOTALLY 238 D/U COMPRISED IN S.NOS.371/1A1A, 473/1B2,474/1A,474/1B&474/1C OF CHINNAVEDAMPATTI VILLAGE, COIMBATORE NORTH TALUK, COIMBATORE CITY MUNICIPAL CORPORATION, COIMBATORE DISTRICT.",Coimbatore,11.093925,76.974917,Residential,Non-High Rise Building (NHRB),15950,0,33397,1012,238,470000000,1540000000,,2010000000,246,0,24,"[{'block': 'BLOCK 1', 'base_level': 'Ground', 'floor_segments': ['5 UPPER FLOORS'], 'total_floors_above_base': 5}, {'block': 'BLOCK 2', 'base_level': 'Ground', 'floor_segments': ['5 UPPER FLOORS'], 'total_floors_above_base': 5}, {'block': 'BLOCK 3 WITH CLUBHOUSE', 'base_level': 'Ground', 'floor_segments': ['FIRST FLOOR', '3 UPPER FLOORS', 'FIRST FLOOR'], 'total_floors_above_base': 5}]",[],171684,370383,2.16,2.0,2.0,270,2738,4158.0,5427,0.23,0.77,,,False,True,False,0,False,Coimbatore,Residential,False,,False,False,False
SUMMIT 1,TNRERA/11/BLG/0073/2026,"TS.No.1,Block No 5,Old Ward No 30, New Ward AD, Uppilipalayam Village, TS.No: 22 & 18,Block No 9, Old Ward No 29, New Ward AC Sowripalayam Village, Trichy Main Road, Coimbatore Corporation, Coimbatore South Taluk, Coimbatore District, Tamil Nadu",Coimbatore,10.99689783069624,77.0076072065574,Commercial,High Rise Building (HRB),3547,0,0,11173,,172650000,230000000,,402650000,62,37,15,[],[],38180,120261,3.15,2.0,4.87,114,4522,1913.0,3348,0.43,0.57,,,False,False,False,0,False,Coimbatore,Commercial,False,,False,False,False
TURIN,TNRERA/11/BLG/0076/2026,"Project “TURIN” with 113 Dwelling Units of Residential Building (Stilt Floor + 5 Floors) comprised in T.S. Nos: 1/4, 1/5, 2/4, 6/2, 6/3, 8/2, 8/4 & 8/5 of Ward - T Ganapathy, Block 27, Coimbatore Corporation, Ganapathy Village, Coimbatore North Taluk, Coimbatore District.",Coimbatore,11.029803,76.966197,Residential,High Rise Building (HRB),3602,0,9136,,113,86800000,207200000,,294000000,70,11,6,"[{'block': None, 'base_level': 'Stilt', 'floor_segments': ['5 Floors'], 'total_floors_above_base': 5}]",[],38766,98341,2.54,2.0,4.87,87,2239,2107.0,2990,0.3,0.7,2601770,870,False,False,False,0,False,Coimbatore,Residential,False,,False,False,False
SUBIKSHAAM ENCLAVE,TNRERA/11/BLG/0093/2026,SILT + 5 FLOORS,Coimbatore,11.031208,76.929036,Residential,Non-High Rise Building (NHRB),1340,0,3392,,40,23805375,126330000,,150135375,30,0,0,"[{'block': None, 'base_level': None, 'floor_segments': ['5 FLOORS'], 'total_floors_above_base': 5}]",[],14427,36512,2.53,2.0,2.0,30,1650,3460.0,4112,0.16,0.84,3753384,913,False,False,False,0,False,Coimbatore,Residential,False,,False,False,False
Ananyas Nana Nani Homes Phase 10,TNRERA/11/BLG/0102/2026,Construction of Residential Building,Coimbatore,11.049588,76.90644,Residential,Non-High Rise Building (NHRB),12300,0,29404,2042,200,120000000,670000000,,790000000,221,0,21,[],[],132396,338480,2.56,2.0,2.0,242,906,1979.0,2334,0.15,0.85,3950000,1583,False,False,False,0,False,Coimbatore,Residential,False,,False,False,False
NIVASAN VAKULAM,TNRERA/11/BLG/0114/2026,"Semi Basement Floor + Ground floor + Three Floors Comprised in S.F. 351/2B Ward No 25, Block no 20, T.S no 25/6, at Vilankurichi Village, North Taluk, Near KAVERI NAGAR NAGAR, RS. NAGAR, LAKSHMI NAGAR Coimbatore- 641004 Registered District, Ganapathi Sub Registered District, Coimbatore North Taluk, in Vilankurichi Village",Coimbatore,11.033024707173457,77.01582298319335,Residential,Non-High Rise Building (NHRB),1635,0,3731,128,28,29031000,192374747,,221405747,29,2,2,"[{'block': None, 'base_level': 'Ground', 'floor_segments': ['Three Floors'], 'total_floors_above_base': 3}]",[],17599,41543,2.36,2.0,2.0,33,1650,4631.0,5330,0.13,0.87,7907348,1434,False,False,False,0,False,Coimbatore,Residential,False,,False,False,False
SAMPOORNA DHAYA,TNRERA/11/BLG/0124/2026,"SITE NOS. 2 & 3, T.S.NOS. 58 & 62, BLOCK NO. 07, WARD - Q, MANIAM KALIYAPPA GOUNDER STREET, SANGANOOR VILLAGE, COIMBATORE CORPORATION, COIMBATORE DIST",Coimbatore,11.033294,76.940974,Residential,Non-High Rise Building (NHRB),600,0,1558,,10,6200000,49500000,,55700000,11,0,1,[],[],6457,16772,2.6,2.0,2.0,12,960,2951.0,3321,0.11,0.89,5570000,1677,False,False,False,0,False,Coimbatore,Residential,False,,False,False,False
Dhiya's Sai Rishabham,TNRERA/11/BLG/0131/2026,"SF No:25/1A,25/1B,28/1B2, 28/3 & 49/2B, Thudiyalur village, Coimbatore North Taluk, North Zone, Coimbatore Corporation",Coimbatore,11.074042,76.939749,Mixed Development,High Rise Building (HRB),4000,0,9216,1182,70,198400000,568000000,,766400000,80,7,8,[],[],43056,111924,2.6,2.0,4.87,95,4608,5075.0,6848,0.26,0.74,10948571,1417,False,False,False,0,False,Coimbatore,Mixed Development,False,,False,False,False
Up Town by Novascape,TNRERA/11/BLG/0136/2026,"S.F.No:422/4A2, 422/5A2 & 422/5B2 At Keeranatham Village, Annur Taluk, Coimbatore -641035.",Coimbatore,11.108773,76.999218,Mixed Development,Non-High Rise Building (NHRB),4165,0,10198,601,85,16300000,556800000,,573100000,,,,[],[],44828,116231,2.59,2.0,2.0,,364,4790.0,4931,0.03,0.97,6742353,1291,False,False,False,0,False,Coimbatore,Mixed Development,False,,,False,False
SREE DAKSHA'S BEATRIZ https://rera.tn.gov.in/public-view2/building/pfirm/66650130-35c2-11f1-a075-ed01db8b8b66,TNRERA/11/BLG/0145/2026,"HRB Residential Building Coimbatore District - Coimbatore Local Planning Area Coimbatore NorthTaluk / Corporation - Vilankurichi Village, New Ward No.Y, Block No.2,(Old S.F.Nos.294/1Part and 294/2), New T.S.No.18/4, and 18/5 with a total site extent of 7368.00 Sqm (As per TSLR) - Total FSI area 20562.48Sqm 92 DWELLING AND AMINITIES : • GYM , CLUB, SWMMING POOL & HOME THEATER, • INDOOR SHUTTLE COURT, GUST ROOMS • ASSOCIATION OFFICE ROOM , • MULTI PURPOSE HALL • HOUSE KEEPING ROOM • R.O PUMP ROOMS , TOILETS , METER ROOMS • CCTV AND SECURITY",Coimbatore,11.04188,77.01348,Residential,High Rise Building (HRB),7368,0,19222,1341,92,1066000000,136252000,,1202252000,189,207,18,[],[],79308,221332,2.79,2.0,4.87,414,13441,3307.0,5432,0.89,0.11,13067957,2249,False,False,False,0,False,Coimbatore,Residential,False,,False,True,True
GUJANS PARIPALANA PHASE IV BLOCK - 3,TNRERA/11/BLG/0151/2026,"site Nos - 6,7, 8East, 11East, 12, 13 - S.F.Nos.144/1B2, 144/2A1B, 144/1B1B, 144/2A1A2, 144/1B1A2, 144/1B1A1B, 144/14A1B, 144/14A2, 144/15, 144/2A1A1B, 144/14B, 144/16",Coimbatore,10.939045,76.866411,Residential,Non-High Rise Building (NHRB),991,0,2656,,42,200000000,52000000,,252000000,6,0,0,[],[],10662,28593,2.68,2.0,2.0,6,18759,1819.0,8813,0.79,0.21,6000000,681,False,False,False,0,False,Coimbatore,Residential,False,,False,False,False
UNITD LIVING SPACE LLP,TNRERA/11/BLG/0152/2026,"Residential Apartment Building - District Town and Country planning office, Coimbatore - Local Planning Authority - Coimbatore District - Coimbatore North Taluk – Coimbatore City Municipal Corporation (North zone) – Chinnavedampatti village – S.F. No:488/2 for an extent of site area 8675.00sq.m - Proposed construction of residential apartment building for a FSI area 19672.76 sq.m.",Coimbatore,11.07934,76.97781,Residential,Non-High Rise Building (NHRB),8675,0,19710,378,196,257238843,638400000,,895638843,169,30,18,[],[],93377,216227,2.32,2.0,2.0,217,2755,2952.0,4142,0.29,0.71,4569586,1082,False,False,False,0,False,Coimbatore,Residential,False,,False,False,False
Dhiya's Ushas,TNRERA/11/BLG/0155/2026,"Ward NO: P(16), Block :26, TS No:52, Telungupalayam village, West Zone, Coimbatore Corporation",Coimbatore,11.028588,76.936138,Residential,Non-High Rise Building (NHRB),586,0,1520,,10,73700000,53200000,,126900000,1,10,1,[],[],6313,16364,2.59,2.0,2.0,12,11674,3251.0,7755,0.58,0.42,12690000,1636,False,False,False,0,False,Coimbatore,Residential,False,,False,False,False
INFINIUM ONELIFE VEDAPATTI,TNRERA/11/BLG/0157/2026,"Proposed Group House Residential Building - Combined Basement Floor, Block A (Ground Floor + 5 floors), Block B (Ground Floor + 5 floors), Block C (Ground Floor + 5 floors), Block D (Ground Floor + 3 floors), Block E (Ground Floor + 1 floor), Block F (Ground floor with watchman room) with 156 Dwelling units. S.F. No. 188/1, At Vedapatti Village and Town Panchayat, Perur Taluk, Coimbatore District.",Coimbatore,10.983721,76.905648,Residential,Non-High Rise Building (NHRB),9958,0,18060,2509,156,270000000,1300000000,,1570000000,157,5,4,"[{'block': None, 'base_level': 'Ground', 'floor_segments': ['5 floors', '5 floors', '5 floors', '3 floors', '1 floor'], 'total_floors_above_base': 19}]",[],107187,221403,2.07,2.0,2.0,166,2519,5872.0,7091,0.17,0.83,10064103,1246,False,False,False,0,False,Coimbatore,Residential,False,,False,False,False
AURORA,TNRERA/11/BLG/0158/2026,"S.F.No:66/1A, 2A1, 2A2, 2B2B,1B2B",Coimbatore,11.053270000000001,77.01311,Residential,Non-High Rise Building (NHRB),15506,0,11845,312,35,136715600,200000000,,336715600,69,54,14,[],[],166904,130863,0.78,2.0,2.0,137,819,3307.0,2573,0.41,0.59,9620446,3643,False,False,False,1,False,Coimbatore,Residential,False,,False,True,True
Tanny's CAG TECH PARK,TNRERA/11/BLG/0164/2026,"Business Office Technology park Building with Basement 1,2,3 + Ground + 14 Floors.",Coimbatore,11.106954,77.024855,Commercial,High Rise Building (HRB),8306,0,0,34730,,20600000,928400000,,949000000,202,97,39,"[{'block': None, 'base_level': 'Ground', 'floor_segments': ['14 Floors'], 'total_floors_above_base': 14}]",[],89407,373832,4.18,2.0,4.87,338,230,2483.0,2539,0.02,0.98,,,False,False,False,0,False,Coimbatore,Commercial,False,,False,False,False
VEDAANTA PREMAM,TNRERA/11/BLG/0170/2026,"S.No. 773/6D2G & 773/6D2E, Othakalmandapam Village, Madukkarai Taluk, Coimbatore District.",Coimbatore,10.882188,77.0169,Residential,Non-High Rise Building (NHRB),649,0,1440,,16,5274800,29200000,,34474800,9,0,1,[],[],6986,15499,2.22,2.0,2.0,10,755,1884.0,2224,0.15,0.85,2154675,969,False,False,False,0,False,Coimbatore,Residential,False,,False,False,False
ARTIN LUXURY ABODE,TNRERA/11/BLG/0173/2026,STILT + 5 FLOORS APARTMENTS,Coimbatore,10.395779999999998,77.01222,Residential,Non-High Rise Building (NHRB),1669,0,3712,,20,12125285,123522551,,135647836,26,13,4,"[{'block': None, 'base_level': 'Stilt', 'floor_segments': ['5 FLOORS'], 'total_floors_above_base': 5}]",[],17965,39953,2.22,2.0,2.0,43,675,3092.0,3395,0.09,0.91,6782392,1998,False,False,False,1,False,Coimbatore,Residential,False,,False,False,False
REVANTHA SKYDEN,TNRERA/11/BLG/0175/2026,"SF NO-246/2A2, KONGU NAGAR, KALAPATTI VILLAGE(WEST), COIMBATORE-641048",Coimbatore,11.034880000000001,77.01286999999999,Residential,Non-High Rise Building (NHRB),1072,0,2772,,24,17046000,96000000,,113046000,24,2,0,[],[],11539,29835,2.59,2.0,2.0,26,1477,3218.0,3789,0.15,0.85,4710250,1243,False,False,False,1,False,Coimbatore,Residential,False,,False,False,False
RR IYAL,TNRERA/11/BLG/0176/2026,"S.F.No. 504/1 Part, Ward no. AD, Block no. 12 and T.S.No. 4/4 of Uppilipalayam Village, Coimbatore South Taluk, Coimbatore District",Coimbatore,10.995691,76.017357,Residential,Non-High Rise Building (NHRB),2793,0,6358,,60,132500000,211300000,,343800000,96,0,6,[],[],30065,68440,2.28,2.0,2.0,102,4407,3087.0,5023,0.39,0.61,5730000,1141,False,False,False,0,False,Coimbatore,Residential,False,,False,False,False
CENTRAL CITY,TNRERA/11/BLG/0177/2026,"Basement+Stilt+5 floors Combination of Precast load bearing Shear walls , non load bearing precast walls and columns of 1bhk,2bhk and 3bhk type units",Coimbatore,11.068441,77.034944,Residential,Non-High Rise Building (NHRB),2428,0,6167,,80,100065310,259966032,,360031342,56,6,4,"[{'block': None, 'base_level': 'Basement', 'floor_segments': ['5 floors'], 'total_floors_above_base': 5}]",[],26136,66385,2.54,2.0,2.0,66,3829,3916.0,5423,0.28,0.72,4500392,830,False,False,False,0,False,Coimbatore,Residential,False,,False,False,False
GUJANS PARIPALANA PHASE IV BLOCK - 4,TNRERA/11/BLG/0180/2026,"site Nos: 8 Middle & West, 9,10,11 Middle & west - S.F.Nos.144/6, 144/9, 144/11, 144/19, 144/14A1A1B, 144/14A1A2",Coimbatore,10.939212,76.865723,Residential,Non-High Rise Building (NHRB),798,0,2078,,24,100000000,44000000,,144000000,15,2,0,[],[],8586,22364,2.6,2.0,2.0,17,11646,1967.0,6439,0.69,0.31,6000000,932,False,False,False,0,False,Coimbatore,Residential,False,,False,False,False
MAJESTIC CITY,TNRERA/11/BLG/0200/2026,"Stilt + 5 floors Combination of conventional framed structure, walls and columns of 1BHK,2BHK and 3BHK type units",Coimbatore,11.057903,76.948354,Residential,Non-High Rise Building (NHRB),2911,0,7546,,100,97828360,276521160,,374349520,45,16,6,"[{'block': None, 'base_level': 'Stilt', 'floor_segments': ['5 floors'], 'total_floors_above_base': 5}]",[],31337,81220,2.59,2.0,2.0,67,3122,3405.0,4609,0.26,0.74,3743495,812,False,False,False,0,False,Coimbatore,Residential,False,,False,False,False
SWARLOK VILLAS,TNRERA/11/BLG/0204/2026,"Ward No: AI(35), Block No: 14, T.S.No: 33/4, S.F.No: 76/1, Singanallur Village, Coimbatore South Taluk, East Zone, Coimbatore Corporation.",Coimbatore,11.016598,77.04397,Residential,Non-High Rise Building (NHRB),1051,0,1188,,11,12591710,31975000,,44566710,11,2,2,[],[],11315,12790,1.13,2.0,2.0,15,1113,2500.0,3484,0.28,0.72,4051519,1163,False,False,False,0,False,Coimbatore,Residential,False,,False,False,False
Emerald,TNRERA/11/BLG/0213/2026,"S.NO:541/2B1, Vadavalli Village, Perur Taluk, Coimbatore Corporation and District.",Coimbatore,11.020652,76.876504,Residential,Non-High Rise Building (NHRB),3643,0,8806,0,85,9800000,540000000,,549800000,90,0,12,[],[],39213,94783,2.42,2.0,2.0,102,250,5697.0,5801,0.02,0.98,6468235,1115,False,False,False,0,False,Coimbatore,Residential,False,,False,False,False
-,TNRERA/11/BLG/0223/2026,"Basement - 1&2, Stilt Floor, First To Elenth Floor and Terrace Floor Residential Apartment Building in T.S.Nos. 130/12, 130/13, 130/14, Ward No. (AR) 44, Block No. 9, (Old S.F. No. 15/1BP, 15/2P, 16/1P ), at Chokkampudur Road, Kumarapalayam Village, Coimbatore Corporation, Perur Taluk, Coimbatore District",Coimbatore,10.996533,76.944189,Residential,High Rise Building (HRB),4593,0,21128,,86,76000000,700000000,,776000000,199,0,20,"[{'block': None, 'base_level': 'Basement', 'floor_segments': ['Terrace Floor'], 'total_floors_above_base': 1}]",[],49440,227417,4.6,2.0,4.87,219,1537,3078.0,3412,0.1,0.9,9023256,2644,False,False,False,0,False,Coimbatore,Residential,False,,False,False,False
EKTA,TNRERA/11/BLG/0234/2026,"S.F.NO.128/1B2, 128/1B3A, 128/7A1A2 KALAPATTI WEST VILLAGE, COIMBATORE NORTH TALUK, COIMBATORE DISTRICT -641048",Coimbatore,11.05002,77.01526,Residential,Non-High Rise Building (NHRB),4107,0,10651,,78,60000000,360000000,,420000000,111,0,16,[],[],44207,114646,2.59,2.0,2.0,127,1357,3140.0,3663,0.14,0.86,5384615,1470,False,False,False,1,False,Coimbatore,Residential,False,,False,False,False
Divinity,TNRERA/11/BLG/0243/2026,"RESIDENTIAL APARTMENT BUILDING COMPRISING OF BLOCK 1 (STILT + 4) FLOORS, 10 RESIDENTIAL DWELLINGS AND BLOCK 2 (STILT + 3) FLOORS, 3 RESIDENTIAL DWELLINGS AT T.S .Nos. 318/3, 330, 331/2,WARD No. H, BLOCK No. 9 AT COIMBATORE TOWN,R.S.PURAM, COIMBATORE SOUTH TALUK, COIMBATORE CORPORATION- 641002.",Coimbatore,11.010894,76.945361,Residential,Non-High Rise Building (NHRB),1182,0,2766,,13,73000000,258000000,,331000000,30,0,3,"[{'block': None, 'base_level': 'Stilt', 'floor_segments': ['4', '3'], 'total_floors_above_base': 7}]",[],12726,29778,2.34,2.0,2.0,33,5736,8664.0,11116,0.22,0.78,25461538,2291,False,False,False,0,False,Coimbatore,Residential,False,,False,False,False
PROMAG ARANYA,TNRERA/11/BLG/0248/2026,"Residential Group Development Villas with 18 Dwelling Units + Common Amenity comprising of Block A1 to A5, A7 to A9, B1 to B2, B4, B6 to B7A - Ground Floor + First Floor + Second Floor, Block A6, B3, B5, B9 - Ground Floor + First Floor and Block 10 (Gym), Telecom Room – Ground Floor at SF. Nos. 514/1A1, 518/2B & 519/2B of Vadavalli Village, Perur Taluk, Coimbatore Corporation, Coimbatore District.",Coimbatore,11.023727,76.879127,Residential,Non-High Rise Building (NHRB),4727,,11108,,20,50860800,195231880,,246092680,20,37,15,"[{'block': None, 'base_level': 'Ground', 'floor_segments': ['First Floor', 'Second Floor', 'First Floor'], 'total_floors_above_base': 3}]",[],50879,119566,2.35,2.0,2.0,72,1000,3307.0,2058,0.21,0.79,12304634,5978,False,False,True,0,False,Coimbatore,Residential,False,,False,True,True
SREE DAKSHA'S TALINA,TNRERA/11/BLG/0258/2026,"PROPOSED RESIDENTIAL APARTMENT MULTISTORY BUILDING BLOCK-A BASEMENT-1, STILT,FIRST,SECOND,THIRD, FOURTH,FIFTH,SIXTH,SEVENTH,EIGHT,NI NTH, TENTH AND TERRACE FLOOR AND BLOCK-B GROUND,FIRST FLOOR AND TERRACE FLOOR IN SF.NO:267/1B1B AND 267/1B1A2 OF VEERAKERALAM VILLAGE, PERUR TALUK, COIMBATORE CORPORATION WEST ZONE, COIMBATORE DISTRICT .",Coimbatore,11.0268,76.9058,Residential,High Rise Building (HRB),5378,0,18114,529,90,120356000,700000000,,820356000,144,10,14,"[{'block': None, 'base_level': 'Ground', 'floor_segments': ['TERRACE FLOOR', 'FIRST FLOOR', 'TERRACE FLOOR'], 'total_floors_above_base': 3}]",[],57888,200668,3.47,2.0,4.87,168,2079,3488.0,4088,0.15,0.85,9115067,2166,False,False,False,0,False,Coimbatore,Residential,False,,False,False,False
SREE SUKKTHA'S CUBIX,TNRERA/11/BLG/0272/2026,"T.S No : 5/4, BLOCK No : 08, WARD No : W (23), GANAPATHY VILLAGE, COIMBATORE NORTH TALUK, COIMBATORE CORPORATION / DISTRICT.",Coimbatore,11.02417,76.59094,Commercial,Non-High Rise Building (NHRB),1449,0,0,3789,,17468680,86000000,,103468680,23,1,1,[],[],15597,40788,2.62,2.0,2.0,25,1120,2108.0,2537,0.17,0.83,,,False,False,False,1,False,Coimbatore,Commercial,False,,False,False,False
GUJANS PARIPALANA PHASE V,TNRERA/11/BLG/0274/2026,RESIDENTIAL APARTMENT BUILDING,Coimbatore,11.00245991,76.8821203,Residential,Non-High Rise Building (NHRB),6070,0,15416,0,138,442000000,112000000,,554000000,80,0,7,[],[],65340,165931,2.54,2.0,2.0,87,6765,3307.0,3339,0.8,0.2,4014493,1202,False,False,False,0,False,Coimbatore,Residential,False,,False,True,True
Daffodil,TNRERA/11/BLG/0278/2026,Basement+Stilt+5 Floors,Coimbatore,11.024539999999998,77.00332,Residential,Non-High Rise Building (NHRB),4050,0,11253,74,96,98100000,627871493,,725971493,103,3,10,"[{'block': None, 'base_level': 'Basement', 'floor_segments': ['5 Floors'], 'total_floors_above_base': 5}]",[],43594,121920,2.8,2.0,2.0,116,2250,5150.0,5954,0.14,0.86,7562203,1262,False,False,False,1,False,Coimbatore,Residential,False,,False,False,False
GUJANS PARIPALANA PHASE - V EXTENSION,TNRERA/11/BLG/0285/2026,RESIDENTIAL APARTMENT BUILDING,Coimbatore,11.003242,76.882547,Residential,Non-High Rise Building (NHRB),5050,0,11637,,130,400000000,380000000,,780000000,89,0,0,[],[],54358,125264,2.3,2.0,2.0,89,7359,3034.0,6227,0.51,0.49,6000000,964,False,False,False,0,False,Coimbatore,Residential,False,,False,False,False
VINCON's SERENE,TNRERA/11/BLG/0289/2026,"T.S No : 15 / 3,4 & 5, WARD No : AL RAMANATHAPURAM, BLOCK No : 15, RAMANATHAPURAM VILLAGE, COIMBATORE CORPORATION",Coimbatore,10.590520000000001,76.59583,Residential,Non-High Rise Building (NHRB),1504,0,3672,,40,30765000,150000000,,180765000,20,16,4,[],[],16189,39520,2.44,2.0,2.0,40,1900,3796.0,4574,0.17,0.83,4519125,988,False,False,False,1,False,Coimbatore,Residential,False,,False,False,False
-,TNRERA/13/BLG/0163/2026,Registration of (Ground Floor + 3 Floors) in Door No: 41/23 - T.S. No: 865 & 866 - Ward No: 1 - Block No: 24 - Banadurai North Street - Kumbakonam Town - Kumbakonam Corporation - Thanjavur District.,Thanjavur,10.965186,79.3823,Residential,Non-High Rise Building (NHRB),929,0,1663,,18,40000000,70000000,,110000000,10,0,1,[],[],10000,17895,1.79,2.0,2.0,11,4000,3912.0,6147,0.36,0.64,6111111,994,False,False,False,0,False,Thanjavur,Residential,False,,False,False,False
NAGAPPA TOWERS,TNRERA/16/BLG/0036/2026,"""NAGAPPA TOWERS"" Stilt+5Floors Total 10 Residential dwelling units to be set up At Residential Apartment Building In T.S.No: 1/1,1/6,1/8,Block No:36,Ward-M, 11th cross, Thillai Nagar, Zone-V, Tiruchirappalli City. Tamil Nadu-620018.",Tiruchirappalli,10.819366,78.686894,Residential,Non-High Rise Building (NHRB),641,0,1479,,10,2394000,63694156,,66088156,2,10,0,[],[],6897,15922,2.31,2.0,2.0,12,347,4000.0,4151,0.04,0.96,6608816,1592,False,False,False,0,False,Tiruchirappalli,Residential,False,,False,False,False
NAVARATHNA PARK RESIDENCY,TNRERA/16/BLG/0037/2026,"PROJECT NAME: NAVARATHNA PARK RESIDENCY TS NO:83,(OLD TS NO:143/2B),WARD:AV,BLOCK:01,AT KAKKAN COLONY,KOTTAPATTU VILLAGE,TRICHY EAST TALUK,PONMALAI ZON IV,THIRUCHIRAPPALLI CITY CORPORATION",Tiruchirappalli,10.757502,78.694526,Residential,Non-High Rise Building (NHRB),1056,0,2741,,32,11367000,110223435,,121590435,27,6,21,[],[],11371,29503,2.59,2.0,2.0,54,1000,3736.0,4121,0.09,0.91,3799701,922,False,False,False,0,False,Tiruchirappalli,Residential,False,,False,False,False
Bharath Springs,TNRERA/16/BLG/0089/2026,"Bharath Springs, is housing 160 units of 2BHK , 3BHK apartments in three blocks, with an exclusive club house loaded with amenities.",Tiruchirappalli,10.799993,78.760104,Residential,Non-High Rise Building (NHRB),5975,0,14929,427,160,320000000,590000000,,910000000,121,6,12,[],[],64314,165292,2.57,2.0,2.0,139,4976,3569.0,5505,0.35,0.65,5687500,1004,False,False,False,0,False,Tiruchirappalli,Residential,False,,False,False,False
APPLE GARDEN,TNRERA/16/BLG/0109/2026,"ZONE – I, WARD –B, BLOCK NO. – 42, T.S.NO: 2019/178 of Thimmarayasamuthiram Village, Srirangam Taluk, Tiruchirappalli District.",Tiruchirappalli,10.461359999999999,78.40476999999998,Residential,Non-High Rise Building (NHRB),632,0,1624,,10,15000000,45000000,,60000000,7,3,1,[],[],6802,17483,2.57,2.0,2.0,11,2205,2574.0,3432,0.25,0.75,6000000,1748,False,False,False,1,False,Tiruchirappalli,Residential,False,,False,False,False
Royal Windgates Phase III,TNRERA/16/BLG/0121/2026,"Plot No.05,06&07 in T.S.No.1/1A part, Block No.05, Ward-AB, Golden Rock Zone, K.Abhisekapuram village",Tiruchirappalli,10.481919999999999,78.40324000000001,Mixed Development,Non-High Rise Building (NHRB),2085,0,5033,388,32,69564000,210441780,,280005780,35,7,0,[],[],22440,58348,2.6,2.0,2.0,42,3100,3607.0,4799,0.25,0.75,8750181,1693,False,False,False,1,False,Tiruchirappalli,Mixed Development,False,,False,False,False
MORAIS BLISS,TNRERA/16/BLG/0179/2026,"Survey Number 205/8C1A1E, 205/8C1A1C, 205/10, 208/1A2A1A3 & 208/1A2B1A1A2, Plot No. 360 & 360A at Morais City Extension - I, Keelakurichi Village & Panchayat, Thiruverumbur Panchayat Union, Thiruverumbur Taluk, Tiruchirappalli District, Tamil Nadu State, India.",Tiruchirappalli,10.755876,78.723825,Residential,Non-High Rise Building (NHRB),1784,0,4994,,46,24000000,250721210,,274721210,48,0,5,[],[],19200,53756,2.8,2.0,2.0,53,1250,4664.0,5111,0.09,0.91,5972200,1169,False,False,False,0,False,Tiruchirappalli,Residential,False,,False,False,False
ARUN GRANDE,TNRERA/16/BLG/0253/2026,"""ARUN GRANDE"" Stilt +3 Floors with 15 dwelling units at 56/2B9A1, Sankara Nagar , No 1 Tolgate, Bikshandarkovil,Manachanallur taluk, Trichy District",Tiruchirappalli,10.874921,78.710669,Residential,High Rise Building (HRB),750,0,1532,,15,35000000,51943500,,86943500,9,0,0,"[{'block': None, 'base_level': 'Stilt', 'floor_segments': ['3 Floors'], 'total_floors_above_base': 3}]",[],8073,16493,2.04,2.0,4.87,9,4335,3149.0,5272,0.4,0.6,5796233,1100,False,False,False,0,False,Tiruchirappalli,Residential,False,,False,False,False
SHREE VEEJAY’S SUN SHINE,TNRERA/16/BLG/0257/2026,"“SHREE VEEJAY’S SUN SHINE” to be set up Affordable Residential Apartment Building (Stilt +5 floors with 20 dwelling units) in TS. No. 49/1,49/2, Ward AK, Block:5, at Crawford Colony Main Road, Crawford Colony, K Abhishekapuram Village, Trichy-620012",Tiruchirappalli,10.782281,78.677867,Residential,Non-High Rise Building (NHRB),740,0,1837,,20,20350000,51932942,,72282942,12,5,0,"[{'block': None, 'base_level': 'Stilt', 'floor_segments': ['5 floors'], 'total_floors_above_base': 5}]",[],7964,19778,2.48,2.0,2.0,17,2555,2626.0,3655,0.28,0.72,3614147,989,False,False,False,0,False,Tiruchirappalli,Residential,False,,False,False,False
NEST FAB,TNRERA/1/BLG/0120/2026,NEST FAB,Kancheepuram,12.887564,80.054308,Residential,Non-High Rise Building (NHRB),2072,0,5379,,49,29722849,281995307,,311718156,11,40,3,[],[],22303,57895,2.6,2.0,2.0,54,1333,4871.0,5384,0.1,0.9,6361595,1182,False,False,False,0,False,Kancheepuram,Residential,False,,False,False,False
NEST HARMONY,TNRERA/1/BLG/0132/2026,NEST HARMONY,Kancheepuram,12.887281,80.054955,Residential,Non-High Rise Building (NHRB),4923,0,13007,,123,70835138,680909462,,751744600,102,12,8,[],[],52991,140006,2.64,2.0,2.0,122,1337,4863.0,5369,0.09,0.91,6111745,1138,False,False,False,0,False,Kancheepuram,Residential,False,,False,False,False
ATH MERLION Phase II,TNRERA/1/BLG/0153/2026,"Comprised in Old S.No: 239/1 & 239/3 (Document), New S.No. 239/1D, 239/1E, 239/1F, 239/1G, 239/1H & 239/3D (Patta) of Rendamkattalai Village, within the limit of Kundrathur Panchayat Union; Project Name:- “ATH MERLION Phase II”",Kancheepuram,12.996224,80.115966,Residential,Non-High Rise Building (NHRB),731,0,1884,,25,200500000,73161000,,273661000,10,6,1,[],[],7870,20282,2.58,2.0,2.0,17,25477,3607.0,13493,0.73,0.27,10946440,811,False,False,False,0,False,Kancheepuram,Residential,False,,False,False,False
CASAGRAND HIGHCITY PHASE - I https://rera.tn.gov.in/public-view2/building/pfirm/30ecfed0-3a6a-11f1-bb05-7be31db7c810,TNRERA/1/BLG/0156/2026,"Proposed Construction of High Rise Group Development Building with Extended Combined Double Basement Floor (Block : 1 - 4 & Club House) Consisting of Block 1: Ground Floor + 22 Floors (252 Dwelling Unit), Block 2: Ground Floor + 22 Floors (343 Dwelling Unit) Block 3: Ground Floor + 22 Floors (252 Dwelling Unit), Block 4 : Ground Floor + 22 Floors (252 Dwelling Unit) and Block 5 : Club House : Ground Floor + 2 Floors and Open Swimming Pool (Totally 1099 Dwelling Units) at Chennai Outer Ring Road, Pazhathandalam Village, in S.No. 182/1A, 1B, 2, 195/2A1, 2A2, 2B1, 2B2, 196/1, 2, 3, 197/ 1, 2, 3, 4, 198/1, 2, 3, 199, 200/3A1,4, 202/5, 6, 203/1, 2, 3, 204/1A, 1B, 3 , 205/2A, 214/2A, 215/1A, 2A, 216/1, 1B, 2, 217/1, 218/1, 2A, 2B, 219/1A, 1B, 1C, 2A1, 2A2, 2B1, 2B2, 3A, 3B, 4B, 221/1A, 2A1, 2B1, 222/1A, 387/2A, 2B, 389/1, 2, 390/1, 2, 400/1B, 2B, 3A1B,",Kancheepuram,12.960902,80.086312,Residential,High Rise Building (HRB),137763,0,127105,4659,1099,600000000,7840000000,,8440000000,893,0,88,"[{'block': 'Block 1', 'base_level': 'Ground', 'floor_segments': ['22 Floors'], 'total_floors_above_base': 22}, {'block': 'Block 2', 'base_level': 'Ground', 'floor_segments': ['22 Floors'], 'total_floors_above_base': 22}, {'block': 'Block 3', 'base_level': 'Ground', 'floor_segments': ['22 Floors'], 'total_floors_above_base': 22}, {'block': 'Block 4', 'base_level': 'Ground', 'floor_segments': ['22 Floors'], 'total_floors_above_base': 22}, {'block': 'Block 5', 'base_level': 'Ground', 'floor_segments': ['2 Floors'], 'total_floors_above_base': 2}]",[],1482869,1418300,0.96,2.0,4.87,981,405,5528.0,5951,0.07,0.93,7679709,1245,False,False,False,0,False,Kancheepuram,Residential,False,,False,False,False
Shriram Santrupthi - Phase 2,TNRERA/1/BLG/0167/2026,"Survey Number's-215/2D, 3B, 6C, 7A3, 7B, 8, 9A, 10A, 216/1A1C, 1A2, 1B1, 4C, and 5C.",Kancheepuram,13.028444,79.969944,Mixed Development,Non-High Rise Building (NHRB),22055,,1072,,89,27063828,24000000,,51063828,0,1,0,[],[],237400,11535,0.05,2.0,2.0,1,114,2081.0,4427,0.53,0.47,573751,130,False,False,False,0,False,Kancheepuram,Mixed Development,False,,False,False,False
VIRAAM -2,TNRERA/1/BLG/0203/2026,"9.0m wide Approved Layout Road & 7.20m wide Approved Layout Road, Mangadu, Chennai comprised in S.No.482/6A2, 482/7A4A2 & 482/7B2 of Mangadu-B Village, Kunrathur Taluk within the limits of Mangadu Municipality",Kancheepuram,13.0155,80.07185999999999,Residential,Non-High Rise Building (NHRB),5061,0,11499,,110,163500000,330015628,,493515628,92,10,11,[],[],54476,123777,2.27,2.0,2.0,113,3001,2666.0,3987,0.33,0.67,4486506,1125,False,False,False,1,False,Kancheepuram,Residential,False,,False,False,False
VIAAN,TNRERA/1/BLG/0205/2026,STILT + 5 FLOORS,Kancheepuram,13.004230000000002,80.09353,Residential,Non-High Rise Building (NHRB),2000,0,5522,,45,180000000,370000000,,550000000,31,19,4,"[{'block': None, 'base_level': 'Stilt', 'floor_segments': ['5 FLOORS'], 'total_floors_above_base': 5}]",[],21528,59439,2.76,2.0,2.0,54,8361,6225.0,9253,0.33,0.67,12222222,1321,False,False,False,1,False,Kancheepuram,Residential,False,,False,False,False
MILLENNIUM BY DAC,TNRERA/1/BLG/0221/2026,"Stilt + 4 Floors + 5th Floor Part comprising 138 Units situated in S.NO: 52/1A2, 52/2A & 52/3 of Gerugambakkam Village within the Kundrathur Panchayat Union Limit",Kancheepuram,13.014812,80.140969,Residential,Non-High Rise Building (NHRB),3948,0,10256,,138,74200000,354858000,,429058000,85,14,0,"[{'block': None, 'base_level': 'Stilt', 'floor_segments': ['4 Floors', '5th Floor'], 'total_floors_above_base': 5}]",[],42496,110393,2.6,2.0,2.0,99,1746,3214.0,3887,0.17,0.83,3109116,800,False,False,False,0,False,Kancheepuram,Residential,False,,False,False,False
SHRIRAM 122 WEST - TOWER 1,TNRERA/1/BLG/0286/2026,"Survey No. 765/29B2C, 765/29B1, 389/2(Part), 384, 398/2(Part), 397/2, 390 (Part), 391, 380, 379, 392 of Mangadu village, Kundrathur Main Road, Chennai",Kancheepuram,13.0278,80.113,Residential,High Rise Building (HRB),110838,0,29686,,2614,383207427,848066743,,1231274170,1581,312,158,[],[],1193052,319537,0.27,2.0,4.87,2051,321,2654.0,3853,0.31,0.69,471031,122,False,False,False,1,True,Kancheepuram,Residential,False,,False,False,False
AMITA,TNRERA/20/BLG/0083/2026,S NOS 26/1B 26/2B 26/3A1B 26/3A2 31/2 31/3 MELAKKAAL MAIN ROAD THUVARIMAN VILLAGE MADURAI WEST TALUK THIRUPARANKUNDRAM PANCHAYAT UNION MADURAI DISTRICT,Madurai,9.953534,78.059871,Residential,Non-High Rise Building (NHRB),9020,0,7048,,40,60000000,123639600,,183639600,0,80,8,[],[],97091,75860,0.78,2.0,2.0,88,618,3225.0,2421,0.33,0.67,4590990,1896,False,False,False,0,False,Madurai,Residential,False,,False,True,True
"""AJITA I - EXTENSION""",TNRERA/20/BLG/0100/2026,"S.No. 21/1A2, 21/1B",Madurai,9.953584,78.060646,Residential,Non-High Rise Building (NHRB),4170,0,3351,,15,10000000,180000000,,190000000,1,30,4,[],[],44883,36069,0.8,2.0,2.0,35,223,4990.0,5268,0.05,0.95,12666667,2405,False,False,False,0,False,Madurai,Residential,False,,False,False,False
AREX ATRIUM,TNRERA/20/BLG/0125/2026,"Stilt + 5 floors, Residential Building with 39 dwelling units with 18.30m Height availing Premium FSI at Plot No.A-24, Old Door No.2/47, New Door No.3, Sundar Street, Thiru Nagar, Thiruparankundram Taluk, Madurai District - 625 006, Comprised in S.Nos.121, 121/1, 121/2 & 121/3 as per Document and S.No.121/1B as per patta, Thiruprakundram Village, Thiruparankundram Taluk, Madurai Corporation",Madurai,9.8847863,78.0582352,Residential,Non-High Rise Building (NHRB),1253,0,3547,,39,111000000,141741784,,252741784,32,0,4,"[{'block': None, 'base_level': 'Stilt', 'floor_segments': ['5 floors'], 'total_floors_above_base': 5}]",[],13488,38178,2.83,2.0,2.0,36,8230,3713.0,6620,0.44,0.56,6480559,979,False,False,False,0,False,Madurai,Residential,False,,False,False,False
BVK Brindhavan,TNRERA/20/BLG/0189/2026,Block 1 Ground + 9 Floors 3 Floor Commercial spaces 7 Floors residential flats 14 nos dwelling units Block 2 Stilt + 9 Floors Residential flats 43 nos dwelling units,Madurai,9.950309,78.125757,Mixed Development,High Rise Building (HRB),2905,0,7170,786,57,82769775,296454400,,379224175,26,31,13,"[{'block': None, 'base_level': 'Ground', 'floor_segments': ['9 Floors', '3 Floor', '7 Floors', '9 Floors'], 'total_floors_above_base': 28}]",[],31274,85645,2.74,2.0,4.87,70,2647,3461.0,4428,0.22,0.78,6653056,1354,False,False,False,0,False,Madurai,Mixed Development,False,,False,False,False
Nimo Lagoon Apartment,TNRERA/20/BLG/0209/2026,"Stilt Floor + 5 Floors comprised in Plot No.40, Ward-19, Block-10 ,T.S No-12 (old R.S No-28/3A(pt), 29/1,2(pt)) of Sathamangalam village, Madurai North Taluk, Madurai Corporation, Madurai District",Madurai,9.923864,78.142331,Residential,Non-High Rise Building (NHRB),669,0,1852,,15,74250000,65000000,,139250000,13,2,2,"[{'block': None, 'base_level': 'Stilt', 'floor_segments': ['5 Floors'], 'total_floors_above_base': 5}]",[],7200,19931,2.77,2.0,2.0,17,10313,3261.0,6987,0.53,0.47,9283333,1329,False,False,False,0,False,Madurai,Residential,False,,False,False,False
VISHAAL VISMAYA,TNRERA/20/BLG/0235/2026,"S.F.No. 307/1B2A and 307/1B2B2 of Nilayur Bit - 1 Panchayat / Village, Thirupparankundram Taluk / Panchayat Union, Madurai District",Madurai,9.865816,78.027778,Residential,High Rise Building (HRB),3937,0,13684,0,156,63625500,704656999,,768282499,78,12,0,[],[],42377,147291,3.48,2.0,4.87,90,1501,4784.0,5216,0.08,0.92,4924888,944,False,False,False,0,False,Madurai,Residential,False,,False,False,False
VIBHAVA - J & K BLOCKS,TNRERA/20/BLG/0254/2026,"Ward No. XXIII - Block No. 26 - T.S. Nos. 16/6A, 17/3A & 17/3B - (Ponmeni Village - Old R.S. Nos. 177pt & 179/6Apt) - Amalgamation of Plot Nos. A3 & A4 in the existing regularized layout LP/MDTCP/No.276(R)/2018",Madurai,9.922201,78.080275,Residential,Non-High Rise Building (NHRB),3520,0,7613,,80,63118579,210000000,,273118579,55,8,7,[],[],37889,81950,2.16,2.0,2.0,70,1666,2563.0,3333,0.23,0.77,3413982,1024,False,False,False,0,False,Madurai,Residential,False,,False,False,False
APARNA PHASE II,TNRERA/20/BLG/0267/2026,"R.S.No.29/3B, 29/4B2, 29/5A1, 29/5B2, 29/34A, 30/3A7 of Thuvariman Panchayat / Village, Madurai West Taluk, Madurai District.",Madurai,9.95,78.06,Residential,Non-High Rise Building (NHRB),8397,0,13048,0,148,103750000,331828660,,435578660,80,4,10,[],[],90384,140445,1.55,2.0,2.0,94,1148,2363.0,3101,0.24,0.76,2943099,949,False,False,False,0,False,Madurai,Residential,False,,False,False,False
MAX MADHAV,TNRERA/20/BLG/0279/2026,"Revised and Additional construction of apartment residential building comprised in S.No. 73/1B,73/1C,99/5A2,99/5B2 & 99/5B3, Thiruppalai Village, Madurai North Taluk, Madurai",Madurai,9.973269,78.138005,Residential,Non-High Rise Building (NHRB),2816,0,7313,,65,32000000,225000000,,257000000,60,0,6,[],[],30312,78721,2.6,2.0,2.0,66,1056,2858.0,3265,0.12,0.88,3953846,1211,False,False,False,0,False,Madurai,Residential,False,,False,False,False
MAX SATHYA,TNRERA/20/BLG/0284/2026,"Stilt Floor + 5 Floors Commercial cum Residential Building R.S.No:362/8 of Ayanpappakudi Village, Madurai Taluk, Madurai Corporation, Madurai District",Madurai,9.87941,78.1154,Mixed Development,Non-High Rise Building (NHRB),1225,0,2655,690,24,10500000,250000000,,260500000,26,2,3,"[{'block': None, 'base_level': 'Stilt', 'floor_segments': ['5 Floors'], 'total_floors_above_base': 5}]",[],13186,36003,2.73,2.0,2.0,31,796,6944.0,7236,0.04,0.96,10854167,1191,False,False,False,0,False,Madurai,Mixed Development,False,,False,False,False
AYODHYA,TNRERA/26/BLG/0053/2026,"T.S.NO: 204, TOWN SURVEY WARD: BS, BLOCK: 12, VM CHATHIRAM VILLAGE, PALAYAMKOTTAI WARD & TALUK, HIGH GROUND AREA DETAILED PLAN, TIRUNELVELI CITY MUNICIPAL CORPORATION, TIRUNELVELI DISTRICT",Tirunelveli,8.705581,77.755194,Residential,Non-High Rise Building (NHRB),1040,0,3051,,30,48154830,146265000,,194419830,18,15,3,"[{'block': None, 'base_level': 'Ground', 'floor_segments': [], 'total_floors_above_base': 0}]",[],11200,32845,2.93,2.0,2.0,36,4300,4453.0,5919,0.25,0.75,6480661,1095,False,False,False,0,False,Tirunelveli,Residential,False,,False,False,False
THE GRID,TNRERA/29/BLG/0029/2026,"Proposed Construction of Stilt Floor (Parking) + 1st and 2nd Floor (Shop) and 3rd Floor (Office) Commercial Building at Plot No.6part, Door No.6, Secretariat Colony, Ambattur, Chennai - 600053, Comprised in Old S.No.604/1Bpart, T.S.No.28/2, Block No.10 of Ambattur Village, Within the limit of Greater Chennai Corporation.",Chennai,13.122478,80.148836,Commercial,Non-High Rise Building (NHRB),1338,0,0,2213,,91020800,77931793,,168952593,7,21,3,"[{'block': None, 'base_level': 'Stilt', 'floor_segments': ['2nd Floor', '3rd Floor'], 'total_floors_above_base': 2}]",[],14400,23822,1.65,2.0,2.0,31,6321,3271.0,7092,0.54,0.46,,,False,False,False,0,False,Chennai,Commercial,False,,False,False,False
HARMONY NAVRANG,TNRERA/29/BLG/0031/2026,"Proposed Construction of Stilt Floor + 5 Floors (18.30m - height) Residential Building with 15 dwelling units Availing Premium FSI with TOD Benefit At Old Door No.179, New No.12, Rangarajapuram main Road, Kodambakkam Chennai – 600 024. comprised in T.S.No.66, Block No.37, of Puliyur Village within the limit of Greater Chennai Corporation",Chennai,13.04608,80.22911,Residential,Non-High Rise Building (NHRB),611,0,1583,,15,9054000,79643000,,88697000,11,4,2,"[{'block': None, 'base_level': 'Stilt', 'floor_segments': ['5 Floors'], 'total_floors_above_base': 5}]",[],6577,17039,2.59,2.0,2.0,17,1377,4674.0,5206,0.1,0.9,5913133,1136,False,False,False,0,False,Chennai,Residential,False,,False,False,False
VEDHAGAM,TNRERA/29/BLG/0032/2026,PROPOSED CONSTRUCTION OF RESIDENTIAL BUILDING STILT FLOOR (PARKING) + 4 FLOORS + 5TH FLOOR PART TOTAL 9 DWILLING UNITS,Chennai,13.059493,80.245773,Residential,Non-High Rise Building (NHRB),632,0,1530,,9,22500000,68988000,,91488000,12,0,1,"[{'block': None, 'base_level': 'Stilt', 'floor_segments': ['4 FLOORS', '5TH FLOOR'], 'total_floors_above_base': 5}]",[],6798,16469,2.42,2.0,2.0,13,3310,4189.0,5555,0.25,0.75,10165333,1830,False,False,False,0,False,Chennai,Residential,False,,False,False,False
S&S CENTRIS,TNRERA/29/BLG/0033/2026,"Construction 2 Blocks; Block A – Stilt floor + 5 floors (18.30m height) Residential Building with 55 Dwelling units; Block B - Ground floor (Gym & Association room) + 2 floors (9.60m height) Residential Building with 4 Dwelling units; Totally 59 Dwelling units at Rajiv Gandhi Salai (OMR) and Estate 2nd Main Road, Palavakkam, Chennai comprised in S.No.131/11A, 131/16, 138/1A1B1, 138/1A1B2 & 138/1A1A2 of Palavakkam Village Within the Limits of Greater Chennai Corporation",Chennai,12.962014,80.246228,Residential,Non-High Rise Building (NHRB),4706,0,7528,47,59,485000000,400000000,,885000000,51,13,7,"[{'block': None, 'base_level': 'Ground', 'floor_segments': ['5 floors', '2 floors'], 'total_floors_above_base': 7}]",[],50655,81537,1.61,2.0,2.0,71,9575,4906.0,10854,0.55,0.45,15000000,1373,False,False,False,0,False,Chennai,Residential,False,,False,False,False
SUPRABHATH CONSTRUCTIONS,TNRERA/29/BLG/0035/2026,S+5 FLOORS,Chennai,12.985876696475966,80.19515678039852,Residential,Non-High Rise Building (NHRB),645,0,1558,,13,90000000,50000000,,140000000,11,4,2,"[{'block': None, 'base_level': 'Stilt', 'floor_segments': ['5 FLOORS'], 'total_floors_above_base': 5}]",[],6940,16774,2.42,2.0,2.0,17,12968,2981.0,8346,0.64,0.36,10769231,1290,False,False,False,0,False,Chennai,Residential,False,,False,False,False
M/s. KUMAARS CREST WOOD,TNRERA/29/BLG/0038/2026,"The proposed construction of Stilt floor + 4 floors + 5th floor (Part) (Height – 18.30m) Residential with 19 Dwelling units Availing Premium FSI with TOD Benefit at Plot No.275 & 276, Srinivasa Nagar, Balaji Street, Madipakkam, Chennai 600091 comprised in Old S.No.92/2 (Document), S.No.92/61 & 92/62 (Patta) of Madipakkam Village within the limits of Greater Chennai Corporation",Chennai,12.96645,80.214709,Residential,Non-High Rise Building (NHRB),743,0,1932,,19,63000000,107000000,,170000000,17,4,2,"[{'block': None, 'base_level': 'Stilt', 'floor_segments': ['4 floors', '5th floor'], 'total_floors_above_base': 5}]",[18.3],8000,20793,2.6,2.0,2.0,23,7875,5146.0,8176,0.37,0.63,8947368,1094,False,False,False,0,False,Chennai,Residential,False,,False,False,False
Gallop,TNRERA/29/BLG/0040/2026,"No.1(1) & 1(1A)Chakrapani Road, Guindy, Chennai - 600032",Chennai,13.0035049,80.2094001,Commercial,Non-High Rise Building (NHRB),565,0,0,1091,,75000000,35231218,1092719,111323937,7,1,1,[],[],6078,11744,1.93,2.0,2.0,9,12340,3000.0,9479,0.67,0.32,,,False,False,False,0,False,Chennai,Commercial,False,,False,False,False
CAMBRIDGE BY DAC,TNRERA/29/BLG/0041/2026,"Old S.No: 74/2, 74/3 & 77. T.S. No: 15, 16, 17 & 18. Block No: 09, Ward – G, of Semmanchery Village, with in the limit of Greater Chennai Corporation",Chennai,12.514140000000001,80.13501999999998,Residential,Non-High Rise Building (NHRB),6956,0,15225,0,140,308700000,496610687,,805310687,116,32,15,[],[],74876,163880,2.19,2.0,2.0,163,4123,3030.0,4914,0.38,0.62,5752219,1171,False,False,False,1,False,Chennai,Residential,False,,False,False,False
AANIRUDH VENGADAM,TNRERA/29/BLG/0043/2026,"Plot No. 29, 17th Street,Nanganallur Co- operative Building Society Colony (NCBS),Nanganallur, Chennai, Comprised in Old S.No.19/3 (Part), 4 (part),20/1(Part), 3 (part),As Per Patta New T.S. No. 18/1 & 18/2, Block No. 31 of Nanganallur (Ward- B) Village, Alandur Taluk, Chennai District, Tamil Nadu State",Chennai,13.0145,80.2287,Residential,Non-High Rise Building (NHRB),984,0,2742,,27,26000000,135500000,,161500000,16,8,1,[],[],10588,29514,2.79,2.0,2.0,25,2456,4591.0,5472,0.16,0.84,5981481,1093,False,False,False,0,False,Chennai,Residential,False,,False,False,False
-,TNRERA/29/BLG/0044/2026,"PROPOSED CONSTRUCTION OF STILT FLOOR (PARKING) + 4 FLOORS RESIDENTIAL BUILDING (15.0M HEIGHT) WITH 20 DWELLING UNITS AT PLOT No. 12 & 12A PERUMAL NAGAR, PUTHAGARAM, CHENNAI 600099 COMPRISED IN S.No.36 / 1 PART AND AS PER PATTA S.No. 36 / 28, 36 / 29 OF PUTHAGARAM VILLAGE WITHIN THE LIMITS OF GREATER CHENNAI CORPORATION",Chennai,13.135618,80.192058,Residential,Non-High Rise Building (NHRB),796,0,1601,,20,25000000,43252500,,68252500,10,1,1,"[{'block': None, 'base_level': 'Stilt', 'floor_segments': ['4 FLOORS'], 'total_floors_above_base': 4}]",[],8568,17234,2.01,2.0,2.0,12,2918,2510.0,3960,0.37,0.63,3412625,862,False,False,False,0,False,Chennai,Residential,False,,False,False,False
RAMANIYAM NIVASAM,TNRERA/29/BLG/0046/2026,"ONE BLOCK OF 5 FLOORS CONSISTING OF 10 FLATS, Survey. Nos.T.S.NO.1/26 (AS PER PATTA) S.NO.317/1 (AS PER DOCUMENT) Velachery (Village) Plot No.134, Bhuvaneswari Nagar 2nd Main Road and Chandru Street, Bhuvaneswari nagar, Velachery, Chennai – 600 042",Chennai,12.96966,80.22396,Residential,Non-High Rise Building (NHRB),509,0,1187,,10,21086450,52616750,,73703200,6,4,1,"[{'block': None, 'base_level': None, 'floor_segments': ['5 FLOORS'], 'total_floors_above_base': 5}]",[],5477,12779,2.33,2.0,2.0,11,3850,4117.0,5768,0.29,0.71,7370320,1278,False,False,False,0,False,Chennai,Residential,False,,False,False,False
AMARA ALAAYA,TNRERA/29/BLG/0047/2026,"Extended Double Basement floor + Stilt floor part/Ground floor part + 1st floor (Gym, Aerobics, Pre Function & Banquet Hall, Children’s Play Area, & Indoor games, Home Theatre) 2nd floor + 23rd floor (6du in each floor) + 24th floor (4 du) totally 136 Dwelling units with swimming pool at terrace floor Residential building",Chennai,13.073327,80.190584,Residential,High Rise Building (HRB),5673,0,26717,926,136,850000000,1660000000,,2510000000,220,35,20,"[{'block': None, 'base_level': 'Ground', 'floor_segments': ['1st floor', '2nd floor', '23rd floor', '24th floor', 'terrace floor'], 'total_floors_above_base': 5}]",[],61064,297541,4.87,2.0,4.87,275,13920,5579.0,8436,0.34,0.66,18455882,2115,False,False,False,0,False,Chennai,Residential,False,,False,False,False
BEAVER’S VENNA GARDEN,TNRERA/29/BLG/0048/2026,"Plot No: New No.36, Old No: 19, Velu Street, West Mambalam, Chennai -600033 compromised in Paimash No: 1728, as per Town Survey No:32, Block No:1, Zamin Mambalam Village, Mambalam Guindy Taluk, Chennai District",Chennai,13.04097,80.222101,Residential,Non-High Rise Building (NHRB),597,0,1191,,15,100000000,35000000,,135000000,19,9,28,[],[],6426,12819,1.99,2.0,2.0,56,15562,2730.0,10531,0.74,0.26,9000000,855,False,False,False,0,False,Chennai,Residential,False,,False,False,False
AMARA ADHYATMA,TNRERA/29/BLG/0049/2026,"Stilt floor + 5 floors (Height – 18.30m) Residential Building with 10 dwelling units Availing Premium FSI with TOD Benefit at Plot No.5, Door No.7, 9 & 10, Sundararajan Street (Formerly Abiramapuram 4th Street), Abiramaburam, Chennai 600018, comprised in Old R.S.No.3658/7 & 3658/22 (Document), Present R.S.No.3658/7, 3658/23, 3658/24, 3658/29, 3658/32, 3658/33 & 3658/34, Block No.72 of Mylapore Village, within the limit of Greater Chennai Corporation",Chennai,13.014199999999999,80.1431,Residential,Non-High Rise Building (NHRB),897,,2107,,10,150000000,100000000,,250000000,5,20,3,"[{'block': None, 'base_level': 'Stilt', 'floor_segments': ['5 floors'], 'total_floors_above_base': 5}]",[18.3],9651,22680,2.35,2.0,2.0,28,15543,4409.0,11023,0.6,0.4,25000000,2268,False,False,True,1,False,Chennai,Residential,False,,False,False,False
RAMANIYAM REGAL,TNRERA/29/BLG/0051/2026,"R.S.Nos.423/1 & 423/2 Mylapore (Village) Door Nos. 66 & 68, Royapettah High Road, Royapettah, Mylapore Chennai 600014",Chennai,13.05027,80.26382,Residential,High Rise Building (HRB),1184,0,3674,,18,196242200,127939456,,324181656,12,17,3,[],[],12743,39545,3.1,2.0,4.87,32,15400,3235.0,8198,0.61,0.39,18010092,2197,False,False,False,0,False,Chennai,Residential,False,,False,False,False
BRIGADE STELLARIS https://rera.tn.gov.in/public-view2/building/pfirm/892e03a0-f092-11f0-8bfb-974b0258c5a4,TNRERA/29/BLG/0052/2026,"High Rise Residential Group Development Building Consisting of Combined Extended 1st basement floor (for parking, Fire Pump room, STP & OWC)+ 2nd basement floor (for parking & STP Pump room) + Combined Stilt floor part(for parking)+ Combined Ground floor part with lobby, Badminton court, Pickle ball, Association room, Kids play area, Amenities lobby, Indoor Games, Multipurpose hall, Reception lobby, Caretaker room + Combined 1st floor (for parking), Pump room for Swimming pool, lobby& Toilet + Combined podium at 2nd floor level with Open Swimming Pool; Tower 1: 2nd floor + 13 floors + 14th floor part Residential building with 66 dwelling units, SPA & business Centre at 2nd floor level; Tower 2: 2nd floor + 13 floors+14th floor part Residential building with 68 dwelling units, Yoga & Indoor games at 2nd floor",Chennai,12.991868,80.217729,Mixed Development,High Rise Building (HRB),21005,0,72964,1547,284,4417000000,6132257354,,10549257354,655,0,69,"[{'block': None, 'base_level': 'Ground', 'floor_segments': ['1st floor', '2nd floor', '2nd floor', '13 floors', '14th floor', '2nd floor', '2nd floor', '13 floors', '14th floor', '2nd floor'], 'total_floors_above_base': 34}]",[],226096,802034,3.55,2.0,4.87,724,19536,7646.0,13153,0.42,0.58,37145272,2765,False,False,False,0,False,Chennai,Mixed Development,False,,False,False,False
Alcazar https://rera.tn.gov.in/public-view2/building/pfirm/9fcab290-6209-11f0-9a5b-cdc419dea1e8,TNRERA/29/BLG/0059/2026,"Proposed Construction of High Rise Residential Building with 30.0m height Consisting of Extended Basement floor (Parking) + Stilt floor (Parking, Meter Room, Transformer room, Double height lobby) + 1st floor to 7 floors + 8th Floor and 9th floor part (Duplex Unit) with 23 dwelling units Residential building availing with Premium FSI at New Door No.1, Old Door No.1A, Cathedral Garden Road, Nungambakkam, Chennai – 600034 Comprised in Old S.No.3404 Part, New R.S.No.2/40 & 2/62, Block No.1 of Mylapore Village Mylapore Taluk, Within the limits of Grater Chennai Corporation",Chennai,13.05217721343664,80.24584200116944,Residential,High Rise Building (HRB),1450,,4840,,23,397675000,234436500,,632111500,22,17,4,"[{'block': None, 'base_level': 'Basement', 'floor_segments': ['1st floor', '7 floors', '8th Floor', '9th floor'], 'total_floors_above_base': 10}]",[],15602,52092,3.34,2.0,4.87,43,25488,4500.0,12135,0.63,0.37,27483109,2265,False,False,False,0,False,Chennai,Residential,False,,False,False,False
ASTA AVM NOVA https://rera.tn.gov.in/public-view2/building/pfirm/309bfcb0-08eb-11f1-8db0-d10adaf9affd,TNRERA/29/BLG/0062/2026,"A High rise residential complex consisting of extended Triple Basement floor + Stilt floor(part)/Ground floor (part) + 1st floor: 10 dwelling units + 2nd to 18th floor : 11 dwelling units for each floor + 19th floor: 9 dwelling unit with refuge area + 20th& 21st floor: 11 dwelling units for each floor + 22nd floor (part): 3 dwelling units & Indoor play area, kids play area, gym, association room, swimming pool at open terrace totally 231 dwelling situated at Old No.38 & 7/1, New No.21, Arcot Road, Vadapalani, Chennai-600026, an extent of 8768 sq.mtrs (As per Patta) 8733.65 sq.mtrs (As per documents) 8737.20 sq.mtrs (As per Site) comprised in Old S.No.188/1part, & 188/2 part, and present T.S.No.24/2, 15/2, 14/3, 24/5, 15/16 & 14/9 in Block No.47 of Saligramam Village, Mambalam Taluk, Chennai",Chennai,13.25032,80.121726,Residential,High Rise Building (HRB),8734,0,40713,1198,231,2160048512,1545435000,,3705483512,483,32,32,"[{'block': None, 'base_level': 'Ground', 'floor_segments': ['1st floor', '18th floor', '19th floor', '21st floor', '22nd floor'], 'total_floors_above_base': 5}]",[],94008,451126,4.8,2.0,4.87,547,22977,3426.0,8214,0.58,0.42,16041054,1897,False,False,False,0,False,Chennai,Residential,False,,False,False,False
LEGACY ROYALE,TNRERA/29/BLG/0063/2026,Stilt Floor + 5 Floors,Chennai,10.78,9.78,Residential,Non-High Rise Building (NHRB),544,0,1413,,9,130000000,5000000,,135000000,6,5,1,"[{'block': None, 'base_level': 'Stilt', 'floor_segments': ['5 Floors'], 'total_floors_above_base': 5}]",[],5852,15205,2.6,2.0,2.0,12,22215,3682.0,8879,0.96,0.04,15000000,1689,False,False,False,0,False,Chennai,Residential,False,,False,True,True
SIS Florida,TNRERA/29/BLG/0064/2026,We have built A1 A2 A3 Tower with 270 Flats located in Thaiyur B Village Thiruporur Taluk Chengelpetu District,Chennai,12.463306,80.12506700000002,Residential,High Rise Building (HRB),78221,0,26529,717,2134,295000000,574000000,,869000000,199,64,21,[],[],841963,293277,0.35,2.0,4.87,284,350,1957.0,2963,0.34,0.66,407216,134,False,False,False,1,False,Chennai,Residential,False,,False,False,False
-,TNRERA/29/BLG/0067/2026,"Registration for Mixed Development Building with Stilt Floor (Parking) + 1st & 2nd Floor (Office) + 3rd & 4th Floor Residential Building with One dwelling unit at Plot No. 4290 , Door No.79 , 'T' Block , 5th Main Road , Anna Nagar . Chennai - 40. Comprised in Old S.No. 91 part , T.S.No. 550 , Block No. 2 , Ward No. 1 of Mullam Village , Aminjikarai Taluk , Chennai District.",Chennai,13.08,80.21,Mixed Development,Non-High Rise Building (NHRB),349,0,324,342,1,40000000,35000000,,75000000,7,0,1,"[{'block': None, 'base_level': 'Stilt', 'floor_segments': ['2nd Floor', '4th Floor'], 'total_floors_above_base': 2}]",[],3757,7168,1.91,2.0,2.0,8,10648,4883.0,10463,0.53,0.47,75000000,3489,False,False,False,0,False,Chennai,Mixed Development,False,,False,False,False
SKCL Summit,TNRERA/29/BLG/0071/2026,"Plot No.6, New Door No. 47/C, Old No.30, Gandhi Mandapam Road & Ambadi Road, Kotturpuram, Chennai – 600 085",Chennai,13.021653,80.242127,Commercial,High Rise Building (HRB),2789,0,0,11461,,330274934,563744840,,894019774,90,19,0,[],[],30025,123362,4.11,2.0,4.87,109,11000,4570.0,7247,0.37,0.63,,,False,False,False,0,False,Chennai,Commercial,False,,False,False,False
BLUEMOON PARADISE,TNRERA/29/BLG/0074/2026,"Proposed construction of Stilt Floor + 5 Floors Residential Building (Height- 18.25m) with 10 Dwelling Units availing premium FSI at Regularised Plot, Old Door No.9 part, New door No.11 part, Ashtalakshmi Nagar 19th Street, Alapakkam, Chennai comprised in Old S.No.341/1D1 part and New S.No.341/1D1B of Maduravoyal Village, Maduravoyal Taluk within the Limits of Greater Chennai Corporation",Chennai,13.048738,80.168028,Residential,Non-High Rise Building (NHRB),570,0,1452,,10,23619750,76917500,,100537250,11,0,1,"[{'block': None, 'base_level': 'Stilt', 'floor_segments': ['5 Floors'], 'total_floors_above_base': 5}]",[18.25],6135,15629,2.55,2.0,2.0,12,3850,4921.0,6433,0.23,0.77,10053725,1563,False,False,False,0,False,Chennai,Residential,False,,False,False,False
AANIRUDH VASANTHAM,TNRERA/29/BLG/0075/2026,STILT+5 FLOORS,Chennai,12.5824798,80.1149812,Residential,Non-High Rise Building (NHRB),575,0,1491,,16,70000000,86500000,,156500000,3,10,1,"[{'block': None, 'base_level': 'Stilt', 'floor_segments': ['5 FLOORS'], 'total_floors_above_base': 5}]",[],6189,16053,2.59,2.0,2.0,14,11310,5388.0,9749,0.45,0.55,9781250,1003,False,False,False,0,False,Chennai,Residential,False,,False,False,False
MAYURAM,TNRERA/29/BLG/0077/2026,"Madha Nagar Second Main Road, Madhanandapuram, Chennai -600 125",Chennai,13.041098,80.26738,Residential,Non-High Rise Building (NHRB),1719,0,4808,,34,113198751,306801249,,420000000,25,9,10,[],[],18503,51756,2.8,2.0,2.0,44,6118,5928.0,8115,0.27,0.73,12352941,1522,False,False,False,0,False,Chennai,Residential,False,,False,False,False
LIVERPOOL,TNRERA/29/BLG/0079/2026,"proposed construction of HIGH RISE Group development building for Residential use consisting of 2 Blocks with Block No – 1: Stilt Floor (for parking use) + 1st Floor (for parking use) + 2nd Floor to 9th Floor with 120 dwelling units, in Block No – 2: G.Floor (Pump room & Electrical Transformer room) + 1st Floor & 2nd Floor, (for Gym use), At Plot Nos. A & G in the Greater Chennai Corporation. Approved Sub-Division No. SD/WDC No 3/00495/2021, dt.22.03.2022. With TOD benefits. Abutting Manjambakkam Link Road (Milk Colony Road), Madhavaram, Chennai – 600 060. Comprised in Old S.No. 425, As per Patta No. T.S. No.85/1 part, 2 part & 3 part of Madhavaram Village, within the limits of Greater Chennai corporation.",Chennai,13.160936,80.231709,Mixed Development,High Rise Building (HRB),4359,0,13378,492,120,114958867,463797000,,578755867,91,29,12,"[{'block': 'Block No – 1', 'base_level': 'Stilt', 'floor_segments': ['1st Floor', '2nd Floor', '9th Floor'], 'total_floors_above_base': 3}, {'block': 'Block No – 2', 'base_level': None, 'floor_segments': ['1st Floor', '2nd Floor'], 'total_floors_above_base': 2}]",[],46916,149295,3.18,2.0,4.87,132,2450,3107.0,3877,0.2,0.8,4822966,1200,False,False,False,0,False,Chennai,Mixed Development,False,,False,False,False
RAMANIYAM SAI ARANYA,TNRERA/29/BLG/0081/2026,THREE BLOCKS OF 16 FLOORS EACH AND TOTALLY CONSISTING OF 489 FLATS,Chennai,13.070678,80.18681,Residential,High Rise Building (HRB),12709,0,62170,383,488,328316000,2780055500,,3108371500,466,43,49,"[{'block': None, 'base_level': None, 'floor_segments': ['16 FLOORS'], 'total_floors_above_base': 16}]",[],136797,673313,4.92,2.0,4.87,558,2400,4129.0,4617,0.11,0.89,6369614,1371,False,False,False,0,False,Chennai,Residential,False,,False,False,False
TEMPLE RIDGE,TNRERA/29/BLG/0082/2026,"Stilt Floor Parking + Five Floors Residential Building with 30 Dwelling units Availing Premium FSI at Old Door No. 243 to 254/2, New Door No. 296/1 to 296/14 (Document), Door No.254/1, 296/3, 296/5 to 296/12, 1B (Patta) Konnur High Road, Ayanavaram, Chennai 600023, Comprised in Old S.No.243, 254, 296/3, 296/4 and T.S.No.4/2, 4/4, 5/2 to 5/11, Block No. 23 of Ayanavaram Village, Ayanavaram Taluk, Chennai District",Chennai,13.099948,80.228903,Residential,Non-High Rise Building (NHRB),1851,0,3806,,30,200000000,170000000,,370000000,23,7,3,"[{'block': None, 'base_level': 'Stilt', 'floor_segments': ['Five Floors'], 'total_floors_above_base': 5}]",[],19926,40968,2.06,2.0,2.0,33,10037,4150.0,9031,0.54,0.46,12333333,1366,False,False,False,0,False,Chennai,Residential,False,,False,False,False
RAJUS MARUTHI,TNRERA/29/BLG/0084/2026,"Construction of Stilt Floor + 5 Floors (height 18.30m) Residential building with 60 Dwelling units availing Premium FSI with TOD Benefit at TNHB Maruthi Flats, Block No.M54 (1 to 12), Block No.M55 (1 to 12), Block M56 (1 to 12) Station Road (Station to North Township School) TNHB, Korattur, Chennai 600 080 comprised in Old S.No.1020/1Apt, T.S.No.201, Block No.43, Ward E, of Korattur Village within the limits of Greater Chennai Corporation",Chennai,13.111294,80.182708,Residential,Non-High Rise Building (NHRB),1930,0,5376,,60,30469217,236330783,,266800000,34,9,4,"[{'block': None, 'base_level': 'Stilt', 'floor_segments': ['5 Floors'], 'total_floors_above_base': 5}]",[18.3],20773,57865,2.79,2.0,2.0,47,1467,4084.0,4611,0.11,0.89,4446667,964,False,False,False,0,False,Chennai,Residential,False,,False,False,False
L&T REALTY AVINYA ENCLAVE https://rera.tn.gov.in/public-view2/building/pfirm/818e3040-e4c0-11f0-9842-67d7101748c7,TNRERA/29/BLG/0086/2026,"Group Development Consisting of 6 Residential cum Commercial Towers with Combined & Extended Double Basement Floor and 3rd Basement Floor part (for Pump room) over & above in Tower – 1: Ground Floor +1st floor + Service floor+2nd to 15th Floor with 56 dwelling units and Shops, Health care, Super Market, Day care units @ G.Floor Floor & 1st Floor level, Tower – 2 & 3 (Combined): Ground Floor + 16 Floors with 156 dwelling units and Party Hall, Indoor Games, Mini Theatre, Association room, Yoga room & Health Club @ G.Floor, 1st Floor & 2nd Floor level, Tower – 4: Ground Floor + 16 Floors with 263 dwelling units, Tower – 5: Ground Floor + 16 Floors with 229 dwelling units with swimming pool at Ground Floor and Tower – 6: Ground Floor + 16 Floors with 98 dwelling units, Totally 802 dwelling units in Mount-Poonamallee Road,",Chennai,13.0241644,80.1795411,Mixed Development,High Rise Building (HRB),28085,0,120209,2492,802,1240000000,8340000000,,9580000000,1154,78,78,"[{'block': None, 'base_level': 'Ground', 'floor_segments': ['1st floor', '15th Floor', '1st Floor', '16 Floors', '1st Floor', '2nd Floor', '16 Floors', '16 Floors', '16 Floors'], 'total_floors_above_base': 69}]",[],302304,1320737,4.37,2.0,4.87,1310,4102,6315.0,7254,0.13,0.87,11945137,1613,False,False,False,0,False,Chennai,Mixed Development,False,,False,False,False
ARIHANT VAAYU,TNRERA/29/BLG/0087/2026,"construction of Stilt floor (Two level Puzzle Parking) + 4 floors (18.30m height) IT/ITES use Building at Plot No.164, Industrial Estate Perungudi, Chennai, Comprised in S.No.129/1A1B & 129/1B of Pallavakkam Village within the limit of Greater Chennai Corporation.",Chennai,12.96235666666668,80.24878833333334,Commercial,Non-High Rise Building (NHRB),2740,0,0,6678,,188755200,430600000,,619355200,96,6,0,"[{'block': None, 'base_level': 'Stilt', 'floor_segments': ['4 floors'], 'total_floors_above_base': 4}]",[],29493,71881,2.44,2.0,2.0,102,6400,5990.0,8616,0.3,0.7,,,False,False,False,0,False,Chennai,Commercial,False,,False,False,False
JAI SHANKESHWAR APARTMENT,TNRERA/29/BLG/0090/2026,Stilt Floor (parking) + 5 Floors Residential Building,Chennai,13.084216,80.251463,Residential,Non-High Rise Building (NHRB),696,0,1753,,10,124270000,67500000,,191770000,14,3,2,"[{'block': None, 'base_level': 'Stilt', 'floor_segments': ['5 Floors'], 'total_floors_above_base': 5}]",[],7486,18873,2.52,2.0,2.0,19,16600,3577.0,10161,0.65,0.35,19177000,1887,False,False,False,0,False,Chennai,Residential,False,,False,False,False
GEETHAM APARTMENTS,TNRERA/29/BLG/0092/2026,Construction of Stilt Floor + 4 Floor + 5th Floor (part) Residential Building With 20 Dwelling Units Availing Premium FSI.,Chennai,12.9335774,80.2387732,Residential,Non-High Rise Building (NHRB),613,0,1544,,20,21780000,50000000,,71780000,4,7,1,"[{'block': None, 'base_level': 'Stilt', 'floor_segments': ['4 Floor', '5th Floor'], 'total_floors_above_base': 5}]",[],6600,16616,2.52,2.0,2.0,12,3300,3009.0,4320,0.3,0.7,3589000,831,False,False,False,0,False,Chennai,Residential,False,,False,False,False
ISHA RIVER FRONT,TNRERA/29/BLG/0094/2026,"New Survey No. 140/3C (Old Survey No. 140/3), situated at Wood Creek County 15th Cross Street, Nandambakkam Village, Alandur Taluk, Chennai District, Tamil Nadu State – 600 016",Chennai,13.013467649243193,80.1830555200305,Residential,Non-High Rise Building (NHRB),3936,0,8482,0,64,279700000,313100000,,592800000,67,7,7,[],[],42364,91301,2.16,2.0,2.0,81,6602,3429.0,6493,0.47,0.53,9262500,1427,False,False,False,0,False,Chennai,Residential,False,,False,False,False
ARCADIA,TNRERA/29/BLG/0095/2026,"Stilt Floor (Parking) + Five Floors (Height -18.30m) with 10 Dwelling units at Old Door No.21, New Door No.14, 12th Avenue/Gilchrist Avenue, Off Harington Road, Chetpet, Chennai 600031, Comprised in Old R.S.No.321/1 and 366/1 and New T.S.No.321/30, Block No.18, Egmore Village, Egmore Taluk, Chennai District within the limits of Greater Chennai Corporation.",Chennai,13.070756,80.235495,Residential,Non-High Rise Building (NHRB),694,0,1878,,10,120000000,87500000,,207500000,16,4,2,"[{'block': None, 'base_level': 'Stilt', 'floor_segments': ['Five Floors'], 'total_floors_above_base': 5}]",[18.3],7469,20211,2.71,2.0,2.0,22,16066,4329.0,10267,0.58,0.42,20750000,2021,False,False,False,0,False,Chennai,Residential,False,,False,False,False
JANAV JUBLIANCE,TNRERA/29/BLG/0096/2026,STILT + 5 FLOORS,Chennai,12.57532,80.11192,Residential,Non-High Rise Building (NHRB),659,,1549,,15,64842000,49302212,,114144212,10,5,2,"[{'block': None, 'base_level': 'Stilt', 'floor_segments': ['5 FLOORS'], 'total_floors_above_base': 5}]",[],7093,16669,2.35,2.0,2.0,17,9141,2958.0,6848,0.57,0.43,7609614,1111,False,False,True,1,False,Chennai,Residential,False,,False,False,False
Arihant Vivriti,TNRERA/29/BLG/0097/2026,"Plot No.606, VOC Street, off Old Mahabalipuram Road, Kottivakkam, Chennai – 600041",Chennai,12.972692,80.251312,Residential,Non-High Rise Building (NHRB),1069,0,2096,,12,145000000,85427086,,230427086,26,0,0,[],[],11508,22565,1.96,2.0,2.0,26,12600,3786.0,10212,0.63,0.37,19202257,1880,False,False,False,0,False,Chennai,Residential,False,,False,False,False
PARK CENTER,TNRERA/29/BLG/0098/2026,"construction of Stilt floor+ 4 floors Commercial Building(Office use) (Height- 18.20m) at Plot No.35, 36 & 37, New Door No. 19, 21 & 23, Old Door No.9, 10 & 11, Demonte Colony Street, Demonte Colony, Alwarpet, Chennai-600018 comprised in R.S.No.3676 pt, Block No.73, Mylapore village Within the Limits of Greater Chennai Corporation",Chennai,13.030605196823045,80.25230222791363,Commercial,Non-High Rise Building (NHRB),1277,,,2536,,120983312,120000000,,240983312,23,0,3,"[{'block': None, 'base_level': 'Stilt', 'floor_segments': ['4 floors'], 'total_floors_above_base': 4}]",[18.2],13748,27296,1.99,2.0,2.0,26,8800,4396.0,8829,0.5,0.5,,,False,False,False,0,False,Chennai,Commercial,False,,False,False,False
PEARL EVITA,TNRERA/29/BLG/0099/2026,"PROPOSED CONSTRUCTION OF STILT FLOOR + 4 FLOORS + 5TH FLOOR (PART) (HEIGHT - 18.30M) RESIDENTIAL BUILDING WITH 46 DWELLING UNITS FOR AFFORDABLE HOUSING (ASSOCIATION ROOM & INDOOR GAMES AT 5TH FLOOR) AT ISHWARYAM GARDEN ROAD, VENGAIVASAL, CHENNAI COMPRISED IN OLD S.NOS.15/1 & 15/2 (DOCUMENT), NEW S.NO.15/1A & 15/2A1A (PATTA) OF VENGAIVASAL VILLAGE WITHIN THE LIMITS OF ST.THOMAS MOUNT PANCHAYAT UNION.",Chennai,12.909127,80.185704,Residential,Non-High Rise Building (NHRB),1915,0,4977,,46,73577220,239180857,,312758077,46,0,5,"[{'block': None, 'base_level': 'Stilt', 'floor_segments': ['4 FLOORS', '5TH FLOOR', '5TH FLOOR'], 'total_floors_above_base': 6}]",[18.3],20613,53570,2.6,2.0,2.0,51,3569,4465.0,5838,0.24,0.76,6799089,1165,False,False,False,0,False,Chennai,Residential,False,,False,False,False
KG GOLD COAST,TNRERA/29/BLG/0101/2026,"Residential Project at Ennore Express way,Thiruvottiyur",Chennai,13.165269,80.30682,Residential,High Rise Building (HRB),3412,0,8100,337,81,138420000,345052000,,483472000,37,23,6,[],[],36726,90815,2.47,2.0,4.87,66,3769,3800.0,5324,0.29,0.71,5968790,1076,False,False,False,0,False,Chennai,Residential,False,,False,False,False
RISHAB APARTMENTS,TNRERA/29/BLG/0103/2026,"Plot No.104, 110 Part, 111 Part, 112,",Chennai,12.919401,80.226537,Residential,Non-High Rise Building (NHRB),531,0,1061,0,10,45432000,36387100,,81819100,7,3,1,[],[],5713,11418,2.0,2.0,2.0,11,7953,3187.0,7166,0.56,0.44,8181910,1142,False,False,False,0,False,Chennai,Residential,False,,False,False,False
Construction of 304 HIG MSB at Arumbakkam,TNRERA/29/BLG/0104/2026,"Construction of 304 HIG MSB residential flats (2B+Stilt +19 Floors ) at S No. 2 Block No.4 of Arumbakkam village, Egmore, Aminjikarai Taluk, Chennai",Chennai,13.077374,80.205264,Residential,Non-High Rise Building (NHRB),24750,0,45183,,304,2861385000,3354131000,372343667,6587859667,304,31,12,"[{'block': None, 'base_level': 'Stilt', 'floor_segments': ['19 Floors'], 'total_floors_above_base': 19}]",[],266407,486349,1.83,2.0,2.0,347,10741,6897.0,13546,0.43,0.51,21670591,1600,False,False,False,0,False,Chennai,Residential,False,,False,False,False
ARUNA DELIGHT,TNRERA/29/BLG/0105/2026,"Proposed Construction of Stilt Floor (Parking) + 2 Floors + 3rd Floor part (12.60m Height) Residential building with 16 Dwelling units at Old Door No.152, New Door No.104, Mettu Street, Ayanavaram, Chennai 600023 comprised in Paimash No.980, T.S.No.84, Block No.28 of Ayanavaram Village within the limits of Greater Chennai Corporation.",Chennai,13.095258,80.233084,Residential,Non-High Rise Building (NHRB),900,0,1747,0,16,120000000,60866302,,180866302,11,0,1,"[{'block': None, 'base_level': 'Stilt', 'floor_segments': ['2 Floors', '3rd Floor'], 'total_floors_above_base': 3}]",[],9684,18800,1.94,2.0,2.0,12,12392,3238.0,9621,0.66,0.34,11304144,1175,False,False,False,0,False,Chennai,Residential,False,,False,False,False
WESTIN ENCLAVE,TNRERA/29/BLG/0108/2026,"Plot No.26, 27 & 28, Sriram Nagar Main Road, S.No. 206/9A & 9B of Nolambur Village, Maduravoyal Taluk, Chennai District. Zone - 11, Division - 143.",Chennai,13.074034,80.167674,Residential,Non-High Rise Building (NHRB),585,0,1555,,15,113400000,141416800,,254816800,12,2,1,[],[],6300,16741,2.66,2.0,2.0,15,18000,8447.0,15221,0.45,0.55,16987787,1116,False,False,False,0,False,Chennai,Residential,False,,False,False,False
176@DEFENCE COLONY,TNRERA/29/BLG/0110/2026,"Stilt + 5 Floors Residential Building with 9 Dwelling units Availing Premium FSI at Plot No. 176, Defence Officers Colony, 13th Cross Street, Ekkatuthangal, Chennai - 600032, Comprised in Old S.No.163/1, New S.No.163/1D of Nandambakkam Village, Alandur Taluk, Chennai District, Within the Limits of Greater Chennai Corporation",Chennai,13.025706,80.2201856,Residential,Non-High Rise Building (NHRB),550,0,1330,0,9,45000000,65000000,,110000000,7,4,1,"[{'block': None, 'base_level': 'Stilt', 'floor_segments': ['5 Floors'], 'total_floors_above_base': 5}]",[],5920,14318,2.42,2.0,2.0,12,7601,4540.0,7683,0.41,0.59,12222222,1591,False,False,False,0,False,Chennai,Residential,False,,False,False,False
SUBIKSHA RADHA,TNRERA/29/BLG/0111/2026,"STILT+ 5FLOORS RESIDENTIAL BUILDING, WITH 15 DWELLING UNITS.",Chennai,13.05422,80.22976,Residential,Non-High Rise Building (NHRB),510,0,1510,,15,35300000,35000000,,70300000,10,3,1,"[{'block': None, 'base_level': 'Stilt', 'floor_segments': ['5FLOORS'], 'total_floors_above_base': 5}]",[],5490,16257,2.96,2.0,2.0,14,6429,2153.0,4324,0.5,0.5,4686667,1084,False,False,False,0,False,Chennai,Residential,False,,False,False,False
TEJAS,TNRERA/29/BLG/0113/2026,"Proposed construction of High-Rise Building Consists of Stilt Floor(part) & Ground Floor (part) + 10 Floors Residential Building (36.00m Height) with 10 Dwelling Units Availing Premium FSI at Plot No. 24, Old Door No. 92, New Door No. 16, Poes Gardens, Chennai- 600086, Comprised in R.S. No. 1567/30, Block No. 31 of Mylapore Village, Mylapore Taluk within the Limits of Greater Chennai Corporation applied by M/s Vishranthi Homes Pvt Ltd represented by its authorized signatory CR Devendra GPA for Yohan Basu Vetteh and 9 others",Chennai,13.043501,80.253219,Residential,High Rise Building (HRB),1378,3671,0,,10,0,294176000,,294176000,7,24,2,"[{'block': None, 'base_level': 'Ground', 'floor_segments': ['10 Floors'], 'total_floors_above_base': 10}]",[],14831,39512,2.66,2.0,4.87,33,0,7445.0,7445,0.0,1.0,29417600,3951,False,False,False,0,False,Chennai,Residential,False,,False,False,False
KURINJI,TNRERA/29/BLG/0117/2026,"Stilt Floor + 3 Floors residential building with 12 dwelling units availing Premium FSI with TOD Benefit Plot No.42 & 50 Part, New Door No.36, Old Door No.24, Masilamani Road, Balaji Nagar, Royapettah, Chennai - 600014, Comprised in R.S.No.623/6, Block No.10 & 629/10, Block No.11 of Mylapore Village",Chennai,13.049466,80.265885,Residential,Non-High Rise Building (NHRB),656,0,1347,0,12,120000000,46000000,,166000000,12,1,1,"[{'block': None, 'base_level': 'Stilt', 'floor_segments': ['3 Floors'], 'total_floors_above_base': 3}]",[],7067,14498,2.05,2.0,2.0,14,16982,3173.0,11450,0.72,0.28,13833333,1208,False,False,False,0,False,Chennai,Residential,False,,False,False,False
THARAYIL,TNRERA/29/BLG/0122/2026,"The proposed construction of Stilt floor + 4 floors (Height – 16.0m) Residential with 12 Dwelling units Availing Premium FSI at Plot No.31, Vanchinathan Street, Balaiah Garden, Madipakkam, Chennai 600091 comprised in Old S.No.220/1 & 220/28, New S.No.220/139 of Madipakkam Village within the limits of Greater Chennai Corporation.",Chennai,12.966981,80.197907,Residential,Non-High Rise Building (NHRB),539,0,1222,,12,164374353,50000000,,214374353,6,8,2,"[{'block': None, 'base_level': 'Stilt', 'floor_segments': ['4 floors'], 'total_floors_above_base': 4}]",[16.0],5807,13150,2.26,2.0,2.0,16,28307,3802.0,16302,0.77,0.23,17864529,1096,False,False,False,0,False,Chennai,Residential,False,,False,False,False
RAJSHRI,TNRERA/29/BLG/0129/2026,construction of Stilt Floor + 4 Floors + 5th Floor Part,Chennai,13.058265,80.245658,Residential,Non-High Rise Building (NHRB),653,0,1680,,10,120000000,40000000,,160000000,14,3,2,"[{'block': None, 'base_level': 'Stilt', 'floor_segments': ['4 Floors', '5th Floor'], 'total_floors_above_base': 5}]",[],7029,18080,2.57,2.0,2.0,19,17073,2212.0,8850,0.75,0.25,16000000,1808,False,False,False,0,False,Chennai,Residential,False,,False,False,False
NEST BEYONCE,TNRERA/29/BLG/0133/2026,NEST BEYONCE,Chennai,12.871115,80.200224,Residential,Non-High Rise Building (NHRB),4789,0,13298,,118,112984380,760069360,,873053740,65,53,8,[],[],51553,143140,2.78,2.0,2.0,126,2192,5310.0,6099,0.13,0.87,7398761,1213,False,False,False,0,False,Chennai,Residential,False,,False,False,False
SHREYAS BY SANNAREDDY HOMES,TNRERA/29/BLG/0135/2026,"Plot Nos.10 & 11, New Door Nos.45 & 47, Old Door Nos.25 & 26, Rukmani Road, Kalakshetra Colony, Besant Nagar, Chennai – 600 090, comprised in Old Survey Nos.161/2 and 161/3 (part), Town Survey No.21, Block No.51, Ward-1 of Thiruvanmiyur Village, Velachery Taluk, Chennai District and within the limit of Greater Chennai Corporation.",Chennai,12.994473,80.26695,Residential,Non-High Rise Building (NHRB),771,0,1572,,14,105128640,60785319,,165913959,8,7,2,[],[],8304,16924,2.04,2.0,2.0,17,12660,3592.0,9803,0.63,0.37,11850997,1209,False,False,False,0,False,Chennai,Residential,False,,False,False,False
SHIRINIVOS APARTMENTS,TNRERA/29/BLG/0137/2026,"Building at New Door No.19, Old Door No.37, Cenotaph Road 1st Lane, Teynampet, Chennai 600018, comprised in Old R.S.No.3847/12, 3847/16, 3447/17, 3847/18 & 3847/21 (Document), New R.S.No.3847/59 (Patta), Block No.76 of Mylapore Village within the limit of Greater Chennai Corporation",Chennai,14.646688,23.794694,Residential,Non-High Rise Building (NHRB),541,0,1405,,10,145500000,88490772,,233990772,4,6,1,[],[],5823,15119,2.6,2.0,2.0,11,24986,5853.0,15477,0.62,0.38,23399077,1512,False,False,False,0,False,Chennai,Residential,False,,False,False,False
-,TNRERA/29/BLG/0139/2026,"At Plot No.663, Old Door No.103, New Door No.85 D-Block, 2nd Avenue & 1st Avenue Road, Anna Nagar East, Chennai- 102. In Old S.No.2/1b(Pt),71/1(Pt), T.S.No.3 Block No.6 Of Periyakuidal Village Within The Limits Of Greater Chennai Corporation.",Chennai,13.05068,80.13278,Commercial,Non-High Rise Building (NHRB),640,0,0,1196,,104000000,10000000,,114000000,14,1,0,[],[],6887,12872,1.87,2.0,2.0,15,15101,3682.0,8856,0.91,0.09,57000000,0,False,True,False,1,False,Chennai,Commercial,False,,False,True,True
SRI RAMACHANDRA,TNRERA/29/BLG/0141/2026,PROPOSED PROJECT CONSTRUCTION OF STILT FLOOR + 4 FLOORS + 5TH FLOOR PART RESIDENTIAL BUILDING WITH 9 DWELLING UNITS,Chennai,13.034641,80.214786,Residential,Non-High Rise Building (NHRB),796,0,2165,,9,18749000,95552000,,114301000,9,12,2,"[{'block': None, 'base_level': 'Stilt', 'floor_segments': ['4 FLOORS', '5TH FLOOR'], 'total_floors_above_base': 5}]",[],8568,23299,2.72,2.0,2.0,23,2188,4101.0,4906,0.16,0.84,12700111,2589,False,False,False,0,False,Chennai,Residential,False,,False,False,False
KCEE VARUNI,TNRERA/29/BLG/0142/2026,"Plot no - 34, Old Door No.4, New No.7, Padmavathy Road, Jeypore Nagar, Gopalapuram, Comprised In R.S.No. 67, 67/2, 69, 69/3 & 82 (Document) R.S.No. 67/64 (Patta), Block No.4 of Mylapore Village within the limits of Greater Chennai Corporation.",Chennai,13.053813,80.256387,Residential,Non-High Rise Building (NHRB),669,0,1856,,10,110880000,89146500,,200026500,15,0,2,[],[],7200,19975,2.77,2.0,2.0,17,15400,4463.0,10014,0.55,0.45,20002650,1997,False,False,False,0,False,Chennai,Residential,False,,False,False,False
SANBEES HOTEL PVT LTD,TNRERA/29/BLG/0148/2026,"AIR CONDITIONED CINEMA THEATRE, EAST COAST ROAD, INJAMBAKKAM, CHENNAI – 600 115. Survey No. 165/176A1, 165/176A2, 165/176A3, 165/176A4, 165/176A5, 165/176A6, 165/176A7, 165/176A8, Injambakkam Village, Sholinganallur Taluk, Greater Chennai Corporation.",Chennai,12.93198,80.252118,Commercial,Non-High Rise Building (NHRB),12140,0,0,7622,,817700000,172300000,,990000000,100,99,123,[],[],130679,82037,0.63,2.0,2.0,322,6257,2100.0,12068,0.83,0.17,,,False,False,False,0,False,Chennai,Commercial,False,,False,False,False
NEST UNIQUE,TNRERA/29/BLG/0149/2026,NEST UNIQUE,Chennai,12.866788,80.199649,Residential,Non-High Rise Building (NHRB),3104,0,8691,,79,43356782,541078203,,584434985,14,60,2,[],[],33411,93548,2.8,2.0,2.0,76,1298,5784.0,6247,0.07,0.93,7397911,1184,False,False,False,0,False,Chennai,Residential,False,,False,False,False
-,TNRERA/29/BLG/0154/2026,"Stilt floor (Mechanized Pit Puzzle Parking) + 3 Floors Commercial (Retail/Showroom) Building (14.00m Height) availing Premium FSI with TOD Benefits at Plot No. 4951, Old Door No. AC-64/1, New Door No. 254/1, AC Block 4th Avenue and 5th Avenue, Anna Nagar, Chennai – 600040, Comprised in Old S.No. 69 part, 73 part & 74 part, T.S.No. 158, Block No. 1B of Naduvakkarai Village within the limits of Greater Chennai Corporation- Tamil Nadu",Chennai,13.08276180499992,80.21034671685649,Commercial,Non-High Rise Building (NHRB),530,0,0,1060,,82650000,58087388,,140737388,15,1,0,"[{'block': None, 'base_level': 'Stilt', 'floor_segments': ['3 Floors'], 'total_floors_above_base': 3}]",[],5700,11414,2.0,2.0,2.0,16,14500,5089.0,12330,0.59,0.41,,,False,False,False,0,False,Chennai,Commercial,False,,False,False,False
BRINDAVAN,TNRERA/29/BLG/0159/2026,Stilt floor + 5 floors,Chennai,13.003684,80.255506,Residential,Non-High Rise Building (NHRB),1012,0,2823,,16,250000000,120000000,,370000000,25,1,2,"[{'block': None, 'base_level': 'Stilt', 'floor_segments': ['5 floors'], 'total_floors_above_base': 5}]",[],10888,30384,2.79,2.0,2.0,28,22962,3949.0,12177,0.68,0.32,23125000,1899,False,False,False,0,False,Chennai,Residential,False,,False,False,False
Sreshta Maudgalya,TNRERA/29/BLG/0161/2026,Stilt + 4 Floors + 5th Floor Part,Chennai,13.0189,80.2227,Residential,High Rise Building (HRB),994,0,2773,,18,225480170,146792900,,372273070,13,12,0,"[{'block': None, 'base_level': 'Stilt', 'floor_segments': ['4 Floors', '5th Floor'], 'total_floors_above_base': 5}]",[],10697,29843,2.79,2.0,4.87,25,21079,4919.0,12474,0.61,0.39,20681837,1658,False,False,False,1,True,Chennai,Residential,False,,False,False,False
SHIVALAYA,TNRERA/29/BLG/0165/2026,"Stilt floor (Parking) + 5 floors Residential Building with 10 dwelling units (Height -18.25m) availing Premium FSI with TOD benefit at Door no.38, Plot no 73, T.M.Sundarajan Road/ West Circular Road, Mandavelipakkam, Chennai 600028 comprised in Old R.S. No.4434, New R.S.No. 4311/84 (Patta), Block no 97 of Mylapore village within the limits of Greater Chennai Corporation.",Chennai,13.06,80.11,Residential,Non-High Rise Building (NHRB),530,0,1422,,10,100000000,120000000,,220000000,11,0,1,"[{'block': None, 'base_level': 'Stilt', 'floor_segments': ['5 floors'], 'total_floors_above_base': 5}]",[18.25],5699,15309,2.69,2.0,2.0,12,17545,7839.0,14371,0.45,0.55,22000000,1531,False,False,False,0,False,Chennai,Residential,False,,False,False,False
HARMONY MAHALAKSHMI,TNRERA/29/BLG/0169/2026,"Proposed Construction of Stilt floor + 4 floors + 5th floor part (Height – 18.30m) Residential with 15 Dwelling units Availing Premium FSI at Plot No.5 & 6, Beach Road, Lakshmipuram, Mahalakshmi Avenue, Thiruvanmiyur , Chennai-41 comprised in Old S.No.162/10pt and T.S.No.8/1 & 8/2, Block No.49, Ward 1 of Thiruvanmiyur Village within the limits of Greater Chennai Corporation.",Chennai,12.993648,80.262047,Residential,Non-High Rise Building (NHRB),610,0,1706,,15,35000000,163434000,,198434000,13,4,2,"[{'block': None, 'base_level': 'Stilt', 'floor_segments': ['4 floors', '5th floor'], 'total_floors_above_base': 5}]",[18.3],6566,18364,2.8,2.0,2.0,19,5331,8900.0,10806,0.18,0.82,13228933,1224,False,False,False,0,False,Chennai,Residential,False,,False,False,False
BLUEMOON SEA BREEZE,TNRERA/29/BLG/0171/2026,"Stilt Floor + 5 Floors Residential Building (Height-18.25m) with 35 Dwelling Units availing premium FSI at Door No. H54, South Avenue Road, Kamaraj Nagar, Thiruvanmiyur, Chennai comprised in Old S.No.78/4,5,16pt and T.S.No.71, Block No.40, of Thiruvanmiyur Village, Vealchery Taluk within the Limits of Greater Chennai Corporation",Chennai,12.981759,80.257256,Residential,Non-High Rise Building (NHRB),1326,,3116,,35,82994023,240922100,,323916123,28,0,0,"[{'block': None, 'base_level': 'Stilt', 'floor_segments': ['5 Floors'], 'total_floors_above_base': 5}]",[18.25],14274,33544,2.35,2.0,2.0,28,5814,7182.0,9656,0.26,0.74,9254746,958,False,False,True,0,False,Chennai,Residential,False,,False,False,False
AANIRUDH JAGATHGURU,TNRERA/29/BLG/0172/2026,Stilt floor (Parking) + 5 Floors Residential Building with 15 Dwelling Units,Chennai,12.982313,80.187037,Residential,Non-High Rise Building (NHRB),503,0,1284,,15,75000000,75100000,,150100000,9,4,1,"[{'block': None, 'base_level': 'Stilt', 'floor_segments': ['5 Floors'], 'total_floors_above_base': 5}]",[],5414,13823,2.55,2.0,2.0,14,13852,5433.0,10859,0.5,0.5,10006667,922,False,False,False,0,False,Chennai,Residential,False,,False,False,False
Sivarams Homes Preetha Foundation's Bethel,TNRERA/29/BLG/0174/2026,"The Proposed Construction of Stilt Floor + 5 Floors Residential Building with 15 Dwelling Units At No 16 & 18, AGS Colony 2nd Main Road, Velachery, Chennai - 600042 Comprised in old S.No.609/1 (As per Document), New S.No.44, Block No .151",Chennai,12.97877168744343,80.2095033783,Residential,Non-High Rise Building (NHRB),528,0,1685,,15,22740718,60827522,,83568240,10,1,1,"[{'block': None, 'base_level': 'Stilt', 'floor_segments': ['5 Floors'], 'total_floors_above_base': 5}]",[],5685,18140,3.19,2.0,2.0,12,4000,3353.0,4607,0.27,0.73,5571216,1209,False,False,False,0,False,Chennai,Residential,False,,False,False,False
Arihant Ventura,TNRERA/29/BLG/0178/2026,"Commercial project at Plot No.29 (NP), TANSIDCO Industrial Estate, Guindy, Chennai – 600 032",Chennai,13.025206,80.208293,Commercial,High Rise Building (HRB),2347,0,0,6482,,348800000,450500000,,799300000,75,27,0,[],[],25263,69774,2.76,2.0,4.87,102,13807,6457.0,11456,0.44,0.56,,,False,False,False,0,False,Chennai,Commercial,False,,False,False,False
RAMS APOLLO,TNRERA/29/BLG/0181/2026,"CONSTRUCTION OF STILT FLOOR + 2 FLOORS + 3RD FLOOR PART (HEIGHT 12.30M) RESIDENTIAL BUILDING WITH 14 DWELLING UNITS AT OLD DOOR NO.119, NEW DOOR NO. 53, PERIYAR PATHAI, CHOOLAIMEDU, CHENNAI-600094, COMPRISED IN T.S. NO.78, BLOCK NO. 1 OF PULIYUR VILLAGE, EGMORE TALUK WITHIN THE LIMITS OF GREATER CHENNAI CORPORATION- CHENNAI DISTRICT State TAMILNADU",Chennai,13.05858,80.21407,Residential,Non-High Rise Building (NHRB),644,0,1272,,14,86580000,52500000,,139080000,11,0,1,"[{'block': None, 'base_level': 'Stilt', 'floor_segments': ['2 FLOORS', '3RD FLOOR'], 'total_floors_above_base': 3}]",[12.3],6927,13692,1.98,2.0,2.0,12,12500,3834.0,10158,0.62,0.38,9934286,978,False,False,False,0,False,Chennai,Residential,False,,False,False,False
CASAGRAND AQUAGROVE,TNRERA/29/BLG/0183/2026,"Proposed Construction of High Rise Group Development with Extended 2nd Basement Floor For Block –1, Combined Extended 1st Basement Floor For Block – 1, 2 & 3, Block 1: Ground Floor + 26 Floors (188 Dwelling Units), Block 2: Ground Floor + 26 Floors (188 Dwelling Units), Block 3: Ground Floor + 28 Floors (168 Dwelling Units) with Club House at Ground Floor and Open Swimming Pool (Totally 544 Dwelling Units), Ambattur – Puzhal Main Road, Chennai Comprised in Survey Nos: 48/1A1B, 49/1A, 50/1A1, 50/1A2, 50/1B, 50/1C, 50/2A, 50/2B, 52/1A, 52/1B, 52/2A, 52/2B, 52/3A, 52/3B, 52/4B1, 52/4B2, 52/4B3 & 53/3A of Soorapattu Village, Madhavaram Taluk, Chennai District within the Limits of Greater Chennai Corporation",Chennai,13.152897,80.193483,Residential,High Rise Building (HRB),26950,0,85802,1523,544,1310000000,4840000000,,6150000000,778,0,78,"[{'block': 'Block –1, Combined Extended 1st Basement Floor For Block – 1, 2 & 3, Block 1', 'base_level': 'Ground', 'floor_segments': ['26 Floors'], 'total_floors_above_base': 26}, {'block': 'Block 2', 'base_level': 'Ground', 'floor_segments': ['26 Floors'], 'total_floors_above_base': 26}, {'block': 'Block 3', 'base_level': 'Ground', 'floor_segments': ['28 Floors'], 'total_floors_above_base': 28}]",[],290087,939963,3.24,2.0,4.87,856,4516,5149.0,6543,0.21,0.79,,,False,True,False,0,False,Chennai,Residential,False,,False,False,False
CASAGRAND VIENNA https://rera.tn.gov.in/public-view2/building/pfirm/9885a6e0-4e00-11f1-a974-7b4bc5ad08a4,TNRERA/29/BLG/0184/2026,"Proposed Construction of High-Rise Group Development Residential Building Consist of 4 Blocks with Extended Cum Combined Double Basement Floors (Meant For Parking & Pump Room); Block-1 : Ground Floor (Part) / Stilt Floor (Part) + 1st Floor to 10th Floor + 11th Floor with 77 Dwelling Units with Swimming Pool at Terrace Floor Level; Block-2: Ground Floor + 1st Floor to 5th Floor with 9 Dwelling Units, Block-3: Ground Floor + 1 st Floor & 2nd Floor with 6 Dwelling Units, Block-4: Ground Floor + 1st Floor to 5th Floor with 6 Dwelling Units, Totally 98 Dwelling Units Abutting at Lattice Bridge High Road Comprised in New T.S.No: 2/183, 2/184, 2/185 & 2/186 (Old T.S.No: 2/5, 2/9, 2/159 & 2/160) (Old.S.Nos: 64 Part, 66/1 Part, 67/1 Part, 71/1 Part, 72 Part & 73 Part) in Block No.22 of Urur Village, Velachery",Chennai,13.001997,80.257046,Residential,High Rise Building (HRB),7090,0,18761,828,98,1620000000,1520000000,,3140000000,147,9,16,"[{'block': None, 'base_level': 'Ground', 'floor_segments': ['1st Floor', '10th Floor', '11th Floor', 'Terrace Floor', '1st Floor', '5th Floor', '2nd Floor', '1st Floor', '5th Floor'], 'total_floors_above_base': 9}]",[],76311,210859,2.76,2.0,4.87,172,21229,7209.0,14891,0.52,0.48,32040816,2061,False,False,False,0,False,Chennai,Residential,False,,False,False,False
KCEE KALPAVRIKSHA,TNRERA/29/BLG/0185/2026,"Proposed Construction of Stilt + 5 floors (Heigth 18.30m) Residential Building with 9 Dwelling Units availing Premium with tod benefit at Door No.3/F1 to 3/F6, G Block, 55th Street, Ashok Nagar, Chennai comprised in TS No.8/7, Block No.71 of Kodambakkam(part 2) Village, Mambalam Taluk within the limits of Greater Chennai Corporation.",Chennai,13.032018,80.213017,Residential,Non-High Rise Building (NHRB),550,0,1416,,9,39072000,55401350,,94473350,12,1,1,"[{'block': None, 'base_level': 'Stilt', 'floor_segments': ['5 floors'], 'total_floors_above_base': 5}]",[],5920,15243,2.57,2.0,2.0,14,6600,3635.0,6198,0.41,0.59,10497039,1694,False,False,False,0,False,Chennai,Residential,False,,False,False,False
SAI PRESTIGE,TNRERA/29/BLG/0186/2026,"The proposed construction of Stilt floor + 5 floors (Height – 18.30m) Residential Building with 10 dwelling units at Plot No.439 & 440, 2nd Main Road, Kamakoti Nagar, Pallikaranani, Chennai 600100 comprised in S.No.645/12 & 645/22 of Pallikaranai Village within the limit of Greater Chennai Corporation",Chennai,12.562369999999998,80.12497,Residential,Non-High Rise Building (NHRB),596,0,1594,,10,50000000,80000000,,130000000,5,6,1,"[{'block': None, 'base_level': 'Stilt', 'floor_segments': ['5 floors'], 'total_floors_above_base': 5}]",[18.3],6415,17157,2.67,2.0,2.0,12,7794,4663.0,7577,0.38,0.62,13000000,1716,False,False,False,1,False,Chennai,Residential,False,,False,False,False
RAMANIYAM ANANTIYA,TNRERA/29/BLG/0188/2026,"High Rise Building (HRB) consisting of Stilt floor + 9 floors Residential building with 30 dwelling units (Height 30.00 M) at Plot No.161, Old Door No.49, New Door No.107, Gandhi Nagar First Main Road along with Durgabai Deshmukh Road, Adyar, Chennai-600 020 comprised in old S.No : 49 /1 part, R.S No.40 (as per document) and T.S.No.40 as per patta, Ward No.1of Urur village, Velachery Taluk, Within the limit of Greater Chennai Corporation.",Chennai,13.0086,80.2587,Residential,High Rise Building (HRB),1248,0,3890,,30,206868200,136690621,,343558821,16,12,3,"[{'block': None, 'base_level': 'Stilt', 'floor_segments': ['9 floors'], 'total_floors_above_base': 9}]",[30.0],13433,41873,3.12,2.0,4.87,31,15400,3264.0,8205,0.6,0.4,11451961,1396,False,False,False,0,False,Chennai,Residential,False,,False,False,False
JMB ALAYA,TNRERA/29/BLG/0190/2026,"Stilt Floor (parking)+ 5 Floors (Height 18.30 m) Residential Building with 10 dwelling units Availing Premium FSI at Plot No.9B & 18B, New Door No.2, Old Door No.9, Sivasailam Street, T.Nagar, Chennai-600017 Comprised in Old T.S.No.8124/1 and New T.S.No.8124/3 & 8124/5 , Block No.107 of Theyagarayar Nagar Village within the limits of Greater Chennai Corporation",Chennai,10.98597,50.986478,Residential,Non-High Rise Building (NHRB),523,0,1356,,10,85000000,6500000,,91500000,9,1,1,"[{'block': None, 'base_level': 'Stilt', 'floor_segments': ['5 Floors'], 'total_floors_above_base': 5}]",[18.3],5627,14595,2.59,2.0,2.0,11,15106,3682.0,6269,0.93,0.07,9150000,1459,False,False,False,0,False,Chennai,Residential,False,,False,True,True
HARMONY RAMPRASAD,TNRERA/29/BLG/0193/2026,"Stilt Floor + 5Floors Residential building (Height -18.30m) with 17 dwelling units Availing Premium FSI with TOD Benefits at Plot Nos. C 731 & C 732, New Door No.11,Old Door No.42 & 43, 12th Avenue, Ashok Nagar, Chennai - 600 083 Comprised in T.S.Nos.14& 15, Old S.Nos.274/2 Part, Block No.75 of Kodambakkam Part - 2 Village within the limits of Greater Chennai Corporation",Chennai,13.030778,80.209941,Residential,Non-High Rise Building (NHRB),721,0,2015,,17,8400000,110966000,,119366000,16,2,2,"[{'block': None, 'base_level': 'Stilt', 'floor_segments': ['5Floors'], 'total_floors_above_base': 5}]",[18.3],7760,21689,2.8,2.0,2.0,20,1082,5116.0,5504,0.07,0.93,7021529,1276,False,False,False,0,False,Chennai,Residential,False,,False,False,False
“Lancor Ananya”,TNRERA/29/BLG/0194/2026,"Residential Building situate at Old No.5, New No.15, Bakthavatchalam Salai (Warren Road), Mylapore, Chennai – 600 004, comprised in R S No. 3580/4 Part, New R S No. 3580/35, (as per patta), Block No. 71, Mylapore Village, Mylapore Taluk, Chennai District",Chennai,13.0345,80.260312,Residential,High Rise Building (HRB),2697,0,7528,0,48,166317426,408072074,,574389500,44,25,6,[],[],29030,81026,2.79,2.0,4.87,75,5729,5036.0,7089,0.29,0.71,11966448,1688,False,False,False,0,False,Chennai,Residential,False,,False,False,False
ASV CRN BUSINESS PARK,TNRERA/29/BLG/0196/2026,"CMDA - Enforcement Cell (South-II Division) Completion Certificate for the completed construction of Multistoried Building with Basement Floor + Stilt Floor + 8 Floors + 9th Floor (part) Office purpose at Door No.13, Mount- Poonamallee Road, Nandambakkam, Chennai - 600 069 bearing S.Nos.33/2C2B, 2C2C and 3C2 of Nandambakkam Village within the limits of Greater Chennai Corporation",Chennai,13.017709,80.188217,Commercial,High Rise Building (HRB),4046,0,0,10035,,346104000,241102080,,587206080,77,7,9,"[{'block': None, 'base_level': 'Basement', 'floor_segments': ['8 Floors', '9th Floor'], 'total_floors_above_base': 9}]",[],43551,108015,2.48,2.0,4.87,93,7947,2232.0,5436,0.59,0.41,,,False,False,False,0,False,Chennai,Commercial,False,,False,False,False
JKB GANAPATH,TNRERA/29/BLG/0197/2026,"Door No.71, 71/2, Ganapathy Street, West Mambalam, Chennai - 600033, Comprised in Old T.S.No.30/1, New T.S.No.30/5 & 30/9, Block No.48 of Puliyur Village",Chennai,13.04314,80.2247,Residential,Non-High Rise Building (NHRB),935,0,2430,0,24,85000000,83000000,,168000000,19,3,2,[],[],10064,26160,2.6,2.0,2.0,24,8446,3173.0,6422,0.51,0.49,7000000,1090,False,False,False,0,False,Chennai,Residential,False,,False,False,False
-,TNRERA/29/BLG/0202/2026,"Stilt Floor + 5 Floors Residential Building (Height- 18.30m) with 15 Dwelling Units availing premium FSI at Old Door No.3, New Door No.4, Lake Area 7th Cross street, Nungambakkam, Chennai comprised in Old R.S.No.578/2 and New R.S.No.811/2, Block No.34 of Nungambakkam village, Egmore Taluk within the limits of Greater Chennai Corporation",Chennai,13.05,80.23,Residential,Non-High Rise Building (NHRB),891,0,2418,,15,165000000,300000000,,465000000,20,3,3,"[{'block': None, 'base_level': 'Stilt', 'floor_segments': ['5 Floors'], 'total_floors_above_base': 5}]",[18.3],9591,26028,2.71,2.0,2.0,26,17204,11526.0,17865,0.35,0.65,31000000,1735,False,False,False,0,False,Chennai,Residential,False,,False,False,False
PKS SAI BLISS,TNRERA/29/BLG/0206/2026,"STILT + 5 FLOORS at Plot Nos. 29A, 29B & 30, Subramanian Colony, Velachery, Chennai – 600 042, Comprised in S. No. 317/1C (Document), T.S. Nos. 37/1, 37/2, 37/3, 37/4, 38/1, 38/2, 38/3 & 38/4, Block No. – 188 (Patta) of Velachery Village within the limits of Greater Chennai Corporation, Zone – 13, Division - 177, Tamil Nadu State.",Chennai,12.969004,80.219186,Residential,Non-High Rise Building (NHRB),773,0,2008,,19,57435800,50775000,,108210800,15,3,2,"[{'block': None, 'base_level': 'Stilt', 'floor_segments': ['5 FLOORS'], 'total_floors_above_base': 5}]",[],8320,21618,2.6,2.0,2.0,20,6903,2349.0,5006,0.53,0.47,5695305,1138,False,False,False,0,False,Chennai,Residential,False,,False,False,False
MADISON BY DAC,TNRERA/29/BLG/0208/2026,"New Door No. 58/11, Old Door No. 60/11, Rajam Apartments, Muthukrishnan Street & Narasimman Street, Collector’s Colony, Aminjikkarai, Chennai – 600 029, comprised in Old S.No. 17/1 & 17/2A Part and T.S. No:9/4, Block No. 4, of Vada Agaram village within the limits of Greater Chennai Corporation.",Chennai,13.071408,80.221092,Residential,Non-High Rise Building (NHRB),857,0,2133,,20,82500000,68629128,,151129128,21,0,2,[],[],9225,22962,2.49,2.0,2.0,23,8943,2989.0,6582,0.55,0.45,7556456,1148,False,False,False,0,False,Chennai,Residential,False,,False,False,False
ROMAA'S DARREN,TNRERA/29/BLG/0210/2026,2BHK & 3BHK APARTMENT AT NOLAMBUR,Chennai,13.042850000000001,80.10013000000001,Residential,Non-High Rise Building (NHRB),1200,0,2979,,35,55000000,220000000,,275000000,28,0,3,[],[],12917,32067,2.48,2.0,2.0,31,4258,6861.0,8576,0.2,0.8,7857143,916,False,False,False,1,False,Chennai,Residential,False,,False,False,False
PRIYA ICON,TNRERA/29/BLG/0211/2026,Basement( Parking)+ Stlit+5 floors Residential building with dwelling 45 units,Chennai,13.018709,80.167624,Residential,Non-High Rise Building (NHRB),2428,0,6303,0,45,110000000,330782025,,440782025,78,10,5,"[{'block': None, 'base_level': 'Basement', 'floor_segments': ['5 floors'], 'total_floors_above_base': 5}]",[],26136,67848,2.6,2.0,2.0,93,4209,4875.0,6497,0.25,0.75,9795156,1508,False,False,False,0,False,Chennai,Residential,False,,False,False,False
Sri Ragavendra Enclave,TNRERA/29/BLG/0216/2026,"Planning Permission for the proposed Construction of Stilt Floor + 4 Floors + 5th Floor (Part) (Height 18.30m) Residential Building with 20 Dwelling Units (Affordable Housing) at plot Nos. 49, 50 & 51, Sakthi Avenue (CMDA Approved Layout Vide PPD/L.O No. 142/1993), Gerugambakkam, Chennai 600 128 Comprised in Old S.No. 109 (Part), as per Patta New S.No. 109/1C, 109/1D & 109/1E of Gerugambakkam Village, within the limits of Kundrathur Panchayat Union",Chennai,13.015674687035371,80.13871182943895,Residential,Non-High Rise Building (NHRB),700,0,1817,,20,80000000,90000000,,170000000,14,6,1,"[{'block': None, 'base_level': 'Stilt', 'floor_segments': ['4 Floors', '5th Floor'], 'total_floors_above_base': 5}]",[18.3],7535,19563,2.6,2.0,2.0,21,10618,4601.0,8690,0.47,0.53,8500000,978,False,False,False,0,False,Chennai,Residential,False,,False,False,False
ADITYARAM PALCE CITY ROYAL,TNRERA/29/BLG/0217/2026,"S.NOS.99-1A & OTHERS, SHOLINGANALLUR -II VILLAGE, TALUK- CHENNAI",Chennai,12.53291,80.14342,Residential,Non-High Rise Building (NHRB),3345,0,3345,0,9,126454500,107389360,,233843860,15,15,0,[],[],36003,36003,1.0,2.0,2.0,30,3512,2983.0,6495,0.54,0.46,25982651,4000,False,False,False,0,False,Chennai,Residential,False,,False,False,False
VENKATADRI,TNRERA/29/BLG/0219/2026,STILT+5 FLOORS,Chennai,12.963444,80.194909,Residential,Non-High Rise Building (NHRB),657,,1544,,10,30000000,90000000,,120000000,7,3,1,"[{'block': None, 'base_level': 'Stilt', 'floor_segments': ['5 FLOORS'], 'total_floors_above_base': 5}]",[],7072,16619,2.35,2.0,2.0,11,4242,5415.0,7221,0.25,0.75,12000000,1662,False,False,True,0,False,Chennai,Residential,False,,False,False,False
-,TNRERA/29/BLG/0222/2026,"Completed Construction work of Stilt + 5 Floors Office cum Residential Building with One Dwelling Unit comprised in DOOR NO. OLD NO. 12, NEW NO. 5, BLOCK NO.1, PLOT NO. 270-C, T.S.NO. 118/8, E-BLOCK, 1ST STREET, ANNA NAGAR EAST, PERIA KUDAL – Village, AMINJIKARAI – Taluk, CHENNAI – 600102, District CHENNAI, State TAMILNADU, within the limit of Greater Chennai Corporation Zone – VIII, Division-101 , Measuring......640.50 sq.mts (as per Patta) area being developed by M/s / Thiru / HEXEL REALTORS PRIVATE LIMITED .",Chennai,13.08662,80.21965,Commercial,Non-High Rise Building (NHRB),640,0,118,1080,,70000000,80000000,,150000000,9,1,1,"[{'block': None, 'base_level': 'Stilt', 'floor_segments': ['5 Floors'], 'total_floors_above_base': 5}]",[],6894,12896,1.87,2.0,2.0,11,10153,6203.0,11632,0.47,0.53,,,False,False,False,0,False,Chennai,Commercial,False,,False,False,False
OHPL - OPERA ANANDAM,TNRERA/29/BLG/0224/2026,"Proposed construction of Stilt Floor + 4 Floors + 5th Floor part Residential Building (Height- 18.30m) with 15 Dwelling Units availing premium FSI with TOD benefit at Door No.54/224, Choolaimedu High Road, Choolaimedu, chennai comprised in T.S. No.138, Block No.20 of Puliyur Village, Egmore Taluk within the limits of Greater Chennai corporation",Chennai,13.062163,80.230162,Residential,Non-High Rise Building (NHRB),550,0,1357,,15,100000000,60000000,,160000000,11,3,1,"[{'block': None, 'base_level': 'Stilt', 'floor_segments': ['4 Floors', '5th Floor'], 'total_floors_above_base': 5}]",[18.3],5915,14604,2.47,2.0,2.0,15,16907,4108.0,10956,0.62,0.38,10666667,974,False,False,False,0,False,Chennai,Residential,False,,False,False,False
RAMANIYAM SABARI,TNRERA/29/BLG/0225/2026,"Proposed construction of Stilt Floor + 5 Floors (Height – 18.30 m) Residential building with 25 Dwelling units availing Premium FSI with TOD benefit at New Door No:12, Old Door No:52, (South Boag Road) Chevalier Sivaji Ganesan Salai, Thiyagaraya Nagar, Chennai – 600 017, Comprised in Old S.Nos.120/3 (Part) and 122/2 (Part) as per Document and T.S.No.6468 and T.S.No.6469 as per Patta, Block No.140, Thiyagaraya Nagar, Guindy Taluk, within the Limit of Greater Chennai Corporation",Chennai,13.03846,80.24308,Residential,Non-High Rise Building (NHRB),1236,0,3447,,25,190190000,215465154,,405655154,25,0,3,"[{'block': None, 'base_level': 'Stilt', 'floor_segments': ['5 Floors'], 'total_floors_above_base': 5}]",[18.3],13300,37100,2.79,2.0,2.0,28,14300,5808.0,10934,0.47,0.53,16226206,1484,False,False,False,0,False,Chennai,Residential,False,,False,False,False
GREENWICH EPITOME,TNRERA/29/BLG/0226/2026,STILT +5 FLOORS,Chennai,13.059552,80.214065,Residential,Non-High Rise Building (NHRB),871,0,2260,,25,48000000,105000000,,153000000,16,4,2,"[{'block': None, 'base_level': 'Stilt', 'floor_segments': ['5 FLOORS'], 'total_floors_above_base': 5}]",[],9375,24327,2.59,2.0,2.0,22,5120,4316.0,6289,0.31,0.69,6120000,973,False,False,False,0,False,Chennai,Residential,False,,False,False,False
ANKUR AZALEA,TNRERA/29/BLG/0228/2026,"Non High Rise Residential Building with 18.30m height, consisting of Stilt Floor + 4 Floors + 5th Floor Part with Gym & Association Room in the 5th Floor – 18 Residential Units, at Regularised Plot No. 17, Chanakya Main Road, Annamalai Avenue, Nolambur, Chennai - 600 095, comprised in S. No. 109/1 & 109/2 (Document), S.No.109/1A2 & 109/7 (Patta) of Nolambur Village, Maduravoyal Taluk within the limits of Greater Chennai Corporation",Chennai,13.04221,80.10208,Residential,Non-High Rise Building (NHRB),1194,0,2965,103,18,91236420,138000000,,229236420,32,0,2,"[{'block': None, 'base_level': 'Stilt', 'floor_segments': ['4 Floors', '5th Floor', '5th Floor'], 'total_floors_above_base': 6}]",[],12850,33021,2.57,2.0,2.0,34,7100,4179.0,6942,0.4,0.6,12735357,1773,False,False,False,0,False,Chennai,Residential,False,,False,False,False
AVALON,TNRERA/29/BLG/0229/2026,"PROPOSED CONSTRUCTION OF NON HIGH RISE BUILDING (NHRB) CONSISTING OF STILT FLOOR (PARKING) + 5 FLOORS RESIDENTIAL BUILDING WITH 28 DWELLING UNITS AT AVAILING WITH AT DOOR NO:46, NELSON MANICKAM ROAD, AMINJIKARAI, CHENNAI-600029. COMPRISED IN OLD S.NO.9/5 Part 9/7 Part, AND T.S.NO. 4/4,10,11,12, BLOCK NO:7 OF VADA AGARAM VILLAGE, AMINJIKARAI TALUK WITHIN THE LIMITS OF GREATER CHENNAI CORPORATION, DIVISION-107 ZONE-VIII",Chennai,13.70603,80.223265,Residential,Non-High Rise Building (NHRB),2138,0,4258,,28,339507500,160492500,,500000000,29,4,4,[],[],23008,45835,1.99,2.0,2.0,37,14756,3502.0,10909,0.68,0.32,17857143,1637,False,False,False,0,False,Chennai,Residential,False,,False,False,False
Ramya Enclave,TNRERA/29/BLG/0230/2026,Residential Building,Chennai,13.0477727,80.2389767,Residential,Non-High Rise Building (NHRB),557,0,1449,,10,145765000,50026000,,195791000,7,4,1,[],[],6000,15599,2.6,2.0,2.0,12,24295,3207.0,12552,0.74,0.26,19579100,1560,False,False,False,0,False,Chennai,Residential,False,,False,False,False
SWATHI'S SHALOM,TNRERA/29/BLG/0231/2026,"Stilt Floor part with Pit Stack Parking / Ground Floor part + 5 Floors Residential cum Commercial Building(Office at GF part and 1st Floor part with Height - 18.30 m) with 10 Dwelling Units Availing Premium FSI with TOD Benefit at Old Door No.8 & Old Door No.1, New Door No.17 & New Door No.1, Sivaganga Road & Seetha Nagar 1st Street, Seetha Nagar, Nungamabakkam, Chennai comprised in Old S.No.340, R.S.No.532/3, Block no.29 of Nungamabakkam Village, Egmore Taluk within the limits of Greater Chennai Corporation Division –N110, Zone -09.",Chennai,13.063231,80.241402,Residential,Non-High Rise Building (NHRB),669,0,1847,118,10,148800000,143600000,,292400000,20,3,2,"[{'block': None, 'base_level': 'Ground', 'floor_segments': ['5 Floors', '1st Floor'], 'total_floors_above_base': 6}]",[18.3],7200,21151,2.94,2.0,2.0,25,20667,6789.0,13824,0.51,0.49,29240000,1988,False,False,False,0,False,Chennai,Residential,False,,False,False,False
STERLING SREE RAMACHANDRA,TNRERA/29/BLG/0232/2026,STILT PLUS THREE FLOOR 14 DWELING UNITS,Chennai,13.057409999999999,80.243873,Residential,Non-High Rise Building (NHRB),586,0,1220,,14,55466400,42996000,,98462400,9,0,1,"[{'block': None, 'base_level': 'Stilt', 'floor_segments': ['THREE FLOOR'], 'total_floors_above_base': 3}]",[],6302,13132,2.08,2.0,2.0,10,8801,3274.0,7498,0.56,0.44,7033029,938,False,False,False,1,False,Chennai,Residential,False,,False,False,False
YARA AVANTE,TNRERA/29/BLG/0233/2026,"Plot No.131, New Door No.21, Old Door No.9, 3rd Main Road, Kasturba Nagar, Adayar, Chennai 600020, comprised in T.S.No.71/2 & 72, Block No.38 of Kottur Village and T.S.No.8/2 & 9, Block No.14 of Pallipattu Village within the limits of Greater Chennai Corporation",Chennai,13.00182,80.15099000000001,Residential,Non-High Rise Building (NHRB),726,0,2019,,10,228900000,190000000,,418900000,20,0,2,[],[],7820,21731,2.78,2.0,2.0,22,29271,8743.0,19277,0.55,0.45,41890000,2173,False,False,False,1,False,Chennai,Residential,False,,False,False,False
SHRAVAN,TNRERA/29/BLG/0240/2026,STILT + 8 FLOORS,Chennai,13.08028,80.239299,Residential,High Rise Building (HRB),1641,0,4173,,16,150000000,235600000,,385600000,22,10,4,"[{'block': None, 'base_level': 'Stilt', 'floor_segments': ['8 FLOORS'], 'total_floors_above_base': 8}]",[],17664,44920,2.54,2.0,4.87,36,8492,5245.0,8584,0.39,0.61,24100000,2807,False,False,False,0,False,Chennai,Residential,False,,False,False,False
ADITYARAM PALACE CITY PARADISE,TNRERA/29/BLG/0241/2026,"No.50, East Coast Road, Adityaram Nagar, Panaiyur, Chennai",Chennai,12.533420000000001,80.14352,Residential,High Rise Building (HRB),14317,0,14317,0,54,1017132083,5325824,,1022457907,0,102,0,[],[],154104,154104,1.0,2.0,4.87,102,6600,3682.0,6635,0.99,0.01,18934406,2854,False,False,False,1,False,Chennai,Residential,False,,False,True,True
AVELLON,TNRERA/29/BLG/0242/2026,"Stilt Floor + 1st Floor part to 5th Floor part Residential Building (Height- 18.30m with Gym, Indoor Games and Association room at 1st Floor level) with 58 Dwelling Units availing premium FSI at Chankayan Cross street & Chanakyan Main Road, Annamalai Avenue, Nolambur, Chennai comprised in S.No.123/1A2A (as per document) and S.No.123/1A2A2(as per patta) of Nolambur village, Maduravoyal Taluk within the limits of Greater Chennai corporation.",Chennai,13.073309,80.172099,Residential,Non-High Rise Building (NHRB),2808,0,7795,,58,214831800,232900250,,447732050,65,4,0,"[{'block': None, 'base_level': 'Stilt', 'floor_segments': ['1st Floor', '5th Floor', '1st Floor'], 'total_floors_above_base': 3}]",[18.3],30230,83906,2.78,2.0,2.0,69,7106,2776.0,5336,0.48,0.52,7719518,1447,False,False,False,0,False,Chennai,Residential,False,,False,False,False
"""SRI KRISHNA CHARANAM""",TNRERA/29/BLG/0247/2026,STILT + 5 FLOORS,Chennai,13.042843,80.240126,Residential,Non-High Rise Building (NHRB),907,0,2538,,14,172550400,185176737,,357727137,26,2,3,"[{'block': None, 'base_level': 'Stilt', 'floor_segments': ['5 FLOORS'], 'total_floors_above_base': 5}]",[],9763,27319,2.8,2.0,2.0,31,17674,6778.0,13094,0.48,0.52,25551938,1951,False,False,False,0,False,Chennai,Residential,False,,False,False,False
HARMONY,TNRERA/29/BLG/0249/2026,"OLD S. NO. 163/2, NEW S. NO. 163/2C, NANDAMBAKKAM VILLAGE, GREATER CHENNAI CORPORATION",Chennai,13.024545,80.201133,Residential,Non-High Rise Building (NHRB),585,0,1522,,14,23760000,37112500,,60872500,13,4,2,[],[],6300,16378,2.6,2.0,2.0,19,3771,2266.0,3717,0.39,0.61,4348036,1170,False,False,False,0,False,Chennai,Residential,False,,False,False,False
MARUTHAM AVANA BLOCK - B,TNRERA/29/BLG/0250/2026,"SUB DIVIDED PLOT NO.B, ST. MARY'S STREET, ATHIPATTU, CHENNAI - 600 058, COMPRISED IN OLD SURVEY NO. 520/4, T.S.NO.25/2, BLOCK NO.4, WARD NO. G OF ATHIPATTU VILLAGE, AMBATTHUR TOWN, AMBATTHUR TALUK, CHENNAI DIST",Chennai,13.094881,80.150567,Residential,Non-High Rise Building (NHRB),951,0,1878,20,14,50000000,92000000,,142000000,20,0,2,[],[],10238,20436,2.0,2.0,2.0,22,4884,4502.0,6949,0.35,0.65,10142857,1444,False,False,False,0,False,Chennai,Residential,False,,False,False,False
VENCER ALTARA,TNRERA/29/BLG/0251/2026,Stilt Floor + 4 Floors + 5th Floor (part) Residential building (Height -18.30m),Chennai,13.03969,80.16515,Residential,Non-High Rise Building (NHRB),1098,2851,2851,,19,100368000,110278000,,210646000,29,3,2,"[{'block': None, 'base_level': 'Stilt', 'floor_segments': ['4 Floors', '5th Floor'], 'total_floors_above_base': 5}]",[18.3],11819,61368,5.19,2.0,2.0,34,8492,3682.0,3433,0.48,0.52,11086632,3230,False,False,False,0,False,Chennai,Residential,False,,False,True,True
MARUTHAM AVANA BLOCK - A,TNRERA/29/BLG/0255/2026,"PLOT NOS. A & BUFFER AREA & NO DEVELOPEMENT AREA, ST MARY'S STREET, ATHIPATTU, CHENNAI - 600 058, COMPRISED IN OLD SURVEY NOS.520/4, T.S.NO.25/2, BLOCK NO.4, WARD NO.G, ATHIPATTU VILLAGE, AMBATTHUR TOWN, AMBATTHUR TALUK, CHENNAI DIST",Chennai,13.094918,80.150643,Residential,Non-High Rise Building (NHRB),1333,0,1983,,15,70000000,96000000,,166000000,19,0,2,[],[],14351,21346,1.49,2.0,2.0,21,4878,4497.0,7777,0.42,0.58,11066667,1423,False,False,False,0,False,Chennai,Residential,False,,False,False,False
SARASWATI,TNRERA/29/BLG/0259/2026,STILT + 5 FLOORS COMMERCIAL CUM RESIDENTIAL BUILDING,Chennai,30.040692,80.196684,Mixed Development,Non-High Rise Building (NHRB),740,0,1750,169,18,120000000,153000000,,273000000,2,19,2,"[{'block': None, 'base_level': 'Stilt', 'floor_segments': ['5 FLOORS'], 'total_floors_above_base': 5}]",[],7965,20649,2.59,2.0,2.0,23,15065,7410.0,13221,0.44,0.56,15166667,1046,False,False,False,0,False,Chennai,Mixed Development,False,,False,False,False
Olympia VBC Crown,TNRERA/29/BLG/0261/2026,Commercial Office Building Development,Chennai,13.045424602187293,80.24041181324488,Commercial,High Rise Building (HRB),1748,0,0,5677,,565480526,238538058,,804018584,40,17,0,[],[],18821,61109,3.25,2.0,4.87,57,30046,3903.0,13157,0.7,0.3,,,False,False,False,0,False,Chennai,Commercial,False,,False,False,False
Rams Sakura,TNRERA/29/BLG/0263/2026,Stilt plus Five Residential Building,Chennai,12.9773179,80.2593727,Residential,Non-High Rise Building (NHRB),528,0,1339,,10,111000000,66000000,,177000000,7,3,1,"[{'block': None, 'base_level': 'Stilt', 'floor_segments': [], 'total_floors_above_base': 0}]",[],5680,14409,2.54,2.0,2.0,11,19543,4580.0,12284,0.63,0.37,17700000,1441,False,False,False,0,False,Chennai,Residential,False,,False,False,False
Prestige Palm Court,TNRERA/29/BLG/0265/2026,"Prestige Palm Court comprises five residential towers, each with a Stilt + 22- floor configuration, along with a clubhouse.",Chennai,13.13447087376691,80.2347243123258,Residential,High Rise Building (HRB),32296,0,122492,3299,910,1482598054,6626236800,,8108834854,1249,49,119,"[{'block': None, 'base_level': 'Stilt', 'floor_segments': ['22'], 'total_floors_above_base': 22}]",[],347628,1354005,3.89,2.0,4.87,1417,4265,4894.0,5989,0.18,0.82,8910808,1449,False,False,False,0,False,Chennai,Residential,False,,False,False,False
"""ARTHA 30""",TNRERA/29/BLG/0266/2026,"SURVEY NO: 296/10 and 296/2A1B of Kottivakkam Village, Sholinganallur Taluk, Greater Chennai Corporation.",Chennai,12.58126,80.15361,Commercial,Non-High Rise Building (NHRB),660,0,0,1689,,65000000,130000000,,195000000,24,2,3,[],[],7104,18179,2.56,2.0,2.0,29,9150,7151.0,10727,0.33,0.67,,,False,False,False,1,False,Chennai,Commercial,False,,False,False,False
Navin's Krishna Cove,TNRERA/29/BLG/0268/2026,"The project name of “Navin's Krishna Cove” construction of Stilt Floor(Parking) + 5 Floors Residential building (Height- 18.30m) with 15 Dwelling Units availing Premium FSI with TOD benefit at Plot No.19, 20 & 21, Thiraviyam Nagar, Maduravoyal Taluk, Chennai – 600116.Comprised in R.S No.4/1 part (As per Document ) S.NO.4/54 (As per patta) of Porur village, within the limits of Greater Chennai Corporation.",Chennai,13.03756,80.1661,Residential,Non-High Rise Building (NHRB),569,0,1465,0,15,25108246,57890000,,82998246,5,10,12,"[{'block': None, 'base_level': 'Stilt', 'floor_segments': ['5 Floors'], 'total_floors_above_base': 5}]",[18.3],6124,15772,2.58,2.0,2.0,27,4100,3670.0,5262,0.3,0.7,5533216,1051,False,False,False,0,False,Chennai,Residential,False,,False,False,False
JASMINE,TNRERA/29/BLG/0270/2026,STILT+5 FLOORS,Chennai,13.07,80.241,Residential,Non-High Rise Building (NHRB),669,0,1864,,10,120000000,105000000,,225000000,20,2,2,"[{'block': None, 'base_level': 'Stilt', 'floor_segments': ['5 FLOORS'], 'total_floors_above_base': 5}]",[],7200,20062,2.79,2.0,2.0,24,16667,5234.0,11215,0.53,0.47,22500000,2006,False,False,False,0,False,Chennai,Residential,False,,False,False,False
JAINS AADHYA BHARATH,TNRERA/29/BLG/0275/2026,"High Rise Building Consisting of Extended Basement Floor + Stilt floor + 11Floors Residential Building with 77 Dwelling units (Height 36.00m) availing Premium FSI at Abutting Central Avenue Road, Periyar Nagar, Korattur Chennai comprised in Old S.No. 1272part, 1276part, 1277part and as per Patta New T.S. No. 121, block No. 48 of Korattur Village (Ward-E), Ambattur Taluk within the limits of Greater Chennai Corporation",Chennai,13.108056327953667,80.1858215220879,Residential,High Rise Building (HRB),2213,0,8007,,77,327960000,338497000,,666457000,55,21,0,"[{'block': None, 'base_level': 'Basement', 'floor_segments': ['11Floors'], 'total_floors_above_base': 11}]",[36.0],23821,86184,3.62,2.0,4.87,76,13768,3928.0,7733,0.49,0.51,8655286,1119,False,False,False,0,False,Chennai,Residential,False,,False,False,False
THE NEW TOWN,TNRERA/29/BLG/0276/2026,"Group Housing Development: Block A: Stilt Floor + 4 Floors +5th Floor (Part) (Height- 18.30m) Residential Building with 10 Dwelling Units, Block B: Stilt Floor + 4 Floors +5th Floor (Part) (Height- 18.30m) Residential Building with 18 Dwelling Units, Block C: Stilt Floor + 4 Floors +5th Floor (Part) Residential Building with Gym, Swimming pool and Indoor Games at 5th Floor (Height- 18.30m) with 72 Dwelling Units -Totally 100 Dwelling units Availing Premium FSI at Door No.71, ‘Karupanna Reddi Garden’, VGP Salai (Hospital Road), Saidapet, Chennai – 600 015 Comprised in T.S.No.9/2 & 10 (as per Document) and T.S.No.9/10 & 10 as per Patta), Block No.16 of Saidapet Village within the limits of Greater Chennai Corporation.",Chennai,10.784,78.562,Residential,Non-High Rise Building (NHRB),7343,0,16050,0,100,100000000,420000000,,520000000,152,0,0,"[{'block': 'Block A', 'base_level': 'Stilt', 'floor_segments': ['4 Floors', '5th Floor'], 'total_floors_above_base': 5}, {'block': 'Block B', 'base_level': 'Stilt', 'floor_segments': ['4 Floors', '5th Floor'], 'total_floors_above_base': 5}, {'block': 'Block C', 'base_level': 'Stilt', 'floor_segments': ['4 Floors', '5th Floor', '5th Floor'], 'total_floors_above_base': 6}]","[18.3, 18.3, 18.3]",79044,172763,2.19,2.0,2.0,152,1265,2431.0,3010,0.19,0.81,,,False,True,False,0,False,Chennai,Residential,False,,False,False,False
SORNA CHANDRA HABITAT,TNRERA/29/BLG/0277/2026,"Stilt floor + 4 floors + Sth floor (Part) (18.30m height) Residential Building with 9 dwelling units Plot No.221-W, Door No.14, 4th Avenue and 3rd Main Road, Indira Nagar, Thiruvanmiyur, Chennai 600020 in T.S.No.60, Block No.20 of Thiruvanmiyur Village within the limit of Greater Chennai Corporation",Chennai,12.993096,80.254613,Residential,Non-High Rise Building (NHRB),510,0,1188,,9,63192500,144807500,,208000000,9,1,1,"[{'block': None, 'base_level': 'Stilt', 'floor_segments': ['4 floors'], 'total_floors_above_base': 4}]",[],5490,12787,2.33,2.0,2.0,11,11511,11325.0,16267,0.3,0.7,23111111,1421,False,False,False,0,False,Chennai,Residential,False,,False,False,False
The Warren Heights,TNRERA/29/BLG/0280/2026,The project was constructed with stilt floor + 5 floors with 14 dwelling units and allotted car parking,Chennai,13.030771,80.260096,Residential,Non-High Rise Building (NHRB),1488,0,1488,,14,108467040,55467000,,163934040,10,1,1,"[{'block': None, 'base_level': 'Stilt', 'floor_segments': ['5 floors'], 'total_floors_above_base': 5}]",[],16015,16015,1.0,2.0,2.0,12,6773,3463.0,10236,0.66,0.34,11709574,1144,False,False,False,0,False,Chennai,Residential,False,,False,False,False
- https://rera.tn.gov.in/public-view2/building/pfirm/11e223b0-6010-11f1-8ca2-03e940506bfa,TNRERA/29/BLG/0281/2026,"PLAN SHOWING THE PROPOSED CONSTRUCTION OF STILT FLOOR + 5 FLOORS RESIDENTIAL BUILDING ( 18.29m HEIGHT) WITH 15 DWELLING UNITS AVAILING PREMIUM FSI WITH TOD BENEFITS AT OLD DOOR NO:18, NEW DOOR NO:69, ( AS PER REVENUE RECORD NEW DOOR NO: 64),V.O.C NAGAR MAIN ROAD ( VOC NAGAR 2nd STREET )& 2nd LANE,ANNA NAGAR EAST, CHENNAI-600 102. COMPRISED IN OLD T.SNO: 46 &53, NEW T.S.NO: 53/15, BLOCK NO-12 OF AYANAVARAM VILLAGE , WITHIN THE LIMITS OF GREATER CHENNAI CORPORATION DIVISION : 101 ZONE:08",Chennai,13.08792,80.22511,Residential,Non-High Rise Building (NHRB),524,0,1397,0,15,112000000,54000000,,166000000,6,7,1,[],[],5640,15035,2.67,2.0,2.0,14,19857,3592.0,11041,0.67,0.33,11066667,1002,False,False,False,0,False,Chennai,Residential,False,,False,False,False
MALAINUR MATHANGI,TNRERA/29/BLG/0282/2026,"At Plot No: 146, Old Door No: 63/9 , New Door No: 19, Gajapathy Street, (Gajapathy Naidu Street) LakshmiPuram, Shenoy Nagar Aminjilkarai ,Chennai, Comprised in Old S.NO: 34/9, and T.S.No: 61, Block No:20, Ward -01 of Aminjikarai Village within the limits of Greater Chennai Corporation",Chennai,13.076692618689307,80.22834658309206,Residential,Non-High Rise Building (NHRB),507,0,1317,,10,30341025,45000000,,75341025,5,5,1,[],[],5456,14175,2.6,2.0,2.0,11,5561,3175.0,5315,0.4,0.6,7534102,1418,False,False,False,0,False,Chennai,Residential,False,,False,False,False
LIVIN 6.6,TNRERA/29/BLG/0288/2026,"Residential Building at Plot No: 7A-1, 9, 20, 21, 22, Comprised in S.No: 955/2, 958/1, 958/2, 960, 961, 962, 963, T.S. No: 102/3, 102/5, Block No-23, Ward-B of Aringer Anna Street, Alex Nagar, Madhavaram Village, Madhavaram Taluk, Greater Chennai Corporation, Division: 25, Zone-03.",Chennai,13.148549,80.235181,Residential,Non-High Rise Building (NHRB),886,0,1586,,9,67000000,59000000,,126000000,10,0,0,[],[],9534,17070,1.79,2.0,2.0,10,7027,3456.0,7381,0.53,0.47,14000000,1897,False,False,False,0,False,Chennai,Residential,False,,False,False,False
TULIVE ROSENDALE,TNRERA/29/BL/G0027/2026,"New Door No.42, Old Door No.50, PLOT NO 6, Beach Road, Kalakshetra Colony, Besant Nagar, Thiruvanmiyur, Chennai – 600 090",Chennai,12.993427511937178,80.26425770210388,Residential,Non-High Rise Building (NHRB),894,0,2493,,10,323284590,140585792,,463870382,27,0,2,[],[],9620,26839,2.79,2.0,2.0,29,33606,5238.0,17283,0.7,0.3,46387038,2684,False,False,False,0,False,Chennai,Residential,False,,False,False,False
VIVENZA,TNRERA/2/BLG/0068/2026,"Plot Nos. 27 (part), 28 (part), 29 & 30, Swathi Nagar Main Road and Swathi Nagar Road, Swathi Nagar, Nadukuthagai, Chennai, comprised in Survey No. 32/1C of Nadukuthagai Village, Avadi Taluk (previously Poonamallee Taluk), within the limits of Poonamallee Panchayat Union STILT FLOOR + 5 FLOORS",Tiruvallur,13.134655,80.047043,Residential,Non-High Rise Building (NHRB),800,0,2421,,30,39541500,56234200,,95775700,11,4,1,"[{'block': None, 'base_level': 'Stilt', 'floor_segments': ['5 FLOORS'], 'total_floors_above_base': 5}]",[],8611,26060,3.03,2.0,2.0,16,4592,2158.0,3675,0.41,0.59,3192523,869,False,False,False,0,False,Tiruvallur,Residential,False,,False,False,False
CASAGRAND VENTRA,TNRERA/2/BLG/0119/2026,"Proposed Construction High Rise Group Development Residential Building Consisting of 2 Blocks, Wherein Block No. 1: with Extended Basement Floor + Ground Floor Part / Stilt Floor Part + 20 Floors (256 Dwelling Units) with Club House Use in Ground Floor Part & 1st Floor Part (A.V Room, Kids Play Area, Change Room, Gym, Board Game, Video Games & Etc.,), Block No. 2: Stilt + 4 Floors (23 Dwelling Units) and Open Swimming Pool at Ground Level Totally 279 Dwelling Units), Gaining Access From Poonamallee By-Pass Road, Senneerkuppam, Chennai - 600 077. Comprised In Survey Nos: 72/1A, 73/4C1B And 77/2D of Senneerkuppam Village, Poonamallee Taluk, Thiruvallur District within The Limits of Poonamallee Panchayat Union",Tiruvallur,13.054777,80.120988,Residential,High Rise Building (HRB),14000,0,44313,1176,279,990000000,2190000000,,3180000000,203,93,30,"[{'block': 'Block No. 1', 'base_level': 'Ground', 'floor_segments': ['20 Floors', '1st Floor'], 'total_floors_above_base': 21}, {'block': 'Block No. 2', 'base_level': 'Ground', 'floor_segments': ['4 Floors'], 'total_floors_above_base': 4}]",[],150695,489637,3.25,2.0,4.87,326,6570,4473.0,6495,0.31,0.69,11397849,1710,False,False,False,0,False,Tiruvallur,Residential,False,,False,False,False
CASAGRAND ZODIAC https://rera.tn.gov.in/public-view2/building/pfirm/5bd280e0-29f6-11f1-b9a1-dd62a370290d,TNRERA/2/BLG/0134/2026,"Proposed Construction of High Rise Residential Cum Commercial (Club House) Use Group Development Building Consisting of 3 Blocks, in Block-1 Combined Stilt Floor (Meant For Parking) + Combined 1st Floor (Meant For Parking) Over & Above with 3 Towers, wherein Tower – A & B: 2nd Floor to 14th Floor with 221 Dwelling Units in Each Tower (442 Dwelling Units), in Tower – C: 2nd Floor to 6th Floor with Amenities (Ie. Club House Use and Open Swimming Pool at 2nd Floor Level); Block-2: Stilt Floor (Meant For Parking) + 1st Floor to 14th Floor with 182 Dwelling Units; Block- 3: Stilt Floor (Meant For Parking) + 1st Floor to 14th Floor with 140 Dwelling Units; Totally 764 Dwelling Units Including Premium FSI. at Abutting Periya Koladi Road, Comprised in S.Nos. 42/1, 49/1, 51/1, 52/1A, 52/2, 53/2 of Koladi Village, Poonamallee Taluk,",Tiruvallur,13.08561,80.13389,Residential,High Rise Building (HRB),35795,0,95651,2382,764,890000000,5390000000,,6280000000,756,81,84,"[{'block': None, 'base_level': 'Stilt', 'floor_segments': ['1st Floor', '2nd Floor', '14th Floor', '2nd Floor', '6th Floor', '2nd Floor', '1st Floor', '14th Floor', '1st Floor', '14th Floor'], 'total_floors_above_base': 10}]",[],385294,1055218,2.74,2.0,4.87,921,2310,5108.0,5951,0.14,0.86,8219895,1348,False,False,False,0,False,Tiruvallur,Residential,False,,False,False,False
-,TNRERA/2/BLG/0160/2026,"S.Nos.3/1, 4/1 & 2 of Kakapallam Village, T.S. Nos.44/2, 44/3, 45/1 & 46/2, Block No. 81, Ward -E of Ambathur Town, Ambathur Taluk, Thiruvallur District.",Tiruvallur,13.060489999999998,80.11188,Commercial,High Rise Building (HRB),22572,0,0,52491,,500000000,1000000000,,1500000000,127,558,0,[],[],242963,565008,2.33,2.0,4.87,685,2058,2756.0,2655,0.33,0.67,,,False,False,False,1,False,Tiruvallur,Commercial,False,,False,True,True
ASHVAR GALAXY,TNRERA/2/BLG/0212/2026,STILT PLUS FOUR FLOORS,Tiruvallur,13.122093,80.151606,Residential,Non-High Rise Building (NHRB),1189,0,2618,,32,84500000,56500000,,141000000,20,2,0,"[{'block': None, 'base_level': 'Stilt', 'floor_segments': ['FOUR FLOORS'], 'total_floors_above_base': 4}]",[],12800,28183,2.2,2.0,2.0,22,6602,2005.0,5003,0.6,0.4,4406250,881,False,False,False,0,False,Tiruvallur,Residential,False,,False,False,False
SHRIRAM SWARGAM,TNRERA/2/BLG/0220/2026,"S.NO.399/1A, 1B, 1C, 1D,1E, 1F & 3B AND 418/1A, 1B, 1C & 1D2 OF KUTHAMBAKKAM VILLAGE, THIRUALLUR DISTRICT, WITHIN THE LIMITS OF POONAMALLE PANCHAYAT UNION",Tiruvallur,13.0475,80.0211,Mixed Development,High Rise Building (HRB),35913,0,40200,0,429,122722081,1020252200,,1142974281,30,175,21,[],[],386562,432705,1.12,2.0,4.87,226,317,2358.0,2641,0.11,0.89,2664276,1009,False,False,False,1,True,Tiruvallur,Mixed Development,False,,False,False,False
G square Pristine Icon 3,TNRERA/30/BLG/0054/2026,"Residential Building in L.P/DTCP No.02/2022-Plot No 63,64 -",Krishnagiri,12.689907,77.817204,Residential,Non-High Rise Building (NHRB),548,0,1087,,12,244981050,38288878,,283269928,8,0,2,[],[],5894,11699,1.98,2.0,2.0,10,41565,3273.0,24213,0.86,0.14,23605827,975,False,False,False,0,False,Krishnagiri,Residential,False,,False,False,False
S R HABITAT,TNRERA/30/BLG/0118/2026,"PLOT Nos: 1,2 & 3, S.F.No: 547/2A1A1A1APt, 548/1A1A1APt & 551/1A1A1Pt, LAYOUT APPROVAL No : L.P/H.N.T.D.A No: 95/2023 & L.P/PP/H.N.T.D.A No: 34/2023 OF ""SR ENCLAVE"", AT ONNALAVADI VILLAGE & PANCHAYAT, HOSUR TALUK, KRISHNAGIRI DISTRICT.",Krishnagiri,12.804929,77.843611,Residential,Non-High Rise Building (NHRB),876,0,1725,0,16,14500000,51500000,,66000000,12,0,1,[],[],9429,18564,1.97,2.0,2.0,13,1538,2774.0,3555,0.22,0.78,4125000,1160,False,False,False,0,False,Krishnagiri,Residential,False,,False,False,False
SR HEIGHTS,TNRERA/30/BLG/0162/2026,"No. of Tower : 1 No. of Units : 88 No. of Floor : Basement + Stilt + 11 Floors Project Address: T.S No. 125/1, Old S.F No.252/2, 253/2, Block 37, Ward B, Thally Road, Hosur, Krishnagiri District",Krishnagiri,12.723907,77.811632,Residential,High Rise Building (HRB),4410,0,16733,514,88,340000000,753416000,,1093416000,61,27,18,"[{'block': None, 'base_level': 'Basement', 'floor_segments': ['11 Floors'], 'total_floors_above_base': 11}]",[],47469,185641,3.91,2.0,4.87,106,7163,4058.0,5890,0.31,0.69,12425182,2047,False,False,False,0,False,Krishnagiri,Residential,False,,False,False,False
CASAGRAND KEYSTONE,TNRERA/32/BLG/0042/2026,"Proposed Construction of Residential Non High Rise Group Development Building Consists of 2 Blocks with Combined Basement, Block 1 : Ground Floor + 5 Upper Floors (88 D/U) , Block 2 with Amenity Block : Ground Floor (Part) + First Floor (Part) + Second Floor (Part) + 3 Upper Floors (54 D/U), Amenity Block : Ground Floor (Part) + First Floor (Part) + Second Floor (Part) , Totally 142 D/U With Swimming Pool on the Ground Level Comprised In S.No : 257/1B1 of Rakkiapalayam Village, Thirumuruganpoondi Municipality, Avinashi Taluk , Tiruppur District.",Tiruppur,11.157236,77.301274,Residential,Non-High Rise Building (NHRB),9050,0,17686,578,142,220000000,660000000,,880000000,130,18,15,"[{'block': 'Block 1', 'base_level': 'Ground', 'floor_segments': ['5 Upper Floors'], 'total_floors_above_base': 5}, {'block': 'Block 2 with Amenity Block', 'base_level': 'Ground', 'floor_segments': ['First Floor', 'Second Floor', '3 Upper Floors', 'First Floor', 'Second Floor'], 'total_floors_above_base': 7}]",[],97413,196595,2.02,2.0,2.0,163,2258,3357.0,4476,0.25,0.75,6197183,1341,False,False,False,0,False,Tiruppur,Residential,False,,False,False,False
CASAGRAND SPACIO,TNRERA/32/BLG/0055/2026,"""Proposed Construction of Residential Non-High Rise Group Development Building Consists of 21 Blocks, Block 1 To 20: Ground Floor +First Floor + Second Floor (Partly), Totally 20 D/U, Block 21: (Amenity Block) - Ground Floor Comprised in S.Nos . 139/3A2, 139/3B, 139/4, 139/5, 139/6, 140/2 & 140/3 of Chettipalayam Village, Tiruppur North Taluk, Tiruppur City Municipal Corporation, Tiruppur District.""",Tiruppur,11.164863,77.331744,Residential,Non-High Rise Building (NHRB),8090,0,6080,227,20,160000000,320000000,,480000000,40,22,6,"[{'block': 'Block 1-20', 'base_level': 'Ground', 'floor_segments': ['First Floor', 'Second Floor'], 'total_floors_above_base': 2}, {'block': 'Block 21', 'base_level': 'Ground', 'floor_segments': [], 'total_floors_above_base': 0}]",[],87080,67878,0.78,2.0,2.0,68,1837,4714.0,7072,0.33,0.67,24000000,3272,False,False,False,0,False,Tiruppur,Residential,False,,False,False,False
CASAGRAND BLOSSOMS,TNRERA/32/BLG/0078/2026,"PROPOSED CONSTRUCTION OF RESIDENTIAL NON-HIGH RISE GROUP DEVELOPMENT CONSISTS OF 114 BLOCKS, BLOCK 1 TO 113: GROUND +FIRST FLOOR TOTALLY 113 D/U, BLOCK 114: (AMENITY BLOCK) - GROUND FLOOR + FIRST FLOOR WITH SWIMMING POOL ON THE GROUND LEVEL COMPRISED IN S.NOS . 177/1, 177/2, 177/3, 177/4, 177/5, 177/6, 177/7, 178/1A1, 178/1A2, 178/1A3, 178/1A4, 178/1A5, 178/1A6, 178/1A7A, 178/1B, 179/3A1, 179/3A2, 185/1A, 185/1B, 185/1C, 185/1D, 185/2A, 185/2B & 185/2C OF PONGUPALAYAM VILLAGE & PANCHAYAT, TIRUPPUR NORTH TALUK, TIRUPPUR DISTRICT.",Tiruppur,11.170938,77.320236,Residential,Non-High Rise Building (NHRB),33848,0,23695,734,113,670000000,1040000000,,1710000000,113,15,13,"[{'block': 'BLOCK 1-113', 'base_level': 'Ground', 'floor_segments': ['FIRST FLOOR'], 'total_floors_above_base': 1}, {'block': 'BLOCK 114', 'base_level': 'Ground', 'floor_segments': ['FIRST FLOOR'], 'total_floors_above_base': 1}]",[],364336,262947,0.72,2.0,2.0,141,1839,3955.0,6503,0.39,0.61,15132743,2257,False,False,False,0,False,Tiruppur,Residential,False,,False,False,False
CASAGRAND EDENSA,TNRERA/32/BLG/0107/2026,"Proposed Construction of Residential Non High Rise Group Development Consists of 57 Blocks Block 1 to 55: Ground Floor + First Floor (55 D/u), Block 56: Stilt Floor + 5 Upper Floors (55 D/u), Block 57 : Ground Floor + First Floor + Second Floor with Swimming Pool on the Ground Level, Totally 110 D/u, Comprised in Survey Nos. 446/2A4A3 & 446/2B3 of Veerapandi Village, Tiruppur South Taluk, Tiruppur City Municipal Corporation, tiruppur District.",Tiruppur,11.061177,77.369849,Residential,Non-High Rise Building (NHRB),20234,0,19233,598,110,500000000,850000000,,1350000000,100,71,17,"[{'block': 'Block 1-55', 'base_level': 'Ground', 'floor_segments': ['First Floor'], 'total_floors_above_base': 1}, {'block': 'Block 56', 'base_level': 'Stilt', 'floor_segments': ['5 Upper Floors'], 'total_floors_above_base': 5}, {'block': 'Block 57', 'base_level': 'Ground', 'floor_segments': ['First Floor', 'Second Floor'], 'total_floors_above_base': 2}]",[],217800,213467,0.98,2.0,2.0,188,2296,3982.0,6324,0.37,0.63,12272727,1882,False,False,False,0,False,Tiruppur,Residential,False,,False,False,False
ROHAAN CREST,TNRERA/35/BLG/0045/2026,"S.NO.366/1B1B, VENGAIVASAL VILLAGE, TAMBARAM TALUK, CHENGALPATTU",Chengalpattu,12.904733,80.185084,Commercial,Non-High Rise Building (NHRB),673,0,0,1961,,60000000,89977375,,149977375,17,2,2,[],[],7244,21110,2.91,2.0,2.0,21,8283,4262.0,7105,0.4,0.6,,,False,False,False,0,False,Chengalpattu,Commercial,False,,False,False,False
SILVERSKY - THE ONE PERUNGALATHUR,TNRERA/35/BLG/0058/2026,"S. No.449/2, 450/1B1A & 450/1C1 of Nedungundram village, Vandalur Taluk, Chenglepet District.",Chengalpattu,12.88951,80.11968,Residential,High Rise Building (HRB),9756,0,22175,919,168,210000000,710000000,,920000000,210,0,12,[],[],105013,248581,2.37,2.0,4.87,222,2000,2856.0,3701,0.23,0.77,5476190,1421,False,False,False,0,False,Chengalpattu,Residential,False,,False,False,False
THE MADRAS PAVILION PH I https://rera.tn.gov.in/public-view2/building/pfirm/f0173060-d12e-11f0-8369-35bfc2e3f1ae,TNRERA/35/BLG/0065/2026,"All that piece and parcel of the Vacant Plots bearing Plot Numbers 9, 33, 46 to 61, 65, 79, 83 to 101admeasuring an extent of 36091 Sqft/ 3392.95comprised in Survey Nos. 205/2A & 3A, with Patta No. 3958situated in the Layoutapproved by the Assistant Director T&CP,Chengalpattu vide Layout No. 248 2024 by letter No. X9X3U1B0/2024/TCP/2024/TCP dated 15.11.2024 and by Executive Officer, ThiruporurSpl.Grade Town Panchayatvide Letter No. 758/2024, dated 04/04/2025situated in Thiruporur Village, ThiruporurTaluk, Chengalpet District, and within the Registration District of Chengalpattu and Sub Registration District of Thiruporur.",Chengalpattu,12.836137,79.706653,Residential,Non-High Rise Building (NHRB),3353,,7879,,38,162409500,150045000,,312454500,0,38,0,[],[],36091,84814,2.35,2.0,2.0,38,4500,3322.0,3684,0.52,0.48,8222487,2232,False,False,True,0,False,Chengalpattu,Residential,False,,False,True,True
LOTUS,TNRERA/35/BLG/0066/2026,"BASEMENT + GROUND + 3 FLOORS COMMERCIAL OFFICE BUILDING AT ALREADY APPROVED LAYOUT MLPA NO:61/2023, PLOT NO:3, RAJIV GANDHI SALAI (OMR), EGATTUR, CHENNAI - 600 130.COMPRISED IN S.F. NO'S: 10/1A2, 10/1B2A, EGATTUR VILLAGE, THIRUPORUR TALUK, CHENGALPET DISTRICT",Chengalpattu,13.09,80.07,Commercial,Non-High Rise Building (NHRB),1536,0,0,3355,,140000000,80000000,,220000000,27,3,5,"[{'block': None, 'base_level': 'Ground', 'floor_segments': ['3 FLOORS'], 'total_floors_above_base': 3}]",[],16533,36111,2.18,2.0,2.0,35,8468,2215.0,6092,0.64,0.36,,,False,False,False,0,False,Chengalpattu,Commercial,False,,False,False,False
ECR EXOTICA,TNRERA/35/BLG/0080/2026,STILT+ 5 FLOORS WITH 35 DWELLING UNITS,Chengalpattu,12.416635,80.115838,Residential,Non-High Rise Building (NHRB),1115,0,3322,0,35,8750000,113491609,,122241609,15,0,0,"[{'block': None, 'base_level': 'Stilt', 'floor_segments': ['5 FLOORS'], 'total_floors_above_base': 5}]",[],12000,35763,2.98,2.0,2.0,15,729,3173.0,3418,0.07,0.93,3492617,1022,False,False,False,0,False,Chengalpattu,Residential,False,,False,False,False
CASAGRAND GLENMERE,TNRERA/35/BLG/0085/2026,"Proposed Construction of Residential Non High Rise Building Villa No.1 to 110 Consists of Ground Floor + First Floor, comprised in Survey Nos. 1009/12A, 1009/12B, 1009/12C, 1009/12D, 1009/12E, 1009/12F, 1009/13A, 1009/13B, 1009/13C, 1009/14, 1009/17A, 1009/17B, 1010/1, 1010/2, 1010/3, 1011/1, 1011/2, 1011/3, 1439/2C, 1439/2D, 1439/3A1 & 1439/3B of Thaiyur B Village, Thiruporur Taluk, Chengalpet District. Totally 110 D/U, with Amenity Block to Residential Building Consists of Ground Floor with Swimming Pool on the First Floor Level Comprised in Survey Nos.1009/12A, 1009/12B, 1009/12C1 & 1009/13A3, In DTCP Approved Layout No: L.P/MLPA No. 289/2025 Dated:05.11.2025, of Thaiyur B Village, Thiruporur Taluk , Chengalpattu District.",Chengalpattu,12.75716,80.183286,Residential,Non-High Rise Building (NHRB),25475,0,16398,593,110,220000000,880000000,,1100000000,81,79,0,[],[],274210,182883,0.67,2.0,2.0,160,802,4812.0,6015,0.2,0.8,10000000,1605,False,False,False,0,False,Chengalpattu,Residential,False,,False,False,False
Felixa SKY MILANO,TNRERA/35/BLG/0088/2026,"Proposed Group House Residential Building Construction of Ground + One Floor (G+1) buildings comprising Villa nos 16, 16A, 18, 19, 28, 29, 30, 31, 32, 33, 34, 34A ( 12 Villas) the Promoter’s share, together with one (1) Club House building.The development is situated in the lands bearing Survey Nos. 13/9B3E, 13/9B3C, 13/9B3D, 13/9B3B, 13/9B3Q, 13/9B3R, 13/9B3S, 13/9B3T, 13/9B3U, 13/9B3V, 13/9B3W, and 13/9B3X. Further, the construction of a Ground + Two Floor (G+2) Club House building is undertaken in Survey No. 13/9B3F. The entire development is located within Thazhambur Panchayat, Karanai Village, Vandalur Taluk, Chengalpattu District.",Chengalpattu,12.859951,80.20619,Residential,Non-High Rise Building (NHRB),2069,0,2403,321,12,33500000,73400000,,106900000,22,0,0,"[{'block': None, 'base_level': 'Ground', 'floor_segments': ['One Floor', '1', 'Two Floor', '2'], 'total_floors_above_base': 6}]",[],22270,29319,1.32,2.0,2.0,22,1504,2503.0,3646,0.31,0.69,8908333,2155,False,False,False,0,False,Chengalpattu,Residential,False,,False,False,False
LUXE BY DAC,TNRERA/35/BLG/0112/2026,"S.No. 246/6A1, 246/6B1, 246/6B1 & 246/6B2 of Perungalathur Village within the limit of Tambaram Municipal Corporation",Chengalpattu,12.919266,80.085933,Residential,Non-High Rise Building (NHRB),2424,0,6407,209,58,66500000,207935100,,274435100,52,6,4,[],[],26097,71206,2.73,2.0,2.0,62,2548,2920.0,3854,0.24,0.76,4731640,1189,False,False,False,0,False,Chengalpattu,Residential,False,,False,False,False
"""DRA Marina 100""",TNRERA/35/BLG/0115/2026,"SURVEY NO: 13/1A (NOW SUB-DIVIDED AS 13/1A1, 13/1A2 & 13/1A3) of EGATTUR Village, THIRUPORUR Taluk, CHENGALPATTU District.",Chengalpattu,12.835668,80.230577,Residential,High Rise Building (HRB),25131,0,14132,,100,230000000,462500000,,692500000,80,20,0,[],[],270506,152111,0.56,2.0,4.87,100,850,3041.0,4553,0.33,0.67,6925000,1521,False,False,False,0,False,Chengalpattu,Residential,False,,False,False,False
SRISHTI ANANDHAM,TNRERA/35/BLG/0126/2026,"Survey no.314/17B,Thiruneermalai village,pallavaram taluk & Chengalpattu district.",Chengalpattu,12.958102,80.131198,Residential,Non-High Rise Building (NHRB),664,0,1323,,15,18850000,74055000,,92905000,12,2,0,[],[],7143,14235,1.99,2.0,2.0,14,2639,5202.0,6527,0.2,0.8,6193667,949,False,False,False,0,False,Chengalpattu,Residential,False,,False,False,False
LIONS GATE https://rera.tn.gov.in/public-view2/building/pfirm/c378a5a0-1e39-11f1-9240-9152d76952a8,TNRERA/35/BLG/0127/2026,"Residential apartments of Group Housing Development with 4 Blocks; Block A – Stilt floor + 3 floors + 4th floor (part) + 5th floor (part) (Height – 18.30m) Residential building with 19 dwelling units and Association Room, Yoga Room, Kids Play Room, Library, GYM and Swimming pool at 5th floor level; Block B – Stilt floor + 5 floors (Height – 18.0m) Residential building with 33 dwelling units; Block C – Stilt floor + 4 floors +5th floor (part) (Height – 18.0m) Residential building with 38 dwelling units; Block D – Stilt floor + 4 floors (Height – 15.0m) Residential building with 32 dwelling units; Totally 122 dwelling unit at Madambakkam, Chennai in S.No.716/1D1, 716/1D2, 716/3, 716/4 & 716/5 of Madambakkam Village, Tambaram Taluk, Chengalpattu District within the limit of Tambaram Municipal Corporation",Chengalpattu,12.898755,80.142886,Residential,Non-High Rise Building (NHRB),6559,0,13558,326,122,290000000,490000000,,780000000,123,15,14,"[{'block': None, 'base_level': 'Stilt', 'floor_segments': ['3 floors', '4th floor', '5th floor', '5th floor', '5 floors', '4 floors', '5th floor', '4 floors'], 'total_floors_above_base': 20}]","[18.3, 18.0, 18.0, 15.0]",70598,149455,2.12,2.0,2.0,152,4108,3279.0,5219,0.37,0.63,6393443,1196,False,False,False,0,False,Chengalpattu,Residential,False,,False,False,False
FELIXA RAVERAA,TNRERA/35/BLG/0128/2026,""" FELIXA RAVERAA "" Non High Rise Group Development Consists of 13 Block 1 to 11, Ground Floor and First Floor, Totally 117 Dwelling Unit, Club house Block, 12: Ground Floor, First Floor, Second Floor and Swimming Pool aside, Change room & Shower room on the Ground floor, Shop & Meter room Blook 13: Ground Floor. Comprised in Survey No. 478/1A1A1A1A1, 478/1A1B and 478/1A2B of Thaiyur - A Village, Thiruporur Taluk, Chengalpet District.",Chengalpattu,12.783621,80.193971,Mixed Development,Non-High Rise Building (NHRB),27380,0,21979,960,117,376500000,643100000,,1019600000,194,0,20,"[{'block': 'Block 1-11, Ground Floor and First Floor, Totally 117 Dwelling Unit, Club house Block, 12', 'base_level': 'Ground', 'floor_segments': ['First Floor', 'Second Floor'], 'total_floors_above_base': 2}]",[],294719,246909,0.84,2.0,2.0,214,1277,2605.0,4129,0.37,0.63,8714530,2022,False,False,False,0,False,Chengalpattu,Mixed Development,False,,False,False,False
TULIVE FLORA,TNRERA/35/BLG/0130/2026,"MUDICHUR VILLAGE, TAMBARAM TALUK, CHENGALPET DISTRICT",Chengalpattu,12.906291000000001,80.068139,Residential,Non-High Rise Building (NHRB),1905,0,4886,,45,145000000,103940713,,248940713,39,0,4,[],[],20505,52596,2.57,2.0,2.0,43,7071,1976.0,4733,0.58,0.42,5532016,1169,False,False,False,1,False,Chengalpattu,Residential,False,,False,False,False
CASAGRAND ESTIA https://rera.tn.gov.in/public-view2/building/pfirm/c9741a10-1f8b-11f1-852c-57af73b88b76,TNRERA/35/BLG/0140/2026,"proposed project CASAGRAND ESTIA Proposed Construction of Basement Floor + Ground Floor + 4 Floors + 5th Floor (Part) (Height - 18.15m) Residential Building with 173 Dwelling Units Availing Premium FSI with Swimming Pool, Kids Play Rooms, Gym, AV Room and Indoor Games Room at Vengampakkam and Nedunkundram, Chennai Comprised In Old.S.Nos. 31/3D, 31/3E, 32, 33/4, 33/5, New S.Nos.31/3D, 31/3E1, 32, 33/4A, 33/4B, 33/4C, 33/5A & 33/5B of Vengambakkam Village within The Limits St.Thomas Mount Panchayat Union and Old.S.Nos. 577/1 & 577/1A (Document), S.No.577/39 (Patta) of Nedunkundram Village within The Limits of Kattankulathur Panchayat Union.",Chengalpattu,12.88167,80.132212,Residential,Non-High Rise Building (NHRB),10093,0,19915,506,173,105000000,900000000,,1005000000,152,2,20,"[{'block': None, 'base_level': 'Ground', 'floor_segments': ['4 Floors', '5th Floor'], 'total_floors_above_base': 5}]",[18.15],108642,219813,2.02,2.0,2.0,174,966,4094.0,4572,0.1,0.9,5809249,1239,False,False,False,0,False,Chengalpattu,Residential,False,,False,False,False
SAGAR THE ONE,TNRERA/35/BLG/0144/2026,"Plot No. 29, 30, 35 & 36, (CMDA Approved Layout – 132/1990) Indira Priyadarshini Nagar Annexe, Perumbakkam, Chennai – 600 100, Comprised in Old S.No. 455/1A1A2 (Document), New S.No. 455/1A1A2A, 455/27 & 455/26 (Patta) of Perumbakkam Village within the limit of St. Thomas Mount Panchayat Union",Chengalpattu,12.903594,80.20742,Residential,Non-High Rise Building (NHRB),700,0,1818,,20,45000000,65000000,,110000000,10,2,0,[],[],7535,19568,2.6,2.0,2.0,12,5972,3322.0,5621,0.41,0.59,5500000,978,False,False,False,0,False,Chengalpattu,Residential,False,,False,False,False
THE LORD'S BY DAC,TNRERA/35/BLG/0146/2026,"Proposed house sites with 125 Plots 4 Owner Use + 4 Commercial Site comprised in S.NO: 217/5, 6, 7A, 7B,8, 9, 10, 11A, 11B, 12, 13, 14, 15A, 15B, 16, 17, 18, 19, 218/1, 2, 3A, 3B, 4, 5, 6, 7A, 7B, 9, 10, 11A, 11B, 12, 13, 14, 15, 16, 17, 18, 19A, 19B, 20, 21, 22A, 22B, 23, 24, 220/1, 2, 3, 4, 5, 6, 11A, 11B, 12 & 13 of pudupakkam village and panchayat, thiruporur panchayat union, vandalur taluk of Chengalpattu District.",Chengalpattu,12.813911,80.205422,Residential,Non-High Rise Building (NHRB),22900,0,16535,,114,350000000,677280000,,1027280000,141,0,0,[],[],246493,177978,0.72,2.0,2.0,141,1420,3805.0,5772,0.34,0.66,9011228,1561,False,False,False,0,False,Chengalpattu,Residential,False,,False,False,False
Aurum Villa Phase 3,TNRERA/35/BLG/0147/2026,4 & 5 BHK RESIDENTIAL VILLA,Chengalpattu,12.48253,80.12385,Residential,Non-High Rise Building (NHRB),22973,0,14901,,92,88050000,1074665260,,1162715260,0,92,10,[],[],247279,160391,0.65,2.0,2.0,102,356,6700.0,7249,0.08,0.92,12638209,1743,False,False,False,1,False,Chengalpattu,Residential,False,,False,False,False
VIVA Vesta,TNRERA/35/BLG/0150/2026,"STILT FLOOR + 3 FLOORS (HEIGHT – 11.99M) RESIDENTIAL BUILDING WITH 16 DWELLING UNITS AT PANNEER SELVAM MAIN ROAD AND ELANGO STREET, ZAMIN PALLAVARAM, CHENNAI 600043,",Chengalpattu,12.957419,80.1701,Residential,Non-High Rise Building (NHRB),734,0,1468,,16,59295750,27671350,,86967100,12,1,1,"[{'block': None, 'base_level': 'Stilt', 'floor_segments': ['3 FLOORS'], 'total_floors_above_base': 3}]",[11.99],7906,15797,2.0,2.0,2.0,14,7500,3322.0,5505,0.68,0.32,5435444,987,False,False,False,0,False,Chengalpattu,Residential,False,,False,True,True
CITY SCAPE,TNRERA/35/BLG/0166/2026,"Proposed Construction of Residential Building (Affordable Housing) Of Stilt + 5 floors At Old Survey No - 4, New Survey Number - 4/1E1A, Navalur Village/Panchayat, Thiruporur Panchayat Union/Taluk, Mamallapuram Local Planning Authority, Chengalpattu District And Tamilnadu",Chengalpattu,12.851356,80.227477,Residential,Non-High Rise Building (NHRB),2207,5866,0,,100,121352010,231834313,,353186323,18,7,0,"[{'block': None, 'base_level': 'Stilt', 'floor_segments': ['5 floors'], 'total_floors_above_base': 5}]",[],23761,63140,2.66,2.0,2.0,25,5107,3672.0,5594,0.34,0.66,3531863,631,False,False,False,0,False,Chengalpattu,Residential,False,,False,False,False
RISHI - PHASE I,TNRERA/35/BLG/0168/2026,"Group Development - Residential Building, at Chengalpattu District – Thirukazhukundram Taluk and Panchayat Union, Kadambadi Panchayat – Melakuppam Village – SF.Nos. 34/4C1A, 34/4C2, 34/5A1, 34/5B, 35/5A1 & 35/5B1 – Site area of 46053.23 Sq.m. – FSI area of 11756.23 sq.m – 7 Blocks",Chengalpattu,12.604113,80.124273,Mixed Development,Non-High Rise Building (NHRB),13009,0,11437,319,130,67000000,601581900,,668581900,82,5,4,[],[],140027,126543,0.9,2.0,2.0,91,478,4754.0,5283,0.1,0.9,5142938,947,False,False,False,0,False,Chengalpattu,Mixed Development,False,,False,False,False
SHRIRAM GREEN MEADOWS,TNRERA/35/BLG/0187/2026,"Sf.No.16/4A, 89/4A and 95/4, Perumattunallur village, vandalure taluk, Chengalpattu District",Chengalpattu,12.814055,80.081573,Residential,High Rise Building (HRB),146160,6729,11992,0,462,488929000,320000000,,808929000,1807,422,208,[],[],1573252,201513,0.13,2.0,4.87,2437,311,3322.0,4014,0.6,0.4,1750929,436,False,False,False,0,False,Chengalpattu,Residential,False,,False,True,True
BLISS TOWER (TOWER A1-A2),TNRERA/35/BLG/0192/2026,LUXURIOUS HIGH RISE 2 & 3 BHK RESIDENTIAL APARTMENTS,Chengalpattu,12.48259,80.12574000000001,Residential,High Rise Building (HRB),296834,0,29684,,302,608000000,1381378000,,1989378000,207,10,0,[],[],3195096,319519,0.1,2.0,4.87,217,190,4323.0,6226,0.31,0.69,6587344,1058,False,False,False,1,False,Chengalpattu,Residential,False,,False,False,False
HANU LUXE PALACE,TNRERA/35/BLG/0195/2026,"The proposed construction of Stilt floor + 4 floors + 5th floor (Part) (Height – 18.20m) Residential Building with 66 Dwelling units for Affordable housing at Nookampalayam Main Road, Chennai 600126 comprised in S.No.9/1D5A, 9/1D5B, 9/1D5C, 9/1D5D & 9/1D5E of Arasankazani Village within the limits of St. Thomas Mount Panchayat Union",Chengalpattu,12.88061,80.197502,Residential,Non-High Rise Building (NHRB),2430,0,7264,,66,100000000,285000000,,385000000,28,42,8,"[{'block': None, 'base_level': 'Stilt', 'floor_segments': ['4 floors', '5th floor'], 'total_floors_above_base': 5}]",[18.2],26160,78188,2.99,2.0,2.0,78,3823,3645.0,4924,0.26,0.74,5833333,1185,False,False,False,0,False,Chengalpattu,Residential,False,,False,False,False
THE MADRAS PAVILION – PHASE II”,TNRERA/35/BLG/0199/2026,"Residential Apartment S+3,in Two Towers in Plot Numbers 1,2,3,4,5,6,7&8 comprised in Survey No. 205/2A & 3A, with Patta No. 3958 situated at Thiruporur Village, Thiruporur Taluk, Chengalpattu Distric",Chengalpattu,12.642865,80.139038,Residential,Non-High Rise Building (NHRB),1172,0,2526,0,74,56700000,84000000,,140700000,0,0,4,"[{'block': None, 'base_level': 'Stilt', 'floor_segments': ['3'], 'total_floors_above_base': 3}]",[],12611,27192,2.16,2.0,2.0,4,4496,3089.0,5174,0.4,0.6,1901351,367,False,False,False,0,False,Chengalpattu,Residential,False,,False,False,False
GURU AISHWARYA APARTMENTS,TNRERA/35/BLG/0201/2026,"142/1C, TELLUS AVENUE, RAJAKILPAKKAM",Chengalpattu,12.915315,80.161805,Residential,Non-High Rise Building (NHRB),1216,0,3247,,35,62780000,114004340,,176784340,22,5,3,[],[],13084,34952,2.67,2.0,2.0,30,4798,3262.0,5058,0.36,0.64,5050981,999,False,False,False,0,False,Chengalpattu,Residential,False,,False,False,False
VIVA Vibes,TNRERA/35/BLG/0207/2026,"2 Blocks: Block A – Stilt floor + 4 floors (Height – 16.50m) Office cum Residential Building with 13 dwelling units (Office at 1st floor only); Block B – Stilt floor + 4 floors (Height – 16.50m) Residential Building with 16 dwelling units; Totally 29 dwelling units and Office (218.10 Sq.m) Availing Premium FSI at Perumal Nagar 5th Main Road (AGS Colony 5th Main Road) and Kumaran Colony Road, Zamin Pallavaram, Chennai",Chengalpattu,12.95205889555554,80.17458134232874,Residential,Non-High Rise Building (NHRB),1863,0,3640,218,29,150420000,70196000,,220616000,32,2,8,"[{'block': None, 'base_level': 'Stilt', 'floor_segments': ['4 floors', '1st floor', '4 floors'], 'total_floors_above_base': 9}]","[16.5, 16.5]",20056,41532,2.07,2.0,2.0,42,7500,3322.0,5312,0.68,0.32,7607448,1351,False,False,False,0,False,Chengalpattu,Residential,False,,False,True,True
LOTUS PARK,TNRERA/35/BLG/0214/2026,"The proposed construction of Stilt floor + 5 Floors (Height – 18.30m) Residential Building with 40 Dwelling Units for Affordable Housing at Dr.Solomon Street and Bajanai Koil 2nd Street, Pallavaram, Chennai 600043 Comprised in Old S.No.346/12, 346/13B & 352/44B, 352/44A & 346/14B (Document) and T.S.No.94, 95, 96, 99 & 147 (Patta), Block No.9, Ward No.B, Zamin Pallavaram Village, Pallavaram Taluk within the limit of Tambaram Municipal Corporation",Chengalpattu,12.965754,80.153044,Residential,Non-High Rise Building (NHRB),1332,0,3461,,40,130000000,135000000,,265000000,3,30,3,"[{'block': None, 'base_level': 'Stilt', 'floor_segments': ['5 Floors'], 'total_floors_above_base': 5}]",[18.3],14340,37250,2.6,2.0,2.0,36,9066,3624.0,7114,0.49,0.51,6625000,931,False,False,False,0,False,Chengalpattu,Residential,False,,False,False,False
JONES AURORA,TNRERA/35/BLG/0215/2026,Construction of Residential Cum Commercial Group Development Comprising of 13 Blocks,Chengalpattu,12.521700000000001,80.11299000000001,Mixed Development,Non-High Rise Building (NHRB),14326,0,11344,1031,61,289750000,457950000,,747700000,78,4,8,[],[],154202,133204,0.86,2.0,2.0,90,1879,3438.0,5613,0.39,0.61,12257377,2002,False,False,False,1,False,Chengalpattu,Mixed Development,False,,False,False,False
VINAYAGGAS SRI GURUVAYURAPPAN APARTMENTS,TNRERA/35/BLG/0218/2026,"Proposed construction of Stilt Floor (Parking) + 5 Floors Residential Building with 20 Dwelling Units (Affordable Housing – 18.30m Height) at Plot No. 6, Old Door No. 4, New Door No. 9, Siva Sankaran Street, Rajaji Nagar, Pallavaram, Chennai, Comprised in Old S.No. 352/2 and T.S.No.42, Block No. 6, Ward No. B of Zamin Pallavaram Village within the limit of Tambaram Municipal Corporation",Chengalpattu,12.965556,80.151389,Residential,Non-High Rise Building (NHRB),700,0,1819,,20,82500000,77500000,,160000000,15,0,2,"[{'block': None, 'base_level': 'Stilt', 'floor_segments': ['5 Floors'], 'total_floors_above_base': 5}]",[],7535,19575,2.6,2.0,2.0,17,10949,3959.0,8174,0.52,0.48,8000000,979,False,False,False,0,False,Chengalpattu,Residential,False,,False,False,False
MEDLEY’S NEST,TNRERA/35/BLG/0227/2026,"Stilt Floor + 4 Floors + 5th Floor (Part) (Height – 18.30 m) Residential Building with 141 Dwelling Units for Affordable Housing with Swimming Pool in 5th Floor at Link Road from Kalaivanar NSK Street, Zamin Pallavaram, Chennai, Comprised in Old S.No: 310/7, T.S.No. 30/7, Block No.25, Ward No. B of Zamin Pallavaram Village, within the limit of Tambaram Municipal Corporation",Chengalpattu,12.962427,80.16207,Residential,Non-High Rise Building (NHRB),6154,0,14271,,141,200000000,400000000,,600000000,116,0,0,"[{'block': None, 'base_level': 'Stilt', 'floor_segments': ['4 Floors', '5th Floor', '5th Floor'], 'total_floors_above_base': 6}]",[18.3],66241,153612,2.32,2.0,2.0,116,3019,2604.0,3906,0.33,0.67,4255319,1089,False,False,False,0,False,Chengalpattu,Residential,False,,False,False,False
ZIVA MOHANAM,TNRERA/35/BLG/0236/2026,"Total No. of Blocks- 2, Ground Floor, Each Block - 16 Villas, Total - 32 Villas",Chengalpattu,12.37084,80.09305,Residential,Non-High Rise Building (NHRB),7221,0,4349,,32,35240802,172200000,,207440802,32,4,4,"[{'block': None, 'base_level': 'Ground', 'floor_segments': [], 'total_floors_above_base': 0}]",[],77723,46811,0.6,2.0,2.0,40,453,3679.0,4431,0.17,0.83,6482525,1463,False,False,False,0,False,Chengalpattu,Residential,False,,False,False,False
RHYTHM BY DAC (VILLAS),TNRERA/35/BLG/0237/2026,"S.Nos.568/3B2, 568/4A1 & 568/4A2 of Madambakkam Village, Tambaram Taluk, Chengalpattu District, Tambaram Corporation Limits.",Chengalpattu,12.893177,12.893177,Residential,Non-High Rise Building (NHRB),2780,0,2450,200,17,55000000,125000000,,180000000,20,1,0,[],[],29924,28524,0.95,2.0,2.0,21,1838,4382.0,6310,0.31,0.69,10588235,1551,False,False,False,0,False,Chengalpattu,Residential,False,,False,False,False
ZIVA BHAIRAVI BLOCK 1,TNRERA/35/BLG/0238/2026,"Block 1, Stilt+5 Floors -90 dwelling units",Chengalpattu,12.3659,80.09252,Residential,Non-High Rise Building (NHRB),9850,0,9533,,90,19402736,655100000,,674502736,45,0,5,"[{'block': None, 'base_level': 'Stilt', 'floor_segments': ['5 Floors'], 'total_floors_above_base': 5}]",[],106024,102608,0.97,2.0,2.0,50,183,6384.0,6574,0.03,0.97,7494475,1140,False,False,False,0,False,Chengalpattu,Residential,False,,False,False,False
RADIANCE EDGEWOOD,TNRERA/35/BLG/0239/2026,"Group Development Building consisting of 14 Blocks (1, 2, 3, 4, 5, 6, 7, 9, 10, 11, 12, 14, 15 & 16) in Block-1 : G + 2Floors + Head Room (7 - Villa’s) ; Block - 2 , 3 & 4 : G + 2 Floors (27 – Villa’s); Block-5 : G + 1Floor + Head room (9 – Villa’s); Block-6 : G + 1Floor + Head room (8 – Villa’s); Block-7 & 9 : G + 1Floor+Head room (14 – Villa’s); Block- 10: G+1Floor+Head room (6 - Villa’s); Block-11: G+1Floor+Head Room (5 – Villa’s); Block-12 : Ground + 2Floors (4 – Villa’s); Block – 14: G+2Floors (3 – Villa’s); Block-15(Club House/Assembly): G+2Floors+Head Room and Block-16 (Drivers Toilet, STP Pump Room) and Swimming pool Totally 83(Villa’s) Dwelling units.",Chengalpattu,12.842051,80.202289,Residential,Non-High Rise Building (NHRB),20250,0,17796,997,83,675000000,432353000,,1107353000,154,14,12,"[{'block': 'Block - 2 , 3 & 4', 'base_level': 'Ground', 'floor_segments': ['2 Floors', '1Floor', '1Floor', '1Floor', '1Floor', '1Floor', '2Floors'], 'total_floors_above_base': 9}, {'block': 'Block – 14', 'base_level': 'Ground', 'floor_segments': ['2Floors', '2Floors'], 'total_floors_above_base': 4}]",[],217969,202283,0.93,2.0,2.0,180,3097,2137.0,5474,0.61,0.39,13341602,2308,False,False,False,0,False,Chengalpattu,Residential,False,,False,False,False
Archana Flats,TNRERA/35/BLG/0244/2026,"Plot Nos. 1 and 2, Comprised in Survey No.60/2A1B, Ninnaikarai Village, Chengalpet Taluk, Chengalpet District",Chengalpattu,12.48241,80.02221,Residential,Non-High Rise Building (NHRB),700,0,1866,0,24,4275000,61275000,,65550000,16,0,0,[],[],7535,20085,2.67,2.0,2.0,16,567,3051.0,3264,0.07,0.93,2731250,837,False,False,False,0,False,Chengalpattu,Residential,False,,False,False,False
ARA VINESH ENCLAVE,TNRERA/35/BLG/0245/2026,STILT + 5 FLOOR (2 BLOCKS),Chengalpattu,13.013827,80.148746,Residential,Non-High Rise Building (NHRB),2200,0,5694,,55,100000000,150000000,,250000000,45,1,4,"[{'block': None, 'base_level': 'Stilt', 'floor_segments': ['5 FLOOR'], 'total_floors_above_base': 5}]",[],23681,61292,2.59,2.0,2.0,50,4223,2447.0,4079,0.4,0.6,4545455,1114,False,False,False,0,False,Chengalpattu,Residential,False,,False,False,False
RLD ALTIMA https://rera.tn.gov.in/public-view2/building/pfirm/06ebad80-21c3-11f1-bef0-65b9c1d3ec27,TNRERA/35/BLG/0252/2026,"PLAN SHOWING THE REVISED & PROPOSED CONSTRUCTION OF HIGH RISE (AFFORDABLE RESIDENTIAL HOUSES) GROUP DEVELOPMENT CONSISTS OF COMBINED EXTENDED BASEMENT FLOORS WITH BLOCK-01 (TOWER A & B) AND BLOCK - 02. BLOCK- 01 (TOWER A & B) 630 DWELLING UNITS (STILT TO 35TH FLOOR) BLOCK-02 (CLUB HOUSE) : GROUND FLOOR + FIRST FLOOR WITH SWIMMING POOL @ GROUND LEVEL ,COMPRISED IN S.NO. 585/1A2A1, 586/1A, 586/2A, 586/2B, 586/2C, 587, 595/1B1A, 596/1A, 598/1 AT PADUR VILLAGE, THIRUPORUR TALUK, CHENGALPATTU DISTRICT.",Chengalpattu,12.79345,80.21784,Residential,High Rise Building (HRB),30069,0,71765,1915,630,538000000,2050318773,,2588318773,602,0,38,"[{'block': 'BLOCK - 02. BLOCK- 01 (TOWER A & B) 630 DWELLING UNITS (STILT-35TH FLOOR) BLOCK-02 (CLUB HOUSE)', 'base_level': 'Ground', 'floor_segments': ['FIRST FLOOR'], 'total_floors_above_base': 1}]",[],323660,793089,2.45,2.0,4.87,640,1662,2585.0,3264,0.21,0.79,4108442,1226,False,False,False,0,False,Chengalpattu,Residential,False,,False,False,False
MEERA’S LANDMARK,TNRERA/35/BLG/0256/2026,"Plot No.20, Ottiyambakkam Main Road,",Chengalpattu,12.879367,80.192402,Residential,Non-High Rise Building (NHRB),2830,0,6124,,69,120000000,230000000,,350000000,51,2,7,[],[],30462,65916,2.16,2.0,2.0,60,3939,3489.0,5310,0.34,0.66,5072464,955,False,False,False,0,False,Chengalpattu,Residential,False,,False,False,False
RUBY ONE CREST https://rera.tn.gov.in/public-view2/building/pfirm/fd42c8f0-7cf9-11f1-8428-015359f63733,TNRERA/35/BLG/0260/2026,"Plan Showing The Proposed Construction High Rise Group Development Buildings With 4 Blocks for Residential With Club House Use With Combined/ Extended B.Floor For Block No: A, B&C (Meant For Parking) Over & Above In Block – A:Stilt Floor (Meant For Parking) + 14 Floors With126 Dwelling Units, Block – B: Stilt Floor (Meantfor Parking) + 14 Floors With 154 Dwelling Units,Block - C: Stilt Floor (Meant For Parking) + 5floors With 50 Dwelling Units And Block – D(Club House Use): B.Floor + G.Floor + 2 Floorsand Open Swimming Pool With Change/Showerrooms At 2nd Floor. Totally 330 Dwelling Units,Abutting Vengaivasal Main Road, Selaiyur,Tambaram, Chennai. Comprised In S.No.85/1, 85/2A,85/2B, 86/1A, 86/1B, 87/4, 87/5A, 87/5B, 87/5C And 87/6 Of",Chengalpattu,12.912553077676709,80.16896897645456,Residential,High Rise Building (HRB),14650,0,39545,1380,330,882500000,1320000000,,2202500000,297,35,28,"[{'block': 'Block – A', 'base_level': 'Stilt', 'floor_segments': ['14 Floors'], 'total_floors_above_base': 14}, {'block': 'Block – B', 'base_level': 'Stilt', 'floor_segments': ['14 Floors'], 'total_floors_above_base': 14}, {'block': 'Block - C', 'base_level': 'Stilt', 'floor_segments': ['5floors'], 'total_floors_above_base': 5}, {'block': 'Block – D(Club House Use)', 'base_level': None, 'floor_segments': ['2nd Floor'], 'total_floors_above_base': 1}]",[],157691,440507,2.79,2.0,4.87,360,5596,2997.0,5000,0.4,0.6,6674242,1290,False,False,False,0,False,Chengalpattu,Residential,False,,False,False,False
TULIVE PAVILION,TNRERA/35/BLG/0269/2026,"PROPOSED CONSTRUCTION OF BASEMENT FLOOR (PARKING) + GROUND FLOOR + 5 FLOORS (HEIGHT - 18.20M) NON-HIGH RISE RESIDENTIAL BUILDING WITH 388 DWELLING UNITS FOR AFFORDABLE HOUSING WITH MEETING ROOM, GYM, INDOOR GAMES AND SWIMMING POOL AT AGARAM MAIN ROAD, KOVILANCHERY, CHENNAI COMPRISED IN S.NO.92, 93 & 94 OF KOVILANCHERY VILLAGE WITHIN THE LIMITS OF ST.THOMAS MOUNT PANCHAYAT UNION",Chengalpattu,12.882676387431747,80.1701223405598,Residential,Non-High Rise Building (NHRB),18350,0,43326,,388,308470000,1570000000,,1878470000,299,0,0,"[{'block': None, 'base_level': 'Ground', 'floor_segments': ['5 FLOORS'], 'total_floors_above_base': 5}]",[18.2],197518,466353,2.36,2.0,2.0,299,1562,3367.0,4028,0.16,0.84,4841418,1202,False,False,False,0,False,Chengalpattu,Residential,False,,False,False,False
Enchante Apartments Phase 2,TNRERA/35/BLG/0271/2026,2 & 3 BHK RESIDENTIAL APARTMENTS,Chengalpattu,12.500880000000002,80.1235,Residential,High Rise Building (HRB),9792,0,26811,,252,39559000,1190241000,,1229800000,85,97,11,[],[],105400,288592,2.74,2.0,4.87,193,375,4124.0,4261,0.03,0.97,4880159,1145,False,False,False,1,False,Chengalpattu,Residential,False,,False,False,False
Dinesh Vihar (AWHO),TNRERA/35/BLG/0283/2026,(Tower-1 to 6 (Stilt-1+Stilt-2+29 FLOORS) and Club House (G+4 FLOORS),Chengalpattu,12.86735,80.207121,Residential,High Rise Building (HRB),41602,0,96780,2689,852,614744000,2827809490,,3442553490,852,0,85,"[{'block': None, 'base_level': 'Ground', 'floor_segments': ['29 FLOORS', '4 FLOORS'], 'total_floors_above_base': 33}]",[],447798,1070672,2.39,2.0,4.87,937,1373,2641.0,3215,0.18,0.82,4040556,1223,False,False,False,0,False,Chengalpattu,Residential,False,,False,False,False
JAYALAKSHMI APARTMENTS,TNRERA/3/BLG/0246/2026,"S.F.No: 495/34,495/ 34A,495/46,495/46A. with site extent: 950.00 Sq.m, FSI Area:1939.20 Sq.m, Layout No: 316/ 2018.Vadakuthu Village Plot No-U, Kurinjipadi Taluk, Cuddalore District,Tamilnadu State.",Cuddalore,11.625198,79.551704,Residential,High Rise Building (HRB),950,0,1939,,20,45100000,81500000,,126600000,17,0,2,[],[],10226,20873,2.04,2.0,4.87,19,4410,3905.0,6065,0.36,0.64,6330000,1044,False,False,False,0,False,Cuddalore,Residential,False,,False,False,False
RESIDENTIAL HOUSE,TNRERA/5/BLG/0030/2026,RESIDENTIAL APARTMENT,Vellore,12.952803,79.140012,Residential,Non-High Rise Building (NHRB),647,0,1289,,15,45100000,41000000,,86100000,7,4,1,[],[],6960,13873,1.99,2.0,2.0,12,6480,2955.0,6206,0.52,0.48,5740000,925,False,False,False,0,False,Vellore,Residential,False,,False,False,False
RAJ N RAM,TNRERA/5/BLG/0138/2026,"Site Address : RAJ N RAM APARTMENTS - THE PROPOSED CONSTRUCTION OF RCC ROOF RESIDENTIAL BUILDING WITH STILT FLOOR (PARKING), + 4 FLOORS AT T.S.NO: 313/3G, 313/5, 313/6 & 313/7, WARD NO.5, BLOC, NO.7, VELAPADI VILLAGE, VELLORE CITY MUNICIPAL CORPORATION VELLORE TALUK & VELLORE DISTRICT.",Vellore,12.907108,79.132456,Residential,Non-High Rise Building (NHRB),647,0,1282,,12,7000000,30000000,,37000000,12,0,2,"[{'block': None, 'base_level': 'Stilt', 'floor_segments': ['4 FLOORS'], 'total_floors_above_base': 4}]",[],6964,13801,1.98,2.0,2.0,14,1005,2174.0,2681,0.19,0.81,3083333,1150,False,False,False,0,False,Vellore,Residential,False,,False,False,False
SM RAJ TOWERS,TNRERA/5/BLG/0264/2026,"T.S.No.142[old S.F.No.153(Pt)], Approved Layout No. 89/49, Plot No. A2/88 of Kalinjur Village, Vellore City Municipal Corporation, Katpadi Taluk, Vellore District",Vellore,12.956,79.139962,Residential,Non-High Rise Building (NHRB),647,0,1289,,15,30000000,40000000,,70000000,14,0,1,[],[],6960,13871,1.99,2.0,2.0,15,4310,2884.0,5046,0.43,0.57,4666667,925,False,False,False,0,False,Vellore,Residential,False,,False,False,False
Vaishnavi Palace Apartments,TNRERA/7/BLG/0106/2026,"No. of units : 35 No.of Tower : 1 No.of Floor : Stilt + 5 Floors. Address : Old S.F.No.85, New Ward.AJ, Block No.44 –T.S.No.7,8,9,10,Plot Nos. 43,44,45,46,Ammapettai Village – Pallavan street, Vidya Nagar,8th Cross, Salem - 636016",Salem,11.654962,78.176601,Residential,Non-High Rise Building (NHRB),1406,0,4407,,35,27056025,218412091,,245468116,25,10,4,"[{'block': None, 'base_level': 'Stilt', 'floor_segments': ['5 Floors'], 'total_floors_above_base': 5}]",[],15134,47434,3.13,2.0,2.0,39,1788,4605.0,5175,0.11,0.89,7013375,1355,False,False,False,0,False,Salem,Residential,False,,False,False,False
VIJAYA HIGH VIEW,TNRERA/7/BLG/0116/2026,STILT + 05FLOORS 25DWELLING UNITS JARI KONDALAM PATTY SALEM,Salem,11.635222,78.124639,Residential,Non-High Rise Building (NHRB),1215,,3157,,25,981000,106519600,,107500600,23,5,2,"[{'block': None, 'base_level': 'Stilt', 'floor_segments': ['05FLOORS'], 'total_floors_above_base': 5}]",[],13078,33981,2.6,2.0,2.0,30,75,3135.0,3164,0.01,0.99,4300024,1359,False,False,False,0,False,Salem,Residential,False,,False,False,False
SAKURA ENCLAVE,TNRERA/7/BLG/0143/2026,STILT+03 FLOORS APARTMENT BUILDING(12DWELLINGS),Salem,11.685556,78.133667,Residential,Non-High Rise Building (NHRB),921,0,1751,,12,6500000,48729400,,55229400,14,0,2,"[{'block': None, 'base_level': 'Stilt', 'floor_segments': ['03 FLOORS'], 'total_floors_above_base': 3}]",[],9913,18852,1.9,2.0,2.0,16,656,2585.0,2930,0.12,0.88,4602450,1571,False,False,False,0,False,Salem,Residential,False,,False,False,False
METROPLOE - PUSHPA VIHAR,TNRERA/7/BLG/0262/2026,Apartment Building,Salem,11.676617,78.144727,Residential,Non-High Rise Building (NHRB),617,0,1565,,9,7307500,40848000,,48155500,12,0,2,[],[],6643,16845,2.54,2.0,2.0,14,1100,2425.0,2859,0.15,0.85,5350611,1872,False,False,False,0,False,Salem,Residential,False,,False,False,False
Square Ball,TNRERA/7/BLG/0273/2026,"Proposed Construction of Stilt + 5 Floors Residential Apartment Building (23 Dwelling Units) with Plot Amalgamation in Old S.No. 229/1A Part, 1B Part, 234/2A3, New Ward – A, Block – 42, T.S.No.15/19, 20, 28 & 29, Plot No. 15 Pt (South), 16pt (South), 17, 18 Pt (North), In Approval Layout No. LP/DTCP No – 602/97, Jaggirammapalayam Village, Salem City Municipal Corpoartion, Salem West Taluk & District.",Salem,11.68551,78.11725,Residential,Non-High Rise Building (NHRB),993,0,2581,,23,17700000,55500000,,73200000,21,2,3,"[{'block': None, 'base_level': 'Stilt', 'floor_segments': ['5 Floors'], 'total_floors_above_base': 5}]",[],10687,27785,2.6,2.0,2.0,26,1656,1997.0,2635,0.24,0.76,3182609,1208,False,False,False,0,False,Salem,Residential,False,,False,False,False
MEIRA BLOOM,TNRERA/8/BLG/0039/2026,Stilt+5 Floors,Namakkal,11.211426,78.167975,Residential,Non-High Rise Building (NHRB),1203,0,3361,,20,92272750,118833725,,211106475,26,4,10,"[{'block': None, 'base_level': 'Stilt', 'floor_segments': ['5 Floors'], 'total_floors_above_base': 5}]",[],12949,36177,2.79,2.0,2.0,40,7126,3285.0,5835,0.44,0.56,10555324,1809,False,False,False,0,False,Namakkal,Residential,False,,False,False,False
