tree
version=v4
num_class=1
num_tree_per_iteration=1
label_index=0
max_feature_idx=29
objective=regression
feature_names=Districts Latitude Longitude Usage Type_of_Building Site_Extent_Sqm FSI_LIG_Residential FSI_Other_Residential FSI_Commercial Total_Dwelling_Units Covered_Parking Open_Parking Visitor_Parking FE_Site_Extent_Sqft FE_Total_FSI_Area_Sqft FE_FSI FE_Permissable_FSI FE_Max_Premium_FSI FE_Total_Parking FE_Average_Unit_Size_Sqft Is_TNUHDB_TNHB Is_Dwelling_Units_Hardcoded Is_FSI_Imputed_From_Comparable_Avg Coord_Was_Corrupted Is_Coordinates_Hardcoded FSI_outlier_flag Imputed_Car_Parking Parking_was_imputed Is_Construction_Cost_Below_Floor Is_Construction_Cost_Imputed
feature_infos=-1:1:2:0:16:6:9:20:13:8:19:5:17:22:14 [7.8787000000000003:80.843170000000001] [8.7873999999999999:86.254289999999997] -1:2:0:1 -1:1:0 [332:296834] [0:38213] [0:278291] [0:74660] [1:2880] [0:2668] [0:598] [0:210] [3574:3195096] [6312:3056802] [0.01:7.2999999999999998] none [2:4.8700000000000001] [0:3166] [0:5073] none none none [0:1] none none none none [0:1] [0:1]
tree_sizes=2513 2588 2692 2694 2634 2788 2447 2618 2559 2629 2641 2721 2734 2633 2654 2684 2665 2646 2652 2818 2549 2824 2570 2646 2752 2656 2675 2682 2748 2750 2867 2589 2758 2827 2582 2572 2661 2581 2675 2666 2603 2781 2664 2820 2843 2857 2697 2862 2836 2685 2618 2779 2596 2710 2866 2844 2786 2773 2682 2788 2720 2671 2877 2684 2883 2687 2771 2530 2798 2699 2694 2621 2876 2697 2769 2808 2705 2867 2704 2627 2612 2734 2598 2623 2711 2620 2857 2717 2635 2767 2881 2872 2715 2772 2788 2706 2810 2728 2799 2713

Tree=0
num_leaves=30
num_cat=2
split_feature=0 9 28 2 19 1 10 7 7 2 15 10 12 5 2 2 15 15 1 1 15 5 12 2 2 4 9 5 9
split_gain=44.7416 8.54363 4.99589 3.53247 2.73321 2.12286 1.30175 1.6566 1.51263 1.22899 1.01252 0.900752 0.898379 0.833434 0.810399 1.24668 0.780104 0.653449 0.648147 0.631835 0.509832 0.44167 0.399274 0.366777 0.55963 0.287211 0.227545 0.187356 0.169658
threshold=0 18.500000000000004 1.0000000180025095e-35 80.245807500584732 1511.0000000000002 13.025835500000005 7.5000000000000009 1655.0000000000002 2938.5000000000005 80.254588000000012 0.78500000000000014 12.500000000000002 1.0000000180025095e-35 3900.5000000000005 80.232983000000004 80.203821500000018 2.7350000000000008 2.7750000000000004 13.039695000000002 11.010039500000001 1.1000000000000003 7522.5000000000009 3.5000000000000004 78.116325000000003 80.103747650000017 1 10.500000000000002 1970.5000000000002 89.500000000000014
decision_type=9 10 2 2 8 2 8 8 8 2 2 10 10 2 2 2 2 2 2 2 2 2 10 2 2 1 8 2 10
left_child=1 4 6 5 11 13 -2 -8 23 12 -10 14 -6 -3 15 -1 19 -7 -14 -12 -21 27 -18 -9 -25 -24 -20 -22 -29
right_child=2 3 -4 -5 9 17 7 8 10 -11 16 -13 18 -15 -16 -17 22 -19 26 20 21 -23 25 24 -26 -27 -28 28 -30
leaf_value=8.7152847221719938 8.6747728602274723 8.6713606918094683 8.6160618578892851 8.7157371829075068 8.7052870425813555 8.7000654847832983 8.6355824876576932 8.6824002304945616 8.6735687930266874 8.7477794109954221 8.6362331428589147 8.6873450373307524 8.71423694516551 8.6456343522755148 8.7264773551531789 8.6832613514707138 8.649703698020307 8.6782330892821999 8.7274752176540797 8.6660895370243765 8.6453839545747648 8.6384864980760376 8.6755436508980299 8.6541770360636239 8.6775502196640293 8.6589859822071222 8.7418578208767528 8.6630738419654669 8.6506547310732955
leaf_weight=31 38 34 32 28 25 29 38 21 24 22 35 25 24 20 20 20 20 26 22 20 21 30 20 20 21 22 22 22 22
leaf_count=31 38 34 32 28 25 29 38 21 24 22 35 25 24 20 20 20 20 26 22 20 21 30 20 20 21 22 22 22 22
internal_value=8.67684 8.70276 8.65453 8.68406 8.71613 8.67592 8.65723 8.65525 8.65775 8.72652 8.6541 8.70367 8.7215 8.66183 8.70942 8.70273 8.6519 8.68974 8.72746 8.648 8.65158 8.64852 8.66133 8.67165 8.66615 8.66687 8.73467 8.65316 8.65686
internal_weight=754 348 406 137 211 109 374 336 298 115 236 96 93 54 71 51 212 55 68 150 115 95 62 62 41 42 44 65 44
internal_count=754 348 406 137 211 109 374 336 298 115 236 96 93 54 71 51 212 55 68 150 115 95 62 62 41 42 44 65 44
cat_boundaries=0 1 2
cat_threshold=2 2
is_linear=0
shrinkage=1


Tree=1
num_leaves=29
num_cat=1
split_feature=0 9 28 2 7 1 2 2 9 7 1 7 15 1 19 15 2 11 1 15 2 14 12 10 9 2 2 5
split_gain=36.2407 6.92034 4.04667 2.8613 2.26581 1.71952 1.20514 1.26653 1.13435 1.49528 1.82626 1.71953 0.978312 0.933568 0.835144 0.77565 0.706635 0.682964 0.652098 0.537477 0.498794 0.495953 0.37883 0.352324 0.330547 0.36838 0.489084 0.25937
threshold=0 18.500000000000004 1.0000000180025095e-35 80.245807500584732 2355.0000000000005 13.025835500000005 80.232983000000004 80.151080000000022 10.500000000000002 1752.0000000000002 12.57098 2938.5000000000005 0.78500000000000014 13.073166000000002 1276.5000000000002 2.7350000000000008 78.116325000000003 5.5000000000000009 11.010039500000001 2.6250000000000004 80.083960000000005 15207.000000000002 3.5000000000000004 11.500000000000002 136.00000000000003 80.091065 77.025448000000026 4355.5000000000009
decision_type=9 10 2 2 8 2 2 2 8 8 2 8 2 2 10 2 2 10 2 2 2 2 10 10 10 2 2 2
left_child=1 4 8 5 6 17 7 -1 -2 10 -10 16 -13 21 -8 18 -11 -3 -14 -7 -18 -9 -17 -16 25 26 -20 -24
right_child=2 3 -4 -5 -6 19 14 13 9 11 -12 12 15 -15 23 22 20 -19 24 -21 -22 -23 27 -25 -26 -27 -28 -29
leaf_value=0.041557073327262078 0.0049319723354918623 -0.02475133224205045 -0.054698733679833828 0.035009059549442362 0.059425965883543319 0.02327613820848258 0.055896473169326777 0.022847166260623414 -0.05192112898720163 0.013487298023842631 -0.012909837144737445 -0.0021995336179518039 -0.038221888009990962 0.036377004720270632 0.042177052299181624 -0.024421077445149424 -0.020332402940839531 -0.0022591250879621066 -0.01315457856028595 0.0032349986722692847 0.0020012846906320193 0.004048331438550829 -0.0005199832274861958 0.024068470231511378 -0.030667040807505448 -0.010575315365079611 -0.03292731130174522 -0.016090939184650779
leaf_weight=31 21 27 32 28 33 23 25 23 28 21 21 27 35 20 21 20 20 27 22 32 20 36 23 22 36 31 29 20
leaf_count=31 21 27 32 28 33 23 25 23 28 21 21 27 35 20 21 20 20 27 22 32 20 36 23 22 36 31 29 20
internal_value=-8.93109e-11 0.0233256 -0.0200735 0.0064952 0.0353589 -0.000829461 0.030897 0.0244276 -0.0176476 -0.0189909 -0.035202 -0.0163779 -0.0201461 0.0177059 0.0413623 -0.0223894 -0.00136703 -0.0135052 -0.0262347 0.0116158 -0.00916556 0.0113767 -0.0130508 0.0329122 -0.0226792 -0.0191723 -0.0243979 -0.00776229
internal_weight=754 348 406 137 211 109 178 110 374 353 49 304 243 79 68 216 61 54 153 55 40 59 63 43 118 82 51 43
internal_count=754 348 406 137 211 109 178 110 374 353 49 304 243 79 68 216 61 54 153 55 40 59 63 43 118 82 51 43
cat_boundaries=0 1
cat_threshold=2
is_linear=0
shrinkage=0.1


Tree=2
num_leaves=30
num_cat=1
split_feature=0 9 28 2 19 1 10 7 9 2 10 12 2 10 5 5 5 11 2 1 2 15 1 8 7 1 2 19 19
split_gain=29.355 5.60548 3.2778 2.31766 2.02603 1.39281 0.986105 1.15861 1.01613 0.939454 0.816044 0.785074 0.730062 0.707514 0.70669 0.662373 1.21995 0.659999 0.490238 0.455527 0.455001 0.447125 0.401443 0.361687 0.553623 0.449009 0.285209 0.2278 0.20941
threshold=0 18.500000000000004 1.0000000180025095e-35 80.245807500584732 1511.0000000000002 13.025835500000005 7.5000000000000009 1593.5000000000002 29.500000000000004 80.254588000000012 153.00000000000003 1.0000000180025095e-35 80.112995000000026 12.500000000000002 3900.5000000000005 641.00000000000011 547.00000000000011 45.500000000000007 77.019293000000019 13.039695000000002 78.680782650000012 2.7750000000000004 10.594170000000004 308.50000000000006 9051.5000000000018 12.43688 77.578231500000015 1748.5000000000002 1128.0000000000002
decision_type=9 10 2 2 8 2 8 8 8 2 10 10 2 10 2 2 2 10 2 2 2 2 2 10 10 2 2 10 10
left_child=1 4 6 5 13 14 -2 -8 18 11 17 -6 -12 15 -3 16 -1 22 -9 -13 -20 -7 -10 24 25 26 -24 -21 -26
right_child=2 3 -4 -5 9 21 7 8 10 -11 12 19 -14 -15 -16 -17 -18 -19 20 27 -22 -23 23 -25 28 -27 -28 -29 -30
leaf_value=0.036548112581173582 -0.00061410326682227224 -0.0033807994140421641 -0.049228858319111168 0.031508153251239228 0.021227007236331703 0.018991560951389118 -0.034561195088705671 0.0063991159479052807 -0.033117602784186601 0.059359139644286851 0.0072808057954534891 0.030868806938330336 -0.019117629083550788 0.0066306529417634015 -0.027070348318666223 0.041616051793098456 0.0055619400692025756 -0.039158375672996043 -0.020314707690677433 0.055525913426563857 -0.00242096299227948 0.00093187523575929499 -0.013063926302960941 -0.0070738729173317558 -0.036527839755373347 -0.005127651816500085 -0.029356682537631559 0.041120363350795663 -0.022405596968850919
leaf_weight=24 38 34 32 28 25 29 36 23 20 22 20 24 22 25 20 20 27 20 27 21 30 26 21 25 21 28 22 23 21
leaf_count=24 38 34 32 28 25 29 36 23 20 22 20 24 22 25 20 20 27 20 27 21 30 26 21 25 21 28 22 23 21
internal_value=2.61664e-11 0.0209931 -0.0180661 0.00584568 0.031823 -0.000746515 -0.0158829 -0.0176097 -0.0155755 0.040776 -0.019085 0.03638 -0.00654695 0.0210981 -0.0121547 0.0261922 0.0201437 -0.0220434 -0.00592433 0.0419509 -0.0108969 0.0104543 -0.019877 -0.0179581 -0.0203661 -0.0149826 -0.0213998 0.0479957 -0.0294667
internal_weight=754 348 406 137 211 109 374 336 300 115 220 93 42 96 54 71 51 178 80 68 57 55 158 138 113 71 43 44 42
internal_count=754 348 406 137 211 109 374 336 300 115 220 93 42 96 54 71 51 178 80 68 57 55 158 138 113 71 43 44 42
cat_boundaries=0 1
cat_threshold=2
is_linear=0
shrinkage=0.1


Tree=3
num_leaves=30
num_cat=1
split_feature=0 9 28 1 19 2 9 2 19 14 9 7 1 7 9 5 9 7 9 11 11 1 10 8 7 2 10 2 7
split_gain=23.7775 4.54044 2.65502 1.9287 1.8331 1.70764 0.854575 0.846184 1.17486 0.884192 0.843468 1.10696 1.40911 1.37541 0.711801 0.679377 0.6606 0.575548 0.622891 0.514825 0.471073 0.431654 0.382585 0.274722 0.389295 0.539046 0.348561 0.338794 0.158332
threshold=0 18.500000000000004 1.0000000180025095e-35 12.961458000000002 1481.5000000000002 80.232983000000004 17.500000000000004 80.121583000000015 1571.5000000000002 14017.000000000002 10.500000000000002 1793.0000000000002 12.57098 2078.5000000000005 47.500000000000007 34849.500000000007 29.500000000000004 1584.5000000000002 14.500000000000002 5.5000000000000009 60.500000000000007 10.460680000000002 20.500000000000004 381.50000000000006 9051.5000000000018 80.092855000000014 93.500000000000014 77.039772000000013 2273.5000000000005
decision_type=9 10 2 2 10 2 8 2 10 2 8 10 2 10 10 2 10 8 10 10 10 2 10 10 10 2 10 2 10
left_child=1 5 10 -3 14 7 17 -1 9 -9 -2 12 -12 -13 28 16 22 -7 -19 -11 21 -18 -15 24 25 27 -26 -23 -5
right_child=2 3 -4 4 -6 6 -8 8 -10 19 11 13 -14 15 -16 -17 20 18 -20 -21 -22 23 -24 -25 26 -27 -28 -29 -30
leaf_value=0.038854024626891172 0.0051758840702296723 -0.016679285292423542 -0.044305973069276666 0.0053862367942929274 0.032608494727561874 0.021113940916955471 0.055497316805564835 0.026855590581165063 0.036454574083504471 -0.005168324361244838 -0.043557466733558425 0.011534661515837624 -0.0099955287952484054 0.0029482681338170854 -0.0076316724362021143 0.0027661104127764701 -0.031185632618144155 0.05056108599901199 0.026884061291348189 0.015246445109092056 -0.033098339936917735 -0.0092474354564079219 -0.014120310194918823 -0.0074666941242123204 -0.033086789201479408 -0.0012967289353792485 -0.017248293664306403 -0.025808295030146838 0.017551994477601154
leaf_weight=21 21 31 32 20 30 25 23 23 23 30 29 21 22 24 33 20 20 25 20 21 21 21 29 33 24 26 33 30 23
leaf_count=21 21 31 32 20 30 25 23 23 23 30 29 21 22 24 33 20 20 25 20 21 21 21 29 33 24 26 33 30 23
internal_value=5.81305e-11 0.0188937 -0.0162595 0.00526111 0.0116776 0.0286407 0.0387741 0.0206542 0.016714 0.0105784 -0.0142946 -0.0154529 -0.0290798 -0.0131516 0.00341547 -0.0149965 -0.0163576 0.0332794 0.040038 0.00323776 -0.0188972 -0.0173024 -0.00639114 -0.0156397 -0.0176525 -0.0130151 -0.0239171 -0.0189891 0.0118935
internal_weight=754 348 406 137 106 211 93 118 97 74 374 353 51 302 76 281 261 70 45 51 208 187 53 167 134 77 57 51 43
internal_count=754 348 406 137 106 211 93 118 97 74 374 353 51 302 76 281 261 70 45 51 208 187 53 167 134 77 57 51 43
cat_boundaries=0 1
cat_threshold=2
is_linear=0
shrinkage=0.1


Tree=4
num_leaves=29
num_cat=1
split_feature=0 9 28 2 7 1 5 10 12 10 15 7 14 9 11 10 2 5 8 12 18 19 1 18 14 9 1 2
split_gain=19.2598 3.67775 2.15057 1.67834 1.47171 0.927343 0.793735 0.882462 0.811222 0.743294 0.708107 0.638414 0.83824 0.651174 0.578157 0.570433 0.594207 0.533537 0.482221 0.482048 0.393533 0.361034 0.341771 0.305973 0.114918 0.387959 0.312671 0.251383
threshold=0 18.500000000000004 1.0000000180025095e-35 80.245807500584732 2355.0000000000005 13.025835500000005 547.00000000000011 17.500000000000004 1.0000000180025095e-35 6.5000000000000009 2.5750000000000006 1655.0000000000002 15365.000000000002 29.500000000000004 5.5000000000000009 153.00000000000003 80.112995000000026 7147.5000000000009 1063.5000000000002 1.0000000180025095e-35 33.500000000000007 1571.5000000000002 10.594170000000004 24.500000000000004 121687.00000000001 85.500000000000014 12.43688 77.578231500000015
decision_type=9 10 2 2 8 2 2 10 10 8 2 8 2 8 10 10 2 2 8 10 10 8 2 10 2 8 2 2
left_child=1 4 9 5 6 14 -1 8 -8 -2 21 12 -11 19 -3 17 -17 22 -19 -13 -7 -10 -15 -21 25 26 27 -24
right_child=2 3 -4 -5 -6 20 7 -9 10 11 -12 13 -14 15 -16 16 -18 18 -20 23 -22 -23 24 -25 -26 -27 -28 -29
leaf_value=0.035443020974182421 0.0012324594235157266 -0.020530809834599498 -0.039875375665724279 0.026573084760457277 0.045173088224096734 0.018624595859595996 -0.0036506436578929422 0.033434262417722495 0.018818091173820637 -0.011325083766132595 0.0069571449562455673 -0.014105144233414621 -0.039930706790515358 -0.026915564705850561 0.00016374758410233042 0.0074910110561177135 -0.016324909073723991 -0.017765916636942523 -0.038997303294017911 0.0095421947490346316 0.0013581323522058402 0.035040221156795386 -0.008381286562653259 -0.0067847038471055311 -0.0070451157788435628 -0.026746161403134468 -0.0025461522482887466 -0.024046448618173601
leaf_weight=36 34 27 32 28 33 22 20 32 34 20 33 33 21 20 27 20 22 23 20 24 33 23 20 22 27 20 27 21
leaf_count=36 34 27 32 28 33 22 20 32 34 20 33 33 21 20 27 20 22 23 20 24 33 23 20 22 27 20 27 21
internal_value=3.24234e-12 0.0170044 -0.0146336 0.004735 0.0257766 -0.000874782 0.0221807 0.0188184 0.0145665 -0.0128651 0.0186147 -0.0142749 -0.0259767 -0.0126703 -0.0101835 -0.0154668 -0.00498399 -0.0179402 -0.027641 -0.00488254 0.00826472 0.0253639 -0.0148504 0.00173368 -0.0127521 -0.0145031 -0.0109022 -0.0164049
internal_weight=754 348 406 137 211 109 178 142 110 374 90 340 41 299 54 220 42 178 43 79 55 57 135 46 115 88 68 41
internal_count=754 348 406 137 211 109 178 142 110 374 90 340 41 299 54 220 42 178 43 79 55 57 135 46 115 88 68 41
cat_boundaries=0 1
cat_threshold=2
is_linear=0
shrinkage=0.1


Tree=5
num_leaves=31
num_cat=1
split_feature=0 19 28 2 10 9 1 2 12 14 19 9 18 18 15 8 7 11 2 2 2 11 14 1 11 15 7 7 19 18
split_gain=15.6004 3.20026 1.74196 1.64331 1.8432 1.52043 1.26819 1.14701 0.708274 1.16351 0.65787 0.735633 0.560632 1.4019 0.630078 0.591768 0.552986 0.776837 0.70106 0.952176 0.475149 0.454381 0.442153 0.370317 0.366328 0.356987 0.263603 0.158845 0.111043 0.173301
threshold=0 1417.5000000000002 1.0000000180025095e-35 80.249889500000009 27.500000000000004 47.500000000000007 13.039695000000002 80.25913635000002 1.5000000000000002 16263.500000000002 563.50000000000011 10.500000000000002 16.500000000000004 22.500000000000004 2.6350000000000002 1189.0000000000002 1850.0000000000002 4.5000000000000009 80.229894000000016 80.18823900000001 78.407845000000009 6.5000000000000009 108773.50000000001 13.025835500000005 34.500000000000007 2.5250000000000004 1947.5000000000002 5835.0000000000009 1255.0000000000002 102.50000000000001
decision_type=9 8 2 2 10 10 2 2 10 2 8 8 10 10 2 8 10 10 2 2 2 10 2 2 10 2 10 8 8 10
left_child=1 5 10 4 8 16 -6 -5 9 -3 -2 -12 -13 -14 15 28 17 18 19 -1 21 25 -22 -18 27 -17 -10 -16 -15 -30
right_child=2 3 -4 7 6 -7 -8 -9 26 -11 11 12 13 14 24 20 23 -19 -20 -21 22 -23 -24 -25 -26 -27 -28 -29 29 -31
leaf_value=0.017324385326355697 0.0060663603839930151 0.035363604181579182 -0.035887840669602156 0.054527619536276217 -0.014539840102026408 -0.011278465361549306 0.020253001106902958 0.024481961627801262 0.029194715833291415 0.0020753859941448484 0.0055772156232879282 -0.025692927238664461 0.0059026529773365003 -0.015992711298167706 0.00333238484710455 -0.012533678768456661 -0.0074605269534956846 0.029964349625839128 0.024825930520310069 -0.013532964102923871 -0.0068796217829609919 -0.038351574718952182 -0.024352352490781673 0.010393643235931031 -0.017797334153543821 -0.030993368332274257 0.045430567637085917 -0.0078314948683747884 -0.00096210615963421081 -0.013823816620279103
leaf_weight=20 20 21 32 27 22 39 20 24 20 21 21 35 37 21 25 22 21 27 20 20 30 25 28 26 22 20 20 26 22 20
leaf_count=20 20 21 32 27 22 39 20 24 20 21 21 35 37 21 25 22 21 27 20 20 30 25 28 26 22 20 20 26 22 20
internal_value=-7.72448e-11 0.0153039 -0.0131702 0.0252784 0.0190638 0.00609877 0.00202818 0.0403885 0.0277893 0.0187195 -0.0115786 -0.0125755 -0.0137203 -0.0123141 -0.0148965 -0.0179582 0.0111563 0.015878 0.00953912 0.00189571 -0.0219412 -0.0276776 -0.0153147 0.00241625 -0.00701165 -0.021324 0.0373126 -0.002359 -0.0100554 -0.00708673
internal_weight=754 348 406 175 124 173 42 51 82 42 374 354 333 298 261 188 134 87 60 40 125 67 58 47 73 42 40 51 63 42
internal_count=754 348 406 175 124 173 42 51 82 42 374 354 333 298 261 188 134 87 60 40 125 67 58 47 73 42 40 51 63 42
cat_boundaries=0 1
cat_threshold=2
is_linear=0
shrinkage=0.1


Tree=6
num_leaves=27
num_cat=2
split_feature=0 19 28 1 9 2 14 4 11 10 7 7 19 9 2 7 8 9 1 19 2 2 1 10 11 9
split_gain=12.6364 2.59221 1.41099 1.35296 1.23155 0.934184 0.84363 0.731586 0.555227 0.540133 0.686927 0.512892 0.458158 0.447313 0.547064 0.340996 0.30772 0.43817 0.357115 0.317616 0.271254 0.246318 0.264108 0.274991 0.242843 0.242553
threshold=0 1417.5000000000002 1.0000000180025095e-35 12.972110000000002 47.500000000000007 80.236799500000018 41795.500000000007 1 1.5000000000000002 7.5000000000000009 1588.0000000000002 1308.5000000000002 811.50000000000011 29.500000000000004 77.043045000000021 1447.0000000000002 381.50000000000006 162.50000000000003 12.869222000000002 1305.5000000000002 78.680782650000012 80.249889500000009 13.033109500000002 12.500000000000002 6.5000000000000009 107.50000000000001
decision_type=9 8 2 2 10 2 2 1 10 8 8 10 8 8 2 10 10 10 2 10 2 2 2 10 10 10
left_child=1 4 9 -3 11 6 15 8 -7 -2 -11 -1 -12 14 -14 -5 17 18 19 24 -16 22 23 -13 -15 -18
right_child=2 3 -4 5 -6 7 -8 -9 -10 10 12 21 13 16 20 -17 25 -19 -20 -21 -22 -23 -24 -25 -26 -27
leaf_value=0.021086200495483355 0.00087961782456228614 0.00014673492506794307 -0.032299053575843575 0.033747594789774335 -0.010150618602832159 0.04046409873461182 0.0041896944524961767 0.050492614270478957 0.019954920808474223 -0.024958500638604164 0.0037366761402650318 0.0072092113085091116 0.0066669782226974218 -0.0080532497281614601 -0.018987863575634752 0.017177920464588249 -0.014820506897471523 -0.029115671647543258 -0.0048832237406520908 -0.025256391719824845 -0.0044457746894452079 0.015682906495488209 0.010243073312772646 -0.0088237752125638995 -0.021008987093101381 -0.0010692653358624928
leaf_weight=32 38 23 32 27 39 22 27 20 33 35 22 20 27 39 23 23 23 22 33 31 29 23 36 23 23 29
leaf_count=32 38 23 32 27 39 22 27 20 33 35 22 20 27 39 23 23 23 22 33 31 29 23 36 23 23 29
internal_value=4.68595e-12 0.0137735 -0.0118532 0.0227506 0.0054889 0.0261709 0.0184338 0.0341143 0.0281586 -0.0104207 -0.0116988 0.0100407 -0.0101569 -0.0112525 -0.00488152 0.0261255 -0.013769 -0.0160941 -0.0138205 -0.0169917 -0.0108779 0.00657544 0.0039239 -0.00136657 -0.0128594 -0.00715155
internal_weight=754 348 406 175 173 152 77 75 55 374 336 134 301 279 79 50 200 148 126 93 52 102 79 43 62 52
internal_count=754 348 406 175 173 152 77 75 55 374 336 134 301 279 79 50 200 148 126 93 52 102 79 43 62 52
cat_boundaries=0 1 2
cat_threshold=2 2
is_linear=0
shrinkage=0.1


Tree=7
num_leaves=29
num_cat=2
split_feature=0 19 14 2 11 28 9 7 0 14 10 2 15 11 7 2 2 15 9 19 15 9 14 15 1 19 8 1
split_gain=10.2354 2.09969 1.15851 1.58772 1.20854 1.1429 0.997557 0.778004 0.49921 1.46027 0.935337 0.501028 0.438768 0.540768 0.415442 0.371646 0.770922 0.339775 0.338965 0.460189 0.324185 0.410299 0.266071 0.220851 0.345402 0.251557 0.214699 0.106453
threshold=0 1417.5000000000002 37694.000000000007 80.244343999999998 15.500000000000002 1.0000000180025095e-35 47.500000000000007 2355.0000000000005 1 34947.500000000007 34.500000000000007 76.992128000000008 0.8650000000000001 60.500000000000007 1308.5000000000002 78.742080000000016 78.407845000000009 2.6350000000000002 9.5000000000000018 1718.0000000000002 2.2150000000000003 85.500000000000014 21018.500000000004 2.4750000000000005 12.992141500000001 1088.5000000000002 2542.0000000000005 11.094880000000002
decision_type=9 8 2 2 10 2 10 8 9 2 10 2 2 10 10 2 2 2 8 8 2 8 2 2 2 10 8 2
left_child=1 6 7 4 -4 8 14 18 9 11 15 -2 -11 17 -1 16 -10 20 -3 -20 26 -22 -13 -16 -25 -26 -14 -19
right_child=5 2 3 -5 -6 -7 -8 -9 10 12 -12 22 13 -15 23 -17 -18 27 19 -21 21 -23 -24 24 25 -27 -28 -29
leaf_value=0.018977580650243908 0.016993630087623994 0.010590385496616365 -0.019389484478160742 0.032077788062659755 0.014575331403069536 -0.029069149447605015 -0.009135556545777199 0.041735879639880014 -0.028975373733167848 6.5605124009066612e-05 -0.0036100016441196203 0.0067601908877905877 -0.0005858442042067293 -0.028260055836290123 0.014084197525400669 -0.034966077194549146 -0.0036290711816400292 0.0017504170350730421 0.015415413001621213 0.032398871490015434 -0.011659050046776732 -0.029201120937553546 -0.0071527680614963179 -0.0055935516820422243 0.016957263564690947 0.0023791250804888792 -0.014721901760574177 -0.0083299816840074273
leaf_weight=32 24 20 20 21 22 32 39 26 30 29 36 27 21 21 25 20 20 20 27 39 30 24 28 28 20 29 22 22
leaf_count=32 24 20 20 21 22 32 39 26 30 29 36 27 21 21 25 20 20 20 27 39 30 24 28 28 20 29 22 22
internal_value=4.45821e-11 0.0123962 0.0204755 0.009627 -0.00159839 -0.0106679 0.00494001 0.0265778 -0.00937867 -0.0062464 -0.0152683 0.00493791 -0.0112518 -0.0133031 0.00903663 -0.0234452 -0.0188369 -0.0110434 0.0219951 0.0254511 -0.0142967 -0.0194555 -0.00032277 0.0059179 0.0032665 0.00832939 -0.00781825 -0.00352979
internal_weight=754 348 175 63 42 406 173 112 374 268 106 79 189 160 134 70 50 139 86 66 97 54 55 102 77 49 43 42
internal_count=754 348 175 63 42 406 173 112 374 268 106 79 189 160 134 70 50 139 86 66 97 54 55 102 77 49 43 42
cat_boundaries=0 1 2
cat_threshold=2 581
is_linear=0
shrinkage=0.1


Tree=8
num_leaves=28
num_cat=1
split_feature=0 19 1 28 14 7 14 14 14 11 2 19 10 15 18 2 7 18 8 7 15 12 10 1 14 2 12
split_gain=8.29071 1.70075 1.01126 0.925749 0.838274 0.827741 1.48171 0.845532 0.551238 0.484175 0.489533 0.448556 0.53556 0.408513 0.385393 0.368917 0.848109 0.665996 0.564787 0.430442 0.388298 0.377148 0.310197 0.300593 0.232225 0.187355 0.0643614
threshold=0 1417.5000000000002 12.972110000000002 1.0000000180025095e-35 19890.500000000004 11340.000000000002 38891.000000000007 25993.000000000004 15837.500000000002 4.5000000000000009 80.229894000000016 563.50000000000011 7.5000000000000009 2.5950000000000002 21.500000000000004 80.045822000000015 1837.5000000000002 24.500000000000004 1189.0000000000002 9604.5000000000018 2.6350000000000002 6.5000000000000009 76.000000000000014 13.038304000000002 68608.000000000015 80.125705000000025 1.5000000000000002
decision_type=9 8 2 2 2 8 2 2 2 10 2 8 10 2 10 2 8 10 8 10 2 10 10 2 2 2 10
left_child=1 4 -3 11 9 6 7 8 -4 10 -1 -2 -13 -6 -10 16 -14 -18 22 25 24 -21 -19 -15 -20 -17 -27
right_child=3 2 5 -5 13 -7 -8 -9 14 -11 -12 12 15 23 -16 19 17 18 20 21 -22 -23 -24 -25 -26 26 -28
leaf_value=0.00030030139650289833 0.0061291859578341251 -0.0011140873675922985 0.031559479064135636 -0.026162235345691443 0.0054655383197733994 0.039816082756788961 0.0014788496333199581 0.043346015429124238 0.003554724298772358 0.023669772470990818 0.019543173667043449 0.0037570580486850492 -0.028210802202022846 -0.0019638326278166667 0.021768687006372675 0.007061813124561344 0.005592109117171039 -0.010657915825758016 -0.015615402939855248 -0.021526313536567615 -0.0071920472263757671 -0.0046279403879972442 0.004671718239048708 -0.017688390333205462 -0.027063771505730555 -0.00059740322030847897 -0.0084355074749328206
leaf_weight=39 20 23 27 32 39 21 37 20 21 24 20 29 31 31 26 22 23 33 37 25 28 28 22 20 34 22 20
leaf_count=39 20 23 27 32 39 21 37 20 21 24 20 29 31 31 26 22 23 33 37 25 28 28 22 20 34 22 20
internal_value=-6.25539e-11 0.0111566 0.018428 -0.00960109 0.00444601 0.021385 0.0184304 0.0251028 0.0201722 0.0116946 0.00682331 -0.0084408 -0.00926397 -0.00223878 0.0136305 -0.0104258 -0.0129527 -0.0102804 -0.012651 -0.00593362 -0.0171648 -0.0125989 -0.00452606 -0.00813033 -0.0210977 -0.000413955 -0.00432983
internal_weight=754 348 175 406 173 152 131 94 74 83 59 374 354 90 47 325 208 177 154 117 99 53 55 51 71 64 42
internal_count=754 348 175 406 173 152 131 94 74 83 59 374 354 90 47 325 208 177 154 117 99 53 55 51 71 64 42
cat_boundaries=0 1
cat_threshold=2
is_linear=0
shrinkage=0.1


Tree=9
num_leaves=29
num_cat=2
split_feature=0 2 1 14 12 2 28 2 19 18 19 18 19 0 14 18 9 11 15 1 15 11 11 19 7 9 18 10
split_gain=6.71548 1.54169 1.58644 1.43172 0.969871 0.941731 0.749856 0.673357 0.616561 0.584954 0.567426 0.518821 0.425874 0.40866 1.06564 0.783229 0.417527 0.51937 0.416671 0.471225 0.374952 0.374091 0.282792 0.241343 0.239363 0.162104 0.374199 0.129775
threshold=0 80.23887495000001 13.069746500000003 35883.000000000007 3.5000000000000004 80.254298500000019 1.0000000180025095e-35 80.167737500000015 1571.5000000000002 14.500000000000002 1364.5000000000002 78.500000000000014 1075.5000000000002 1 34947.500000000007 28.500000000000004 323.50000000000006 54.500000000000007 2.3350000000000004 11.030664000000002 2.5950000000000002 1.5000000000000002 18.500000000000004 1255.0000000000002 1687.0000000000002 65.500000000000014 43.500000000000007 93.500000000000014
decision_type=9 2 2 2 10 2 2 2 8 10 10 10 10 9 2 10 10 10 2 2 2 8 10 10 10 8 10 10
left_child=1 3 4 7 5 -3 13 9 12 -1 11 -5 -9 14 18 21 17 22 -2 -20 -7 -15 25 -17 -14 26 -16 -27
right_child=6 2 -4 10 -6 20 -8 8 -10 -11 -12 -13 24 15 16 23 -18 -19 19 -21 -22 -23 -24 -25 -26 27 -28 -29
leaf_value=0.033458916168837324 -0.0034395216937576027 0.007764994475134724 -0.0062062367424368867 -0.003328885969061118 0.042665370885768661 0.039581754822283988 -0.023546010459540412 0.012707120221360432 0.018959890497077643 0.011205837007879315 0.0048607598809945968 -0.024752178005874158 -0.0093863162950708953 -0.015587541416287425 -0.015456872546802398 -0.0126431483304083 0.0041671584260516937 -0.025112115270034836 0.022517046558787116 0.0017334893937610712 0.020218066392699258 -0.033692086665403277 -0.00048624846914952451 4.8351429145911649e-05 0.0046322906345483807 -0.01874970889184624 0.0025817016196568784 -0.0099387355454798251
leaf_weight=21 35 37 20 26 23 20 32 24 29 27 31 20 29 25 23 31 21 22 20 24 20 21 33 29 21 32 23 35
leaf_count=21 35 37 20 26 23 20 32 24 29 27 31 20 29 25 23 31 21 22 20 24 20 21 33 29 21 32 23 35
internal_value=1.01941e-11 0.0100409 0.019504 0.00550073 0.024646 0.0192637 -0.00864098 0.0111595 0.0066008 0.0209416 -0.00559625 -0.0126434 0.00175738 -0.00759672 -0.0048684 -0.0128255 -0.00912687 -0.0107886 0.00470331 0.0111806 0.0298999 -0.0238527 -0.00863028 -0.00650892 -0.0034985 -0.0110086 -0.00643759 -0.014147
internal_weight=754 348 120 228 100 77 406 151 103 48 77 46 74 374 268 106 189 168 79 44 40 46 146 60 50 113 46 67
internal_count=754 348 120 228 100 77 406 151 103 48 77 46 74 374 268 106 189 168 79 44 40 46 146 60 50 113 46 67
cat_boundaries=0 1 2
cat_threshold=2 581
is_linear=0
shrinkage=0.1


Tree=10
num_leaves=29
num_cat=1
split_feature=0 2 1 14 7 28 7 8 19 10 12 2 9 7 1 7 15 15 5 2 2 7 7 11 8 15 10 5
split_gain=5.43954 1.24877 1.28502 1.15969 0.786614 0.607384 0.581848 0.574475 0.567494 0.55244 0.383667 1.00569 0.356379 0.612028 0.861872 0.76375 0.48476 0.365019 0.320104 0.535058 0.403477 0.271115 0.523163 0.238989 0.222023 0.229302 0.189901 0.15125
threshold=0 80.23887495000001 13.069746500000003 35883.000000000007 2672.0000000000005 1.0000000180025095e-35 6189.0000000000009 151.00000000000003 1328.0000000000002 81.500000000000014 1.0000000180025095e-35 80.167737500000015 10.500000000000002 1818.5000000000002 12.57098 2263.5000000000005 0.78500000000000014 2.7150000000000003 7522.5000000000009 76.959153650000019 80.045822000000015 1447.0000000000002 1687.0000000000002 2.5000000000000004 27.000000000000004 2.8050000000000002 129.50000000000003 1970.5000000000002
decision_type=9 2 2 2 8 2 10 10 10 10 10 2 8 10 2 10 2 2 2 2 2 10 10 10 10 2 10 2
left_child=1 3 4 7 8 12 -5 10 -3 -8 -1 -12 -2 14 -14 -15 -17 18 19 -18 27 -13 -23 -22 25 -19 -20 -21
right_child=5 2 -4 6 -6 -7 9 -9 -10 -11 11 21 13 15 -16 16 17 24 26 20 23 22 -24 -25 -26 -27 -28 -29
leaf_value=-0.0054636493325233466 0.005818993447437173 0.025973500730469824 -0.0055856134742498405 -0.015625683470599113 0.034538455023293328 -0.021191410644678402 0.014056533113831565 0.023567829535414392 0.0073508832681303225 -0.0079444382241927094 0.028127422892367061 0.013404004477585356 -0.028662199551860491 0.01167038263672072 -0.0029324927205300853 0.0054357852786779404 0.0051666692653422313 0.00042672744602896274 -0.024388160985773025 -0.020721535825037531 -0.011589886422734709 -0.010949456626954287 0.0084654233790934091 0.0035139434970915318 0.006201856583356858 -0.013881804617787048 -0.012220635905797625 -0.01112964528672878
leaf_weight=20 21 30 20 31 34 32 21 26 36 25 23 24 30 23 23 27 24 24 23 35 20 23 35 22 21 21 29 31
leaf_count=20 21 30 20 31 34 32 21 26 36 25 23 24 30 23 23 27 24 24 23 35 20 23 35 22 21 21 29 31
internal_value=-6.74951e-11 0.00903682 0.0175536 0.00495066 0.0221814 -0.00777688 -0.00503662 0.0100435 0.0158157 0.00209948 0.00723045 0.00964837 -0.00683705 -0.00758996 -0.0174965 -0.00583981 -0.00729372 -0.00866851 -0.010957 -0.00833912 -0.0113404 0.00446522 0.000766419 -0.00367836 -0.00228845 -0.00625059 -0.0176024 -0.0162163
internal_weight=754 348 120 228 100 406 77 151 66 46 125 105 374 353 53 300 277 250 184 132 108 82 58 42 66 45 52 66
internal_count=754 348 120 228 100 406 77 151 66 46 125 105 374 353 53 300 277 250 184 132 108 82 58 42 66 45 52 66
cat_boundaries=0 1
cat_threshold=2
is_linear=0
shrinkage=0.1


Tree=11
num_leaves=30
num_cat=1
split_feature=0 19 1 7 14 14 15 19 10 14 7 15 2 2 18 11 15 10 5 1 5 15 2 10 14 7 15 19 11
split_gain=4.40603 1.07507 0.826944 0.696312 1.19557 0.628061 0.600504 0.578207 0.573578 0.568194 1.181 0.826061 0.783409 0.872086 0.755243 0.620262 0.592308 0.441745 0.43345 0.380211 0.334718 0.298408 0.289075 0.281509 0.692797 0.268958 0.229403 0.202274 0.119238
threshold=0 1417.5000000000002 12.972110000000002 8946.5000000000018 38891.000000000007 25993.000000000004 2.7450000000000006 1113.5000000000002 15.500000000000002 68608.000000000015 7537.0000000000009 0.72500000000000009 80.068869500000019 76.992128000000008 24.500000000000004 5.5000000000000009 2.7150000000000003 11.500000000000002 1970.5000000000002 10.872132750000002 633.00000000000011 2.9650000000000003 80.226331000000002 93.500000000000014 115091.50000000001 21028.500000000004 2.3450000000000002 993.50000000000011 2.5000000000000004
decision_type=9 8 2 8 2 2 2 10 10 2 10 2 2 2 10 10 2 10 2 2 2 2 2 10 2 10 2 10 8
left_child=1 6 -3 4 5 17 7 8 20 12 -11 -12 13 14 -2 27 18 26 19 -15 -1 23 -9 24 -13 -25 -4 -14 -21
right_child=9 2 3 -5 -6 -7 -8 22 -10 10 11 21 15 16 -16 -17 -18 -19 -20 28 -22 -23 -24 25 -26 -27 -28 -29 -30
leaf_value=0.010452865241677501 0.018910346469492651 -0.0037785164606959926 0.029370286847863882 0.03259630259531348 -0.00206773864371436 0.035306698493659493 -0.0089220976723091948 -0.0069971319967629137 0.00066231217492243339 -0.033690120541446267 0.0100204385373564 -0.007903359535460671 0.0062719224905595193 -0.011483235562824316 -0.008571334352018312 0.019452529542502903 0.0018796125203371051 0.0062345011400118952 -0.0022662843088619412 -0.020087999142706398 0.027529470520940697 -0.00064448244785043332 0.0067618941315091587 -0.0038907814042594955 -0.032774397038987706 -0.01660722067804429 0.014758170112459499 -0.0071047373653317872 -0.031007619928568604
leaf_weight=24 20 23 21 23 35 20 35 37 29 21 21 24 20 37 20 21 25 31 20 20 22 22 26 39 21 29 22 26 20
leaf_count=24 20 23 21 23 35 20 35 37 29 21 21 24 20 37 20 21 25 31 20 20 22 22 26 39 21 29 22 26 20
internal_value=1.19349e-11 0.00813314 0.0138931 0.0165671 0.0137092 0.0195836 0.00277668 0.00574376 0.0116763 -0.00699919 -0.0114268 -0.00842976 -0.00388266 -0.00764412 0.00516951 0.00521221 -0.0118453 0.0153341 -0.0153827 -0.0187895 0.0186199 -0.0112998 -0.0013188 -0.0133743 -0.0195098 -0.00931397 0.0218943 -0.0012888 -0.0255478
internal_weight=754 348 175 152 129 94 173 138 75 406 177 156 229 162 40 67 122 74 97 77 46 135 63 113 45 68 43 46 40
internal_count=754 348 175 152 129 94 173 138 75 406 177 156 229 162 40 67 122 74 97 77 46 135 63 113 45 68 43 46 40
cat_boundaries=0 1
cat_threshold=2
is_linear=0
shrinkage=0.1


Tree=12
num_leaves=30
num_cat=1
split_feature=0 2 1 10 12 14 15 2 19 2 18 2 12 14 11 19 1 12 15 2 1 1 2 14 5 14 15 12 11
split_gain=3.56888 0.972452 1.00935 0.858208 0.724911 0.76688 0.719189 0.578768 0.473906 0.480406 0.704257 0.67589 0.678302 0.664244 0.947274 0.483937 0.443976 0.515427 0.439417 0.333182 0.279686 0.272771 0.302167 0.254092 0.440206 0.313214 0.218779 0.206213 0.13316
threshold=0 80.23887495000001 13.069746500000003 81.500000000000014 3.5000000000000004 19147.500000000004 2.6550000000000007 80.121583000000015 2792.5000000000005 77.015485000000012 24.500000000000004 78.669052000000008 1.0000000180025095e-35 119264.50000000001 5.5000000000000009 1057.5000000000002 13.079106500000002 1.0000000180025095e-35 2.7150000000000003 80.13884800000001 11.198688000000002 11.010039500000001 76.931594000000004 14107.000000000002 633.00000000000011 21769.000000000004 2.1950000000000007 2.5000000000000004 1.5000000000000002
decision_type=9 2 2 10 10 2 2 2 8 2 10 2 10 2 10 10 2 10 2 2 2 2 2 2 2 2 2 10 10
left_child=1 3 4 7 5 -3 -7 -1 9 10 -2 18 15 14 26 -13 17 -9 20 -15 28 -12 -23 -19 -25 -26 -14 -27 -11
right_child=8 2 -4 -5 -6 6 -8 16 -10 11 21 12 13 19 -16 -17 -18 23 -20 -21 -22 22 -24 24 25 27 -28 -29 -30
leaf_value=0.018051179069461246 0.017681176074547694 0.02519717068544456 -0.0056909450003877282 -0.013044454995542765 0.03449666852171978 -0.0079309577388422831 0.018240438933883395 -0.012685775639408309 -0.017407419361794987 -0.01996264052606421 -0.013511322094127538 -0.019761295558751696 0.0064653676515445116 -0.00053489170623598279 0.023958820437141898 -0.003463450814352224 0.013586630128723172 0.013970386949367822 -0.0014040768569843337 -0.017329489178068581 -0.026391333997404828 -0.0078042042929501766 0.0091598098121938257 -0.01157470640842803 0.01368917003273964 -0.007140972877719573 -0.0078353704370902454 0.0067129139195788992 -0.0097339810564049667
leaf_weight=33 20 35 20 27 23 21 21 23 36 20 20 35 20 27 23 38 35 20 22 21 24 21 21 20 27 21 23 22 35
leaf_count=33 20 35 20 27 23 21 21 23 36 20 20 35 20 27 23 38 35 20 22 21 24 21 21 20 27 21 23 22 35
internal_value=-7.00962e-12 0.00731982 0.0148167 0.00369514 0.0189182 0.0142649 0.00515474 0.00594375 -0.00629927 -0.00538873 0.0013642 -0.00731144 -0.00375118 0.00106829 0.00757798 -0.0112775 0.0035655 0.000928361 -0.0139032 -0.00788253 -0.017384 -0.00389933 0.000677803 0.00377495 0.0015093 0.00524759 -0.00118386 -5.29378e-05 -0.0134535
internal_weight=754 348 120 228 100 77 42 201 406 370 82 288 187 114 66 73 168 133 101 48 79 62 42 110 90 70 43 43 55
internal_count=754 348 120 228 100 77 42 201 406 370 82 288 187 114 66 73 168 133 101 48 79 62 42 110 90 70 43 43 55
cat_boundaries=0 1
cat_threshold=2
is_linear=0
shrinkage=0.1


Tree=13
num_leaves=29
num_cat=2
split_feature=0 19 1 7 14 14 8 14 12 0 7 11 18 15 19 14 11 18 2 2 10 19 9 19 1 12 19 13
split_gain=2.89079 0.838941 0.61191 0.60698 0.971221 0.509563 0.494677 0.68365 0.443901 0.657093 0.597257 0.505905 0.499844 0.478493 0.441303 0.353507 0.349306 0.318991 0.314054 0.539747 0.269558 0.262246 0.261348 0.2012 0.199698 0.181624 0.340194 0.0828781
threshold=0 1417.5000000000002 12.972110000000002 8946.5000000000018 38891.000000000007 25993.000000000004 8142.0000000000009 14107.000000000002 13.500000000000002 1 8946.5000000000018 15.500000000000002 120.50000000000001 2.7150000000000003 1839.5000000000002 15837.500000000002 11.500000000000002 21.500000000000004 80.11590200000002 76.983913500000014 118.00000000000001 1313.5000000000002 162.50000000000003 1223.5000000000002 12.533165000000002 1.5000000000000002 1118.5000000000002 13948.000000000002
decision_type=9 8 2 8 2 2 8 2 8 9 8 10 10 2 8 2 10 10 2 2 10 10 8 10 2 10 10 2
left_child=1 6 -3 4 5 15 -1 -8 9 10 11 14 24 23 18 -4 25 -17 19 -2 -10 -22 -14 27 -12 -9 -27 -11
right_child=8 2 3 -5 -6 -7 7 16 20 13 12 -13 22 -15 -16 17 -18 -19 -20 -21 21 -23 -24 -25 -26 26 -28 -29
leaf_value=-0.0084130373053454069 0.010640203976072371 -0.0035424191909639736 0.021876860208188496 0.0289248321691285 -0.0029289581892745836 0.030747841000556948 0.020767489522272212 -0.0066192560001379908 -0.022774969804145041 -0.014827529255832944 -0.0084586847307426601 0.015914436757564546 0.0083471482619643222 0.0010524405345607262 -0.011244709041112891 -0.0016475891444965134 0.013513914900831878 0.014923138307550779 0.011498817198298639 -0.008946613198050353 -0.016800916292482898 -0.00099718204610759311 -0.007447413164614277 -0.0082034070596016719 -0.022249569344733443 0.011222232380881906 -0.0042427866913688685 -0.022554974849133391
leaf_weight=37 24 23 27 23 35 20 22 36 21 35 21 25 20 26 26 21 20 26 32 34 21 21 22 34 21 25 33 23
leaf_count=37 24 23 27 23 35 20 22 36 21 35 21 25 20 26 26 21 20 26 32 34 21 21 22 34 21 25 33 23
internal_value=1.28767e-11 0.00658784 0.0116589 0.0139592 0.0112909 0.0165855 0.00183891 0.00462804 -0.00566935 -0.00439187 -0.000923969 0.00301164 -0.00764016 -0.0100725 0.00023086 0.0127578 0.00151341 0.0075192 0.00354602 -0.000841723 -0.0135244 -0.00889905 7.38066e-05 -0.0143113 -0.0153541 -0.00103989 0.00242317 -0.0178919
internal_weight=754 348 175 152 129 94 173 136 406 343 225 141 84 118 116 74 114 47 90 58 63 42 42 92 42 94 58 58
internal_count=754 348 175 152 129 94 173 136 406 343 225 141 84 118 116 74 114 47 90 58 63 42 42 92 42 94 58 58
cat_boundaries=0 1 2
cat_threshold=2 69
is_linear=0
shrinkage=0.1


Tree=14
num_leaves=29
num_cat=1
split_feature=1 2 5 14 15 19 9 12 28 4 19 1 8 10 11 1 7 1 2 2 15 12 19 11 2 14 12 2
split_gain=2.40078 1.44326 1.51481 0.751658 0.659124 0.844147 0.678232 0.629524 0.59967 0.589347 0.539766 0.415979 0.391945 0.508482 0.361186 0.310779 0.273813 0.239671 0.23405 0.298255 0.265296 0.212822 0.259785 0.202695 0.188957 0.162756 0.154788 0.12054
threshold=12.934547200000003 80.194217000000023 731.50000000000011 224368.50000000003 2.3550000000000004 1699.5000000000002 51.000000000000007 1.0000000180025095e-35 1.0000000180025095e-35 0 1158.5000000000002 12.541965000000003 843.00000000000011 8.5000000000000018 9.5000000000000018 13.054016500000001 1522.5000000000002 13.049258300000002 77.025448000000026 78.67991050000002 2.7150000000000003 1.0000000180025095e-35 1166.0000000000002 3.5000000000000004 80.229894000000016 37050.500000000007 2.5000000000000004 80.140900000000016
decision_type=2 2 2 2 2 8 8 10 2 1 10 2 10 8 10 2 10 2 2 2 2 10 10 10 2 2 10 2
left_child=3 2 27 8 6 15 17 -4 12 -7 25 -5 13 -1 -12 24 -15 -3 23 20 26 -21 -23 -18 -6 -9 -20 -2
right_child=1 4 7 11 5 9 -8 10 -10 -11 14 -13 -14 16 -16 -17 18 -19 19 21 -22 22 -24 -25 -26 -27 -28 -29
leaf_value=0.0071066354082799273 0.021050163256004454 0.0062563817501068118 -0.018670436591668421 -0.007788954404267398 -0.0022532345987856389 0.0089474797541541709 0.034942058064043525 -0.0046086655207909647 -0.019849284552037716 0.030137712455221583 -0.003406380206346512 -0.027022828356079432 0.010423947409504936 -0.014260743282114467 0.014162047584117814 -0.0098729392245877554 0.005682992924151844 0.020567546581680127 -0.0083797009534795179 -0.0089377287166914152 -0.0020402612591472764 0.0087714302568481523 -0.0045941942046876204 -0.0054181571367421548 0.0090007498507966872 -0.01736624049022794 -0.019422994100799163 0.010071090981364252
leaf_weight=38 20 25 33 22 25 35 20 20 22 21 25 23 21 30 22 20 38 22 22 31 24 26 33 29 37 20 30 20
leaf_count=38 20 25 33 22 25 35 20 20 22 21 25 23 21 30 22 20 38 22 22 31 24 26 33 29 37 20 30 20
internal_value=-5.62893e-11 0.00582531 -0.00129245 -0.0054659 0.0113806 0.00742965 0.0195185 -0.00691014 -0.00387603 0.0168938 -0.00244934 -0.0176196 -0.00278469 -0.00370622 0.00481714 0.000966318 -0.00526854 0.0129552 -0.00411074 -0.00612428 -0.010737 -0.00222912 0.00129574 0.000878018 0.00446285 -0.0109875 -0.0147508 0.0155606
internal_weight=754 365 160 389 205 138 67 120 344 56 87 45 322 301 47 82 263 47 233 166 76 90 59 67 62 40 52 40
internal_count=754 365 160 389 205 138 67 120 344 56 87 45 322 301 47 82 263 47 233 166 76 90 59 67 62 40 52 40
cat_boundaries=0 1
cat_threshold=2
is_linear=0
shrinkage=0.1


Tree=15
num_leaves=30
num_cat=0
split_feature=1 2 5 14 10 15 19 9 5 12 2 19 10 1 1 15 15 1 1 10 1 9 15 15 1 1 19 2 2
split_gain=1.94463 1.16904 1.22699 0.608843 0.537931 0.53389 0.683759 0.549368 0.51015 0.509915 0.499446 0.451046 0.437653 0.340688 0.4409 0.350229 0.396635 0.336943 0.330146 0.277841 0.43295 0.262409 0.257664 0.202787 0.194133 0.191661 0.18714 0.181473 0.0976374
threshold=12.934547200000003 80.194217000000023 731.50000000000011 224368.50000000003 118.00000000000001 2.3550000000000004 1699.5000000000002 51.000000000000007 7522.5000000000009 1.0000000180025095e-35 80.252213113956827 1231.5000000000002 6.5000000000000009 12.43688 12.727803000000003 2.4750000000000005 2.3350000000000004 12.541965000000003 13.047284902254363 8.5000000000000018 13.039695000000002 38.500000000000007 2.7150000000000003 1.9950000000000003 13.049258300000002 11.0229385 1699.5000000000002 80.157798500000013 80.140900000000016
decision_type=2 2 2 2 10 2 8 8 2 10 2 10 10 2 2 2 2 2 2 10 2 10 2 2 2 2 8 2 2
left_child=3 2 28 4 8 7 19 24 12 -4 -8 18 -1 15 -15 16 23 -5 -11 -7 -21 -16 25 -14 -3 -17 -10 -13 -2
right_child=1 5 9 17 -6 6 10 -9 26 11 -12 27 13 14 21 22 -18 -19 -20 20 -22 -23 -24 -25 -26 -27 -28 -29 -30
leaf_value=0.0083671833698948216 0.018945147213526071 0.0056307437345385555 -0.016803392807416846 -0.0070100591179322116 0.010637248158454897 0.011118465438485145 0.0081653872013299003 0.031447852589190008 -0.021866339929401873 -0.00064222080788264684 0.027874722352717075 0.012336129182949664 1.2829706115140156e-05 0.0090756441156069449 -0.01189770805441575 -0.010016661547706463 0.01020817276556045 -0.02432054567920125 -0.017408330281993942 0.0042046809912120045 -0.012951371519981573 0.0023520139434064433 -0.0045182193226709555 -0.013564796802132729 0.018510792387480084 -0.021575642871455507 -0.008500953158363701 -0.00113505057990551 0.0090639815852046023
leaf_weight=30 20 25 33 22 25 20 36 20 20 24 20 20 22 36 28 32 20 23 23 38 24 24 37 22 22 26 22 20 20
leaf_count=30 20 25 33 22 25 20 36 20 20 24 20 20 22 36 28 32 20 23 23 38 24 24 37 22 22 26 22 20 20
internal_value=-1.78097e-11 0.00524278 -0.0011632 -0.00491931 -0.00348843 0.0102426 0.00668669 0.0175666 -0.00459546 -0.00621913 0.0152044 -0.00220441 -0.00303828 -0.00442356 0.000568587 -0.0071865 -0.00146843 -0.0158576 -0.00884691 0.000869686 -0.00243637 -0.00532091 -0.0110387 -0.00677598 0.0116597 -0.0151983 -0.0148654 0.00560054 0.0140046
internal_weight=754 365 160 389 344 205 138 67 319 120 56 87 277 247 88 159 64 45 47 82 62 52 95 44 47 58 42 40 40
internal_count=754 365 160 389 344 205 138 67 319 120 56 87 277 247 88 159 64 45 47 82 62 52 95 44 47 58 42 40 40
is_linear=0
shrinkage=0.1


Tree=16
num_leaves=29
num_cat=1
split_feature=1 2 5 28 14 18 5 18 12 2 1 0 5 13 19 18 10 14 19 11 19 18 15 15 11 7 14 2
split_gain=1.57515 0.946924 0.993864 0.506503 0.490384 0.590667 0.486332 0.473664 0.419299 0.473496 0.396175 0.395129 0.514817 0.448373 0.384843 0.372159 0.380252 0.318929 0.271887 0.198247 0.554904 0.187335 0.422252 0.218764 0.207443 0.13432 0.162762 0.0790863
threshold=12.934547200000003 80.194217000000023 731.50000000000011 1.0000000180025095e-35 166155.00000000003 120.50000000000001 9895.0000000000018 51.500000000000007 2.5000000000000004 80.151939500000012 12.541965000000003 0 1213.5000000000002 7098.5000000000009 1318.5000000000002 43.500000000000007 52.500000000000007 13872.000000000002 1423.0000000000002 1.5000000000000002 2099.5000000000005 68.500000000000014 1.8500000000000003 2.5050000000000003 3.5000000000000004 1687.0000000000002 21769.000000000004 80.140900000000016
decision_type=2 2 2 2 2 10 2 10 10 2 2 9 2 2 10 10 10 2 8 10 8 10 2 2 10 8 2 2
left_child=3 2 27 4 5 11 -6 17 9 -4 -8 12 13 -1 -10 -14 -17 -3 25 -20 -21 22 -13 -24 -25 -19 -27 -2
right_child=1 7 8 -5 6 -7 10 -9 14 -11 -12 21 15 -15 -16 16 -18 18 19 20 -22 -23 23 24 -26 26 -28 -29
leaf_value=-0.0012054827519813959 0.017050632531754675 0.018731215251609683 -0.018741228304699892 -0.017140979172083841 -0.022548584426598003 0.014506512139702128 0.0045563126829537481 0.019135299406181545 -0.0065755486206123329 -0.0010313233145727563 -0.014890201669186354 0.0061144225568009114 -0.012289083662683206 0.017638027601476227 0.0098730387687683118 0.010667913539024692 -0.0071331257000565532 -0.0053012696951627736 0.016327252353613191 0.013931667474521833 -0.0065715432193511258 -0.015209187427535653 -0.014018203014842211 -0.011553633921658216 0.00081787122921510183 0.010421512331813574 -0.0023362983582774178 0.0081575836054980765
leaf_weight=23 20 20 36 29 24 21 22 39 33 26 20 26 31 28 25 24 24 25 26 33 22 22 39 23 33 20 20 20
leaf_count=23 20 20 36 29 24 21 22 39 33 26 20 26 31 28 25 24 24 25 26 33 22 22 39 23 33 20 20 20
internal_value=-4.41575e-12 0.0047185 -0.00104688 -0.00442738 -0.00340323 -0.00165453 -0.0111929 0.00921831 -0.00559721 -0.0113145 -0.00470393 -0.00289769 0.00121437 0.00913997 0.00051436 -0.00374844 0.00176739 0.00688841 0.00526611 0.00913185 0.00573038 -0.00628157 -0.00517751 -0.00826793 -0.00426328 0.000448808 0.00404261 0.0126041
internal_weight=754 365 160 389 360 294 66 205 120 62 42 273 130 51 58 79 48 166 146 81 55 143 121 95 56 65 40 40
internal_count=754 365 160 389 360 294 66 205 120 62 42 273 130 51 58 79 48 166 146 81 55 143 121 95 56 65 40 40
cat_boundaries=0 1
cat_threshold=518
is_linear=0
shrinkage=0.1


Tree=17
num_leaves=29
num_cat=0
split_feature=1 2 5 1 18 6 14 18 13 11 9 10 11 1 8 1 18 14 9 14 11 12 15 1 18 19 1 14
split_gain=1.27587 0.770832 0.829288 0.495402 0.862872 0.429157 0.426483 0.481387 0.492773 0.394345 0.441543 0.345213 0.337766 0.308551 0.36479 0.234769 0.231723 0.435379 0.45229 0.372884 0.2267 0.347147 0.266813 0.225527 0.189395 0.167176 0.148562 0.0647448
threshold=12.934547200000003 80.192152500000006 731.50000000000011 13.097603000000001 51.500000000000007 78.500000000000014 224368.50000000003 159.50000000000003 89225.000000000015 1.5000000000000002 14.500000000000002 6.5000000000000009 6.5000000000000009 13.005446571867081 3407.5000000000005 12.541965000000003 43.500000000000007 68608.000000000015 116.50000000000001 39696.000000000007 5.5000000000000009 1.5000000000000002 2.3350000000000004 13.036197000000003 14.500000000000002 1250.5000000000002 13.060149500000003 15527.000000000002
decision_type=2 2 2 2 10 8 2 10 2 10 10 10 10 2 8 2 10 2 10 2 10 10 2 2 10 10 2 2
left_child=6 2 27 4 9 13 7 8 11 10 -3 -1 23 -4 -15 -8 19 -18 25 20 21 24 -23 -11 -13 -19 -16 -2
right_child=1 3 5 -5 -6 -7 15 -9 -10 12 -12 16 -14 14 26 -17 17 18 -20 -21 -22 22 -24 -25 -26 -27 -28 -29
leaf_value=0.0077719651100536195 0.015366904735565186 0.022231150720396949 0.0073080011585261676 -0.0063502246691357527 0.025391684047256908 -0.018290912699220434 -0.0057541677685962484 0.01152441596443003 -0.014791108370344672 -0.0059049457626266259 0.0031913383730820251 0.00026897917573695025 0.011401612352993754 0.0033426613995322478 -0.0061182459855141742 -0.020203626350216247 0.0087776472005439369 -0.01686623600488972 0.0074229483304190493 -0.0184255121431003 -0.012431679966931161 -0.0041898033027315427 0.010839292465674657 0.0052928082619161749 -0.011680828236664336 -0.0047634355649352079 -0.017787939161062243 0.0073204895853996284
leaf_weight=30 20 29 24 21 30 21 22 22 36 37 21 21 36 27 24 23 37 21 21 21 26 21 27 35 36 25 20 20
leaf_count=30 20 29 24 21 30 21 22 22 36 37 21 21 36 27 24 23 37 21 21 21 26 21 27 35 36 25 20 20
internal_value=1.06148e-12 0.00424665 -0.00107253 0.00821694 0.00984412 -0.00535398 -0.00398464 -0.00278707 -0.00376487 0.00689206 0.0142344 -0.00237695 0.00349281 -0.00249424 -0.00580767 -0.0131394 -0.00356628 7.09425e-05 -0.00473724 -0.00605491 -0.00407183 -0.00200177 0.00426406 -0.000461593 -0.00727827 -0.0102886 -0.0114227 0.0113437
internal_weight=754 365 156 209 188 116 389 344 322 158 50 286 108 95 71 45 256 104 67 152 131 105 48 72 57 46 44 40
internal_count=754 365 156 209 188 116 389 344 322 158 50 286 108 95 71 45 256 104 67 152 131 105 48 72 57 46 44 40
is_linear=0
shrinkage=0.1


Tree=18
num_leaves=29
num_cat=1
split_feature=2 6 19 10 0 2 10 14 11 1 2 14 19 18 1 2 9 19 12 14 2 5 5 2 14 19 2 19
split_gain=1.05533 0.810243 0.762685 0.821666 0.921506 0.804623 0.671812 0.762703 0.571981 0.467066 0.577955 0.448757 0.528067 0.432041 0.382538 0.374572 0.43615 0.457394 0.261102 0.264729 0.238686 0.228478 0.373905 0.255706 0.213407 0.202604 0.166707 0.112286
threshold=80.245807500584732 1.0000000180025095e-35 624.50000000000011 50.500000000000007 0 80.092855000000014 25.500000000000004 19890.500000000004 5.5000000000000009 11.0229385 77.005970000000019 28530.000000000004 1897.5000000000002 38.500000000000007 11.011866500000002 80.206088500000007 60.500000000000007 1699.5000000000002 3.5000000000000004 21249.500000000004 80.161937500000008 568.00000000000011 633.00000000000011 80.21136700000001 157983.00000000003 1132.0000000000002 78.067920500000028 1147.5000000000002
decision_type=2 10 8 10 9 2 10 2 10 2 2 2 8 10 2 2 10 8 10 2 2 2 2 2 2 8 2 10
left_child=1 2 -1 4 5 -4 7 -2 11 10 -6 12 21 25 -5 16 -16 20 19 -10 24 -7 -23 -24 -18 -11 -12 -28
right_child=6 -3 3 14 9 8 -8 -9 18 13 26 -13 -14 -15 15 -17 17 -19 -20 -21 -22 22 23 -25 -26 -27 27 -29
leaf_value=0.018555274643003942 0.014447389757454708 -0.017755629154371805 0.023166914589025759 -0.018275908026844263 0.014751371103338899 0.0078276389017701148 0.023230540962820803 -0.0069511006834105625 0.014711232088506221 -0.010229326233267784 -0.012275420725345612 -0.010260656321687357 0.016239896177759637 0.00046218776948411361 -0.014580211919490937 -0.017149267451498997 -0.0010056755699527761 0.012158160980628885 0.019972382271662356 0.0013161915173340176 0.0055096140046688646 -0.014957269221777099 -0.0040295449281601533 0.0097201994021556201 -0.011971662750999843 -0.02323433151063712 -0.0064998503647405994 0.0033907934761373327
leaf_weight=20 36 29 22 25 20 25 27 31 25 25 20 35 23 22 27 22 36 23 20 36 22 20 38 21 35 23 22 24
leaf_count=20 36 29 22 25 20 25 27 31 25 25 20 35 23 22 27 22 36 23 20 36 22 20 38 21 35 23 22 24
internal_value=2.19398e-11 -0.00141189 -0.00066075 -0.00128975 0.0011738 0.00467718 0.00991326 0.0045466 0.00319569 -0.00477141 -0.000140682 -0.000234928 0.00252807 -0.0111422 -0.00674848 -0.0050019 -0.00313307 -0.000468649 0.0100569 0.00680596 -0.00359141 -0.000504355 -0.00314106 0.000864432 -0.00641144 -0.0164609 -0.00465343 -0.00133951
internal_weight=754 660 631 611 421 265 94 67 243 156 86 162 127 70 190 165 143 116 81 61 93 104 79 59 71 48 66 46
internal_count=754 660 631 611 421 265 94 67 243 156 86 162 127 70 190 165 143 116 81 61 93 104 79 59 71 48 66 46
cat_boundaries=0 1
cat_threshold=67
is_linear=0
shrinkage=0.1


Tree=19
num_leaves=31
num_cat=1
split_feature=1 2 5 1 18 28 14 7 14 14 11 6 0 5 12 18 19 7 1 8 1 19 1 15 7 2 1 1 19 2
split_gain=0.860585 0.51998 0.626478 0.380378 0.633895 0.354209 0.357866 0.535043 0.410645 0.349745 0.342667 0.337786 0.254588 0.314998 0.332038 0.257902 0.24201 0.294309 0.236489 0.409071 0.222306 0.211313 0.186579 0.155752 0.159848 0.139122 0.136773 0.19313 0.0934663 0.0580142
threshold=12.934547200000003 80.192152500000006 731.50000000000011 13.097603000000001 51.500000000000007 1.0000000180025095e-35 112004.50000000001 11938.500000000002 86126.000000000015 14017.000000000002 1.5000000000000002 78.500000000000014 0 1295.5000000000002 1.5000000000000002 43.500000000000007 1255.0000000000002 1337.5000000000002 13.013647324621598 3407.5000000000005 12.43688 1357.0000000000002 12.809411884150027 2.5550000000000002 2355.0000000000005 80.223844500000013 11.265475000000002 10.771280500000001 1028.5000000000002 80.140900000000016
decision_type=2 2 2 2 10 2 2 10 2 2 10 8 9 2 10 10 8 8 2 8 2 10 2 2 10 2 2 2 10 2
left_child=5 2 29 4 9 6 8 -8 12 -3 -9 18 13 14 -1 -15 25 -18 -4 -20 26 -12 -22 -19 -25 -11 27 -14 -21 -2
right_child=1 3 11 -5 -6 -7 7 10 -10 16 21 -13 20 15 -16 -17 17 23 19 28 22 -23 -24 24 -26 -27 -28 -29 -30 -31
leaf_value=0.001057113931913461 0.013718996159732343 0.018002848626347261 0.005103689393088702 -0.0060159110508504372 0.021500344208131236 -0.013904336544460265 -0.021148381750522693 -0.01513908464461565 0.013396695647388697 -0.008233549898224217 0.0049679324270174331 -0.016079735454349292 -0.011874203298240901 -0.011134628787597953 0.016524260078111423 0.0029921939696318338 -0.0041704089310951528 0.0152264843598522 0.0047836395407406 -0.016564320828765629 0.0066424280298330515 -0.0063958681173001729 -0.0055846977853574436 0.00088812516273551248 0.012683326564729215 0.0032772012587104528 -0.015187560438755014 0.00043565560347185687 -0.0068965239124372611 0.0061022900138050324
leaf_weight=35 20 20 31 21 30 29 22 20 20 21 36 21 25 24 23 28 20 29 24 20 24 30 26 27 20 21 21 26 20 20
leaf_count=35 20 20 31 21 30 29 22 20 20 21 36 21 25 24 23 28 20 29 24 20 24 30 26 27 20 21 21 26 20 20
internal_value=-6.94555e-11 0.0034877 -0.000881051 0.00674859 0.00817441 -0.00327252 -0.00241607 -0.00723219 -0.000352022 0.00564417 -0.00367223 -0.00460232 -0.00153726 0.00194673 0.00719064 -0.00352788 0.00385306 0.00662298 -0.00206521 -0.00553765 -0.0044716 -0.000197431 0.000284323 0.00946334 0.00590736 -0.00247817 -0.00839537 -0.00559859 -0.0117304 0.00991064
internal_weight=754 365 156 209 188 389 360 108 252 158 86 116 232 110 58 52 138 96 95 64 122 66 50 76 47 42 72 51 40 40
internal_count=754 365 156 209 188 389 360 108 252 158 86 116 232 110 58 52 138 96 95 64 122 66 50 76 47 42 72 51 40 40
cat_boundaries=0 1
cat_threshold=518
is_linear=0
shrinkage=0.1


Tree=20
num_leaves=28
num_cat=0
split_feature=2 8 9 6 10 14 10 1 5 2 7 12 1 11 5 5 5 19 8 9 2 1 7 1 12 15 19
split_gain=0.701732 0.631195 0.666592 0.691552 0.490578 0.607633 0.363118 0.326857 0.335771 0.265317 0.365907 0.254511 0.251281 0.34231 0.488047 0.245106 0.23337 0.199093 0.318928 0.346075 0.242412 0.167105 0.233728 0.150528 0.099703 0.127926 0.0615287
threshold=80.245807500584732 3743.0000000000005 1109.0000000000002 78.500000000000014 25.500000000000004 19890.500000000004 8.5000000000000018 12.921056500000002 744.50000000000011 76.900776500000021 21028.500000000004 1.5000000000000002 13.10991126112542 5.5000000000000009 921.50000000000011 2426.0000000000005 575.50000000000011 2148.0000000000005 381.50000000000006 19.500000000000004 80.091065 13.009838500000003 1615.5000000000002 13.031254500000001 2.5000000000000004 2.7350000000000008 1144.5000000000002
decision_type=2 10 8 10 10 2 8 2 2 2 10 10 2 10 2 2 2 8 10 10 2 2 10 2 10 2 10
left_child=1 2 3 6 5 -2 11 8 -8 -10 17 16 13 14 21 -15 -1 18 19 -11 24 -9 -23 -16 -21 26 -26
right_child=4 -3 -4 -5 -6 -7 7 12 9 10 -12 -13 -14 15 23 -17 -18 -19 -20 20 -22 22 -24 -25 25 -27 -28
leaf_value=0.0099259788613943831 0.012334818079964156 -0.016422321858744211 0.0126904845625783 -0.019602092280983925 0.019463746746381128 -0.0067648546905407017 -0.012838585361734862 0.011990429290934751 0.0070485931642066974 0.0092566300205708975 -0.01478561360675555 0.013975044986233115 -0.0092121705226600164 0.014317618787069532 -0.0033999217678830334 0.0018032539491381111 -0.003640779156557983 -0.010400621926125425 0.0094473305493593222 -0.0024919825337940092 0.0025319234274017318 -0.0065117595775518568 0.0081255335904036954 -0.014365206570142793 -0.0077867674967274066 -0.0026652364936169417 -0.015048924281394907
leaf_weight=21 36 26 36 20 27 31 36 23 26 21 26 25 20 34 31 29 32 26 25 33 36 20 24 21 20 21 28
leaf_count=21 36 26 36 20 27 31 36 23 26 21 26 25 20 34 31 29 32 26 25 33 36 20 24 21 20 21 28
internal_value=9.52243e-12 -0.00115131 -0.000525053 -0.00132064 0.00808366 0.00349766 -0.000688061 -0.00167803 -0.00378308 -0.00253881 -0.00359505 0.00565791 0.00142743 0.00259662 -0.000558903 0.00855704 0.00173473 -0.00220955 -0.00105211 -0.00270297 -0.00452291 0.00508295 0.00147222 -0.00782821 -0.00701285 -0.009175 -0.012023
internal_weight=754 660 634 598 94 67 578 500 298 262 236 78 202 182 119 63 53 210 184 159 138 67 44 52 102 69 48
internal_count=754 660 634 598 94 67 578 500 298 262 236 78 202 182 119 63 53 210 184 159 138 67 44 52 102 69 48
is_linear=0
shrinkage=0.1


Tree=21
num_leaves=31
num_cat=1
split_feature=0 12 2 15 9 7 5 6 18 13 1 8 1 2 15 2 15 19 8 19 11 7 2 1 11 19 14 13 11 18
split_gain=0.583153 0.797939 0.843184 1.0687 0.680579 0.660114 0.532385 0.643407 0.434943 0.427715 0.389019 0.37352 0.424828 0.359576 0.313337 0.375968 0.614824 0.264808 0.450969 0.233928 0.319083 0.229512 0.2206 0.217401 0.198479 0.194878 0.190936 0.296864 0.118067 0.105185
threshold=0 1.0000000180025095e-35 80.124030500000018 2.1650000000000005 47.500000000000007 1850.0000000000002 684.50000000000011 78.500000000000014 22.500000000000004 6962.0000000000009 11.00136889 79.500000000000014 12.900277000000001 80.229894000000016 2.4150000000000005 80.25913635000002 2.5850000000000004 1691.0000000000002 588.00000000000011 1110.0000000000002 2.5000000000000004 9145.5000000000018 80.071555000000004 12.897550500000001 5.5000000000000009 1202.5000000000002 157983.00000000003 21097.000000000004 3.5000000000000004 33.500000000000007
decision_type=9 10 2 2 10 10 2 8 8 2 2 10 2 2 2 2 2 10 8 8 10 10 2 2 10 10 2 2 10 10
left_child=1 6 3 -3 13 9 -1 11 -7 -2 25 12 -8 19 -15 16 -16 22 -19 28 -21 -6 26 -23 -22 -10 27 -12 -4 -5
right_child=5 2 4 29 21 8 7 -9 10 -11 17 -13 -14 14 15 -17 -18 18 -20 20 24 23 -24 -25 -26 -27 -28 -29 -30 -31
leaf_value=0.0074807393331346771 -0.0045702247880399227 0.033130707556674244 0.0019242824850759161 0.011746800588443877 -0.014493458019569517 0.010182226444939498 -0.006493170972837992 -0.024168088752776387 -0.0051516702026128776 -0.024565747445044313 -0.011627043450425846 -0.014973545058265978 0.011054545251483267 0.018181357920236355 -0.0035582626432733378 -0.0059374708356335765 0.018792235308501406 -0.0053952528233639904 0.015136617677205283 0.0058771390057004548 -0.013019282314926387 -0.009012116874024893 0.0053124091244258348 0.0047502466498620137 -0.00086063780773687991 -0.019111549924127759 -0.014132198064842009 0.0029897962619240088 0.012407100590115246 0.0023200536024323183
leaf_weight=28 20 21 21 20 24 27 37 20 20 23 24 23 22 28 20 20 32 20 23 34 25 24 21 22 29 20 22 33 22 29
leaf_count=28 20 21 21 20 24 27 37 20 20 23 24 23 22 28 20 20 32 20 23 34 25 24 21 22 29 20 22 33 22 29
internal_value=-5.97005e-11 0.00196919 0.00437088 0.0142566 0.00207188 -0.00382607 -0.00473338 -0.00808628 -0.00166591 -0.0152655 -0.00341399 -0.00416389 5.00452e-05 0.00468945 0.00920515 0.0057144 0.0101959 -0.000975499 0.00558691 0.00124235 -0.00171157 -0.00656612 -0.00379734 -0.00243012 -0.00648964 -0.0121316 -0.00621891 -0.00316466 0.00728758 0.00616771
internal_weight=754 501 371 70 301 253 130 102 210 43 183 82 59 231 100 72 52 143 43 131 88 70 100 46 54 40 79 57 43 49
internal_count=754 501 371 70 301 253 130 102 210 43 183 82 59 231 100 72 52 143 43 131 88 70 100 46 54 40 79 57 43 49
cat_boundaries=0 1
cat_threshold=65539
is_linear=0
shrinkage=0.1


Tree=22
num_leaves=28
num_cat=0
split_feature=5 6 19 2 8 18 11 12 1 5 10 11 19 5 19 5 9 14 9 10 10 18 7 11 15 18 7
split_gain=0.53865 0.598364 0.783638 0.494648 0.476391 0.557685 0.355616 0.290657 0.326127 0.457779 0.481083 0.316803 0.272791 0.266665 0.355567 0.247412 0.219899 0.396365 0.360511 0.209533 0.425312 0.251246 0.263517 0.194993 0.14937 0.113803 0.0802499
threshold=542.50000000000011 78.500000000000014 563.50000000000011 80.23887495000001 4994.0000000000009 42.500000000000007 73.500000000000014 1.0000000180025095e-35 11.000184000000003 625.00000000000011 42.000000000000007 10.500000000000002 1839.5000000000002 893.00000000000011 1223.5000000000002 1295.5000000000002 62.500000000000007 157983.00000000003 202.50000000000003 86.000000000000014 29.500000000000004 14.500000000000002 1988.0000000000002 2.5000000000000004 2.5850000000000004 28.500000000000004 1305.0000000000002
decision_type=2 10 8 2 8 10 10 10 2 2 10 10 10 2 8 2 10 2 10 10 10 8 8 10 2 10 10
left_child=26 2 -2 6 -5 23 7 19 15 -10 11 13 16 14 -11 -9 -12 24 -19 20 21 -4 -23 -6 -18 -15 -1
right_child=1 -3 3 4 5 -7 -8 8 9 10 12 -13 -14 25 -16 -17 17 18 -20 -21 -22 22 -24 -25 -26 -27 -28
leaf_value=0.014559458056464792 0.018900549411773684 -0.015868963807821275 0.001499216806603892 -0.0052376246211739879 -0.0012890518771420266 0.023521252473195395 -0.012705757067908116 0.00066697571116189174 -0.010185440775239842 0.0024149015129200724 -0.013242207472847607 0.014127529412508012 0.0067555548689727275 -0.004167396700732076 0.017962353389399745 -0.013691866778702075 -0.0015699994214810433 -0.017365738057086005 0.00099180038087069993 -0.014193840975746176 0.0053191539951021206 -0.020354691862594337 -0.0062363708917147079 0.010410497464389275 0.010246441655022942 0.0039499184026593167 0.0060947260863724213
leaf_weight=24 21 25 22 30 29 21 29 21 32 38 22 37 28 39 24 28 20 23 20 22 37 20 39 28 23 31 21
leaf_count=24 21 25 22 30 29 21 29 21 32 38 22 37 28 39 24 28 20 23 20 22 37 20 39 28 23 31 21
internal_value=-5.26108e-12 -0.000673366 -0.000117971 -0.000720368 0.00547156 0.00959048 -0.00192528 -0.00133092 8.47658e-05 0.00119313 0.00238695 0.00594971 -0.0020403 0.00365744 0.00843327 -0.00753808 -0.00432071 -0.00203846 -0.00882735 -0.00523418 -0.00356374 -0.00762135 -0.0110222 0.0044581 0.00475042 -0.000572586 0.0106092
internal_weight=754 709 684 663 108 78 555 526 386 337 305 169 136 132 62 49 108 86 43 140 118 81 59 57 43 70 45
internal_count=754 709 684 663 108 78 555 526 386 337 305 169 136 132 62 49 108 86 43 140 118 81 59 57 43 70 45
is_linear=0
shrinkage=0.1


Tree=23
num_leaves=29
num_cat=0
split_feature=28 10 2 19 1 14 19 12 5 9 11 1 8 13 9 2 8 1 2 14 15 2 9 11 9 5 19 19
split_gain=0.500882 0.67972 0.448184 0.664938 0.434098 0.338625 0.367564 0.290649 0.444272 0.392483 0.520989 0.509568 0.361088 0.269474 0.243189 0.22805 0.296579 0.19635 0.183172 0.182848 0.251921 0.288929 0.16705 0.238972 0.146628 0.102098 0.121334 0.093058
threshold=1.0000000180025095e-35 30.500000000000004 80.248443000000023 1699.5000000000002 13.024910000000002 15207.000000000002 563.50000000000011 1.0000000180025095e-35 633.00000000000011 29.500000000000004 13.500000000000002 11.050435000000002 79.500000000000014 10691.000000000002 34.500000000000007 77.029463000000007 510.00000000000006 13.016991500000001 77.001941590789173 26540.500000000004 2.4050000000000007 80.18872606840786 121.00000000000001 5.5000000000000009 116.50000000000001 568.00000000000011 1280.0000000000002 1057.5000000000002
decision_type=2 8 2 8 2 2 8 8 2 8 10 2 10 2 10 2 8 2 2 2 2 2 10 10 8 2 8 10
left_child=2 -2 5 4 -4 25 -7 12 -9 10 19 18 13 -8 -15 -13 -17 22 -11 20 -10 -22 23 -18 -19 26 -1 -16
right_child=1 -3 3 -5 -6 6 7 8 9 11 -12 15 -14 14 27 16 17 24 -20 -21 21 -23 -24 -25 -26 -27 -28 -29
leaf_value=0.003939642361365259 -0.022824956739152021 0.00066377670238060619 0.01034182237291878 0.017814554998444188 -0.0085815569817054068 0.011891130357980728 -0.009719251103485255 -0.013147819876670838 -0.0018781253333573285 -0.01743906025907823 0.019915675264928726 0.010608781947355185 -0.015519941771595642 0.010147743362467737 -0.0081889027403667571 -0.0096344462981254892 -0.0043491059283335366 0.0013345921225845815 -0.005687208778949248 -0.0047802511473289799 0.018552494905889033 0.0028154794509256528 -0.0069881081183050435 0.0078780576255997985 0.013443581946194173 0.0017610385435922393 0.014822874759279549 0.00088416340384775633
leaf_weight=20 22 28 22 36 27 21 37 25 34 21 20 21 29 20 20 29 31 20 36 27 20 28 31 33 20 29 21 26
leaf_count=20 22 28 22 36 27 21 37 25 34 21 20 21 29 20 20 29 31 20 36 27 20 28 31 33 20 29 21 26
internal_value=-3.45849e-12 -0.00967127 0.00068688 0.00749579 -8.53458e-05 -0.000248108 -0.00108328 -0.00159931 -0.000244723 0.000624758 0.00507964 -0.00174995 -0.00566307 -0.00288784 0.000941895 0.000797142 -0.000459227 0.00151175 -0.0100168 0.00235743 0.00470765 0.00937257 -0.000962924 0.00195553 0.00738909 0.00630205 0.00951398 -0.00306065
internal_weight=754 50 704 85 49 619 549 528 396 371 129 242 132 103 66 185 164 135 57 109 82 48 95 64 40 70 41 46
internal_count=754 50 704 85 49 619 549 528 396 371 129 242 132 103 66 185 164 135 57 109 82 48 95 64 40 70 41 46
is_linear=0
shrinkage=0.1


Tree=24
num_leaves=30
num_cat=1
split_feature=0 7 9 8 8 14 18 1 9 2 2 14 7 23 19 1 19 2 10 2 5 19 15 12 10 18 5 15 2
split_gain=0.438294 0.673877 0.399933 0.684189 0.44449 0.325799 0.291777 0.403354 0.357589 0.24446 0.449608 0.417454 0.447159 0.346435 0.274627 0.24858 0.219814 0.190474 0.170359 0.164929 0.159038 0.139683 0.127779 0.136742 0.107332 0.316086 0.146136 0.105486 0.0641693
threshold=0 1870.0000000000002 1109.0000000000002 737.50000000000011 1851.5000000000002 26540.500000000004 32.500000000000007 11.00136889 32.500000000000007 80.266288979239675 80.245807500584732 16135.500000000002 1687.0000000000002 1.0000000180025095e-35 1691.0000000000002 13.049258300000002 1610.0000000000002 80.132400000000004 20.500000000000004 80.18823900000001 647.50000000000011 1132.0000000000002 2.7550000000000003 13.500000000000002 42.000000000000007 27.500000000000004 3900.5000000000005 2.3550000000000004 80.18872606840786
decision_type=9 10 8 10 10 2 8 2 10 2 2 2 10 2 8 2 8 2 10 2 2 10 2 10 10 10 2 2 2
left_child=2 20 3 9 -4 -3 -7 -8 -9 10 11 17 19 15 -12 16 24 -1 -17 -13 -2 -19 23 27 25 28 -26 -10 -14
right_child=1 5 4 -5 -6 6 7 8 22 -11 14 12 13 -15 -16 18 -18 21 -20 -21 -22 -23 -24 -25 26 -27 -28 -29 -30
leaf_value=0.015911865509336903 -0.0086831911653280271 0.0097477845381945382 0.01953635243093595 -0.015772205653289954 0.0017403033110895195 -0.013171348257152283 -0.014220219776034354 0.013329229848459363 0.0053381927777081733 -0.0087079259397631337 0.0045993642561811474 -0.0040326742961516848 -0.0074903540662489831 0.0098060413207103694 0.018833945355499569 0.012230228238993071 -0.009611004300634652 0.010232964104839735 -7.8498983107831179e-05 -0.016143656011924825 -0.021004287327047101 -0.0010474298129101163 0.0051281965432281142 -0.0095065639625924337 -0.010589404761170347 0.008855084736299302 2.0477179821361513e-05 -0.0037196521155743139 -2.0455012766077468e-05
leaf_weight=21 20 24 25 24 32 23 20 20 20 22 33 23 23 37 23 22 34 21 23 22 22 23 24 24 21 35 34 36 23
leaf_count=21 20 24 25 24 32 23 20 20 20 22 33 23 23 37 23 22 34 21 23 22 22 23 24 24 21 35 34 36 23
internal_value=1.96065e-11 -0.00351768 0.00160979 0.000669608 0.00954559 -0.0011468 -0.00271249 -0.00104197 0.00108355 0.00156643 0.00210719 0.000817253 -0.000771397 0.000868282 0.0104457 -0.000669844 -0.00241927 0.00807616 0.0059391 -0.0099536 -0.0151371 0.00433639 -0.00127139 -0.00319126 -0.000621338 0.00169357 -0.00403057 -0.000484708 -0.0037554
internal_weight=754 233 521 464 57 191 167 144 124 440 418 362 297 252 56 215 170 65 45 45 42 44 104 80 136 81 55 56 46
internal_count=754 233 521 464 57 191 167 144 124 440 418 362 297 252 56 215 170 65 45 45 42 44 104 80 136 81 55 56 46
cat_boundaries=0 1
cat_threshold=66051
is_linear=0
shrinkage=0.1


Tree=25
num_leaves=29
num_cat=0
split_feature=6 19 2 2 2 9 18 9 12 19 14 10 19 5 12 19 10 11 2 19 1 19 11 18 2 11 5 1
split_gain=0.39222 0.51628 0.417868 0.292722 0.455444 0.321151 0.283849 0.355028 0.419128 0.343584 0.243935 0.480909 0.225379 0.445909 0.34756 0.361579 0.313828 0.2163 0.257769 0.252693 0.234996 0.216062 0.19058 0.120695 0.100117 0.0720447 0.104928 0.0543715
threshold=1.0000000180025095e-35 563.50000000000011 80.240952000000007 80.260211500000011 80.254298500000019 16.500000000000004 102.50000000000001 79.500000000000014 5.5000000000000009 1280.0000000000002 166155.00000000003 153.00000000000003 1110.0000000000002 1717.0000000000002 1.0000000180025095e-35 973.00000000000011 13.500000000000002 1.0000000180025095e-35 77.005970000000019 1330.5000000000002 12.876817500000001 1588.0000000000002 10.500000000000002 20.500000000000004 80.130344100000016 2.5000000000000004 1597.5000000000002 12.953821500000002
decision_type=10 8 2 2 2 8 10 10 10 8 2 10 10 2 10 10 10 10 2 10 2 8 10 10 2 10 2 2
left_child=1 -1 6 4 5 -4 9 -8 -9 12 -10 -12 14 27 23 24 -17 20 -19 -20 -11 -13 25 -3 -16 -21 -27 -14
right_child=-2 2 3 -5 -6 -7 7 8 10 17 11 21 13 -15 15 16 -18 18 19 22 -22 -23 -24 -25 -26 26 -28 -29
leaf_value=0.015937434917404538 -0.010660798089211864 -0.010543725246022788 -0.0045060504713784096 -0.001321226098011003 0.02111122375354171 0.012030090252422573 -0.016280411414640105 -0.01318674383299618 0.0095209060358288494 -0.0085714353680876754 -0.013779298813703159 -0.0035152694498676628 -0.015115573229107622 0.0027674163851770573 0.0011607226091795244 0.01785873012698215 0.0024417976259193835 0.015616989666596054 0.010953426711699542 0.0028788713893542692 0.0056209867866709833 0.010514225448360262 0.0079069264461928673 -0.0013984695572785482 -0.008122681267559528 2.9684727390607198e-05 -0.0091867152069296156 -0.0086049209045165262
leaf_weight=21 33 31 23 38 23 24 23 29 23 28 24 21 29 32 26 23 31 20 34 24 20 23 29 27 21 30 21 23
leaf_count=21 33 31 23 38 23 24 23 29 23 28 24 21 29 32 26 23 31 20 34 24 20 23 29 27 21 30 21 23
internal_value=3.45849e-11 0.000487942 2.44575e-05 0.00574476 0.00958059 0.00393794 -0.00101911 -0.00489917 -0.00271776 0.000216629 0.000618508 -0.0023926 -0.00233034 -0.00652033 -0.000116762 0.00342623 0.00900827 0.00322106 0.00500709 0.00346942 -0.00265793 0.00381833 0.00102272 -0.00628645 -0.00298718 -0.00163917 -0.0037653 -0.0122359
internal_weight=754 721 700 108 70 47 592 143 120 449 91 68 243 84 159 101 54 206 158 138 48 44 104 58 47 75 51 52
internal_count=754 721 700 108 70 47 592 143 120 449 91 68 243 84 159 101 54 206 158 138 48 44 104 58 47 75 51 52
is_linear=0
shrinkage=0.1


Tree=26
num_leaves=29
num_cat=1
split_feature=28 10 3 10 11 8 19 10 2 1 14 1 1 5 2 15 19 19 12 15 23 19 5 5 8 1 5 2
split_gain=0.372302 0.584815 0.256324 0.437844 0.424781 0.316501 0.410242 0.317711 0.196885 0.260034 0.258185 0.21199 0.332306 0.28504 0.411457 0.251108 0.18113 0.290374 0.295713 0.221636 0.177058 0.236901 0.268993 0.248243 0.11048 0.0907469 0.0679813 0.0455464
threshold=1.0000000180025095e-35 30.500000000000004 0 48.500000000000007 73.500000000000014 1696.0000000000002 3251.0000000000005 44.500000000000007 76.875291000000018 13.097603000000001 13629.000000000002 12.992141500000001 13.013647324621598 625.00000000000011 80.187448498570021 2.5550000000000002 1115.5000000000002 988.50000000000011 1.5000000000000002 2.5850000000000004 1.0000000180025095e-35 1364.5000000000002 1537.0000000000002 2426.0000000000005 1021.5000000000001 11.681945500000003 1537.0000000000002 80.243415000000013
decision_type=2 8 1 10 8 10 8 10 2 2 2 2 2 2 2 2 10 10 10 2 2 10 2 2 8 2 2 2
left_child=2 -2 3 -1 5 6 8 -7 -4 10 -10 16 -13 -14 26 -16 17 19 -19 -12 21 23 -23 25 -24 -18 -15 -17
right_child=1 -3 4 -5 -6 7 -8 -9 9 -11 11 12 13 14 15 27 20 18 -20 -21 -22 22 24 -25 -26 -27 -28 -29
leaf_value=-0.0018196102320438342 -0.020538936428387056 0.0012483920103737289 0.0094029149312215565 0.018854507287032904 -0.012167242448776962 0.00094046428799629219 0.011414817842730397 -0.016883987463079394 0.0098151779380337961 -0.0094182108011510654 -0.0078322598531555664 0.013102111280723304 -0.0091919784839062588 -0.0087860954163426711 0.01426851529282548 0.0053533613043664783 -0.005919075022790243 -0.0014158866433426739 0.013099458429496736 0.0039540589769819275 -0.010621882681253143 0.0091506730020046237 0.0021538261091336611 0.0012911879184165239 -0.0071709534929444395 -0.014725174829363825 -0.00083168660778374899 -0.00094284814549610023
leaf_weight=21 22 28 24 20 27 20 37 20 29 27 39 27 23 22 31 27 22 25 32 27 29 30 24 28 27 25 21 20
leaf_count=21 22 28 24 20 27 20 37 20 29 27 39 27 23 22 31 27 22 25 32 27 29 30 24 28 27 25 21 20
internal_value=1.05955e-11 -0.00833803 0.00059219 0.00826533 0.000117682 0.000639212 0.00121713 -0.00797176 0.000542149 0.000144656 0.000652919 9.82101e-05 0.00292158 0.00101273 0.00295246 0.00728215 -0.00146931 0.00150477 0.00673308 -0.00301058 -0.00344667 -0.00211282 0.00163699 -0.00616261 -0.00278282 -0.0106032 -0.00490138 0.00267412
internal_weight=754 50 704 41 663 636 596 40 559 535 508 479 171 144 121 78 308 123 57 66 185 156 81 75 51 47 43 47
internal_count=754 50 704 41 663 636 596 40 559 535 508 479 171 144 121 78 308 123 57 66 185 156 81 75 51 47 43 47
cat_boundaries=0 1
cat_threshold=2
is_linear=0
shrinkage=0.1


Tree=27
num_leaves=29
num_cat=1
split_feature=5 28 10 3 8 19 2 12 19 2 8 1 2 1 11 7 5 13 10 13 1 9 9 19 19 18 19 11
split_gain=0.325415 0.367491 0.696223 0.247749 0.329 0.258644 0.560424 0.396458 0.340764 0.27969 0.239503 0.219466 0.22223 0.149085 0.144147 0.143982 0.217773 0.211244 0.232425 0.147375 0.214536 0.207173 0.151209 0.112422 0.107881 0.0935053 0.084866 0.0561069
threshold=547.00000000000011 1.0000000180025095e-35 31.500000000000004 0 3743.0000000000005 1699.5000000000002 80.251928576103197 1.0000000180025095e-35 2414.0000000000005 76.906120000000016 79.500000000000014 13.097603000000001 77.753466000000017 12.989913500000002 3.5000000000000004 1270.0000000000002 592.00000000000011 7631.0000000000009 10.500000000000002 10691.000000000002 13.036872877215481 65.500000000000014 49.500000000000007 1118.5000000000002 1057.5000000000002 126.50000000000001 1417.5000000000002 2.5000000000000004
decision_type=2 2 10 1 10 8 2 10 10 2 10 2 2 2 10 10 2 2 10 2 2 10 8 10 10 10 8 10
left_child=26 3 -3 -2 5 9 7 -7 13 -5 11 12 14 -9 -11 -14 -17 18 -18 23 21 22 27 -19 -23 -12 -1 -21
right_child=1 2 -4 4 -6 6 -8 8 -10 10 25 -13 15 -15 -16 16 17 19 -20 20 -22 24 -24 -25 -26 -27 -28 -29
leaf_value=0.0040994999070580193 0.0081335586340477075 -0.02322616396471858 0.001390330640047237 0.0097789726220071319 -0.013016682628076523 -0.0079491681678013678 0.017924624369682177 0.0029856905013926935 -0.006359426887786907 -0.0018236278157149042 -0.013983696745708585 -0.010274987574666739 0.0085969179159119027 0.011846839147022902 -0.012640375588935885 -0.0095416399226947272 -0.00060240352322580301 -0.00030562521889805795 0.013490786996670069 -0.003707802499676208 0.009824221426000198 -0.011013502134010197 0.010352849625051022 -0.0088927871690342025 -0.0018067786591460131 -0.0043138829711824658 0.012538470084440301 0.0026692791899345265
leaf_weight=26 36 20 27 22 20 36 23 37 23 28 20 24 21 39 22 22 22 30 25 22 24 20 20 31 35 20 22 37
leaf_count=26 36 20 27 22 20 36 23 37 23 28 20 24 21 39 22 22 22 30 25 22 24 20 20 31 35 20 22 37
internal_value=-1.15103e-11 -0.00054169 -0.00908477 6.7604e-05 -0.000398487 2.00274e-05 0.00349574 0.00103748 0.00430536 -0.00121405 -0.00178579 -0.0010168 -0.000397873 0.00753286 -0.006583 0.000602956 2.00634e-05 0.000810881 0.00689397 -0.000494623 0.00111723 -0.000442229 0.00283859 -0.00466959 -0.00515468 -0.00914879 0.00796736 0.000291384
internal_weight=754 706 47 659 623 603 158 135 99 445 423 383 359 76 50 309 288 266 47 219 158 134 79 61 55 40 48 59
internal_count=754 706 47 659 623 603 158 135 99 445 423 383 359 76 50 309 288 266 47 219 158 134 79 61 55 40 48 59
cat_boundaries=0 1
cat_threshold=2
is_linear=0
shrinkage=0.1


Tree=28
num_leaves=30
num_cat=1
split_feature=6 19 2 8 18 14 18 9 19 0 2 19 1 18 12 18 7 11 19 1 19 1 2 18 9 5 7 19 15
split_gain=0.284515 0.436836 0.259217 0.409858 0.335519 0.261163 0.213884 0.313829 0.314272 0.23276 0.301776 0.221902 0.247015 0.248544 0.200649 0.198494 0.25939 0.26382 0.194953 0.154695 0.146653 0.173703 0.235892 0.13986 0.1267 0.113181 0.251675 0.0723867 0.0665779
threshold=78.500000000000014 563.50000000000011 80.23887495000001 4994.0000000000009 42.500000000000007 19147.500000000004 102.50000000000001 80.500000000000014 1010.0000000000001 0 80.092855000000014 1216.0000000000002 11.0229385 38.500000000000007 3.5000000000000004 11.500000000000002 1308.5000000000002 9.5000000000000018 1521.5000000000002 12.892115000000002 958.50000000000011 13.013647324621598 80.194217000000023 16.500000000000004 60.500000000000007 12896.000000000002 17516.500000000004 1115.5000000000002 2.5450000000000004
decision_type=10 8 2 8 10 2 8 10 10 9 2 10 2 10 10 10 10 10 10 2 10 2 2 10 8 2 10 10 2
left_child=1 -1 6 -4 5 -5 9 -8 -9 10 -3 23 18 -14 -10 -12 -17 19 -13 -18 -21 -22 -23 -11 27 26 -16 28 -25
right_child=-2 2 3 4 -6 -7 7 8 14 11 15 12 13 -15 25 16 17 -19 -20 20 21 22 -24 24 -26 -27 -28 -29 -30
leaf_value=0.014594152640728726 -0.0098913590357239765 0.012915130865682536 -0.0048785176048321381 0.012290563017129899 0.01894810281339146 -0.00086969542684719753 -0.013762539502100221 -0.012705144108357755 -0.0080151087670986138 -0.012770181459685169 -0.0079038486218037593 0.014023788664489984 -0.01134619936558672 0.003685395360331644 0.0069721854104579477 0.010064261297092718 -0.0091444375840100383 0.0085017378893539764 0.0002284636266440863 -0.0077474115754012016 0.0067770582184983573 -0.0099523527748798107 0.0034990353902685459 -0.0028866976760106074 -0.0097343202373012909 0.0079220130590015436 -0.0083660614863038073 -0.0059860688888213852 0.005076189563676183
leaf_weight=21 28 24 35 25 21 38 28 22 21 21 22 20 22 22 23 34 22 33 21 20 39 22 32 21 25 29 20 22 21
leaf_count=21 28 24 35 25 21 38 28 22 21 21 22 20 22 22 23 34 22 33 21 20 39 22 32 21 25 29 20 22 21
internal_value=7.21034e-12 0.000381485 -4.18711e-05 0.00421326 0.0080015 0.00435263 -0.000905967 -0.00426856 -0.00195698 0.000179475 0.00217061 -0.00234395 0.00137336 -0.0038304 0.000585593 0.00111631 0.00209871 0.000486632 0.00695789 -0.00147262 2.10125e-05 0.00169164 -0.00198116 -0.00542951 -0.00369744 0.00309413 -0.000161883 -0.00133928 0.00109475
internal_weight=754 726 705 119 84 63 586 143 115 443 248 195 85 44 93 224 202 168 41 135 113 93 54 110 89 72 43 64 42
internal_count=754 726 705 119 84 63 586 143 115 443 248 195 85 44 93 224 202 168 41 135 113 93 54 110 89 72 43 64 42
cat_boundaries=0 1
cat_threshold=3
is_linear=0
shrinkage=0.1


Tree=29
num_leaves=30
num_cat=0
split_feature=5 6 19 5 28 2 2 18 18 18 13 19 19 12 18 15 8 19 2 9 10 13 9 9 5 19 10 7 5
split_gain=0.25813 0.278523 0.378751 0.238227 0.262906 0.315885 0.207849 0.232101 0.199624 0.202719 0.22611 0.236465 0.286264 0.219542 0.267398 0.375349 0.233015 0.209575 0.180076 0.146298 0.124758 0.201081 0.185315 0.106325 0.127146 0.0580379 0.0966933 0.0556317 0.0318359
threshold=542.50000000000011 78.500000000000014 563.50000000000011 579.00000000000011 1.0000000180025095e-35 80.242039427772767 80.25913635000002 29.500000000000004 11.500000000000002 16.500000000000004 13948.000000000002 1384.0000000000002 988.50000000000011 21.500000000000004 149.00000000000003 2.9150000000000005 24104.500000000004 913.50000000000011 80.101557 12.500000000000002 16.500000000000004 19925.000000000004 30.500000000000004 111.50000000000001 2429.0000000000005 1110.0000000000002 14.500000000000002 1308.5000000000002 4103.5000000000009
decision_type=2 10 8 2 2 2 2 10 10 10 2 8 10 10 10 2 8 8 2 10 10 2 10 10 2 10 10 8 2
left_child=27 2 -2 -4 5 8 7 -7 -5 18 11 12 -11 14 15 17 -16 -12 -10 -13 -19 -22 -23 24 -24 -14 -27 -1 -26
right_child=1 -3 3 4 -6 6 -8 -9 9 10 13 19 25 -15 16 -17 -18 20 -20 -21 21 22 23 -25 28 26 -28 -29 -30
leaf_value=0.010633257850228499 0.013134737454709553 -0.010833441242575646 -0.0087883336254339101 0.0093379832743084989 -0.0080244580021080307 0.0040638240842291945 -4.4417642657795265e-05 0.018019836927123833 -0.014376871399581432 0.009076762571930885 -0.011242370548037192 0.0039383922927081587 0.00026785483764063929 0.0059304912969695804 -0.014888049910465877 0.011891514027956874 -0.0015096205630866083 0.0057626645631072204 -0.0011183358717798478 0.015413064139429481 -0.0086045720099814631 0.0085327738011255864 0.0015023444846259996 0.0040739847124892882 -0.0047701182266421342 -0.01044226786470972 -0.00072676199710085287 0.0035854790448432879 -0.010034051457769238
leaf_weight=24 21 25 33 20 39 26 31 22 20 27 24 25 31 33 30 20 23 22 21 20 38 20 28 22 27 20 21 21 20
leaf_count=24 21 25 33 20 39 26 31 22 20 27 24 25 31 33 30 20 23 22 21 20 38 20 28 22 27 20 21 21 20
internal_value=8.20427e-12 -0.00046614 -8.72181e-05 -0.000506013 -7.21773e-05 0.000452593 0.00633821 0.0104603 -0.00045554 -0.000853651 -0.000241627 0.00302771 0.000295644 -0.00177513 -0.00270317 -0.00117334 -0.00908232 -0.00247332 -0.00758591 0.00903825 -0.0012843 -0.00228451 -0.000231841 -0.00203898 -0.00383211 -0.00299728 -0.00546603 0.00734429 -0.00701009
internal_weight=754 709 684 663 630 591 79 48 512 492 451 144 99 307 274 221 53 201 41 45 177 155 117 97 75 72 41 45 47
internal_count=754 709 684 663 630 591 79 48 512 492 451 144 99 307 274 221 53 201 41 45 177 155 117 97 75 72 41 45 47
is_linear=0
shrinkage=0.1


Tree=30
num_leaves=31
num_cat=1
split_feature=5 28 10 3 8 11 15 14 8 23 7 18 9 19 7 19 2 2 11 12 23 15 12 13 12 1 15 19 19 19
split_gain=0.213618 0.230667 0.561484 0.196892 0.285258 0.206105 0.210385 0.382409 0.352233 0.268239 0.264009 0.403267 0.311767 0.210845 0.187319 0.249361 0.160871 0.157572 0.157031 0.17816 0.141325 0.153454 0.157267 0.143051 0.135624 0.128124 0.0803099 0.0769724 0.0723619 0.0709897
threshold=547.00000000000011 1.0000000180025095e-35 31.500000000000004 0 3743.0000000000005 73.500000000000014 2.1150000000000007 16034.000000000002 270.00000000000006 1.0000000180025095e-35 17516.500000000004 123.50000000000001 19.500000000000004 830.50000000000011 2407.5000000000005 1137.0000000000002 78.822005000000004 80.240952000000007 5.5000000000000009 1.5000000000000002 1.0000000180025095e-35 2.5750000000000006 2.5000000000000004 11197.000000000002 5.5000000000000009 11.050435000000002 2.5650000000000004 1322.0000000000002 1176.5000000000002 1417.5000000000002
decision_type=2 2 10 1 10 8 2 2 8 2 8 10 10 10 10 10 2 2 8 10 2 2 10 2 10 2 2 8 8 8
left_child=29 3 -3 -2 5 6 9 -8 27 16 11 12 14 -14 15 -10 25 26 19 28 21 22 -15 -23 -25 -5 -17 -9 -18 -1
right_child=1 2 -4 4 -6 -7 7 8 10 -11 -12 -13 13 20 -16 17 18 -19 -20 -21 -22 23 -24 24 -26 -27 -28 -29 -30 -31
leaf_value=0.00291774059430911 0.0072344182757660752 -0.019906751988455654 0.0021997826518835844 0.0053692454231842879 -0.012121144146658481 -0.0094828200780532577 -0.013370243039579413 -0.0042264473168989241 0.012095555985036879 -0.0062126363143324851 -0.0083036565654245869 0.015570565685629846 0.0081297292909584939 -0.003128417691385204 0.012966423877029835 0.00063054139725863937 -0.000109430649317801 0.0067474978887254291 0.009450287216653426 -0.0062658988387772332 0.0047330911931401888 -0.0076043835352174937 -0.015380717004882173 0.0033371821086173163 -0.0061846066970333811 0.015485673850136146 -0.0082237097390350841 -0.01240767489956773 0.008295272006874993 0.010636014804582705
leaf_weight=26 36 20 27 31 20 22 23 23 22 25 28 20 20 22 24 20 20 21 24 27 22 30 20 52 21 21 21 23 21 22
leaf_count=26 36 20 27 31 20 22 23 23 22 25 28 20 20 22 24 20 20 21 24 27 22 30 20 52 21 21 21 23 21 22
internal_value=-2.70561e-11 -0.000438886 -0.00720725 4.38351e-05 -0.000371672 1.80284e-05 0.000377785 -0.000840962 -0.000100156 0.00334893 0.00100182 0.00182897 0.000897339 -0.00157322 0.00517506 0.00294896 0.00500893 -0.000296607 0.00249608 4.16593e-05 -0.00273525 -0.00386837 -0.00896285 -0.00179102 0.000598037 0.00945473 -0.00390456 -0.00831706 0.00419542 0.00645528
internal_weight=754 706 47 659 623 603 581 412 389 169 343 315 295 187 108 84 144 62 92 68 167 145 42 103 73 52 41 46 41 48
internal_count=754 706 47 659 623 603 581 412 389 169 343 315 295 187 108 84 144 62 92 68 167 145 42 103 73 52 41 46 41 48
cat_boundaries=0 1
cat_threshold=2
is_linear=0
shrinkage=0.1


Tree=31
num_leaves=28
num_cat=1
split_feature=19 5 8 0 7 19 14 18 15 5 19 15 15 10 19 10 14 1 14 10 19 2 14 19 2 19 1
split_gain=0.203462 0.294861 0.223395 0.323147 0.320458 0.295557 0.304567 0.251183 0.282391 0.216885 0.275268 0.208127 0.16348 0.225831 0.209571 0.270739 0.289738 0.17963 0.145472 0.306907 0.209875 0.127185 0.105549 0.0995769 0.0838292 0.206688 0.0785979
threshold=2414.0000000000005 2908.0000000000005 381.50000000000006 0 1710.0000000000002 685.50000000000011 13629.000000000002 114.50000000000001 2.5450000000000004 25112.500000000004 973.00000000000011 2.7150000000000003 2.2150000000000003 26.500000000000004 1635.0000000000002 86.000000000000014 53520.500000000007 13.050040150000003 20509.000000000004 10.500000000000002 1330.5000000000002 80.187448498570021 37314.000000000007 1139.5000000000002 78.142889000000011 1043.5000000000002 11.397737880000003
decision_type=10 2 8 9 10 8 2 10 2 2 8 2 2 10 10 10 2 2 2 10 10 2 2 8 2 10 2
left_child=2 -2 4 5 -1 -4 -7 8 -6 10 22 24 13 21 15 16 18 -16 19 -14 23 -12 -8 -20 -5 -26 -27
right_child=1 -3 3 11 7 6 9 -9 -10 -11 12 -13 14 -15 17 -17 -18 -19 20 -21 -22 -23 -24 -25 25 26 -28
leaf_value=-0.013670850247144701 -0.014491187088677419 0.0006704950833628918 0.013876271400262008 -0.0088966326237454804 0.009375830988089244 0.011703090400745471 -0.00042498676754933385 -0.010482529361615889 -0.0041288966604042798 -0.0086371381367955895 -0.0039204351417720315 0.0039299062425818517 -0.0030256320469613587 0.012569479187447075 0.011329957608665739 -0.0095694618818994905 0.01065801866019943 0.00035675039846235173 -0.0034018496474759147 0.011656513701503475 0.0041993846501489837 0.0067784527465701103 -0.0091878770747118536 -0.013151242153253407 -0.0086340383563462339 0.0060227017672288986 -0.0027366662213898964
leaf_weight=25 23 29 22 37 30 30 28 20 32 21 20 34 35 37 35 26 28 26 22 24 21 25 27 20 36 21 20
leaf_count=25 23 29 22 37 30 30 28 20 32 21 20 34 35 37 35 26 28 26 22 24 21 25 27 20 36 21 20
internal_value=-1.13154e-11 -0.00603563 0.000447084 0.00120357 -0.00375955 0.00251809 0.00198938 -0.000737809 0.00240565 0.00125163 0.00180688 -0.00275089 0.00293338 0.00678199 0.00160179 -0.000148868 0.00148404 0.00665285 -0.000621469 0.00294677 -0.00396315 0.00202339 -0.00472677 -0.00804442 -0.00498471 -0.00310496 0.00174984
internal_weight=754 52 702 595 107 447 425 82 62 395 374 148 319 82 237 176 150 61 122 59 63 45 55 42 114 77 41
internal_count=754 52 702 595 107 447 425 82 62 395 374 148 319 82 237 176 150 61 122 59 63 45 55 42 114 77 41
cat_boundaries=0 1
cat_threshold=7
is_linear=0
shrinkage=0.1


Tree=32
num_leaves=30
num_cat=1
split_feature=18 5 28 10 0 10 2 15 23 15 10 19 10 9 9 7 8 2 7 9 12 15 5 15 7 12 2 1 2
split_gain=0.200277 0.229147 0.230324 0.214744 0.195913 0.337016 0.225421 0.195828 0.303935 0.271435 0.343548 0.300422 0.25433 0.271299 0.250663 0.205821 0.202728 0.194823 0.174085 0.166584 0.255386 0.411605 0.157236 0.154615 0.126888 0.134477 0.107032 0.102529 0.0814753
threshold=788.00000000000011 27090.000000000004 1.0000000180025095e-35 30.500000000000004 0 4.5000000000000009 80.068869500000019 2.5550000000000002 1.0000000180025095e-35 2.5850000000000004 12.500000000000002 1699.5000000000002 86.000000000000014 60.500000000000007 41.000000000000007 2273.5000000000005 27.000000000000004 78.04238500000001 3434.0000000000005 19.500000000000004 1.5000000000000002 2.1250000000000004 4648.5000000000009 2.3350000000000004 1974.0000000000002 6.5000000000000009 80.207133975273891 12.876817500000001 80.239339500000014
decision_type=10 2 2 8 9 10 2 2 2 2 10 10 10 8 10 10 8 2 8 8 10 2 2 2 10 10 2 2 2
left_child=1 2 4 -4 5 -1 17 8 16 -9 26 12 13 14 15 -12 -7 -6 -19 20 21 -18 23 -21 -8 27 -11 -26 -13
right_child=-2 -3 3 -5 6 7 24 9 -10 10 11 28 -14 -15 -16 -17 19 18 -20 22 -22 -23 -24 -25 25 -27 -28 -29 -30
leaf_value=0.01243039922297208 0.009628801331633614 -0.010327307084067303 -0.013965852867642587 0.00035136888734996322 -0.0001341477486080137 -0.0045407279034737841 0.0068052329123020174 -0.010321141931594217 -0.0066604893887415532 -0.0030336297305655624 -0.0052205181427945552 0.0053109476215798751 -0.010028275673870338 0.010639581492600534 -0.010801444662502036 0.0072664671648067962 0.014547884557396175 -0.01599542318413464 -0.0035858235415071253 0.004619648930383846 0.016263417491378884 -0.0035065015303968848 0.0088785391899624047 -0.005461658156830175 -0.0076300570823913151 0.0059402874857187281 -0.01325536109507084 0.00016638779811359742 0.014129783246899025
leaf_weight=27 21 22 22 20 29 22 25 28 28 21 22 22 22 26 20 33 23 26 20 32 30 28 28 29 31 20 20 37 20
leaf_count=27 21 22 22 20 29 22 25 28 28 21 22 22 22 26 20 33 23 26 20 32 30 28 28 29 31 20 20 37 20
internal_value=2.09169e-11 -0.000275859 3.5156e-05 -0.00714813 0.000486125 0.00154408 -0.0021865 0.000930668 0.0030726 -0.00108311 0.00017254 0.00220822 -0.000285202 0.00183705 -0.00121449 0.00227167 0.00449201 -0.00655317 -0.0105999 0.00566095 0.00894224 0.00463567 0.0026746 -0.000173104 0.00051824 -0.00126784 -0.00801984 -0.00338787 0.00951039
internal_weight=754 733 711 42 669 481 188 454 220 234 206 165 123 101 75 55 192 75 46 170 81 51 89 61 113 88 41 68 42
internal_count=754 733 711 42 669 481 188 454 220 234 206 165 123 101 75 55 192 75 46 170 81 51 89 61 113 88 41 68 42
cat_boundaries=0 1
cat_threshold=66054
is_linear=0
shrinkage=0.1


Tree=33
num_leaves=31
num_cat=0
split_feature=5 6 19 5 2 12 1 8 15 19 11 18 11 10 9 19 2 19 14 10 8 19 15 18 15 11 9 5 7 10
split_gain=0.188991 0.181399 0.285445 0.171906 0.166998 0.183346 0.281665 0.230278 0.253109 0.175465 0.157251 0.144699 0.525742 0.236955 0.299737 0.207927 0.249356 0.241655 0.210676 0.314248 0.201289 0.201026 0.134609 0.200677 0.119657 0.109809 0.0803624 0.077117 0.0614252 0.0497767
threshold=542.50000000000011 78.500000000000014 563.50000000000011 579.00000000000011 80.256409500000018 1.0000000180025095e-35 11.00136889 79.500000000000014 1.925 1348.5000000000002 4.5000000000000009 68.500000000000014 10.500000000000002 252.00000000000003 149.00000000000003 1050.0000000000002 80.175305000000009 1223.5000000000002 26540.500000000004 17.500000000000004 415.50000000000006 1800.5000000000002 2.3650000000000007 20.500000000000004 2.5950000000000002 15.500000000000002 23.500000000000004 744.50000000000011 1929.5000000000002 37.500000000000007
decision_type=2 10 8 2 2 8 2 10 2 10 10 10 10 10 8 8 2 8 2 10 8 10 2 10 2 10 10 2 10 10
left_child=-1 2 -2 -4 5 7 24 8 -5 -9 -6 12 15 14 20 16 -8 28 19 27 -13 25 -10 -24 -7 -22 -20 -19 -17 -25
right_child=1 -3 3 4 10 6 11 9 22 -11 -12 13 -14 -15 -16 17 -18 18 26 -21 21 -23 23 29 -26 -27 -28 -29 -30 -31
leaf_value=0.0062842309971650441 0.011385319310994376 -0.0087655234774574649 -0.0074922444919745135 0.0072422981581271254 0.011566536790569841 -0.010357021957996392 0.013497566744685175 -0.0034084101882763209 -0.010216077727576097 -0.016654719552025198 -0.000557646956294775 0.0076331070810556415 0.01359645939933566 0.0075019134760454858 -0.011534972215692203 -0.011172660891897977 -0.0014830883406102659 -0.003912163902423345 -0.0074084702141893402 0.015830718986690046 -0.012178672661927219 0.0042702135480940347 -0.0095878106681630028 -0.00076999987165133168 -0.00043595593306235971 -0.0020690993797457357 0.0010621950518162478 0.0048694667313247918 -0.0037374282553792001 0.0062007625005207961
leaf_weight=45 21 25 33 27 23 31 25 20 24 20 20 25 39 27 30 20 20 20 24 20 21 25 20 21 20 22 21 20 25 20
leaf_count=45 21 25 33 27 23 31 25 20 24 20 20 25 39 27 30 20 20 20 24 20 21 25 20 21 20 22 21 20 25 20
internal_value=3.25546e-11 -0.000398858 -9.30589e-05 -0.000456627 -8.80951e-05 -0.000528752 0.000515954 -0.00351854 -0.00119245 -0.0100316 0.00592738 0.0014433 0.00299749 -0.000981245 -0.0028434 0.000877701 0.0068395 -0.000910838 0.00171679 0.00559601 -3.96699e-05 -0.00286054 -0.00387173 -0.00137559 -0.00646641 -0.00700633 -0.00345549 0.000478651 -0.00704198 0.00263037
internal_weight=754 709 684 663 630 587 435 152 112 40 43 384 234 150 123 195 45 150 105 60 93 68 85 61 51 43 45 40 45 41
internal_count=754 709 684 663 630 587 435 152 112 40 43 384 234 150 123 195 45 150 105 60 93 68 85 61 51 43 45 40 45 41
is_linear=0
shrinkage=0.1


Tree=34
num_leaves=28
num_cat=1
split_feature=2 19 7 8 8 7 10 9 0 10 1 10 10 5 14 2 2 11 15 14 12 7 19 2 15 15 11
split_gain=0.188794 0.223345 0.227705 0.176603 0.24894 0.202956 0.199924 0.189854 0.191079 0.263587 0.291357 0.196637 0.324324 0.213358 0.188295 0.19563 0.181496 0.167198 0.158397 0.146776 0.145881 0.136604 0.120387 0.087468 0.0627985 0.0745001 0.083036
threshold=76.568431000000004 2414.0000000000005 4262.0000000000009 381.50000000000006 1189.0000000000002 1710.0000000000002 19.500000000000004 10.500000000000002 0 10.500000000000002 12.970436500000002 67.500000000000014 155.50000000000003 2395.0000000000005 19147.500000000004 80.252612500000012 79.97523600000001 8.5000000000000018 1.9850000000000001 37314.000000000007 1.5000000000000002 1426.0000000000002 1287.0000000000002 80.120030000000014 2.7350000000000008 2.3150000000000004 3.5000000000000004
decision_type=2 10 10 8 8 10 10 8 9 10 2 10 10 2 2 2 2 8 2 2 10 10 10 2 2 2 10
left_child=-1 3 -3 5 16 -2 -7 21 9 10 -9 13 -13 14 -11 17 -5 19 -10 20 -16 -6 -22 -8 25 -20 -27
right_child=1 2 -4 4 7 6 23 8 18 11 -12 12 -14 -15 15 -17 -18 -19 24 -21 22 -23 -24 -25 -26 26 -28
leaf_value=0.008544806823134422 -0.011507306708954276 -0.014685028494291364 -0.0009099029802850314 0.013470486052334307 0.010850707710219119 0.0069103036012331202 -0.0087289829594083129 0.0015640245218362129 -0.011728321375663986 0.0084512269066181044 -0.012995019934519573 -0.0087096662809833508 0.004271422265293567 0.011269242499369168 -0.0044223867915570737 -0.0086474071512930104 0.0022464257445843779 0.009904295341535049 0.00090026511689243109 -0.0063324215523898608 0.0010037922455618778 0.001392366657839031 0.01137144563253969 -0.00059106040903965807 0.0017619255205823317 -0.010266004145766299 -0.0023141832379945395
leaf_weight=25 25 21 28 25 26 22 25 28 22 38 27 39 38 31 20 20 34 22 23 25 24 37 21 28 27 24 29
leaf_count=25 25 21 28 25 26 22 25 28 22 38 27 39 38 31 20 20 34 22 23 25 24 37 21 28 27 24 29
internal_value=4.34782e-11 -0.000293032 -0.00681353 0.000176828 0.000845988 -0.0037043 -0.0011033 0.000148815 -0.000559178 0.000720515 -0.00558314 0.00199356 -0.00230341 0.00363966 0.00224839 0.000462723 0.00700238 0.00208953 -0.00372771 0.000179257 0.00268375 0.00529581 0.00584203 -0.0044297 -0.00238075 -0.00385249 -0.00591501
internal_weight=754 729 49 680 580 100 75 521 458 333 55 278 77 201 170 132 59 112 125 90 65 63 45 53 103 76 53
internal_count=754 729 49 680 580 100 75 521 458 333 55 278 77 201 170 132 59 112 125 90 65 63 45 53 103 76 53
cat_boundaries=0 1
cat_threshold=7
is_linear=0
shrinkage=0.1


Tree=35
num_leaves=28
num_cat=1
split_feature=2 5 10 11 9 7 15 7 5 1 19 0 2 11 2 10 19 19 9 1 1 1 8 1 19 7 5
split_gain=0.152923 0.1833 0.382828 0.213847 0.172245 0.184868 0.317826 0.157425 0.212369 0.342393 0.169675 0.130412 0.28335 0.290248 0.25923 0.231983 0.246204 0.191531 0.165751 0.146315 0.269719 0.215583 0.0878855 0.0872913 0.0756985 0.0685231 0.0526207
threshold=76.568431000000004 37767.000000000007 266.50000000000006 65.000000000000014 158.00000000000003 14063.500000000002 2.9650000000000003 6295.0000000000009 2395.0000000000005 13.097603000000001 2289.5000000000005 0 80.091065 5.5000000000000009 80.229894000000016 7.5000000000000009 1227.5000000000002 1328.0000000000002 19.500000000000004 12.43688 11.0229385 10.782165500000001 320.00000000000006 12.983257158176647 988.50000000000011 2860.0000000000005 4718.5000000000009
decision_type=2 2 10 8 10 10 2 10 2 2 10 9 2 10 2 10 10 10 10 2 2 2 8 2 8 10 2
left_child=-1 2 3 4 5 6 7 8 9 10 11 12 -2 14 15 -14 23 -16 -15 20 21 -13 -9 -17 -21 -22 -24
right_child=1 -3 -4 -5 -6 -7 -8 22 -10 -11 -12 19 13 18 17 16 -18 -19 -20 24 25 -23 26 -25 -26 -27 -28
leaf_value=0.0076903261542320247 0.014429712761193515 -0.0092528200115669854 0.011925093242182182 -0.0085530449636280533 -0.0089607556660970047 0.0072036982630379505 -0.0095638171074610649 0.0017571607338530675 0.0085708511434495465 -0.012306026981677862 -0.0074705116736533302 -0.0051845544178424213 -0.012829274468822406 0.01250018446041005 0.010421417871839367 -4.9796206876635548e-05 0.0058847343697297303 -7.8874923239805194e-05 0.0010882218531332911 0.0081175184320835848 -0.013565676641010214 0.0066335259231202542 -0.0080443053833536195 -0.0085235290409576506 0.00039076578432286626 -0.0052878060517832642 -0.0016778205672744663
leaf_weight=25 20 22 26 31 21 36 34 21 35 20 22 29 20 35 32 20 33 38 20 21 20 33 37 31 32 20 20
leaf_count=25 20 22 26 31 21 36 34 21 35 20 22 29 20 35 32 20 33 38 20 21 20 33 37 31 32 20 20
internal_value=-1.86048e-12 -0.000263729 1.59885e-05 -0.000438691 -5.16987e-05 0.000245742 -0.000176663 0.00039429 0.00107007 0.000481444 0.00108179 0.00154751 0.0028986 0.0020181 1.65146e-05 -0.00315014 -0.000845584 0.00472126 0.00835038 -0.000760867 -0.00302466 0.00110571 -0.00377302 -0.0052005 0.00345231 -0.00942674 -0.00581045
internal_weight=754 729 707 681 650 629 593 559 481 446 426 404 249 229 174 104 84 70 55 155 102 62 78 51 53 40 57
internal_count=754 729 707 681 650 629 593 559 481 446 426 404 249 229 174 104 84 70 55 155 102 62 78 51 53 40 57
cat_boundaries=0 1
cat_threshold=578
is_linear=0
shrinkage=0.1


Tree=36
num_leaves=29
num_cat=0
split_feature=8 9 8 19 19 10 6 7 14 13 7 5 9 10 7 7 2 5 19 15 10 15 9 18 12 5 12 10
split_gain=0.153756 0.45315 0.410534 0.291866 0.249146 0.1543 0.211672 0.260789 0.24146 0.121914 0.271565 0.26015 0.189051 0.134253 0.134347 0.124623 0.14986 0.10976 0.109642 0.100015 0.190633 0.174665 0.135653 0.117579 0.17074 0.0840617 0.136475 0.075454
threshold=1189.0000000000002 669.00000000000011 794.50000000000011 372.50000000000006 811.50000000000011 8.5000000000000018 2127.5000000000005 2089.0000000000005 54715.000000000007 6999.5000000000009 1426.0000000000002 702.50000000000011 10.500000000000002 153.00000000000003 16745.000000000004 12347.000000000002 76.959153650000019 1449.5000000000002 1881.0000000000002 2.1850000000000005 22.500000000000004 2.5850000000000004 25.500000000000004 35.500000000000007 5.5000000000000009 568.00000000000011 1.5000000000000002 30.500000000000004
decision_type=10 8 10 10 10 10 8 10 2 2 10 2 10 10 10 10 2 2 10 2 10 2 10 10 10 2 8 10
left_child=2 -2 3 -1 -5 25 9 -8 -9 10 -7 -11 -13 14 15 16 -14 -3 19 20 -18 27 -23 -24 -25 -6 -27 -21
right_child=1 17 -4 4 5 6 7 8 -10 11 -12 12 13 -15 -16 -17 18 -19 -20 21 -22 22 23 24 -26 26 -28 -29
leaf_value=-0.011878257505595685 -0.016364991314053026 -0.0054374933056533341 0.013332743628416211 0.0087184370611794303 0.00813493453587095 0.0020492105346713819 -0.014334670287401728 0.0066849735635332768 -0.0084967283521440225 0.01076501660863869 -0.011808993056631432 0.009470796287059784 0.0062266093343496323 0.0074241049611737248 -0.008562803348865021 0.0055380027117808497 -0.0028537746001448898 0.0037573330325382836 -0.0072635497700310114 -0.003480207743123174 0.0095352718829298799 0.0061975640417249117 -0.0080415171328122211 0.0042823208637762433 -0.0069017889865097548 -0.0036841588560491802 0.0063772126500095646 -0.010918817502446472
leaf_weight=20 22 20 24 34 30 31 24 20 22 24 26 20 25 20 22 31 27 37 33 30 23 27 23 39 21 26 28 25
leaf_count=20 22 20 24 34 30 31 24 20 22 24 26 20 25 20 22 31 27 37 33 30 23 27 23 39 21 26 28 25
internal_value=8.19655e-12 -0.00417416 0.000488531 1.50115e-05 0.000391977 -8.22265e-05 -0.00073277 -0.0060191 -0.00126735 4.77619e-05 -0.00427208 0.000679123 1.77527e-05 -0.000528666 -0.00101657 -0.000470457 -0.00115274 0.000531078 -0.00189662 -0.00107286 0.00284519 -0.00226015 4.04753e-05 -0.00196243 0.000367882 0.00389074 0.00153285 -0.00686139
internal_weight=754 79 675 651 631 597 513 66 42 447 57 390 366 346 326 304 273 57 248 215 50 165 110 83 60 84 54 55
internal_count=754 79 675 651 631 597 513 66 42 447 57 390 366 346 326 304 273 57 248 215 50 165 110 83 60 84 54 55
is_linear=0
shrinkage=0.1


Tree=37
num_leaves=28
num_cat=0
split_feature=8 5 10 19 19 8 7 7 8 11 1 2 1 7 10 11 10 19 15 15 10 10 9 11 11 7 5
split_gain=0.12683 0.251377 0.147745 0.203045 0.165402 0.163086 0.191124 0.16736 0.158526 0.133413 0.0986141 0.120939 0.327381 0.125983 0.205806 0.185012 0.178299 0.123285 0.289518 0.19381 0.309717 0.105532 0.152678 0.0592171 0.0649514 0.0325805 0.0280795
threshold=3743.0000000000005 36059.000000000007 4.5000000000000009 1132.0000000000002 2568.5000000000005 270.00000000000006 2048.5000000000005 1270.0000000000002 877.00000000000011 3.5000000000000004 11.00136889 76.944487000000009 11.068998500000001 24735.000000000004 72.500000000000014 10.500000000000002 30.500000000000004 1141.5000000000002 2.6850000000000005 2.5950000000000002 13.500000000000002 11.500000000000002 24.500000000000004 6.5000000000000009 1.0000000180025095e-35 2048.5000000000005 5841.5000000000009
decision_type=10 2 8 8 10 8 10 10 10 10 2 2 2 10 10 10 10 10 2 2 8 10 10 10 10 10 2
left_child=1 2 3 -1 5 6 -4 8 -7 -8 23 -12 -13 14 15 17 -17 19 21 20 -14 -19 25 24 -9 -23 -16
right_child=-2 -3 4 -5 -6 7 9 10 -10 -11 11 12 13 -15 26 16 -18 18 -20 -21 -22 22 -24 -25 -26 -27 -28
leaf_value=-0.001518528104167093 -0.0063713939518978205 0.011045072715552081 -0.01147645273525268 0.011781681957654656 -0.0067577478451988637 0.0095185232422265575 0.0043038574324992416 -0.0052707479875534775 -0.00039780372753739357 -0.0053400250622871685 -0.0061818807423114778 0.010842309363426702 0.015439227711231934 0.0072559261573073661 -0.0093567863036878411 0.00025881732883000814 0.011861104061468862 -0.00079238646572004224 0.0062096047065486873 -0.0033433890208984032 7.7766285144857e-05 -0.0085612435465339913 -0.00060120586305856705 -0.0079408820674178159 0.0018680080252054792 -0.014137944776011864 -0.0044131477829068904
leaf_weight=22 30 21 25 24 39 38 26 25 28 32 25 31 21 23 20 27 26 33 28 39 35 22 20 21 26 20 27
leaf_count=22 30 21 25 24 39 38 26 25 28 32 25 31 21 23 20 27 26 33 28 39 35 22 20 21 26 20 27
internal_value=-4.30382e-12 0.000264008 -5.80437e-05 0.00542071 -0.00044164 -4.30506e-05 -0.00416737 0.000596797 0.0053116 -0.00101691 -6.66926e-05 0.000550832 0.0010033 0.000108843 -0.000408084 0.000651365 0.00595051 -0.000636958 -0.00272691 0.00206898 0.00583831 -0.00536083 -0.00779243 -0.00347165 -0.00163138 -0.0112168 -0.00651682
internal_weight=754 724 703 46 657 618 83 535 66 58 469 397 372 341 318 271 53 218 123 95 56 95 62 72 51 42 47
internal_count=754 724 703 46 657 618 83 535 66 58 469 397 372 341 318 271 53 218 123 95 56 95 62 72 51 42 47
is_linear=0
shrinkage=0.1


Tree=38
num_leaves=29
num_cat=1
split_feature=14 10 0 19 2 18 2 5 11 1 19 6 18 19 7 19 2 1 15 19 14 1 19 11 2 8 2 12
split_gain=0.130678 0.605737 0.184407 0.300371 0.227065 0.201535 0.149639 0.1525 0.153793 0.248443 0.172492 0.218276 0.160053 0.154116 0.148275 0.157926 0.0949825 0.228522 0.190477 0.143611 0.186059 0.143732 0.139565 0.117142 0.0926762 0.1028 0.0897735 0.0294731
threshold=224368.50000000003 147.50000000000003 0 2568.5000000000005 80.068869500000019 16.500000000000004 80.260211500000011 542.50000000000011 12.500000000000002 11.063420000000002 859.50000000000011 2127.5000000000005 68.500000000000014 978.50000000000011 1974.0000000000002 1128.0000000000002 80.167255000000011 12.541965000000003 2.4550000000000005 1423.0000000000002 18078.500000000004 13.031254500000001 1748.5000000000002 1.5000000000000002 80.186620173541584 2227.5000000000005 80.180863500000015 4.5000000000000009
decision_type=2 10 9 10 2 10 2 2 10 2 8 8 10 8 10 10 2 2 2 10 2 2 10 10 2 8 2 10
left_child=1 2 3 6 5 -4 7 -1 10 -10 -9 13 -11 -12 -6 -16 17 18 -15 20 -18 -22 -21 -20 25 -2 -17 -7
right_child=24 -3 4 -5 14 27 -8 8 9 12 11 -13 -14 16 15 26 19 -19 23 22 21 -23 -24 -25 -26 -27 -28 -29
leaf_value=0.0085071189355637351 -0.0070701969255294126 0.017570880593266339 -0.014730233361985048 -0.0080993441234835806 0.0068012619691077058 -0.0056301269059379905 -0.0045300046226152014 0.0079226092981367277 -0.0024841486951336267 0.01637377843393811 -0.0072366354543538323 -0.0073290353666084843 0.0049105318744891678 0.0077028819122994009 -0.00743958136637605 0.0058310785964131358 -0.010786109240937302 0.012750021254886751 -0.0081515443289563779 0.0093212753189921681 -0.0051279863765971226 0.0064381830837754979 -0.0012537507322401954 0.0019795314632356166 -0.0096579735876903654 0.0021167956892770299 -0.0031575873256952033 -0.0010781476646661758
leaf_weight=35 21 20 23 34 26 33 36 29 25 21 21 37 29 29 31 25 22 23 21 24 22 21 26 25 21 29 20 25
leaf_count=35 21 20 23 34 26 33 36 29 25 21 21 37 29 29 31 25 22 23 21 24 22 21 26 25 21 29 20 25
internal_value=-2.25149e-11 0.000424458 -9.278e-05 0.000941223 -0.00270835 -0.00680918 0.00165152 0.00219429 0.00160509 0.00565535 0.000592523 -0.000191878 0.0097251 0.000936647 0.000282657 -0.00194739 0.00174246 0.00403 0.00135586 -0.000206915 -0.00330628 0.000520608 0.00382226 -0.00264552 -0.00408316 -0.00174174 0.00183612 -0.00366807
internal_weight=754 683 663 480 183 81 446 410 375 75 300 271 50 234 102 76 213 98 75 115 65 43 50 46 71 50 45 58
internal_count=754 683 663 480 183 81 446 410 375 75 300 271 50 234 102 76 213 98 75 115 65 43 50 46 71 50 45 58
cat_boundaries=0 1
cat_threshold=66054
is_linear=0
shrinkage=0.1


Tree=39
num_leaves=29
num_cat=0
split_feature=8 9 8 19 10 14 7 15 18 8 19 12 2 7 11 11 19 19 15 2 5 2 11 19 19 2 2 2
split_gain=0.119107 0.341005 0.307291 0.254885 0.189314 0.166385 0.192555 0.156467 0.154468 0.123299 0.111906 0.108278 0.189578 0.178118 0.143571 0.136585 0.100682 0.227043 0.109357 0.133582 0.236509 0.149105 0.13746 0.0907371 0.0926562 0.0893901 0.0860817 0.075642
threshold=1189.0000000000002 669.00000000000011 794.50000000000011 372.50000000000006 153.00000000000003 173031.00000000003 13569.500000000002 2.9650000000000003 68.500000000000014 343.50000000000006 1241.5000000000002 1.0000000180025095e-35 78.742080000000016 1507.0000000000002 14.500000000000002 2.5000000000000004 1113.5000000000002 1223.5000000000002 2.0750000000000006 80.167737500000015 1183.5000000000002 80.229894000000016 2.5000000000000004 889.00000000000011 1005.5000000000001 80.151939500000012 80.223304000000013 80.184790000000007
decision_type=10 8 10 10 10 2 8 2 10 8 10 8 2 10 10 10 10 10 2 2 2 2 10 10 10 2 2 2
left_child=2 -2 3 -1 5 6 7 8 11 -10 -11 12 15 -14 16 -5 23 27 -19 20 -20 -21 -23 -13 -25 -15 -3 -18
right_child=1 26 -4 4 -6 -7 -8 -9 9 10 -12 14 13 25 -16 -17 17 18 19 21 -22 22 -24 24 -26 -27 -28 -29
leaf_value=-0.011093969307839872 -0.014249167041006414 -0.002449300272289563 0.011542369502906998 0.0087521103533736485 0.0085650079383480342 -0.007253590794280171 0.0087944367987802252 -0.0072950386492136345 0.0019320377691959341 -0.0024049367872066799 -0.012095486234069211 -0.00087844150623789556 -0.012947355912765489 -0.0066695501841604714 0.008578037202047804 -0.0019258567609358578 -0.0098210041876882325 0.007091535886866041 0.010487657840010422 -0.0080058615219227424 -0.0034471389527122179 -0.0037662554066628219 0.0063313903107952612 0.0098888129112310718 0.0024933495287162563 0.0022229110822081567 0.005693560503423214 -0.0016799491519729299
leaf_weight=20 22 37 24 23 27 30 26 28 24 26 22 27 20 20 30 25 25 32 29 27 21 28 26 32 36 26 20 21
leaf_count=20 22 37 24 23 27 30 26 28 24 26 22 27 20 20 30 25 25 32 29 27 21 28 26 32 36 26 20 21
internal_value=1.09902e-11 -0.00367386 0.000429977 2.03037e-05 0.000372579 6.36074e-06 0.000385801 -1.31492e-05 0.000378953 -0.00392028 -0.00684644 0.0010699 -0.00159114 -0.00506882 0.00197816 0.00319067 0.00132686 9.99043e-05 0.00185082 0.000570648 0.00463504 -0.00193824 0.00109557 0.00402615 0.00597357 -0.00164338 0.000407844 -0.00610444
internal_weight=754 79 675 651 631 604 574 548 520 72 48 448 114 66 334 48 304 209 163 131 50 81 54 95 68 46 57 46
internal_count=754 79 675 651 631 604 574 548 520 72 48 448 114 66 334 48 304 209 163 131 50 81 54 95 68 46 57 46
is_linear=0
shrinkage=0.1


Tree=40
num_leaves=28
num_cat=0
split_feature=2 5 18 11 9 18 7 15 12 19 19 18 11 1 1 7 5 14 10 15 11 19 12 1 8 18 19
split_gain=0.109519 0.149555 0.317141 0.233776 0.128301 0.115822 0.124291 0.21217 0.179571 0.252773 0.123564 0.100111 0.152583 0.108749 0.264186 0.184867 0.244597 0.132065 0.245331 0.107011 0.199904 0.162618 0.159127 0.0957951 0.0710342 0.0553087 0.0548106
threshold=76.568431000000004 37767.000000000007 317.50000000000006 65.000000000000014 158.00000000000003 9.5000000000000018 13569.500000000002 2.9650000000000003 1.0000000180025095e-35 1791.5000000000002 1560.5000000000002 68.500000000000014 14.500000000000002 11.695961000000002 12.795195000000001 1850.0000000000002 1295.5000000000002 13629.000000000002 7.5000000000000009 2.3650000000000007 1.0000000180025095e-35 1330.5000000000002 1.5000000000000002 10.948927500000002 1189.0000000000002 21.500000000000004 1223.5000000000002
decision_type=2 2 10 8 10 10 10 2 10 10 8 10 10 2 2 10 2 2 10 2 10 8 10 2 8 10 10
left_child=-1 2 3 4 5 -2 7 8 9 10 23 12 13 15 -15 -10 -17 -16 -19 21 -21 -20 -22 -7 -13 -25 -24
right_child=1 -3 -4 -5 -6 6 -8 -9 11 -11 -12 24 -14 14 17 16 -18 18 19 20 22 -23 26 25 -26 -27 -28
leaf_value=0.0065080832000821839 0.0074896982915344697 -0.0083428032018921586 0.0097568020515609536 -0.010124116887648901 -0.0075808694215745423 0.0027543734933715316 0.0054735166437335711 -0.0082159351839712173 -0.010259597579992953 -0.01320106530606392 0.0051140922509754702 0.001466936884786595 0.0081898888798825672 0.011586296540470078 0.0084560243720521368 0.007984690882265567 -0.0057423031785421904 -0.0093594326094413802 -0.0012077976018190384 0.0070535914490705946 0.0051790798859049879 0.010193630168214441 -0.0077971716304546142 -0.007855773095798213 -0.0059145574632566422 -0.0021036889337535418 -0.0022130603102059701
leaf_weight=25 21 22 32 24 22 22 38 33 21 21 24 22 33 26 21 25 27 24 22 29 21 29 32 32 32 35 39
leaf_count=25 21 22 32 24 22 22 38 33 21 21 24 22 33 26 21 25 27 24 22 29 21 29 32 32 32 35 39
internal_value=-2.54466e-11 -0.000223185 2.94761e-05 -0.000431671 -7.43461e-05 0.000188203 -6.39866e-05 -0.000433153 4.51181e-05 -0.00312613 -0.0012538 0.00109958 0.00171955 0.00104385 0.00206063 -0.00234077 0.000857213 0.000919308 0.000111803 0.00143337 -0.000185984 0.00527537 -0.00246802 -0.00297098 -0.00290728 -0.00485095 -0.00472984
internal_weight=754 729 707 675 651 629 608 570 537 134 113 403 349 316 243 73 52 217 196 172 121 51 92 89 54 67 71
internal_count=754 729 707 675 651 629 608 570 537 134 113 403 349 316 243 73 52 217 196 172 121 51 92 89 54 67 71
is_linear=0
shrinkage=0.1


Tree=41
num_leaves=30
num_cat=1
split_feature=18 5 15 0 2 9 10 15 15 18 1 2 15 19 19 18 10 14 19 19 11 11 11 8 15 19 1 19 1
split_gain=0.110687 0.149962 0.125402 0.10206 0.199183 0.133708 0.137364 0.165199 0.246964 0.203287 0.298036 0.202439 0.195138 0.220488 0.134518 0.120616 0.119145 0.156473 0.116971 0.111646 0.0746179 0.10042 0.104441 0.0730787 0.138363 0.0855429 0.0629344 0.0584354 0.0320834
threshold=788.00000000000011 27090.000000000004 3.6300000000000003 0 80.068869500000019 9.5000000000000018 3.5000000000000004 1.0350000000000004 2.4250000000000003 29.500000000000004 13.009838500000003 80.260211500000011 2.6350000000000002 1529.5000000000002 1562.5000000000002 16.500000000000004 13.500000000000002 15641.000000000002 1330.5000000000002 889.00000000000011 7.5000000000000009 1.0000000180025095e-35 3.5000000000000004 320.00000000000006 1.3300000000000003 993.50000000000011 12.931888500000001 1192.5000000000002 11.663123500000003
decision_type=10 2 2 9 2 8 10 2 2 10 2 2 2 10 10 10 10 2 8 10 10 10 10 10 2 10 2 10 2
left_child=1 2 3 5 15 -1 -7 -8 9 16 -11 12 14 18 19 -5 17 -9 26 -10 21 -21 -23 24 -6 -26 -14 -27 -17
right_child=-2 -3 -4 4 23 6 7 8 11 10 -12 -13 13 -15 -16 28 -18 -19 -20 20 -22 22 -24 -25 25 27 -28 -29 -30
leaf_value=-0.005270654783253708 0.0071582034540673099 -0.008336410675705834 -0.0069102635756134985 -0.011756492592394353 0.009587371619418264 0.0094155094505930775 -0.0069298700119058299 0.00029518931114580482 -0.0069943163943077848 0.0040492842684739811 0.019519637711346152 -0.0089306146883852012 0.0079828215017914775 0.010839084166130334 -0.0087730260777541189 -0.00078796931852897004 -0.0027020041351065492 0.010976713042085369 -0.004933577425696928 -0.0030207465558002395 -0.0037061999283301145 0.0095579947903752325 0.0010436438258586672 -0.0044493188976775858 0.0048326397117657155 -0.0056359941922128204 4.9702627584338196e-05 0.0013483370836500242 -0.005412788639465968
leaf_weight=31 21 22 25 22 20 21 24 32 21 33 20 24 20 33 22 30 33 24 23 24 26 25 34 20 26 25 20 23 30
leaf_count=31 21 22 25 22 20 21 24 32 21 33 20 24 20 33 22 30 33 24 23 24 26 25 34 20 26 25 20 23 30
internal_value=2.47035e-13 -0.000205078 4.65243e-05 0.000300052 -0.00158322 0.00106396 0.00151497 0.00113617 0.00160377 0.00498409 0.00988715 -0.000160953 0.000687723 0.00421737 -0.00154153 -0.00542275 0.00206428 0.00487299 0.00074886 -0.000317738 0.000968575 0.00243296 0.00465142 0.00103966 0.00220753 0.00021298 0.00401626 -0.00228934 -0.00310038
internal_weight=754 733 711 686 196 490 459 438 414 142 53 272 248 96 152 82 89 56 63 130 109 83 59 114 94 74 40 48 60
internal_count=754 733 711 686 196 490 459 438 414 142 53 272 248 96 152 82 89 56 63 130 109 83 59 114 94 74 40 48 60
cat_boundaries=0 1
cat_threshold=66054
is_linear=0
shrinkage=0.1


Tree=42
num_leaves=29
num_cat=2
split_feature=8 9 8 19 19 6 15 12 19 19 19 19 4 0 19 1 14 15 15 2 5 1 19 10 7 1 15 2
split_gain=0.109779 0.248063 0.239089 0.208878 0.188481 0.105149 0.201843 0.211892 0.153432 0.133939 0.135847 0.126838 0.149991 0.176784 0.161105 0.156345 0.154664 0.192986 0.116366 0.0954586 0.0843578 0.0788474 0.0778305 0.0938436 0.121896 0.043846 0.0768957 0.0757522
threshold=1189.0000000000002 669.00000000000011 794.50000000000011 372.50000000000006 811.50000000000011 2127.5000000000005 2.5950000000000002 1.5000000000000002 2677.5000000000005 2206.5000000000005 913.50000000000011 958.50000000000011 0 1 1113.5000000000002 12.838086500000001 14297.000000000002 1.9650000000000001 2.4050000000000007 80.19067050000001 1449.5000000000002 12.921056500000002 1210.0000000000002 21.500000000000004 1584.5000000000002 11.663123500000003 2.5750000000000006 80.091065
decision_type=10 8 10 10 10 8 2 10 10 10 10 10 1 9 10 2 2 2 2 2 2 2 10 10 8 2 2 2
left_child=2 -2 3 -1 -5 8 7 -7 9 10 -6 -12 13 14 19 -14 -16 -18 -19 -13 -3 25 -20 24 -24 26 -15 -27
right_child=1 20 -4 4 5 6 -8 -9 -10 -11 11 12 15 21 16 -17 17 18 22 -21 -22 -23 23 -25 -26 27 -28 -29
leaf_value=-0.010009891726076603 -0.01254679330370643 -0.0052782767638564114 0.010214754325958591 0.0076124669223859472 -0.0056211101767771393 -0.0061365387532860043 -0.0099003738320122166 0.0067574153170705991 0.0084671960657705433 -0.0075153313746506526 0.0080084778834134344 0.0039417574703693396 0.0011075856907568364 -0.0040654787276354102 -0.0060619010974693561 -0.010684021295088789 0.011643159342929721 -0.0046738396613643721 -0.0024455029962827334 0.012973574671195821 0.0027826375317385396 0.0037687128430909734 6.6099176183342931e-05 -0.0003820652021996437 0.0096683675644155115 -0.0095551738249404095 0.0029218442272394896 -0.0017764431965206903
leaf_weight=20 22 20 24 34 34 25 30 26 23 22 24 25 22 36 23 23 21 26 23 22 37 22 20 31 39 21 28 31
leaf_count=20 22 20 24 34 34 25 30 26 23 22 24 25 22 36 23 23 21 26 23 22 37 22 20 31 39 21 28 31
internal_value=-9.75596e-12 -0.00352706 0.000412796 5.14336e-05 0.000370335 -4.21152e-05 -0.00339175 0.00043685 0.0004837 0.000111245 0.000467475 0.000941187 0.000530497 0.0011969 0.00282426 -0.00491924 0.0016058 0.00270803 0.00135811 0.00816942 -4.57534e-05 -0.0016038 0.002746 0.00407271 0.00641336 -0.00276098 -0.00100852 -0.00491785
internal_weight=754 79 675 651 631 597 81 51 516 493 471 437 413 368 230 45 183 160 139 47 57 138 113 90 59 116 64 52
internal_count=754 79 675 651 631 597 81 51 516 493 471 437 413 368 230 45 183 160 139 47 57 138 113 90 59 116 64 52
cat_boundaries=0 1 2
cat_threshold=2 70
is_linear=0
shrinkage=0.1


Tree=43
num_leaves=31
num_cat=0
split_feature=19 6 2 2 5 19 10 19 7 19 7 5 14 15 5 1 12 2 7 18 1 9 11 10 18 2 10 2 10 14
split_gain=0.115362 0.117853 0.109111 0.298671 0.0918389 0.0820451 0.23877 0.142527 0.131787 0.138724 0.239658 0.183445 0.172256 0.205643 0.249646 0.136058 0.129782 0.179517 0.219735 0.138089 0.121107 0.185367 0.138204 0.141896 0.130239 0.107002 0.10258 0.10041 0.0857077 0.107524
threshold=452.50000000000006 78.500000000000014 80.254298500000019 80.260211500000011 27090.000000000004 1216.0000000000002 122.50000000000001 1261.5000000000002 11340.000000000002 1102.5000000000002 6295.0000000000009 1717.0000000000002 53520.500000000007 2.6750000000000003 1173.0000000000002 11.004475000000001 1.5000000000000002 80.21967715000001 1507.0000000000002 32.500000000000007 12.43688 30.500000000000004 9.5000000000000018 27.500000000000004 105.50000000000001 80.125705000000025 89.500000000000014 80.18823900000001 8.5000000000000018 15789.000000000002
decision_type=8 10 2 2 2 10 10 10 10 10 10 2 2 2 2 2 10 2 10 10 2 10 10 10 10 2 10 2 10 2
left_child=-1 2 4 -4 5 6 8 -7 9 10 12 27 13 14 15 -2 17 18 -9 -20 21 -18 23 -22 -24 -16 -23 -11 -17 -30
right_child=1 -3 3 -5 -6 7 -8 16 -10 11 -12 -13 -14 -15 25 28 20 -19 19 -21 22 26 24 -25 -26 -27 -28 -29 29 -31
leaf_value=0.0073078215831802011 -0.0029503416456282141 -0.007101208536187187 0.0130613397968852 -0.001376605215237329 -0.0059586848032527739 0.0090578731659445022 -0.011009462868146924 0.0088560296036303051 0.0063655300638996637 -0.013229673014332852 -0.010211213403381408 0.0017258883525545781 0.01007546998327598 -0.0085295780845310379 -0.00027976259071793824 0.011758146940597467 0.0051319470562572987 -0.010592939043861061 -0.0081630416608873182 0.0016824732185341418 0.004796683384129443 -0.010540831778198482 0.014033059794879097 -0.0053990532067560021 0.0030231444608597533 -0.0099302159249782564 -0.0004126500058919192 -0.0036357824411243204 -0.00084933867522825812 0.0077918230426601235
leaf_weight=21 20 24 23 38 28 21 23 20 26 24 20 26 20 23 27 21 28 21 29 28 39 20 22 21 21 20 20 20 24 36
leaf_count=21 20 24 23 38 28 21 23 20 26 24 20 26 20 23 27 21 28 21 29 28 39 20 22 21 21 20 20 20 24 36
internal_value=2.70465e-11 -0.000209365 2.39277e-05 0.00406721 -0.00035669 -0.000103697 -0.00118208 0.00112343 -0.000445825 -0.00107606 0.000203709 -0.00493364 0.00129428 0.000267237 0.00163431 0.004436 0.00050401 -0.00239745 -0.000162316 -0.00332665 0.00216683 -0.00110846 0.00432916 0.00122818 0.00865612 -0.00438634 -0.00547674 -0.00886881 0.00625979 0.00433536
internal_weight=754 733 709 61 648 620 330 290 307 281 211 70 191 171 148 101 269 98 77 57 171 68 103 60 43 47 40 44 81 60
internal_count=754 733 709 61 648 620 330 290 307 281 211 70 191 171 148 101 269 98 77 57 171 68 103 60 43 47 40 44 81 60
is_linear=0
shrinkage=0.1


Tree=44
num_leaves=31
num_cat=0
split_feature=19 28 10 15 1 7 2 1 1 2 15 18 19 14 19 1 8 18 11 19 19 2 19 10 9 11 18 1 19 10
split_gain=0.0934432 0.1002 0.134313 0.0812651 0.106955 0.17992 0.170583 0.157151 0.110271 0.0990485 0.180848 0.151738 0.18501 0.1554 0.143718 0.136004 0.0978861 0.190256 0.100677 0.0942967 0.149988 0.0929685 0.0703391 0.0641925 0.0583591 0.0525094 0.0872458 0.0504889 0.07961 0.0528087
threshold=452.50000000000006 1.0000000180025095e-35 30.500000000000004 0.71000000000000008 13.092135538089986 2492.0000000000005 80.229894000000016 13.028234500000002 13.079106500000002 80.167255000000011 2.7150000000000003 14.500000000000002 805.00000000000011 14516.000000000002 1603.5000000000002 13.042846500000001 222.50000000000003 167.00000000000003 6.5000000000000009 980.50000000000011 1066.0000000000002 80.198440500000061 2677.5000000000005 13.500000000000002 18.500000000000004 13.500000000000002 66.500000000000014 11.00136889 1216.0000000000002 31.500000000000004
decision_type=8 2 8 2 2 8 2 2 2 2 2 8 10 2 8 2 10 10 10 10 10 2 8 10 8 10 10 2 10 10
left_child=-1 3 -3 -2 6 -6 8 24 9 11 14 13 -13 -5 15 21 18 -18 19 -14 -21 -11 23 -9 -8 -20 -27 -22 -29 -30
right_child=1 2 -4 4 5 -7 7 22 -10 10 -12 12 16 -15 -16 -17 17 -19 25 20 27 -23 -24 -25 -26 26 -28 28 29 -31
leaf_value=0.0065770391907010763 -0.0060108162773152198 -0.010867822072468699 3.2442238611670643e-05 0.011843225063586777 -0.011122450245810407 0.0019676974664131802 0.0026011136101765767 0.0093804707750678069 0.0070968475891277196 0.0082631596410647039 -0.0097814783357597634 -0.0081220436425480467 0.005554759167134762 -0.00018326768629430305 -0.0084874690789729351 -0.0049285544668910683 0.0090998305837274533 -0.0033333098457660527 -0.0074481116830492806 -0.0082429961860179899 -0.0026642395610300203 0.00017862629540490383 0.012285207435488702 0.0017795981727540492 -0.004032204866719743 0.0027334927464835348 -0.005417409727895825 -0.0016050503002824606 0.0085909965164635491 0.0015650011599063875
leaf_weight=21 21 20 26 22 21 21 36 20 20 25 29 28 35 21 20 27 32 20 23 20 24 33 20 25 21 24 29 27 23 20
leaf_count=21 21 20 26 22 21 21 36 20 20 25 29 28 35 21 20 27 32 20 23 20 24 33 20 25 21 24 29 27 23 20
internal_value=-3.98035e-11 -0.000188428 -0.0047068 0.000114112 0.000307241 -0.00457738 0.000636013 0.0039899 -0.000179074 -0.00048098 -0.00279112 0.000408556 -0.000375492 0.00596982 -0.000860445 0.000934149 0.000407553 0.00431785 -0.000496161 0.00101457 -0.000379343 0.00366334 0.00735082 0.00515776 0.000157259 -0.003458 -0.00172644 0.00129377 0.00265081 0.00532309
internal_weight=754 733 46 687 666 42 624 122 502 482 134 348 305 43 105 85 277 52 225 149 114 58 65 45 57 76 53 94 70 43
internal_count=754 733 46 687 666 42 624 122 502 482 134 348 305 43 105 85 277 52 225 149 114 58 65 45 57 76 53 94 70 43
is_linear=0
shrinkage=0.1


Tree=45
num_leaves=31
num_cat=0
split_feature=18 8 10 8 5 7 7 19 15 18 5 5 2 2 10 10 9 19 19 10 19 10 1 5 9 1 18 1 9 5
split_gain=0.0883024 0.108424 0.13926 0.44223 0.148945 0.0993044 0.122454 0.10763 0.0782849 0.0805216 0.0659346 0.0801833 0.0746558 0.0724542 0.169957 0.094083 0.140564 0.100508 0.172717 0.167015 0.102593 0.149847 0.111481 0.0928236 0.13227 0.111154 0.0884869 0.0862824 0.0357434 0.0239974
threshold=788.00000000000011 4173.0000000000009 153.00000000000003 2227.5000000000005 14794.500000000002 16249.000000000002 12347.000000000002 2568.5000000000005 2.9650000000000003 97.500000000000014 542.50000000000011 579.00000000000011 80.263438000000022 76.983913500000014 21.500000000000004 7.5000000000000009 18.500000000000004 1763.0000000000002 1495.5000000000002 20.500000000000004 1110.0000000000002 42.000000000000007 12.984874494030718 684.50000000000011 34.500000000000007 13.018804500000002 30.500000000000004 12.666386000000001 44.500000000000007 518.50000000000011
decision_type=10 10 10 8 2 10 10 10 2 10 2 2 2 2 10 8 8 10 10 8 10 10 2 2 10 2 10 2 10 2
left_child=1 2 4 -4 5 6 7 8 9 10 29 -12 13 14 -13 16 -15 18 20 -19 21 23 26 -17 25 27 -22 -25 -28 -1
right_child=-2 -3 3 -5 -6 -7 -8 -9 -10 -11 11 12 -14 15 -16 17 -18 19 -20 -21 22 -23 -24 24 -26 -27 28 -29 -30 -31
leaf_value=0.0020044569508172573 0.0063935610421356707 -0.0070972496707161718 -0.0036720767966471612 0.016461907122284177 -0.0074674184417485127 -0.0067785520040031001 0.0064458305780620631 -0.0059389543719589712 -0.0055029404845655617 -0.0053330287256318594 -0.004228674696226206 0.011023033452220263 0.0067140959203243261 0.0017338603917185381 -0.0020137345977127553 0.0096845329206969068 -0.0089045309220199247 0.0018287737970240415 0.0077111752502418852 -0.01054447419475764 -0.0079621984771537507 -0.005705244871787727 0.0025557150525089942 -0.0021719627454876897 0.0080275167012587197 -0.0063919232785701746 -0.0038868985804063937 0.0068088660988470792 0.0020200786949135362 0.0067905448546463805
leaf_weight=20 21 22 24 20 28 21 30 30 23 23 35 20 20 23 20 21 27 24 37 20 33 20 38 20 28 20 21 23 20 22
leaf_count=20 21 22 24 20 28 21 30 30 23 23 35 20 20 23 20 21 27 24 37 20 33 20 38 20 28 20 21 23 20 22
internal_value=-7.70441e-12 -0.000183172 3.07661e-05 0.00547973 -0.000328686 -1.58777e-05 0.000213922 -0.000104033 0.000209673 0.000455262 0.000715283 0.00037605 0.000746545 0.000458953 0.00450465 2.74115e-05 -0.00401087 0.000648686 0.00134456 -0.00379543 0.000379132 0.00226793 -0.00184695 0.00369171 0.00230875 -0.000232917 -0.00410778 0.00263174 -0.00100545 0.00451146
internal_weight=754 733 711 44 667 639 618 588 558 535 512 470 435 415 40 375 50 325 281 44 244 132 112 112 91 63 74 43 41 42
internal_count=754 733 711 44 667 639 618 588 558 535 512 470 435 415 40 375 50 325 281 44 244 132 112 112 91 63 74 43 41 42
is_linear=0
shrinkage=0.1


Tree=46
num_leaves=29
num_cat=1
split_feature=14 10 0 19 19 15 18 7 7 15 15 1 19 19 8 5 7 19 11 7 7 10 19 12 2 19 10 5
split_gain=0.09133 0.261926 0.0882376 0.232577 0.176967 0.180144 0.186564 0.218318 0.157534 0.157196 0.14087 0.136605 0.123418 0.142481 0.115338 0.0853926 0.0799231 0.0764655 0.242257 0.168443 0.161239 0.150436 0.11713 0.0756105 0.0746378 0.0619489 0.0343722 0.02406
threshold=752031.50000000012 297.50000000000006 0 624.50000000000011 763.00000000000011 0.95500000000000007 172.50000000000003 9145.5000000000018 14635.500000000002 1.1000000000000003 1.9850000000000001 12.43688 2568.5000000000005 2097.5000000000005 4486.5000000000009 542.50000000000011 2355.0000000000005 1328.0000000000002 1.0000000180025095e-35 4213.0000000000009 2244.5000000000005 10.500000000000002 1216.0000000000002 4.5000000000000009 80.149018000000012 980.50000000000011 19.500000000000004 2029.0000000000002
decision_type=2 10 9 10 8 2 10 10 10 2 2 2 10 8 8 2 10 10 10 10 8 10 10 8 2 10 10 2
left_child=1 2 4 -4 -1 -6 7 12 -9 -5 -11 -12 13 15 -15 -7 -13 21 -19 20 -20 -17 24 27 25 -23 -26 -18
right_child=-2 -3 3 9 5 6 -8 8 -10 10 11 16 -14 14 -16 17 23 18 19 -21 -22 22 -24 -25 26 -27 -28 -29
leaf_value=0.0093520238826220684 -0.0066673645074479294 0.01118886699633939 -0.011646398248955268 0.0056025929225143045 -0.0088771201193421374 0.0047454833927931209 -0.0083967071534557774 0.014359981063753366 0.001808707192540169 -0.0097126996144652374 -0.0058372915029907841 0.0066472061111458721 -0.0066156661215548713 0.0015823363326489927 0.010423913954757155 -0.0047326356859113544 -0.00047212867066264157 -0.010174616221939365 -0.00065980940226626665 -0.0067104194886051117 0.010383863588212991 0.0029490182353627114 0.008998257527127863 0.0040226623350754385 0.0016104862768331479 -0.0038186860197272745 0.006922752148516122 -0.0050978463155764119
leaf_weight=22 20 21 22 32 21 33 22 20 20 21 39 21 24 36 25 39 22 31 39 25 20 21 22 25 29 38 21 23
leaf_count=22 20 21 22 32 21 33 22 20 20 21 39 21 24 36 25 39 22 31 39 25 20 21 22 25 29 38 21 23
internal_value=-1.09911e-11 0.000181672 -0.000142523 -0.00184204 0.000568377 0.000182458 0.000591601 0.00103797 0.00808434 -0.00076403 -0.00211325 -0.000885644 0.000338581 0.000778955 0.00520593 -7.02448e-05 0.00123649 -0.000627855 -0.00261938 0.00016886 0.00308381 0.000719353 0.00234246 -0.000386725 0.000999094 -0.00140984 0.00384164 -0.00283638
internal_weight=754 734 713 205 508 486 465 443 40 183 151 130 403 379 61 318 91 285 115 84 59 170 131 70 109 59 50 45
internal_count=754 734 713 205 508 486 465 443 40 183 151 130 403 379 61 318 91 285 115 84 59 170 131 70 109 59 50 45
cat_boundaries=0 1
cat_threshold=66054
is_linear=0
shrinkage=0.1


Tree=47
num_leaves=31
num_cat=0
split_feature=11 10 5 5 15 1 5 1 7 28 2 1 10 8 8 15 11 10 18 19 7 5 19 1 8 5 7 15 5 15
split_gain=0.0856192 0.0938195 0.120255 0.110721 0.140987 0.0960169 0.071947 0.0975342 0.162332 0.106689 0.141576 0.186129 0.0998293 0.0877052 0.121343 0.0718404 0.0701326 0.103232 0.150536 0.0810445 0.0638369 0.0977833 0.0633543 0.0602766 0.0806429 0.0535699 0.186039 0.0765103 0.0717216 0.0641579
threshold=106.50000000000001 501.00000000000006 22207.000000000004 7522.5000000000009 0.95500000000000007 12.541965000000003 5841.5000000000009 13.074252308351825 1776.5000000000002 1.0000000180025095e-35 80.229894000000016 13.036197000000003 18.500000000000004 877.00000000000011 242.50000000000003 2.8050000000000002 7.5000000000000009 6.5000000000000009 38.500000000000007 859.50000000000011 1615.5000000000002 1057.0000000000002 1328.0000000000002 13.046076500000002 1.0000000180025095e-35 661.50000000000011 1426.0000000000002 2.4750000000000005 1213.5000000000002 2.5750000000000006
decision_type=10 8 2 2 2 2 2 2 8 2 2 2 10 10 10 2 10 10 10 8 8 2 10 2 8 2 10 2 2 2
left_child=1 2 3 6 -5 -6 7 9 -9 10 13 20 -13 14 15 16 19 -18 -19 -1 -12 -22 -10 24 -21 26 -26 28 -27 -29
right_child=-2 -3 -4 4 5 -7 -8 8 22 -11 11 12 -14 -15 -16 -17 17 18 -20 23 21 -23 -24 -25 25 27 -28 29 -30 -31
leaf_value=0.0065294877014821402 0.0064555447874590751 -0.0069310143403708939 0.0074685111331443 -0.0098107032464702995 0.0035893763825297353 -0.0055828142168355133 0.0059712257058847518 0.0022368850501915142 -0.002972260555252433 -0.0060108915980284418 -0.0032740066328551623 0.0045760669502091008 0.014337809681892395 -0.0063556807293068803 0.006875086858725319 -0.0057384666309437974 0.0038211378827691083 -0.010827769063737083 -0.00052554180619080327 0.0066811000335622915 0.0079031990209062191 -0.0018669153517112136 -0.010523343849927189 -0.0044347425517828566 0.0031752087641507389 0.0078487318423059258 -0.0098837143043056137 -0.004947996597426633 0.00015689848329533232 0.0012154633579612301
leaf_weight=24 20 20 21 26 25 21 21 31 20 24 25 22 20 21 26 22 20 23 37 22 21 20 25 23 24 27 20 24 22 57
leaf_count=24 20 20 21 26 25 21 21 31 20 24 25 22 20 21 26 22 20 23 37 22 21 20 25 23 24 27 20 24 22 57
internal_value=4.25267e-12 -0.0001759 1.33185e-05 -0.000212596 -0.00392476 -0.000597928 0.0002178 1.64298e-05 -0.00333139 0.000501991 0.000814609 0.00402045 0.00922452 -6.86319e-05 0.000287239 -0.000209237 0.000167367 -0.00240076 -0.00447473 0.00101284 0.000708768 0.00313729 -0.00716731 0.000408278 0.000976592 0.000255332 -0.00276067 0.00127613 0.00439526 -0.000610747
internal_weight=754 734 714 693 72 46 621 600 76 524 500 108 42 392 371 345 323 80 60 243 66 41 45 219 196 174 44 130 49 81
internal_count=754 734 714 693 72 46 621 600 76 524 500 108 42 392 371 345 323 80 60 243 66 41 45 219 196 174 44 130 49 81
is_linear=0
shrinkage=0.1


Tree=48
num_leaves=31
num_cat=0
split_feature=1 1 2 2 19 11 12 2 2 18 9 1 2 19 19 11 15 15 18 5 2 11 10 11 19 1 1 19 7 19
split_gain=0.0846483 0.174417 0.121073 0.151688 0.123887 0.255955 0.0851905 0.291251 0.163478 0.161391 0.167599 0.123392 0.165333 0.150514 0.26378 0.147654 0.166594 0.124498 0.118842 0.115411 0.159407 0.10941 0.10174 0.0748695 0.104429 0.06943 0.111675 0.0637627 0.0576778 0.0380725
threshold=13.136159000000001 13.092135538089986 80.254298500000019 80.25913635000002 2414.0000000000005 14.500000000000002 1.0000000180025095e-35 78.742080000000016 76.944487000000009 317.50000000000006 149.00000000000003 10.996156500000001 77.016860000000023 1481.5000000000002 1059.5000000000002 7.5000000000000009 2.5750000000000006 2.5750000000000006 14.500000000000002 684.50000000000011 80.151939500000012 4.5000000000000009 26.500000000000004 6.5000000000000009 945.00000000000011 12.934547200000003 13.010958500000003 1351.5000000000002 1494.0000000000002 1186.0000000000002
decision_type=2 2 2 2 10 8 10 2 2 10 10 2 2 8 10 10 2 2 10 2 2 10 10 10 10 2 2 10 8 10
left_child=1 2 4 -4 6 -6 7 21 -8 10 11 17 -13 14 23 16 28 -10 -16 -9 22 -1 -21 24 -14 29 -27 -22 -15 -20
right_child=-2 -3 3 -5 5 -7 8 19 9 -11 -12 12 13 15 18 -17 -18 -19 25 20 27 -23 -24 -25 -26 26 -28 -29 -30 -31
leaf_value=0.007133632181082955 0.00611177829136564 -0.008071398086569927 0.011318716145164911 0.00038093457842478532 -0.012425057168972369 0.0023374903461207516 -0.006679475271246499 0.0016923511226195843 -0.0087710709230083492 0.0081730371006415222 -0.0081317383656278244 0.0097601554021239292 0.0027424245566615591 0.0018852292284877463 -0.0092447485697145278 0.0099393725620977817 0.0092718994797905911 0.0020168391941115262 -0.00093564690711597602 -0.016341209812089804 0.0012378878044811163 -0.0012010187671486555 -0.0062545753715676257 5.3392887292873296e-05 0.01262264396995306 0.0067225702816531771 -0.0024534607409603068 -0.0065636737737804658 -0.0053559301315214145 -0.0065265528817564774
leaf_weight=36 22 27 21 32 24 23 27 20 23 32 20 25 23 22 24 33 20 20 21 20 22 28 20 21 20 21 36 20 22 29
leaf_count=36 22 27 21 32 24 23 27 20 23 32 20 25 23 22 24 33 20 20 21 20 22 28 20 21 20 21 36 20 22 29
internal_value=3.04085e-11 -0.000183687 0.000118395 0.00471477 -0.000255237 -0.00520083 0.000128967 -0.00180076 0.000858659 0.00135266 0.000778315 0.00127332 0.00195518 0.00128695 -0.000314325 0.004506 0.00170442 -0.00375344 -0.00288506 -0.00511871 -0.00677995 0.00348722 -0.0112979 0.00494765 0.00733788 -0.00145859 0.000927182 -0.00247714 -0.00173535 -0.00417837
internal_weight=754 732 705 53 652 47 605 166 439 412 380 360 317 292 195 97 64 43 131 102 82 64 40 64 43 107 57 42 44 50
internal_count=754 732 705 53 652 47 605 166 439 412 380 360 317 292 195 97 64 43 131 102 82 64 40 64 43 107 57 42 44 50
is_linear=0
shrinkage=0.1


Tree=49
num_leaves=29
num_cat=0
split_feature=2 5 18 12 8 10 19 15 10 7 7 7 19 14 7 1 7 5 1 1 18 10 1 8 9 19 1 10
split_gain=0.0817119 0.122468 0.240519 0.149426 0.0915966 0.213161 0.118887 0.0793446 0.0542443 0.0998595 0.0854383 0.127752 0.124164 0.0771269 0.0922071 0.0890461 0.0847621 0.0757626 0.0700015 0.135954 0.0760886 0.0960435 0.11935 0.083711 0.0691632 0.0649822 0.0545637 0.039045
threshold=76.568431000000004 37767.000000000007 317.50000000000006 17.500000000000004 877.00000000000011 16.500000000000004 3659.5000000000005 2.9650000000000003 8.5000000000000018 1317.5000000000002 1615.5000000000002 1426.0000000000002 1207.0000000000002 18976.000000000004 1860.5000000000002 13.049258300000002 3455.5000000000005 770.50000000000011 13.013647324621598 12.986191498237984 68.500000000000014 29.500000000000004 11.037645000000001 737.50000000000011 111.50000000000001 1137.0000000000002 11.063420000000002 21.500000000000004
decision_type=2 2 10 8 10 10 8 2 10 10 8 8 10 2 10 2 10 2 2 2 10 10 2 8 10 10 2 10
left_child=-1 2 3 4 6 -6 7 8 9 -2 11 12 -10 -12 -15 18 -17 -11 19 20 21 22 -16 -22 -25 -24 -23 -20
right_child=1 -3 -4 -5 5 -7 -8 -9 10 17 13 -13 -14 14 15 16 -18 -19 27 -21 23 26 25 24 -26 -27 -28 -29
leaf_value=0.00562148087361129 -0.0020943016807238261 -0.0075403800911524087 0.008506995509378612 -0.0075178410591823716 -0.01219097126275301 0.00081958548467168035 0.007351592109214676 -0.0045943856319146503 -0.0037294615516363979 0.0080488351180546865 0.0065836721507366754 -0.0076116211605923526 0.0063767135562375196 -0.006393620655871928 0.0041998142444138083 0.009180698687718673 0.00018574293470010163 0.00071052171406336137 -0.0069654323882423347 0.0085300222411751753 0.0019684972810164957 0.0011226864104780059 0.00034747062794243297 -0.0090568044850521771 -0.0015944368887209782 -0.0065834703885259173 0.0075686086097667962 -0.00098285046406090273
leaf_weight=25 30 22 32 28 20 34 23 35 31 34 20 35 20 20 31 22 20 24 20 20 26 24 24 23 27 31 29 24
leaf_count=25 30 22 32 28 20 34 23 35 31 34 20 35 20 20 31 22 20 24 20 20 26 24 24 23 27 31 29 24
internal_value=1.34808e-11 -0.000192781 3.58576e-05 -0.000365737 -5.62179e-05 -0.00399914 0.000302834 1.84104e-05 0.000320182 0.00258959 -0.000126592 -0.00295914 0.000233744 0.000548198 0.000194211 0.000604668 0.00489739 0.00501229 -4.1548e-05 0.000643852 -8.97455e-05 0.0013013 -0.000762256 -0.00263389 -0.00502713 -0.00355906 0.0046497 -0.00370221
internal_weight=754 729 707 675 647 54 593 570 535 88 447 86 51 361 341 321 42 58 279 235 215 139 86 76 50 55 53 44
internal_count=754 729 707 675 647 54 593 570 535 88 447 86 51 361 341 321 42 58 279 235 215 139 86 76 50 55 53 44
is_linear=0
shrinkage=0.1


Tree=50
num_leaves=28
num_cat=0
split_feature=15 5 19 11 1 28 5 2 19 10 5 2 18 15 7 8 14 19 23 5 19 2 1 1 15 15 11
split_gain=0.0779571 0.111 0.0555974 0.266065 0.118171 0.124216 0.120758 0.123403 0.119884 0.108043 0.201397 0.120743 0.0858868 0.149076 0.114923 0.120896 0.0995843 0.0814545 0.0686455 0.0908294 0.0662062 0.0522627 0.0557657 0.0976355 0.046604 0.0389831 0.0524056
threshold=0.69500000000000006 27090.000000000004 913.50000000000011 1.0000000180025095e-35 13.126770259791147 1.0000000180025095e-35 12896.000000000002 76.944487000000009 2677.5000000000005 86.000000000000014 4046.5000000000005 80.260211500000011 17.500000000000004 2.8800000000000003 1793.0000000000002 1.0000000180025095e-35 18078.500000000004 830.50000000000011 1.0000000180025095e-35 813.50000000000011 1128.0000000000002 80.234225666666688 13.046076500000002 12.581869900000003 2.4750000000000005 2.6750000000000003 2.5000000000000004
decision_type=2 2 8 8 2 2 2 2 10 10 2 2 10 2 10 10 2 10 2 2 10 2 2 2 2 2 10
left_child=-1 2 3 -2 5 6 7 -4 9 10 11 12 16 14 -14 18 21 -5 19 -16 -11 22 23 -9 -21 26 -26
right_child=1 -3 4 17 -6 -7 -8 8 -10 20 -12 -13 13 -15 15 -17 -18 -19 -20 24 -22 -23 -24 -25 25 -27 -28
leaf_value=0.0049105548840616981 0.0049150812982892006 -0.0062719597834451444 -0.0060525578943391644 -0.0033005236065946522 0.007922128243371844 -0.0057618942207174027 0.0080934903584420678 0.00091248077473470154 0.0079453297491584498 -0.0085554680670611571 0.010306092591157981 -0.0060730021214112639 -0.0061023600999952146 0.0079250423284247511 -0.0058766937391324485 -0.0067373199543605258 -0.0032300491290895837 -0.011568137580020862 0.0059242795120276843 0.0042507222319460086 -0.0013045710805967888 0.0086271819565445201 -0.00093564780142444846 0.0086190475631625421 -0.0052049054608990751 0.0027366454873117619 0.0008277351489394077
leaf_weight=31 30 29 30 26 20 34 20 35 21 20 21 28 38 20 22 24 23 22 23 34 34 20 26 31 24 32 36
leaf_count=31 30 29 30 26 20 34 20 35 21 20 21 28 38 20 22 24 23 22 23 34 34 20 26 31 24 32 36
internal_value=-8.58254e-12 -0.000210549 4.27372e-05 -0.00247257 0.000361233 0.000107512 0.000462601 0.000181018 0.000546267 0.00022981 0.000751262 0.000268927 0.000726592 -0.000360219 -0.0010714 -9.1008e-05 0.00276336 -0.00708985 0.000841808 5.19641e-05 -0.00399009 0.00399414 0.00298696 0.00453223 0.00108713 -8.20284e-05 -0.00158532
internal_weight=754 723 694 78 616 596 562 542 512 491 437 416 388 253 233 195 135 48 171 148 54 112 92 66 126 92 60
internal_count=754 723 694 78 616 596 562 542 512 491 437 416 388 253 233 195 135 48 171 148 54 112 92 66 126 92 60
is_linear=0
shrinkage=0.1


Tree=51
num_leaves=30
num_cat=0
split_feature=18 9 18 9 1 19 19 19 8 2 11 19 7 1 15 23 15 2 18 6 18 7 15 18 7 18 2 19 18
split_gain=0.0791552 0.102503 0.0782834 0.0662044 0.100111 0.162026 0.117239 0.103474 0.234975 0.328092 0.138391 0.189235 0.126491 0.146958 0.107962 0.0698817 0.123079 0.10373 0.0844447 0.0870528 0.115152 0.0785847 0.0780491 0.0776752 0.13249 0.0734853 0.041481 0.037309 0.0164042
threshold=788.00000000000011 303.00000000000006 9.5000000000000018 9.5000000000000018 11.010039500000001 1423.0000000000002 1012.5000000000001 1699.5000000000002 588.00000000000011 80.164948006943675 22.500000000000004 1318.5000000000002 1157.0000000000002 13.016991500000001 2.6750000000000003 1.0000000180025095e-35 2.4250000000000003 80.167737500000015 12.500000000000002 2127.5000000000005 18.500000000000004 2328.0000000000005 2.5550000000000002 26.500000000000004 2001.0000000000002 15.500000000000002 80.184790000000007 1208.5000000000002 76.500000000000014
decision_type=10 10 10 8 2 8 10 10 8 2 10 8 8 2 2 2 2 2 10 8 10 10 2 10 10 10 2 10 10
left_child=1 2 -1 -4 5 6 -5 10 -9 -10 12 -12 13 -6 -11 16 17 21 -18 20 -20 -14 -17 24 -22 -19 28 -8 -25
right_child=-2 -3 3 4 7 -7 27 8 9 14 11 -13 15 -15 -16 22 18 25 19 -21 23 -23 -24 26 -26 -27 -28 -29 -30
leaf_value=0.0059160462379540231 0.006053359298745082 -0.0066008020871474102 -0.0048199414581678625 -0.0056385883810715041 -2.6796190234433328e-05 -0.0093154463151222441 0.00017299378523603082 -0.0049084501444465588 0.013638757993326043 -0.0033244022771084149 -0.00047762105792030897 -0.012550809979438783 0.0040393289737403392 0.011950628182385119 0.0055380761312941711 -0.00054334046319127083 -0.0074965807050466548 0.00052955521359330138 0.0055515606818651716 -0.0067319218534976251 0.00099090317729860549 -0.0038184793825660431 0.0082911983574740587 0.00027989957889076324 -0.010029490229984124 0.0080532719011363729 0.0040401994799529875 0.0060210639063734564 -0.003221321433944547
leaf_weight=22 21 24 29 26 21 28 24 27 33 28 37 20 20 20 27 20 25 21 27 25 20 35 20 32 24 34 21 20 23
leaf_count=22 21 24 29 26 21 28 24 27 33 28 37 20 20 20 27 20 25 21 27 25 20 35 20 32 24 34 21 20 23
internal_value=-2.76535e-11 -0.000173425 4.41448e-05 -0.000143893 6.21945e-05 -0.00288635 -0.000314717 0.00057819 0.00325214 0.00575595 -0.000112829 -0.00471383 0.000563091 0.00581585 0.00102627 -5.75524e-05 -0.000569798 0.00210974 -0.00206599 -0.00127666 -0.000348891 -0.000961095 0.00387393 -0.00167649 -0.00502022 0.00518058 0.00025935 0.00283121 -0.00118425
internal_weight=754 733 709 687 658 98 70 560 115 88 445 57 388 41 55 347 307 110 197 172 147 55 40 120 44 55 76 44 55
internal_count=754 733 709 687 658 98 70 560 115 88 445 57 388 41 55 347 307 110 197 172 147 55 40 120 44 55 76 44 55
is_linear=0
shrinkage=0.1


Tree=52
num_leaves=28
num_cat=0
split_feature=2 5 5 15 15 8 19 2 7 10 14 15 19 1 19 7 15 19 10 19 15 19 7 10 10 1 1
split_gain=0.0741592 0.0945287 0.198557 0.0820183 0.0918306 0.0999271 0.121116 0.108289 0.135347 0.202141 0.0974699 0.171848 0.13008 0.142072 0.0952602 0.141668 0.165617 0.131798 0.0789286 0.0804203 0.0894541 0.089424 0.0719271 0.0696281 0.0685578 0.0538315 0.0239646
threshold=76.568431000000004 37767.000000000007 22736.000000000004 0.95500000000000007 1.3300000000000003 124.00000000000001 1322.0000000000002 76.944487000000009 12347.000000000002 67.500000000000014 13629.000000000002 1.925 811.50000000000011 13.071594000000003 1395.0000000000002 1460.5000000000002 2.4750000000000005 1741.5000000000002 10.500000000000002 1113.5000000000002 2.6350000000000002 1005.5000000000001 16482.000000000004 18.500000000000004 14.500000000000002 13.087954150000002 13.005446571867081
decision_type=2 2 2 2 2 8 8 2 10 10 2 2 10 2 10 8 2 10 10 10 2 10 10 10 10 2 2
left_child=-1 2 3 -2 -5 6 -6 -7 9 10 26 -12 -13 14 15 -14 -17 24 -18 21 -21 -20 -10 -19 -16 -15 -9
right_child=1 -3 -4 4 5 7 -8 8 22 -11 11 12 13 25 17 16 18 23 19 20 -22 -23 -24 -25 -26 -27 -28
leaf_value=0.0053553848229348664 -0.0050975760992835557 -0.0066389569356529558 0.0085939010748496431 0.0046452748828018321 0.00068105735398572072 -0.006349109124392272 -0.0080578754389924664 0.0025843565922696148 0.0094465379201045096 -0.0087489559627451502 -0.0089505962450944256 0.0063410322435877541 -0.0083097210492600101 -0.0089761737861077905 0.010061706713615703 0.006574662089009177 -0.0059509738894372157 -0.0051511067120979231 -0.0013398625232555249 -0.0066998551237962348 0.0015299411187879742 0.0068768164877278304 0.002188857841408915 0.0024662022744970664 0.0030459412490017714 -0.002127911848947406 0.0074797225231304767
leaf_weight=25 34 22 26 39 29 25 35 20 22 26 21 33 22 22 26 33 29 21 27 28 25 26 36 28 30 24 20
leaf_count=25 34 22 26 39 29 25 35 20 22 26 21 33 22 22 26 33 29 21 27 28 25 26 36 28 30 24 20
internal_value=7.53843e-12 -0.000183655 1.7217e-05 -0.000310233 -5.86575e-05 -0.00036039 -0.00409805 7.93343e-05 0.00038899 -0.000183812 0.000328128 -0.000148217 0.000346034 -0.000234127 0.000571893 -0.000763972 0.000224161 0.00298917 -0.00132818 -6.34573e-05 -0.00281788 0.00269096 0.00494177 -0.000798359 0.00630326 -0.00540317 0.00503204
internal_weight=754 729 707 681 647 608 64 544 519 461 435 395 374 341 295 190 168 105 135 106 53 53 58 49 56 46 40
internal_count=754 729 707 681 647 608 64 544 519 461 435 395 374 341 295 190 168 105 135 106 53 53 58 49 56 46 40
is_linear=0
shrinkage=0.1


Tree=53
num_leaves=29
num_cat=1
split_feature=15 5 0 2 10 28 1 2 15 7 19 15 18 18 18 7 12 11 10 18 14 13 2 2 18 11 5 19
split_gain=0.0762453 0.101244 0.0528952 0.137061 0.0982727 0.0927637 0.138549 0.101992 0.082572 0.104648 0.0793793 0.0751343 0.144133 0.137908 0.0894923 0.0603603 0.0650644 0.0558307 0.0556338 0.0984667 0.06115 0.0902304 0.1106 0.191847 0.0859305 0.0482829 0.0344077 0.0702979
threshold=0.69500000000000006 27090.000000000004 0 80.068869500000019 4.5000000000000009 1.0000000180025095e-35 13.092135538089986 80.229894000000016 2.4150000000000005 1584.5000000000002 2568.5000000000005 2.1150000000000007 13.500000000000002 38.500000000000007 12.500000000000002 1855.0000000000002 5.5000000000000009 1.0000000180025095e-35 110.00000000000001 87.500000000000014 32861.000000000007 10691.000000000002 80.114940600000025 80.200385500000024 38.500000000000007 5.5000000000000009 2489.5000000000005 1351.5000000000002
decision_type=2 2 9 2 8 2 2 2 2 10 8 2 8 10 10 10 10 10 10 10 2 2 2 2 8 10 2 10
left_child=-1 2 3 -2 -4 6 7 10 -9 -10 11 12 -6 -14 -13 -5 17 -17 19 20 21 22 -16 -24 -22 -11 27 -26
right_child=1 -3 4 15 5 -7 -8 8 9 25 -12 14 13 -15 18 16 -18 -19 -20 -21 24 -23 23 -25 26 -27 -28 -29
leaf_value=0.0048563417077304855 -0.0085289597325026983 -0.0059971275594856207 0.0057443579687087827 0.0046740373666398233 0.010207190993241966 -0.0050991345255170023 -0.0058143470803219263 0.0078258639114210382 -0.0044466216722503305 0.0065513367240782831 -0.0041848470092727208 -0.0052243983973899203 -0.0055873977341910916 0.0055090894146511953 -0.0043603215118249257 0.00061713451815938408 0.0033755003847181797 -0.0058864028701932653 -0.004161361993654915 0.007044077305666481 -0.0068049646914005281 0.0079222036618739368 0.010221941853788767 -0.0025820292755961418 0.0061605220055207617 0.00080930246212692182 -0.003111608432373032 -0.0022238598321564496
leaf_weight=31 25 29 33 20 22 32 33 32 20 32 39 31 21 24 30 22 20 33 23 24 24 20 22 25 20 27 20 20
leaf_count=31 25 29 33 20 22 32 33 32 20 32 39 31 21 24 30 22 20 33 23 24 24 20 22 25 20 27 20 20
internal_value=1.08348e-11 -0.000208225 3.36745e-05 -0.0017916 0.000438832 0.000123316 0.000451643 0.00088605 0.00354044 0.00180458 7.88232e-05 0.000588894 0.00357375 0.000330729 -0.000183249 -0.000207196 -0.00150886 -0.00328499 0.00050217 0.0010254 0.000227339 0.0019378 0.000383407 0.00341132 -0.00174783 0.00392363 0.000275018 0.00196833
internal_weight=754 723 694 120 574 541 509 476 111 79 365 326 67 45 259 95 75 55 228 205 181 97 77 47 84 59 60 40
internal_count=754 723 694 120 574 541 509 476 111 79 365 326 67 45 259 95 75 55 228 205 181 97 77 47 84 59 60 40
cat_boundaries=0 1
cat_threshold=1056769
is_linear=0
shrinkage=0.1


Tree=54
num_leaves=31
num_cat=0
split_feature=1 5 5 2 23 18 9 10 8 11 11 10 5 9 19 19 2 5 19 9 11 9 11 19 12 2 1 15 2 1
split_gain=0.0776585 0.343519 0.316199 0.114428 0.173589 0.116004 0.107261 0.102152 0.0995526 0.100338 0.146791 0.0946253 0.219429 0.179645 0.106365 0.119798 0.106683 0.0793167 0.0788866 0.0717145 0.114401 0.111802 0.074433 0.0699408 0.0698808 0.082445 0.062253 0.0577415 0.0358851 0.0323457
threshold=12.611531500000002 20242.000000000004 29077.000000000004 80.068869500000019 1.0000000180025095e-35 38.500000000000007 9.5000000000000018 8.5000000000000018 415.50000000000006 7.5000000000000009 1.0000000180025095e-35 7.5000000000000009 742.00000000000011 10.500000000000002 3556.5000000000005 1763.0000000000002 80.232983000000004 950.50000000000011 1245.5000000000002 15.500000000000002 2.5000000000000004 19.500000000000004 1.0000000180025095e-35 1225.5000000000002 1.5000000000000002 80.185910761043971 12.556890000000001 2.6250000000000004 77.043045000000021 13.009838500000003
decision_type=2 2 2 2 2 10 8 10 8 10 10 8 2 8 8 10 2 2 10 8 10 8 10 10 10 2 2 2 2 2
left_child=1 3 6 4 7 -6 -2 -1 -9 10 17 12 -8 -13 15 19 -16 -10 -12 20 -15 -21 29 24 -24 -26 -5 -25 -11 -23
right_child=2 -3 -4 26 5 -7 11 8 9 28 18 13 -14 14 16 -17 -18 -19 -20 21 -22 22 23 27 25 -27 -28 -29 -30 -31
leaf_value=0.0073467996769717757 -0.0063110962719225353 0.013937383046140894 -0.012226700426443764 0.0092229642975144091 -0.011862300420179965 -0.0012207690404639358 0.0014562007738277317 0.0058898066519759602 -0.0077215763274580242 -0.0079242200865833595 0.00081929150702697887 0.0075776330807379323 -0.011699076817326603 -0.0081971242810444291 -6.1119390143589549e-05 -0.0058738652163332237 0.010030165491625668 0.00017274370683091029 0.0094870530246269139 0.0068345064363841499 0.0016723616372631943 0.00097390590235590935 0.00086259529775669502 0.0055235943878474449 -0.0096069178260538898 -0.0015897489313421579 0.0013329089578473941 -0.0011857898632899441 -0.0021449865507228035 0.0066612302605062726
leaf_weight=21 27 20 23 20 20 21 32 24 20 22 21 35 21 24 22 38 20 35 21 28 23 20 31 23 23 29 20 29 21 20
leaf_count=21 27 20 23 20 20 21 32 24 20 22 21 35 21 24 22 38 20 35 21 28 23 20 31 23 23 29 20 29 21 20
internal_value=-8.85467e-12 0.00129822 -0.000793357 0.000347908 -0.000524663 -0.00641176 -0.000202421 0.000780045 -6.08199e-05 -0.00108093 0.000701523 0.000192159 -0.00375627 0.000765492 4.29922e-05 -0.000642609 0.00474425 -0.00269792 0.00515317 0.000152543 -0.00336738 0.000967499 2.87778e-05 -0.00109383 -0.00289544 -0.0051358 0.00527794 0.00178182 -0.0051018 0.00381757
internal_weight=754 286 468 266 226 41 445 185 164 140 97 418 53 365 330 288 42 55 42 250 47 203 175 135 83 52 40 52 43 40
internal_count=754 286 468 266 226 41 445 185 164 140 97 418 53 365 330 288 42 55 42 250 47 203 175 135 83 52 40 52 43 40
is_linear=0
shrinkage=0.1


Tree=55
num_leaves=31
num_cat=0
split_feature=18 5 6 18 2 15 18 1 7 1 23 9 14 14 1 13 18 7 23 1 5 7 18 10 9 8 1 15 1 18
split_gain=0.0894507 0.0848748 0.056493 0.0497404 0.117895 0.226129 0.145733 0.132328 0.131205 0.087867 0.175354 0.112752 0.0864273 0.0833816 0.123657 0.187882 0.315997 0.201852 0.157281 0.094647 0.087289 0.156644 0.094723 0.169251 0.0738044 0.0932887 0.0633206 0.0628912 0.0500257 0.0418751
threshold=788.00000000000011 27090.000000000004 78.500000000000014 28.500000000000004 80.192152500000006 2.3750000000000004 102.50000000000001 13.050040150000003 11287.500000000002 11.004475000000001 1.0000000180025095e-35 30.500000000000004 61330.000000000007 26540.500000000004 13.009139500000002 7631.0000000000009 20.500000000000004 1337.5000000000002 1.0000000180025095e-35 12.994936000000001 656.50000000000011 1426.0000000000002 19.500000000000004 12.500000000000002 107.50000000000001 366.50000000000006 12.992141500000001 2.5850000000000004 13.052644500000001 76.500000000000014
decision_type=10 2 10 8 2 2 10 2 10 2 2 8 2 2 2 2 10 8 2 2 2 10 10 10 10 10 2 2 2 10
left_child=1 2 3 13 6 -6 9 26 -8 27 11 -11 -13 14 18 17 -17 -16 20 -15 21 -1 23 -22 -10 -26 -7 -5 -19 -14
right_child=-2 -3 -4 4 5 7 8 -9 24 10 -12 12 29 19 15 16 -18 28 -20 -21 22 -23 -24 -25 25 -27 -28 -29 -30 -31
leaf_value=0.004506348901604478 0.0064349986258007228 -0.0063016726720062175 -0.0045703905625627018 -0.0061145086648009186 0.012695308434574502 0.00065038821447397711 -0.010152860571231161 -0.0053729634288521046 -0.0064122048509307212 0.0078976771084680441 0.011146747033027087 -0.0037480977769845571 0.0055397914198692891 -0.0084695870563370624 -0.00544416919084532 -0.014204011229698414 0.00056720009073615071 0.009136797559913248 -0.0057757334984869339 0.00060664058662951003 0.014354014978744091 -0.0058669104279639823 0.00081455925873552375 0.0019369696189338965 -0.0024317134537601044 0.0061297250818461184 0.0082453458259503058 0.001454653913843567 0.0022265278777261056 -0.00050025269685482435
leaf_weight=37 21 22 26 21 23 23 21 21 20 21 22 39 24 27 28 28 30 20 23 20 23 24 26 21 35 20 21 23 22 22
leaf_count=37 21 22 26 21 23 23 21 21 20 21 22 39 24 27 28 28 30 20 23 20 23 24 26 21 35 20 21 23 22 22
internal_value=-2.81562e-11 -0.000184359 4.92518e-06 0.000178587 0.000997773 0.00417353 -4.50149e-05 0.00115814 -0.00316635 0.00169713 0.00302229 0.00133608 -0.000285016 -0.000707827 -5.79044e-05 -0.00235479 -0.00656373 0.00113261 0.0018512 -0.00460736 0.00319028 0.000425067 0.00559996 0.0084277 -0.00121013 0.000681537 0.00427525 -0.0021579 0.00551713 0.00265107
internal_weight=754 733 711 685 356 88 268 65 96 172 128 106 85 329 282 128 58 70 154 47 131 61 70 44 75 55 44 44 42 46
internal_count=754 733 711 685 356 88 268 65 96 172 128 106 85 329 282 128 58 70 154 47 131 61 70 44 75 55 44 44 42 46
is_linear=0
shrinkage=0.1


Tree=56
num_leaves=30
num_cat=0
split_feature=18 5 5 13 8 15 8 19 14 15 19 19 7 19 19 19 12 15 15 5 15 15 15 5 18 10 10 18 1
split_gain=0.072455 0.0687486 0.0505267 0.0641043 0.0876921 0.0554211 0.0776357 0.107084 0.0698407 0.095988 0.078183 0.0664137 0.0641816 0.0630114 0.0596159 0.110358 0.134926 0.119828 0.0996477 0.0892375 0.0725166 0.0650021 0.122277 0.0937933 0.0571576 0.0882911 0.0389548 0.0280066 0.0277928
threshold=788.00000000000011 27090.000000000004 17942.000000000004 89225.000000000015 151.00000000000003 1.3300000000000003 124.00000000000001 1328.0000000000002 13629.000000000002 1.925 3251.0000000000005 811.50000000000011 2437.0000000000005 889.00000000000011 1113.5000000000002 1083.5000000000002 1.0000000180025095e-35 2.5050000000000003 2.3450000000000002 1001.0000000000001 2.9950000000000006 2.6750000000000003 2.5450000000000004 1306.0000000000002 41.500000000000007 9.5000000000000018 19.500000000000004 22.500000000000004 13.005446571867081
decision_type=10 2 2 2 10 2 8 8 2 2 8 10 8 10 10 10 8 2 2 2 2 2 2 2 10 10 10 10 2
left_child=1 2 3 5 -5 12 7 -7 28 -10 11 -11 -1 -13 15 16 -15 -18 19 -16 21 22 27 -23 25 -24 -19 -20 -8
right_child=-2 -3 -4 4 -6 6 8 -9 9 10 -12 13 -14 14 18 -17 17 26 20 -21 -22 23 24 -25 -26 -27 -28 -29 -30
leaf_value=-0.00025376082397997383 0.0057914992040466705 -0.0056715053985085849 0.0048365839247015265 0.0016496396046766842 -0.0063640355779271997 0.00092845366111603289 0.0016762144351378083 -0.0074613855940697249 -0.0062009141237164538 0.005033733936337134 0.004901164155179525 -0.0048719046862217893 0.0077575829811394222 -0.0052659732715130371 -0.010153082227334381 0.0082505166361277749 0.0093651520507410171 0.0030822477769106627 0.0052755576847442268 -0.00092371377236717808 -0.0043464025397869669 0.0071570238280401106 -6.4109115982833112e-05 -0.00076812740132611781 0.0010587046582562229 -0.0081868194640264853 -0.0030843794999998952 0.00070827665179967877 0.0069481007684953511
leaf_weight=20 21 22 21 22 36 29 20 32 24 24 34 29 20 29 20 22 20 20 29 22 33 32 23 28 24 32 21 25 20
leaf_count=20 21 22 21 22 36 29 20 32 24 24 34 29 20 29 20 22 20 20 29 22 33 32 23 28 24 32 21 25 20
internal_value=4.25364e-12 -0.000165923 4.43268e-06 -0.000142633 -0.00332437 0.000149362 -9.40538e-05 -0.00347277 0.000294085 -3.32525e-05 0.000283715 -7.88559e-05 0.00375191 -0.000378861 -3.59711e-05 0.00190156 0.000349587 0.00301928 -0.000845683 -0.00531865 -1.4424e-05 0.000726277 -0.000506359 0.00345862 -0.00301321 -0.00479005 -7.62686e-05 0.00316108 0.00431216
internal_weight=754 733 711 690 58 632 592 61 531 491 467 433 40 409 380 112 90 61 268 42 226 193 133 60 79 55 41 54 40
internal_count=754 733 711 690 58 632 592 61 531 491 467 433 40 409 380 112 90 61 268 42 226 193 133 60 79 55 41 54 40
is_linear=0
shrinkage=0.1


Tree=57
num_leaves=30
num_cat=0
split_feature=2 5 5 5 1 7 11 2 9 14 7 19 9 19 10 19 15 2 19 19 2 15 19 18 19 13 2 18 19
split_gain=0.0723425 0.270504 0.199794 0.117936 0.151589 0.106393 0.140221 0.14291 0.232231 0.222966 0.129156 0.171013 0.0809741 0.120015 0.122943 0.0761168 0.141313 0.0918881 0.103324 0.0849416 0.0797828 0.0693909 0.0913693 0.0679108 0.0770405 0.0981285 0.0582423 0.0509968 0.0175717
threshold=80.132400000000004 33458.500000000007 25112.500000000004 10768.000000000002 13.033109500000002 14063.500000000002 21.500000000000004 80.149018000000012 59.500000000000007 52528.000000000007 1337.5000000000002 1341.5000000000002 11.500000000000002 1853.5000000000002 27.500000000000004 1442.5000000000002 1.6650000000000003 77.016860000000023 1083.5000000000002 1687.0000000000002 77.753466000000017 2.7450000000000006 1128.0000000000002 14.500000000000002 980.50000000000011 10212.500000000002 80.218180000000004 56.500000000000007 1897.5000000000002
decision_type=2 2 2 2 2 10 10 2 8 2 8 10 10 10 10 8 2 2 10 10 2 2 10 8 10 2 2 10 10
left_child=1 3 5 4 15 6 7 -2 10 -10 11 -9 28 14 21 17 -17 18 -1 -18 -19 22 -14 -22 -25 -26 -24 -27 -12
right_child=2 -3 -4 -5 -6 -7 -8 8 9 -11 12 -13 13 -15 -16 16 19 20 -20 -21 23 -23 26 24 25 27 -28 -29 -30
leaf_value=0.00032575439418787541 -0.0072443080272663529 0.012310757064260543 -0.010443161072076433 -0.0049857259010644382 0.0081468002629224903 0.0051915519972211659 -0.0075772902271951208 0.00034601584246212792 0.0004169608385342619 0.014853886999189853 0.002155384537181817 -0.012270145845555124 0.0038117766069869202 -0.0076356683857738972 0.0071636121011000465 0.0037884082600402724 -0.0094633156508207323 -0.0045730571358882149 0.0096129872165620339 -0.0015708837922041618 0.0061573822031040556 -0.0060501241887157622 -0.006824872107245028 0.005407277333804153 -0.0064805354885756963 0.0035847514675520931 0.00035301248471324262 -0.0024734884690891098 0.0063472468196414424
leaf_weight=23 27 20 21 37 27 31 29 22 23 20 20 21 39 22 22 26 25 29 25 30 23 22 20 22 25 33 26 24 20
leaf_count=23 27 20 21 37 27 31 29 22 23 20 20 21 39 22 22 26 25 29 25 30 23 22 20 22 25 33 26 24 20
internal_value=2.99144e-12 0.00100053 -0.000958946 0.000352375 0.000985419 -0.000411779 -0.000933411 -0.00029962 0.000377299 0.00713181 -0.000863914 -0.00581537 0.000250811 -0.000808926 0.000355325 0.000306973 -0.00228655 0.00133675 0.00516285 -0.00515835 0.000159493 -0.00104451 0.000251061 0.00124015 0.00015269 -0.00125708 -0.00276781 0.00103391 0.00425132
internal_weight=754 369 385 349 312 364 333 304 277 43 234 43 191 151 129 285 81 204 48 55 156 107 85 127 104 82 46 57 40
internal_count=754 369 385 349 312 364 333 304 277 43 234 43 191 151 129 285 81 204 48 55 156 107 85 127 104 82 46 57 40
is_linear=0
shrinkage=0.1


Tree=58
num_leaves=29
num_cat=1
split_feature=1 13 5 12 1 23 8 18 11 11 14 10 11 7 1 5 4 11 1 14 5 9 5 14 12 11 15 10
split_gain=0.0714148 0.256898 0.25493 0.106788 0.101499 0.181421 0.19542 0.093747 0.140655 0.0802884 0.209182 0.29385 0.138314 0.124645 0.316078 0.120509 0.114475 0.0935424 0.194183 0.127762 0.145383 0.117306 0.071208 0.0540462 0.0366444 0.0350067 0.0630636 0.0226373
threshold=12.611531500000002 204670.50000000003 29077.000000000004 13.500000000000002 12.43688 1.0000000180025095e-35 100.50000000000001 23.500000000000004 1.0000000180025095e-35 5.5000000000000009 21249.500000000004 12.500000000000002 21.500000000000004 1199.0000000000002 13.010958500000003 6112.0000000000009 0 1.0000000180025095e-35 13.075720500000001 26158.000000000004 579.00000000000011 29.500000000000004 921.50000000000011 18826.000000000004 3.5000000000000004 2.5000000000000004 2.4850000000000008 31.500000000000004
decision_type=2 2 2 10 2 2 10 10 8 8 2 8 10 8 2 2 1 10 2 2 2 10 2 2 8 10 2 10
left_child=1 3 9 4 5 6 7 8 -1 13 -11 -12 16 14 -2 -14 24 21 19 20 -19 22 -15 -22 -13 -9 -27 -21
right_child=2 -3 -4 -5 -6 -7 -8 25 -10 10 11 12 15 17 -16 -17 -18 18 -20 27 23 -23 -24 -25 -26 26 -28 -29
leaf_value=-0.0017009777016937734 -0.015482812863774599 0.011379645061274262 -0.011026860814055671 -0.0053652639123450583 0.0057250249647320464 -0.0065008324077900723 0.010788816210697405 0.00056671396376112022 0.0086039964273502984 0.0093635722928281356 -0.010723176158287308 0.0051044970801424078 -0.0061964742142784721 0.002311442107619608 0.0013834309801459312 0.0032042497768998146 0.011174690830521286 -0.0037149319604325758 -0.010167339096854751 -0.0071656530722975734 0.0089221488776577949 0.006896206293304479 -0.0048929667140802614 0.0020602439360862426 -0.00037512981440298833 -0.007851694021373987 -0.00064926903784996086 -0.0024077853024937214
leaf_weight=26 20 23 23 29 39 34 20 37 27 28 22 23 30 34 25 25 20 26 24 20 24 33 23 22 26 20 31 20
leaf_count=26 20 23 23 29 39 34 20 37 27 28 22 23 30 34 25 25 20 26 24 20 24 33 23 22 26 20 31 20
internal_value=3.38901e-11 0.00124494 -0.000760797 0.000358635 0.00106801 0.000136604 0.0015383 0.000226168 0.00354873 -0.000230191 0.00144613 -7.22876e-05 0.00181739 -0.0013065 -0.00611268 -0.00192342 0.00479919 -0.000349516 -0.00200453 -0.000255358 0.00226207 0.0021514 -0.0005956 0.00564037 0.00219694 -0.00177492 -0.00347375 -0.00478672
internal_weight=754 286 468 263 234 195 161 141 53 445 174 146 124 271 45 55 69 226 136 112 72 90 57 46 49 88 51 40
internal_count=754 286 468 263 234 195 161 141 53 445 174 146 124 271 45 55 69 226 136 112 72 90 57 46 49 88 51 40
cat_boundaries=0 1
cat_threshold=2
is_linear=0
shrinkage=0.1


Tree=59
num_leaves=30
num_cat=1
split_feature=18 5 6 18 2 10 4 19 5 5 10 9 13 14 7 15 10 13 7 5 19 1 11 19 11 1 1 1 1
split_gain=0.0688506 0.0614281 0.0420417 0.0391901 0.0924624 0.100972 0.138984 0.121564 0.103647 0.0737404 0.06691 0.0956136 0.0876846 0.0816206 0.1428 0.079845 0.0689307 0.106778 0.0890588 0.0767961 0.0644436 0.060981 0.0588256 0.0915778 0.0759489 0.0685229 0.062547 0.0435299 0.0171694
threshold=788.00000000000011 27090.000000000004 78.500000000000014 28.500000000000004 80.251928576103197 65.500000000000014 0 2568.5000000000005 12896.000000000002 7522.5000000000009 8.5000000000000018 9.5000000000000018 8274.0000000000018 26540.500000000004 2273.5000000000005 2.5850000000000004 10.500000000000002 7390.5000000000009 1929.5000000000002 603.00000000000011 1338.0000000000002 11.079389500000003 1.0000000180025095e-35 923.00000000000011 10.500000000000002 12.43688 12.581869900000003 12.961458000000002 12.956709500000001
decision_type=10 2 10 8 2 10 1 8 2 2 10 8 2 2 8 2 10 2 10 2 10 2 10 10 10 2 2 2 2
left_child=1 2 3 10 5 6 22 8 9 21 12 -12 15 14 16 20 -13 19 -19 -18 -1 -7 -5 -24 26 -26 -25 -23 -15
right_child=-2 -3 -4 4 -6 7 -8 -9 -10 -11 11 13 -14 28 -16 -17 17 18 -20 -21 -22 27 23 24 25 -27 -28 -29 -30
leaf_value=0.0051754408028154147 0.0056456045203265694 -0.0053659562190825289 -0.003947683953895019 0.0042440338066386937 0.0066177703296908964 0.0043823575770313089 0.0083866457188768052 -0.008891221191734076 0.0060976799973286692 -0.0058198124525182318 -0.0081042375462129709 -0.0050229053784693993 -0.0034948290852100956 -0.0029337689195844262 0.0068903364366493559 0.0089351311791688211 -6.1178885193334691e-05 -0.0056849569130020261 0.0014330829784739763 0.0078021944176567635 -0.0026587695193787415 -0.0054711829160805792 -0.0055381867461479634 0.0018423441611230375 0.00017808093284459218 0.007816389290868149 -0.0047293540057060978 0.0011265340633690357 -0.0069820969598367814
leaf_weight=21 21 22 26 38 26 22 28 20 20 31 20 35 23 22 26 20 27 39 32 23 21 20 26 30 23 24 28 20 20
leaf_count=21 21 22 26 38 26 22 28 20 20 31 20 35 23 22 26 20 27 39 32 23 21 20 26 30 23 24 28 20 20
internal_value=-1.08309e-11 -0.000161743 -7.12611e-07 0.000149099 0.000876236 0.000423873 0.00186114 -0.00170501 -0.000433112 -0.00183758 -0.000637711 -0.00147942 0.00177849 -0.000887919 2.90716e-05 0.00373472 -0.00111447 1.60659e-05 -0.00247683 0.00355597 0.00125834 0.00015353 0.000779988 -0.000224849 0.00109083 0.00407849 -0.0013302 -0.00217232 -0.00486154
internal_weight=754 733 711 685 356 330 197 133 113 93 329 244 85 224 182 62 156 121 71 50 42 62 169 131 105 47 58 40 42
internal_count=754 733 711 685 356 330 197 133 113 93 329 244 85 224 182 62 156 121 71 50 42 62 169 131 105 47 58 40 42
cat_boundaries=0 1
cat_threshold=2
is_linear=0
shrinkage=0.1


Tree=60
num_leaves=29
num_cat=0
split_feature=19 15 15 19 12 8 9 9 15 15 19 19 10 7 14 10 11 10 6 8 15 19 1 2 5 19 2 7
split_gain=0.0611277 0.0418889 0.0985912 0.116057 0.0885799 0.12048 0.0941003 0.0645652 0.0418689 0.079174 0.0344225 0.0746315 0.047822 0.0682199 0.0946733 0.057317 0.0487466 0.0400879 0.0603444 0.0522888 0.0429486 0.0497157 0.0866422 0.0420917 0.0411803 0.0397155 0.0344772 0.033658
threshold=563.50000000000011 3.6300000000000003 3.2000000000000006 3251.0000000000005 21.500000000000004 1851.5000000000002 198.00000000000003 131.00000000000003 0.84500000000000008 1.1250000000000002 859.50000000000011 889.00000000000011 8.5000000000000018 1317.5000000000002 17156.000000000004 10.500000000000002 18.500000000000004 11.500000000000002 2127.5000000000005 1.0000000180025095e-35 2.7750000000000004 1442.5000000000002 13.026430000000003 78.098029000000011 1057.0000000000002 1287.0000000000002 80.091065 3434.0000000000005
decision_type=8 2 2 10 10 10 8 10 2 2 8 10 10 10 2 10 10 10 8 8 2 10 2 2 2 10 2 10
left_child=-1 2 3 4 5 6 7 8 -2 -10 -11 -12 13 -13 -15 25 17 -17 19 -19 21 22 23 -21 -23 -14 -25 -22
right_child=1 -3 -4 -5 -6 -7 -8 -9 9 10 11 12 15 14 -16 16 -18 18 -20 20 27 24 -24 26 -26 -27 -28 -29
leaf_value=0.0046721722516748637 -0.0038511643979560447 -0.0039661614785602853 0.005686861992781532 -0.0077717549691442402 0.005569733886255159 -0.0058962423216952532 0.0051697673974558716 -0.0052161361593753104 0.0055646422140013712 0.003235766858440535 -0.0059986526210030373 -0.0023886919766664509 -0.0067285822056557826 0.0097587328823283328 0.00052802339941263206 0.0047159710247069598 -0.0038389688107054102 0.0051409249517904675 -0.0041504133595541741 0.0020958729491717858 0.0059731560875661673 -0.0060995396870421248 0.0065306133590638639 -0.0044463210636890979 -0.00030035165157945209 -0.00071362506686931571 9.1074915904113473e-05 0.00017160576884634794
leaf_weight=27 27 28 29 20 27 36 34 25 26 29 22 20 23 20 25 20 30 23 30 36 20 25 20 33 24 21 34 20
leaf_count=27 27 28 29 20 27 36 34 25 26 29 22 20 23 20 25 20 30 23 30 36 20 25 20 33 24 21 34 20
internal_value=1.68153e-11 -0.000173519 -2.15967e-05 -0.000268679 -3.78154e-05 -0.000280839 6.35467e-05 -0.000250398 -1.5278e-05 0.000191446 -0.000102665 -0.000319738 -2.50777e-05 0.00247079 0.00463056 -0.000476976 -4.73276e-06 0.000398871 7.30522e-05 0.000612218 0.000120896 -0.000565496 0.000507574 -0.000661948 -0.00325912 -0.00385781 -0.00214376 0.00307238
internal_weight=754 727 699 670 650 623 587 553 528 501 475 446 424 65 45 359 315 285 265 235 212 172 123 103 49 44 67 40
internal_count=754 727 699 670 650 623 587 553 528 501 475 446 424 65 45 359 315 285 265 235 212 172 123 103 49 44 67 40
is_linear=0
shrinkage=0.1


Tree=61
num_leaves=29
num_cat=0
split_feature=1 2 5 23 19 2 2 11 14 10 11 9 5 6 5 7 5 10 5 19 15 15 10 19 12 11 18 12
split_gain=0.0608355 0.254195 0.226695 0.084905 0.105548 0.121388 0.161246 0.0671429 0.146928 0.234713 0.116513 0.10436 0.103826 0.0917308 0.112776 0.0992052 0.0917433 0.124302 0.115413 0.0911796 0.077151 0.115882 0.069345 0.066237 0.119406 0.0646566 0.0470012 0.0356339
threshold=12.57098 79.466438050000008 29077.000000000004 1.0000000180025095e-35 873.50000000000011 76.944487000000009 77.016860000000023 5.5000000000000009 21249.500000000004 12.500000000000002 21.500000000000004 64.500000000000014 6112.0000000000009 2818.0000000000005 2489.5000000000005 1974.0000000000002 911.50000000000011 7.5000000000000009 725.00000000000011 1853.5000000000002 2.5950000000000002 2.0950000000000002 22.500000000000004 1010.0000000000001 1.5000000000000002 10.500000000000002 39.500000000000007 5.5000000000000009
decision_type=2 2 2 2 8 2 2 8 2 8 10 8 2 8 2 8 2 10 2 8 2 2 10 10 10 8 10 10
left_child=1 3 7 4 -1 -6 -7 13 -9 -10 11 25 -12 14 16 -15 17 -2 20 22 21 -19 -18 -8 -25 -11 -5 -26
right_child=2 -3 -4 26 5 6 23 8 9 10 12 -13 -14 15 -16 -17 19 18 -20 -21 -22 -23 -24 24 27 -27 -28 -29
leaf_value=0.0075182076188780008 -0.0064944027139889927 0.0086689991854095403 -0.010361450206002465 -0.0076549778808839624 -0.0052444405201822518 0.0076943355837776773 -0.0055398973325888317 0.0075886179302488603 -0.0095118337903510458 -0.0026330437045544389 -0.0057212941651232545 0.0092682027930600774 0.0030044916656333954 -0.0091427684589116664 0.0050949550276114183 -9.6446004780856054e-05 -0.0051666197884413928 -0.0034752107508804492 0.0066806214381799553 -0.0096465626066284532 -0.0050913958887880053 0.0061044415862332767 0.0023967012128030714 0.0070625253677876164 -0.0038319505067192952 0.0051244160075756637 -0.00088134291415501917 0.001007793712076442
leaf_weight=21 22 39 23 20 35 31 21 31 22 21 30 27 25 27 33 22 27 23 33 21 24 28 22 22 32 22 21 29
leaf_count=21 22 39 23 20 35 31 21 31 22 21 30 27 25 27 33 22 27 23 33 21 24 28 22 22 32 22 21 29
internal_value=8.80063e-13 0.00119917 -0.000672828 -5.65306e-05 0.000829805 3.59e-06 0.00136419 -0.000188397 0.00133228 1.29104e-05 0.00168927 0.0043955 -0.00175503 -0.00114825 -0.000321163 -0.00508115 -0.00121482 0.000356805 0.00175242 -0.00413356 -0.000415986 0.00178421 -0.00177084 -0.00052268 0.000746737 0.00133589 -0.00418556 -0.00153109
internal_weight=754 271 483 232 191 170 135 460 178 147 125 70 55 282 233 49 200 130 108 70 75 51 49 104 83 43 41 61
internal_count=754 271 483 232 191 170 135 460 178 147 125 70 55 282 233 49 200 130 108 70 75 51 49 104 83 43 41 61
is_linear=0
shrinkage=0.1


Tree=62
num_leaves=31
num_cat=0
split_feature=18 2 2 5 7 14 19 19 12 10 10 15 10 10 5 19 1 15 19 7 23 1 9 15 19 15 7 5 1 10
split_gain=0.059395 0.0588624 0.103686 0.0650763 0.0818987 0.10214 0.0861387 0.0518324 0.180158 0.110835 0.107978 0.0645439 0.0647664 0.0614273 0.173305 0.0840649 0.117733 0.080919 0.142051 0.106799 0.0861627 0.0654443 0.0579318 0.0421565 0.0339772 0.0660262 0.0378849 0.0271543 0.0265576 0.0187984
threshold=788.00000000000011 76.900776500000021 76.946665500000009 25112.500000000004 14063.500000000002 133909.00000000003 1699.5000000000002 1763.0000000000002 1.0000000180025095e-35 27.500000000000004 18.500000000000004 1.3300000000000003 67.500000000000014 7.5000000000000009 568.00000000000011 1712.5000000000002 13.067585500000005 2.4750000000000005 1223.5000000000002 1460.5000000000002 1.0000000180025095e-35 13.013647324621598 29.500000000000004 2.2850000000000006 980.50000000000011 2.5750000000000006 5005.0000000000009 890.50000000000011 12.838086500000001 17.500000000000004
decision_type=10 2 2 2 10 2 10 10 10 10 10 2 10 8 2 8 2 2 10 10 2 2 10 2 10 2 10 2 2 10
left_child=1 23 -3 4 5 7 28 11 -9 10 -10 -4 13 14 -13 16 17 18 19 -15 21 24 -18 -1 -19 -26 29 -23 -6 -27
right_child=-2 2 3 -5 6 -7 -8 8 9 -11 -12 12 -14 15 -16 -17 22 20 -20 -21 -22 27 -24 -25 25 26 -28 -29 -30 -31
leaf_value=0.0060913048745132982 0.0052436268311880883 -0.0072980199408318319 0.0044912108548862094 -0.0057796325115486982 0.0029418221640366096 -0.0074011796026024965 0.0084237990519878542 -0.010695347053115256 -0.0017889625038951637 -0.0058111490425124604 0.0077051674400496753 0.004069328024828186 -0.0051973017459006413 -0.0039942258101855884 -0.0067310296333371062 0.0055001301800503451 -0.0085825731209479266 0.0037127057090401653 0.008216048651563659 0.0046642682431930942 0.0054756884346716106 -0.0068547602912241773 -0.0010624358929427608 -6.8306867033243181e-05 -0.0055809585577143092 0.00046828784397803249 -0.0026019328358498489 -0.0018274833936066854 -0.001799763147053974 0.0044690183809270026
leaf_weight=25 21 21 34 20 27 20 22 20 25 22 23 24 23 29 39 34 20 22 37 28 23 22 21 20 21 24 22 21 21 23
leaf_count=25 21 21 34 20 27 20 22 20 25 22 23 24 23 29 39 34 20 22 37 28 23 22 21 20 21 24 22 21 21 23
internal_value=-1.86126e-11 -0.000150227 -0.000379408 -0.000161581 1.20841e-05 -0.000379791 0.00324225 -0.000127676 -0.00232508 6.64216e-05 0.00276031 0.000295807 -3.36247e-05 0.000256045 -0.00261661 0.000777593 0.000264602 0.00101758 0.00339107 0.00025907 -0.000235831 -0.00108335 -0.0047308 0.0033537 0.00018985 -0.000671292 0.000822954 -0.00439958 0.000867379 0.00242609
internal_weight=754 733 688 667 647 577 70 557 90 70 48 467 433 410 63 347 313 272 94 57 178 155 41 45 112 90 69 43 48 47
internal_count=754 733 688 667 647 577 70 557 90 70 48 467 433 410 63 347 313 272 94 57 178 155 41 45 112 90 69 43 48 47
is_linear=0
shrinkage=0.1


Tree=63
num_leaves=29
num_cat=1
split_feature=15 5 12 8 0 2 7 7 15 18 2 1 15 2 1 2 5 8 14 7 2 1 5 14 5 19 12 9
split_gain=0.0549599 0.0662276 0.0994748 0.155997 0.0378576 0.0803098 0.0662345 0.113792 0.0584431 0.0534779 0.049469 0.0851815 0.104962 0.0727737 0.0711261 0.113957 0.061814 0.0742335 0.0727467 0.13656 0.109222 0.0867691 0.0921338 0.0970199 0.045542 0.0884988 0.0285973 0.0167425
threshold=0.69500000000000006 10768.000000000002 8.5000000000000018 2227.5000000000005 0 80.068869500000019 11552.500000000002 15436.500000000002 2.9950000000000006 60.500000000000007 80.121583000000015 11.082302 2.0650000000000004 80.149018000000012 11.0229385 76.983913500000014 2426.0000000000005 89.500000000000014 13629.000000000002 1546.5000000000002 80.21967715000001 13.071594000000003 702.50000000000011 26742.500000000004 1295.5000000000002 1066.0000000000002 1.5000000000000002 24.500000000000004
decision_type=2 2 10 8 9 2 10 10 2 10 2 2 2 2 2 2 2 8 2 10 2 2 2 2 2 10 10 10
left_child=-1 4 -3 -4 5 -2 8 -8 10 26 11 14 -13 -12 15 -6 17 -15 -19 20 -20 22 -21 -24 25 -17 -7 -14
right_child=1 2 3 -5 6 9 7 -9 -10 -11 13 12 27 16 -16 24 -18 18 19 21 -22 -23 23 -25 -26 -27 -28 -29
leaf_value=0.0041231157002790319 -0.0067459127463128724 -0.0088583048854378021 -0.0061604765877127654 0.0051265655633566595 0.0074279555274794507 0.00416612988896668 0.0097945949016138914 0.0001197077003457854 -0.0042266223322728587 -0.0036948893319017125 -0.0060048334057104186 0.0099116308695596199 -0.00050303748343139888 -0.0055430958307204911 -0.0038025122162486827 -0.0034716622345149517 0.0048192570956113439 0.0058587531524244701 0.00099813996560194291 0.008613629552895543 -0.0079936565270015449 -0.0032979436604113413 -0.0020490266072253388 0.0057490645321430986 -0.003775890015445098 0.005535218747293888 -0.00048707107281578443 0.0032578794839631382
leaf_weight=31 24 21 25 24 24 25 20 31 29 28 22 23 20 26 35 20 24 20 22 22 35 29 39 27 27 24 28 29
leaf_count=31 24 21 25 24 24 25 20 31 29 28 22 23 20 26 35 20 24 20 22 22 35 29 39 27 27 24 28 29
internal_value=3.13387e-11 -0.000176786 -0.00309998 -0.000632129 0.000136573 -0.00152038 0.000473164 0.00391378 0.000129624 -0.000159773 0.000399562 0.00157936 0.00433868 -0.000496377 5.11229e-05 0.00147088 2.87013e-07 -0.000525419 0.000147053 -0.000509464 -0.00452314 0.00144592 0.00300923 0.0011411 -0.000542775 0.00144118 0.00170784 0.00172281
internal_weight=754 723 70 49 653 105 548 51 497 81 468 202 72 266 130 95 244 220 194 174 57 117 88 66 71 44 53 49
internal_count=754 723 70 49 653 105 548 51 497 81 468 202 72 266 130 95 244 220 194 174 57 117 88 66 71 44 53 49
cat_boundaries=0 1
cat_threshold=1056769
is_linear=0
shrinkage=0.1


Tree=64
num_leaves=31
num_cat=0
split_feature=11 18 18 15 18 15 9 5 10 19 2 1 2 14 14 1 7 10 18 19 15 8 11 12 2 2 12 7 5 19
split_gain=0.0534596 0.0490933 0.0681017 0.0617185 0.0943241 0.0497057 0.0452251 0.0376473 0.215179 0.0562208 0.0374271 0.119439 0.0544658 0.036553 0.0939596 0.0679664 0.0466006 0.0373828 0.143901 0.120108 0.0605971 0.0594198 0.0804018 0.106355 0.182772 0.0885009 0.0969889 0.0649078 0.0615937 0.05737
threshold=106.50000000000001 516.00000000000011 244.50000000000003 0.67500000000000016 172.50000000000003 3.2450000000000006 131.00000000000003 4137.5000000000009 86.000000000000014 2414.0000000000005 76.983913500000014 11.0229385 77.472765000000024 68608.000000000015 56046.500000000007 13.097603000000001 7854.0000000000009 7.5000000000000009 11.500000000000002 1423.0000000000002 2.5550000000000002 1851.5000000000002 2.5000000000000004 1.0000000180025095e-35 80.244343999999998 80.229894000000016 1.5000000000000002 2355.0000000000005 799.00000000000011 1137.0000000000002
decision_type=10 8 10 2 10 2 10 2 10 10 2 2 2 2 2 2 10 10 10 8 2 8 10 10 2 2 10 10 2 10
left_child=1 2 3 -1 5 6 7 9 -9 10 11 -5 -12 14 15 17 -15 19 -19 20 -14 27 23 -23 28 26 -24 -20 -25 -28
right_child=-2 -3 -4 4 -6 -7 -8 8 -10 -11 12 -13 13 16 -16 -17 -18 18 21 -21 -22 22 25 24 -26 -27 29 -29 -30 -31
leaf_value=-0.0055157519012157411 0.0051010593841783712 -0.0047915509499778805 0.0052411030085446932 0.008414089333798204 -0.0060360725312493743 0.0042702775994508434 -0.0039680904046960038 0.0094380128892080396 -0.0035555443153358424 -0.0052315346291288735 -0.0044489493317626137 -0.002016912601159319 -0.0088205200398252127 -0.006123676100978628 0.0069821977820191984 -0.0054186812823727023 0.00054583289126061251 0.0085142544865527241 0.0065726299520715006 0.003619759935491647 -0.0011293337121605874 -0.0080981834996491676 0.0044662405784916259 0.0059356813468039032 -0.0086939690146772639 0.0060898125854631268 0.0002157000150726808 -0.00088627732358872904 -0.00052549620498515046 -0.0062228134907782078
leaf_weight=21 20 22 24 21 25 29 27 25 26 20 27 23 21 20 21 21 22 23 28 26 20 25 29 25 21 30 31 20 36 25
leaf_count=21 20 22 24 21 25 29 27 25 26 20 27 23 21 20 21 21 22 23 28 26 20 25 29 25 21 30 31 20 36 25
internal_value=-2.03659e-11 -0.000138993 4.76533e-06 -0.000177898 -9.83923e-06 0.000224827 3.34437e-05 0.000217815 0.00281385 -2.96574e-05 0.000172357 0.00296152 -8.82015e-05 0.000176979 0.000470258 0.000111333 -0.00263012 0.000433917 0.000921208 -0.00169707 -0.00506872 0.000274393 -0.000415415 -0.00238835 -0.000647551 0.00142028 -0.000227796 0.00346475 0.00212253 -0.00265864
internal_weight=754 734 712 688 667 642 613 586 51 535 515 44 471 444 402 381 42 360 293 67 41 270 222 107 82 115 85 48 61 56
internal_count=754 734 712 688 667 642 613 586 51 535 515 44 471 444 402 381 42 360 293 67 41 270 222 107 82 115 85 48 61 56
is_linear=0
shrinkage=0.1


Tree=65
num_leaves=29
num_cat=0
split_feature=19 1 8 12 15 19 2 19 2 1 1 15 11 10 7 1 2 8 2 1 5 18 18 7 11 11 2 7
split_gain=0.0528174 0.0366467 0.0637243 0.0975218 0.0909725 0.0766067 0.0655635 0.0657395 0.0463931 0.0415002 0.107045 0.123037 0.0710416 0.0936062 0.178618 0.069681 0.122552 0.0846301 0.0579143 0.0521231 0.0819912 0.0504998 0.0863932 0.0489616 0.0437952 0.033522 0.0275935 0.0138673
threshold=563.50000000000011 13.136159000000001 877.00000000000011 3.5000000000000004 2.0950000000000002 4199.5000000000009 80.260211500000011 2568.5000000000005 80.094250000000017 12.934547200000003 12.727803000000003 2.5450000000000004 5.5000000000000009 7.5000000000000009 1494.0000000000002 12.43688 80.103747650000017 222.50000000000003 80.228801500000017 13.039493000000002 886.50000000000011 16.500000000000004 23.500000000000004 2089.0000000000005 2.5000000000000004 13.500000000000002 80.186620173541584 6189.0000000000009
decision_type=8 2 10 10 2 8 2 10 2 2 2 2 10 10 8 2 2 10 2 2 2 10 10 10 10 10 2 10
left_child=-1 2 5 4 -4 6 7 9 -5 10 15 -12 13 -11 -15 17 -17 21 26 20 -16 -2 -23 -21 27 -26 -14 -24
right_child=1 -3 3 8 -6 -7 -8 -9 -10 12 11 -13 18 14 19 16 -18 -19 -20 23 -22 22 24 -25 25 -27 -28 -29
leaf_value=0.0043429842425717251 -0.0044365220347090681 0.0038578478746454821 -0.010723642192103646 0.0040037290588952603 -0.0014049848872673466 0.0060063139147435631 -0.0045422631199471654 -0.0048007151953732737 -0.0024579874058254063 -0.006225813992787153 -0.0078053069094863002 0.00029602721210961278 0.004447002428652788 0.0073946708697750349 0.0057435478812650495 0.010013141868403182 -0.00048908377485349774 0.0054717910789844138 0.0085233254323247836 -0.0065389490581765136 -0.0020342494163549311 0.0054512760237507198 0.0029609228584117128 -0.00027539792107955484 -0.0049335152451955785 -0.00019338865438476205 -0.00011728415982081341 -0.00059333376424468081
leaf_weight=27 34 22 22 20 20 21 32 26 25 20 37 38 27 34 23 20 25 23 20 24 33 23 21 26 37 25 26 23
leaf_count=27 34 22 22 20 20 21 32 26 25 20 37 38 27 34 23 20 25 23 20 24 33 23 21 26 37 25 26 23
internal_value=-3.08804e-11 -0.000161294 -0.000286714 -0.00282063 -0.00628619 7.00027e-05 -0.000138812 0.000110587 0.000413887 0.000347496 -0.000418186 -0.00370063 0.00135307 0.000173617 0.00108782 0.000647543 0.00417857 -0.000206738 0.00393817 -0.00093513 0.0011602 -0.001008 -0.000104362 -0.0032819 -0.00130983 -0.00302217 0.00220792 0.00110302
internal_weight=754 727 705 87 42 618 597 565 45 539 306 75 233 160 140 231 45 186 73 106 56 163 129 50 106 62 53 44
internal_count=754 727 705 87 42 618 597 565 45 539 306 75 233 160 140 231 45 186 73 106 56 163 129 50 106 62 53 44
is_linear=0
shrinkage=0.1


Tree=66
num_leaves=30
num_cat=0
split_feature=5 15 8 8 1 10 1 1 15 12 1 1 9 1 15 10 10 19 9 9 12 8 11 2 2 1 1 1 2
split_gain=0.0480174 0.0594384 0.114242 0.0377365 0.0661285 0.0638582 0.0544905 0.108844 0.111254 0.0798644 0.0782126 0.105058 0.0909478 0.0722885 0.0626187 0.0732715 0.0595943 0.0588762 0.0531489 0.0667132 0.0454867 0.0605006 0.0525738 0.0498524 0.0655668 0.0337682 0.0716033 0.0492885 0.0251099
threshold=36059.000000000007 0.95500000000000007 1.0000000180025095e-35 124.00000000000001 13.039493000000002 21.500000000000004 13.036197000000003 13.045557801093649 1.9950000000000003 1.5000000000000002 13.006323500000002 12.989913500000002 17.500000000000004 12.969332000000001 2.5750000000000006 27.500000000000004 8.5000000000000018 1403.0000000000002 12.500000000000002 9.5000000000000018 18.500000000000004 381.50000000000006 7.5000000000000009 80.167737500000015 77.013239000000013 12.57098 11.063420000000002 10.782165500000001 78.67991050000002
decision_type=2 2 10 8 2 10 2 2 2 8 2 2 8 2 2 10 10 8 10 10 10 10 10 2 2 2 2 2 2
left_child=1 2 -1 4 5 -3 10 -8 -9 -10 11 13 -12 16 -11 -16 -5 -14 19 -18 21 22 23 24 -20 26 27 -26 -24
right_child=-2 3 -4 6 -6 -7 7 8 9 14 12 -13 17 -15 15 -17 18 -19 20 -21 -22 -23 28 -25 25 -27 -28 -29 -30
leaf_value=0.0020555169898129645 0.0040635252238384314 0.0035106764086522166 -0.0077016192363641633 0.0042960451252645618 -0.0067935679418345291 -0.0034427224092983774 0.0071252705587539827 0.00613711962380029 -0.0047642503081754385 0.0051026053577661523 -0.0086795151699334393 0.0063209652279814085 -0.0043124731270257725 -0.0050269281159022027 0.0026121111810207369 -0.0053007775578986513 0.00032279628159647637 0.0031841940002050248 0.0050400493703782563 -0.007657229416072369 -0.0041891999123618009 0.0055312779819360006 -0.0044219794883874472 0.0058679322374518969 0.0013219764580505646 -0.0037868131901352452 0.0045942004134233759 -0.0053718817695467313 -0.00018422520521131378
leaf_weight=21 28 25 28 33 21 28 32 29 35 25 22 27 22 28 25 22 22 20 25 20 20 24 29 20 22 26 26 22 27
leaf_count=21 28 25 28 33 21 28 32 29 35 25 22 27 22 28 25 22 22 20 25 20 20 24 29 20 22 26 26 22 27
internal_value=2.33139e-12 -0.00015672 -0.00351999 8.67072e-05 -0.00204452 -0.000162817 0.00034825 0.0018779 0.000643224 -0.000845775 -0.000242511 0.000314414 -0.00347094 -0.00015703 0.00105904 -0.00109179 0.00027448 -0.000742632 -0.000194466 -0.00347722 0.000377632 0.00079092 0.000213414 0.00124294 0.000478474 -0.000709436 0.00043359 -0.00202495 -0.00237878
internal_weight=754 726 49 677 74 53 603 168 136 107 435 371 64 344 72 47 316 42 283 42 241 221 197 141 121 96 70 44 56
internal_count=754 726 49 677 74 53 603 168 136 107 435 371 64 344 72 47 316 42 283 42 241 221 197 141 121 96 70 44 56
is_linear=0
shrinkage=0.1


Tree=67
num_leaves=27
num_cat=0
split_feature=15 5 19 2 2 11 10 2 19 2 5 19 15 23 19 19 11 7 7 12 1 19 5 1 15 19
split_gain=0.0506505 0.0479256 0.0836386 0.0341028 0.0513456 0.0502607 0.142117 0.147817 0.0967787 0.0899303 0.077018 0.0708572 0.0923898 0.060777 0.0598297 0.0757143 0.0572321 0.0699987 0.0566979 0.048742 0.0502892 0.116707 0.0542746 0.0415315 0.0968953 0.0888405
threshold=0.69500000000000006 10768.000000000002 1588.0000000000002 80.266288979239675 80.256409500000018 12.500000000000002 86.000000000000014 80.192152500000006 1812.5000000000002 77.021626000000012 1216.5000000000002 1216.0000000000002 2.1250000000000004 1.0000000180025095e-35 859.50000000000011 923.00000000000011 5.5000000000000009 1837.5000000000002 3368.5000000000005 3.5000000000000004 11.079389500000003 993.50000000000011 744.50000000000011 11.024355000000002 2.5950000000000002 1395.0000000000002
decision_type=2 2 8 2 2 10 10 2 10 2 2 10 2 2 8 8 10 8 10 8 2 8 2 2 2 10
left_child=-1 3 -3 4 5 8 7 9 11 -7 -10 13 -13 14 -2 -16 19 -18 -11 20 -17 -22 -23 -14 25 -25
right_child=1 2 -4 -5 -6 6 -8 -9 10 18 -12 12 23 -15 15 16 17 -19 -20 -21 21 22 -24 24 -26 -27
leaf_value=0.0039581715906669779 0.0035407236982684803 -0.0060156586903354365 0.00090044618255513556 -0.0036027752241352576 0.0042752037259439629 0.0069123982777819035 -0.0039850799691383589 0.0096071695290698578 -0.0014268741272672109 -0.0048453358975662428 -0.0091737441108783787 0.0062285161834248967 0.0045140861673280599 -0.0048611971676377035 -0.0068339235783787455 -0.0065587187344631689 0.0069626728693644212 -0.0013036458194255829 0.0017493487790488872 0.0024573758416981612 0.0054855958232656122 -0.0067889364633279357 -0.00089051137941005901 -0.008557066900539213 0.0033145007731754483 -6.1012945297989067e-05
leaf_weight=31 34 36 34 24 30 20 33 29 33 22 21 36 20 34 20 22 21 20 32 27 20 26 39 20 38 32
leaf_count=31 34 36 34 24 30 20 33 29 33 22 21 36 20 34 20 22 21 20 32 27 20 26 39 20 38 32
internal_value=1.6231e-11 -0.000169714 -0.00265641 9.68533e-05 0.000238016 3.58192e-05 0.00172596 0.00355571 -0.000460636 0.00118419 -0.00443955 6.46973e-05 0.00183127 -0.000915986 -0.000330234 -0.00100517 -0.000339028 0.00293032 -0.000937375 -0.00133935 -0.0022974 -0.00119448 -0.00324988 0.000392173 -0.000523808 -0.00332873
internal_weight=754 723 70 653 629 599 136 103 463 74 54 409 146 263 229 195 175 41 54 134 107 85 65 110 90 52
internal_count=754 723 70 653 629 599 136 103 463 74 54 409 146 263 229 195 175 41 54 134 107 85 65 110 90 52
is_linear=0
shrinkage=0.1


Tree=68
num_leaves=30
num_cat=0
split_feature=10 7 5 19 7 7 1 1 8 11 19 15 18 11 10 5 19 8 7 2 11 19 19 5 2 19 5 19 11
split_gain=0.0573078 0.25439 0.106485 0.0698775 0.0515796 0.131451 0.0724817 0.0872214 0.0365222 0.0662241 0.0491162 0.0687673 0.0438439 0.0446432 0.0650819 0.0588082 0.0575038 0.0479287 0.0725329 0.0591088 0.0627228 0.0778079 0.0708101 0.0607674 0.0536311 0.10699 0.0436841 0.0368129 0.0321986
threshold=155.50000000000003 26706.000000000004 14794.500000000002 1588.0000000000002 16249.000000000002 12347.000000000002 13.126770259791147 13.092135538089986 877.00000000000011 5.5000000000000009 3365.0000000000005 2.9650000000000003 68.500000000000014 14.500000000000002 5.5000000000000009 525.00000000000011 873.50000000000011 1.0000000180025095e-35 4841.0000000000009 77.803043500000015 1.5000000000000002 1147.5000000000002 1066.0000000000002 725.00000000000011 80.22010004348482 1588.0000000000002 1001.0000000000001 1364.5000000000002 7.5000000000000009
decision_type=10 8 2 8 10 10 2 2 10 8 8 2 10 10 10 2 10 10 10 2 10 10 10 2 2 10 2 10 10
left_child=2 -2 4 -3 5 6 7 8 10 -10 11 12 13 14 -1 -16 -17 18 19 -18 23 22 -22 -21 27 -26 -25 -23 -14
right_child=1 3 -4 -5 -6 -7 -8 -9 9 -11 -12 -13 28 -15 15 16 17 -19 -20 20 21 24 -24 26 25 -27 -28 -29 -30
leaf_value=-0.004360471042836535 0.012250945344567299 -0.0042683860800903422 -0.0060034393062514645 0.0034150027169380336 -0.0048810024080531943 0.0065068604172988532 0.005463523274837909 -0.0068731868127360944 -0.0059292244126221971 0.0016049327352084218 0.0049526738317217682 -0.0058459973640492538 0.00024579966987442714 0.0042004140443168579 0.005699151723058008 0.0046731843138803483 -0.0039616944520054643 -0.0041641124213735265 0.0052792867699351445 -0.00062997784116305413 -0.0012509709257366402 -0.002306174347177148 0.0062374405724846807 0.0080890073970129543 -0.0056556852161884314 0.0043449524769802452 0.0020860339221717033 -0.0081596455176953572 -0.0047273546426246571
leaf_weight=29 20 29 31 20 21 31 22 20 28 20 20 20 23 30 21 27 37 27 26 36 28 21 23 22 20 23 27 22 30
leaf_count=29 20 29 31 20 21 31 22 20 28 20 20 20 23 30 21 27 37 27 26 36 28 21 23 22 20 23 27 22 30
internal_value=1.51627e-11 0.0027469 -0.000276695 -0.00113231 -5.24333e-06 0.000156512 -0.0001705 -0.000384204 -0.000152455 -0.00278999 9.48146e-05 -0.000102659 0.000140702 0.000483482 0.000196829 0.000563945 0.000245834 -0.000137302 0.000244186 -0.000261268 0.000355469 -0.000968523 0.00212616 0.00248943 -0.00280374 -0.000306507 0.00478125 -0.00530097 -0.00256919
internal_weight=754 69 685 49 654 633 602 580 560 48 512 492 472 419 389 360 339 312 285 259 222 137 51 85 86 43 49 43 53
internal_count=754 69 685 49 654 633 602 580 560 48 512 492 472 419 389 360 339 312 285 259 222 137 51 85 86 43 49 43 53
is_linear=0
shrinkage=0.1


Tree=69
num_leaves=29
num_cat=1
split_feature=18 9 4 19 11 19 8 9 5 2 19 19 19 8 12 1 2 1 1 10 13 1 5 15 1 10 14 5
split_gain=0.0487337 0.0359042 0.03793 0.122009 0.137097 0.0862849 0.0406719 0.0420718 0.0956375 0.0599799 0.108031 0.0525439 0.122952 0.0488532 0.0691229 0.0911729 0.0612774 0.0434992 0.0650245 0.0511346 0.0896176 0.0737047 0.0564164 0.0603236 0.0654694 0.0584039 0.0333317 0.0826375
threshold=788.00000000000011 303.00000000000006 0 1699.5000000000002 22.500000000000004 2568.5000000000005 1851.5000000000002 10.500000000000002 776.50000000000011 80.235414500000005 1328.0000000000002 1853.5000000000002 1562.5000000000002 737.50000000000011 7.5000000000000009 12.964492000000002 78.42423500000001 11.00136889 11.045680000000003 67.500000000000014 19925.000000000004 12.869222000000002 770.50000000000011 2.5950000000000002 12.952307247777773 19.500000000000004 24439.500000000004 1295.5000000000002
decision_type=10 10 1 10 10 10 10 10 2 2 10 8 10 8 10 2 2 2 2 10 2 2 2 2 2 8 2 2
left_child=1 2 5 4 -4 6 7 8 11 13 -11 12 -1 14 15 16 -9 26 -19 20 22 -22 23 24 -20 -24 -15 -28
right_child=-2 -3 3 -5 -6 -7 -8 9 -10 10 -12 -13 -14 17 -16 -17 -18 18 19 -21 21 -23 25 -25 -26 -27 27 -29
leaf_value=0.0023042461463577443 0.0047497547608578491 -0.0039400562770121423 0.004054547344835905 0.0064156866632401948 -0.0061192381247464154 -0.0052598948142434836 -0.0038712643176460498 0.0016931464629513877 0.0082045362563803789 0.0014802002963663725 -0.0072604551250415473 0.004245611602583757 -0.0072758939782423641 -0.006074916305951774 0.0071589530572633859 0.0061558645311743029 -0.0060410907166078692 0.0052919176285681525 -0.00094819994909422752 -0.003584064906821228 0.0085698884423999564 0.00067080702175627716 -0.0056140730624040756 -0.0029572897047425314 0.0065588921827908894 0.00012721862191991771 0.0036226182070095096 -0.0050014015166088936
leaf_weight=37 21 24 26 36 27 33 26 21 20 26 31 26 21 20 22 20 20 23 21 39 21 27 37 24 26 34 20 25
leaf_count=37 21 24 26 36 27 33 26 21 20 26 31 26 21 20 22 20 20 23 21 39 21 27 37 24 26 34 20 25
internal_value=-7.60839e-12 -0.000136078 -7.31101e-06 0.00192319 -0.00112832 -0.000284431 -4.71976e-06 0.000174478 0.00198981 -0.000238638 -0.00327349 0.00051011 -0.00116443 0.000193828 0.0023536 0.000620517 -0.00207965 -0.000371663 0.000223269 -0.000285809 0.000391201 0.00412666 -0.000871488 0.00112175 0.00320466 -0.00286472 -0.00267817 -0.0011685
internal_weight=754 733 709 89 53 620 587 561 104 457 57 84 58 400 83 61 41 317 252 229 190 48 142 71 47 71 65 45
internal_count=754 733 709 89 53 620 587 561 104 457 57 84 58 400 83 61 41 317 252 229 190 48 142 71 47 71 65 45
cat_boundaries=0 1
cat_threshold=2
is_linear=0
shrinkage=0.1


Tree=70
num_leaves=29
num_cat=0
split_feature=1 15 5 12 2 23 8 12 10 14 9 12 15 1 14 7 7 9 2 11 10 9 14 18 1 1 15 15
split_gain=0.0455166 0.225371 0.167319 0.0971877 0.0788013 0.0707843 0.0699982 0.077502 0.0470792 0.0702477 0.077335 0.110885 0.0989924 0.0961454 0.0703952 0.146571 0.080724 0.0457259 0.0683539 0.132656 0.128207 0.0549794 0.045401 0.0436679 0.0367873 0.0329387 0.0362408 0.0256369
threshold=12.57098 0.78500000000000014 29077.000000000004 16.500000000000004 80.068869500000019 1.0000000180025095e-35 124.00000000000001 1.0000000180025095e-35 133.50000000000003 142079.00000000003 76.000000000000014 1.0000000180025095e-35 2.3650000000000007 13.033109500000002 15837.500000000002 1604.5000000000002 1317.5000000000002 11.500000000000002 80.252612500000012 9.5000000000000018 32.500000000000007 18.500000000000004 25993.000000000004 22.500000000000004 12.970436500000002 10.824304700000001 2.4050000000000007 2.5950000000000002
decision_type=2 2 2 8 2 2 10 10 10 2 8 8 2 2 2 8 10 10 2 10 10 10 2 10 2 2 2 2
left_child=1 -1 8 4 5 6 7 23 9 10 11 12 -2 24 16 -16 -13 -17 19 20 21 -19 -23 -3 -12 -9 -27 -28
right_child=2 3 -4 -5 -6 -7 -8 25 -10 -11 13 14 -14 -15 15 17 -18 18 -20 -21 -22 22 -24 -25 -26 26 27 -29
leaf_value=0.010083377614617348 -0.0082142005017136824 0.0069308619014918811 -0.0089056262918545508 -0.0063881435564586107 0.0062712684455935074 -0.0039260287187062202 0.0060857132441647678 0.0016462731658695982 0.0033595010009594265 -0.0059586539017883224 0.0028766382763569711 0.00047027008840814236 -0.00046497115711190422 0.0074090760101431195 -0.0077539446450268423 0.004543885004452684 0.0083556539542041716 -0.00225937100495362 -0.0043774996178619794 0.006550877786551914 -0.0074026855349075054 0.006764810169115662 0.00037255684006959203 0.00062370103095536647 -0.0031159722695260177 -0.0058911406064660037 0.00099673634062388112 -0.0035090929140215335
leaf_weight=25 34 21 23 21 23 36 23 26 35 22 20 37 32 28 26 22 20 31 33 30 24 20 25 23 21 22 28 23
leaf_count=25 34 21 23 21 23 36 23 26 35 22 20 37 32 28 26 22 20 31 33 30 24 20 25 23 21 22 28 23
internal_value=1.14437e-11 0.00103726 -0.000581983 0.00011794 0.000725174 9.36885e-05 0.000965434 0.000141893 -0.000165801 -0.00045612 -0.000155733 -0.000785365 -0.004457 0.00289205 0.000118843 -0.000723522 0.00323707 0.000264538 -0.000313043 0.000718704 -0.00103095 0.000981179 0.00321356 0.00363394 -0.000192748 -0.00141013 -0.00249871 -0.0010353
internal_weight=754 271 483 246 225 202 166 143 460 425 403 334 66 69 268 211 57 185 163 130 100 76 45 44 41 99 73 51
internal_count=754 271 483 246 225 202 166 143 460 425 403 334 66 69 268 211 57 185 163 130 100 76 45 44 41 99 73 51
is_linear=0
shrinkage=0.1


Tree=71
num_leaves=28
num_cat=0
split_feature=5 7 15 15 8 19 12 7 19 11 7 18 8 19 2 19 10 9 14 7 15 2 19 19 1 19 19
split_gain=0.0508409 0.218337 0.0603281 0.0355405 0.0508229 0.0523064 0.0488787 0.108253 0.0777396 0.0734731 0.0439927 0.100707 0.0695879 0.0473669 0.0471198 0.0711644 0.0655385 0.0849643 0.0472334 0.0742522 0.0470908 0.0370473 0.0634416 0.0611712 0.029837 0.0226644 0.021719
threshold=22207.000000000004 24735.000000000004 0.95500000000000007 1.3300000000000003 124.00000000000001 1328.0000000000002 9.5000000000000018 12776.000000000002 1699.5000000000002 22.500000000000004 6295.0000000000009 51.500000000000007 877.00000000000011 1110.0000000000002 77.011780000000002 2206.5000000000005 7.5000000000000009 10.500000000000002 15789.000000000002 1519.0000000000002 2.5350000000000006 80.21136700000001 1110.0000000000002 1012.5000000000001 13.042846500000001 1223.5000000000002 1581.0000000000002
decision_type=2 10 2 2 8 8 10 10 10 10 8 10 8 8 2 10 8 8 2 10 2 2 10 10 2 10 8
left_child=2 -2 -1 -4 5 -5 7 10 9 -8 11 12 -6 -12 -14 16 20 -18 -19 -20 -16 22 23 -21 -23 -24 -15
right_child=1 -3 3 4 6 -7 8 -9 -10 -11 13 -13 14 26 15 -17 17 18 19 21 -22 24 25 -25 -26 -27 -28
leaf_value=-0.0040985921998263194 0.011213473095558583 -0.0021056552010122686 0.0029270506726625642 0.00018916095917423565 0.0051912523680366579 -0.005539688888444182 -0.0013954036727227505 0.007335878370593657 0.002841848676048574 -0.0091217823559418317 -0.0060365138829431755 0.0061186743046467507 0.0033846939826617018 0.0018595342885501767 -0.0073951396066695464 -0.0064154236263129858 0.0048688491641466197 -0.0038610882605567124 0.0054334222610729439 -0.0017934746430803312 -0.00082501214928925042 0.0037967614524451829 -0.0062042758981697265 0.0050709759239994344 -0.0012239087303169073 -0.0020956220651238131 -0.0026936862710863355
leaf_weight=38 20 32 39 30 25 34 32 22 21 20 22 30 32 22 20 20 36 33 24 34 24 29 25 21 20 29 20
leaf_count=38 20 32 39 30 25 34 32 22 21 20 22 30 32 22 20 20 36 33 24 34 24 29 25 21 20 29 20
internal_value=-1.62816e-11 0.00301709 -0.000223488 -1.71989e-06 -0.000184475 -0.00285429 0.000120103 0.000481122 -0.00229328 -0.00436709 0.000157507 0.000545187 9.57126e-05 -0.00227761 -0.000271401 -0.000642814 -0.000251451 0.00037261 -0.000380249 0.000250893 -0.00381143 -0.000536327 -0.00156301 0.000827497 0.00174751 -0.00399778 -0.000308666
internal_weight=754 52 702 664 625 64 561 488 73 52 466 402 372 64 347 315 295 251 215 182 44 158 109 55 49 54 42
internal_count=754 52 702 664 625 64 561 488 73 52 466 402 372 64 347 315 295 251 215 182 44 158 109 55 49 54 42
is_linear=0
shrinkage=0.1


Tree=72
num_leaves=31
num_cat=0
split_feature=18 5 5 8 5 2 19 2 14 19 7 5 15 5 7 2 2 1 5 9 2 18 11 11 2 11 2 12 11 10
split_gain=0.0525883 0.0356322 0.03584 0.0405225 0.101188 0.125821 0.0903921 0.0855989 0.0728929 0.0629627 0.0462157 0.0400619 0.0362357 0.0256054 0.0401134 0.0626278 0.0522975 0.0487963 0.0280934 0.0427704 0.050757 0.0375571 0.0299369 0.0722047 0.101426 0.0355694 0.0438485 0.0601414 0.0243685 0.0107081
threshold=788.00000000000011 27090.000000000004 17942.000000000004 4994.0000000000009 4718.5000000000009 77.025448000000026 3251.0000000000005 80.251504000000011 32861.000000000007 1169.5000000000002 1324.5000000000002 2426.0000000000005 2.9950000000000006 547.00000000000011 1564.0000000000002 80.258669000000012 80.218180000000004 12.581869900000003 4648.5000000000009 65.500000000000014 76.992128000000008 16.500000000000004 12.500000000000002 7.5000000000000009 80.231899500000011 3.5000000000000004 80.149018000000012 2.5000000000000004 10.500000000000002 114.50000000000001
decision_type=10 2 2 8 2 2 8 2 2 10 10 2 2 2 10 2 2 2 2 10 2 8 10 10 2 10 2 8 10 10
left_child=1 2 3 4 5 -1 12 8 10 -6 -7 -10 13 -5 16 18 17 -15 19 20 -16 -22 23 24 25 26 27 -23 -20 -11
right_child=-2 -3 -4 6 9 7 -8 -9 11 29 -12 -13 -14 14 15 -17 -18 -19 28 -21 21 22 -24 -25 -26 -27 -28 -29 -30 -31
leaf_value=0.0074712509848177434 0.0049340229660932294 -0.0041049866640770977 0.0040510007579411776 0.0032311479245046419 -0.0093538178503513349 0.0002028841776528249 0.0069441290432587267 -0.0070667120115831504 -0.0055223665540464796 -0.0041181538812816148 0.0058823034977135459 0.00027577157174660401 -0.0033448016993573 -0.0037757763134626055 0.0045275918599218135 0.0056123174322040186 -0.0063619349786313258 0.0022302649765005038 0.00020423317793756722 -0.0038669095198201834 -0.0039616978096698096 -0.0049333392870207528 0.0029742082468036451 -0.0055145084270802535 -0.0054855929606634638 0.0046869888826603853 0.0034003152155919988 0.0023800359742546626 0.0051406788965687161 -0.00084582680516177801
leaf_weight=20 21 22 21 28 20 38 20 20 26 20 23 22 29 24 25 23 20 31 20 28 24 23 33 23 23 31 34 22 20 20
leaf_count=20 21 22 21 28 20 38 20 20 26 20 23 22 29 24 25 23 20 31 20 28 24 23 33 23 23 31 34 22 20 20
internal_value=8.00259e-12 -0.000141357 -1.87128e-05 -0.000142574 -0.00130515 9.11329e-05 0.000362581 -0.00105307 5.03488e-05 -0.0047726 0.0023443 -0.00286489 7.70473e-05 0.000306755 0.000104074 0.000579833 -0.00198292 -0.000390553 0.000201574 -0.000169987 0.000264945 -0.000235365 0.00023782 -0.000341032 0.000553629 0.00181638 0.000689933 -0.00135791 0.00267246 -0.00248199
internal_weight=754 733 711 690 209 149 481 129 109 60 61 48 461 432 404 329 75 55 306 266 238 213 189 156 133 110 79 45 40 40
internal_count=754 733 711 690 209 149 481 129 109 60 61 48 461 432 404 329 75 55 306 266 238 213 189 156 133 110 79 45 40 40
is_linear=0
shrinkage=0.1


Tree=73
num_leaves=29
num_cat=0
split_feature=10 1 5 15 19 10 9 5 5 7 15 9 5 1 10 5 13 19 5 19 2 1 11 9 5 12 2 1
split_gain=0.0485587 0.227817 0.0910408 0.0798129 0.0411983 0.0973524 0.0403045 0.116349 0.0312416 0.0581483 0.0766805 0.0338555 0.0386554 0.0476951 0.0342199 0.0747747 0.0665134 0.0622904 0.0877043 0.0759033 0.057645 0.0544636 0.0640492 0.0540071 0.10146 0.0453324 0.0425295 0.0424963
threshold=155.50000000000003 12.540565000000003 14794.500000000002 2.7350000000000008 2758.5000000000005 104.50000000000001 181.00000000000003 1449.5000000000002 4718.5000000000009 9145.5000000000018 2.9650000000000003 68.500000000000014 2395.0000000000005 10.095360295000001 13.500000000000002 725.00000000000011 9632.0000000000018 1113.5000000000002 896.50000000000011 1207.0000000000002 80.229394500000026 12.975782500000003 1.5000000000000002 19.500000000000004 579.00000000000011 2.5000000000000004 80.167737500000015 11.322777000000002
decision_type=10 2 2 2 10 10 8 2 2 8 2 10 2 2 8 2 2 10 2 10 2 2 10 10 2 8 2 2
left_child=2 -2 4 -3 5 6 8 -8 9 10 11 12 13 -1 17 -16 -17 23 19 -19 26 22 -18 24 -15 -23 -21 -24
right_child=1 3 -4 -5 -6 -7 7 -9 -10 -11 -12 -13 -14 14 15 16 21 18 -20 20 -22 25 27 -25 -26 -27 -28 -29
leaf_value=0.0045506861637642773 0.010927124964919958 -0.0052684281822294003 -0.0055498800307114222 0.0029901268510994588 0.0037491239075149807 -0.005375207412768813 -0.0014200236648321152 0.0079213776198836672 -0.0030229693704417774 0.004978705882904646 -0.0062300368724390867 -0.0036444032372420897 0.0035826784671481818 0.00034196351771242917 -0.0059272913894216931 0.0036821156211028043 0.0032713163840992657 -0.0074391334806568933 0.0053172774700215092 0.00047069053165614604 0.0028725618741009384 -0.0061905119117000142 -0.005702977898763493 -0.00032039244693738447 0.010294080918122617 -0.0004411741353881856 -0.0059008365645158017 0.00042832697956607895
leaf_weight=22 22 25 31 22 28 34 30 24 35 23 20 23 33 20 28 33 39 20 20 20 30 32 20 27 21 24 22 26
leaf_count=22 22 25 31 22 28 34 30 24 35 23 20 23 33 20 28 33 39 20 20 20 30 32 20 27 21 24 22 26
internal_value=-4.75253e-13 0.00252853 -0.000254699 -0.00140272 -3.70421e-06 -0.000171562 0.000127296 0.00273171 -0.000134114 6.68998e-05 -0.000168458 9.50894e-05 0.000291905 2.31039e-05 -0.000237647 -0.00113109 -0.00035929 0.000764997 -0.000684508 -0.00198924 -0.000475385 -0.00130515 0.000290097 0.00315242 0.00543939 -0.00372651 -0.00286678 -0.00223746
internal_weight=754 69 685 47 654 626 592 54 538 503 480 460 437 404 382 202 174 180 112 92 72 141 85 68 41 56 42 46
internal_count=754 69 685 47 654 626 592 54 538 503 480 460 437 404 382 202 174 180 112 92 72 141 85 68 41 56 42 46
is_linear=0
shrinkage=0.1


Tree=74
num_leaves=30
num_cat=2
split_feature=18 7 3 2 8 14 19 19 7 19 1 2 0 15 14 18 10 19 11 10 10 5 1 1 1 1 1 10 9
split_gain=0.0429848 0.0319031 0.0960982 0.0608095 0.052183 0.107382 0.0818051 0.0789095 0.0620927 0.0427171 0.0820313 0.057394 0.0519837 0.0823382 0.0469426 0.0834264 0.113492 0.0583138 0.0321378 0.0955432 0.103496 0.129828 0.0864097 0.0461626 0.0433721 0.0511319 0.0353878 0.0346789 0.0238945
threshold=788.00000000000011 945.00000000000011 0 80.223304000000013 415.50000000000006 161391.50000000003 2836.5000000000005 811.50000000000011 24735.000000000004 889.00000000000011 12.892115000000002 76.944487000000009 1 2.9950000000000006 155122.50000000003 56.500000000000007 26.500000000000004 1223.5000000000002 6.5000000000000009 7.5000000000000009 11.500000000000002 603.00000000000011 13.050040150000003 13.059226500000003 12.992141500000001 12.57098 12.970436500000002 17.500000000000004 88.500000000000014
decision_type=10 10 1 2 10 2 10 8 10 10 2 2 9 2 2 10 10 10 10 8 8 2 2 2 2 2 2 10 10
left_child=1 2 3 -1 6 -6 7 -3 -7 10 -9 -11 14 18 15 16 17 -13 19 -14 21 -21 26 24 25 -22 -20 -26 -17
right_child=-2 4 -4 -5 5 8 -8 9 -10 11 -12 12 13 -15 -16 28 -18 -19 22 20 23 -23 -24 -25 27 -27 -28 -29 -30
leaf_value=-0.0025302839552750812 0.0044608129141297899 0.0052616274947750166 -0.0074665103877044241 0.004299333412200213 -0.0080829137652788478 0.0039494907523950802 0.0066873334161937237 0.0010581661513159898 -0.0034815767896361652 -0.0038639598864723341 -0.0077907110610976812 -0.0026676625180989504 -0.0070770191168412575 -0.0060443771760100911 0.0063560799028809095 -0.0048417651047930124 0.0097193775419145839 0.0036558341088571721 0.0020342694332274344 9.2655430886555805e-05 0.0002195009829991154 0.010303214656305501 0.0070402290024187261 -0.0051394281387329103 -0.001413189498707652 -0.0055356611211139425 -0.0026894449473133888 0.0039625933580100543 4.6439048019237817e-05
leaf_weight=32 21 29 23 22 23 23 20 22 22 33 20 25 20 23 22 20 20 35 35 33 38 20 23 25 20 26 29 30 20
leaf_count=32 21 29 23 22 23 23 20 22 22 33 20 25 20 23 22 20 20 35 35 33 38 20 23 25 20 26 29 30 20
internal_value=2.42307e-11 -0.0001278 -0.00205342 0.000252153 9.82263e-05 -0.00252446 0.00040153 0.000180199 0.000316524 -9.31985e-05 -0.00315558 0.000165595 0.000452179 -0.00027038 0.0019709 0.0013312 0.00319563 0.00102104 0.000164731 -0.000499417 0.00018575 0.0039457 0.00178311 -0.0012479 -0.000394492 -0.00211853 -0.000106164 0.00181228 -0.00239766
internal_weight=754 733 77 54 656 68 588 568 45 539 42 497 464 322 142 120 80 60 299 212 192 53 87 139 114 64 64 50 40
internal_count=754 733 77 54 656 68 588 568 45 539 42 497 464 322 142 120 80 60 299 212 192 53 87 139 114 64 64 50 40
cat_boundaries=0 1 2
cat_threshold=1 581
is_linear=0
shrinkage=0.1


Tree=75
num_leaves=30
num_cat=1
split_feature=10 1 15 15 11 15 14 5 19 19 14 14 19 18 11 0 2 1 19 10 1 19 10 1 9 9 11 18 19
split_gain=0.0356398 0.181727 0.0846954 0.0688266 0.0612623 0.0309252 0.0415477 0.116156 0.0614082 0.0337366 0.0254161 0.0598561 0.0509238 0.037375 0.0295312 0.0494204 0.168508 0.0637614 0.0474763 0.103835 0.0588512 0.0754464 0.0440166 0.0535756 0.0421986 0.0381305 0.0317688 0.0236353 0.00826568
threshold=155.50000000000003 12.540565000000003 0.67500000000000016 2.7350000000000008 60.500000000000007 3.2450000000000006 127423.50000000001 4231.0000000000009 1176.5000000000002 2414.0000000000005 68608.000000000015 56046.500000000007 1216.0000000000002 45.500000000000007 14.500000000000002 0 80.091065 11.00136889 1423.0000000000002 7.5000000000000009 12.984874494030718 1190.0000000000002 10.500000000000002 13.041066500000001 12.500000000000002 30.500000000000004 2.5000000000000004 20.500000000000004 1043.5000000000002
decision_type=10 2 2 2 8 2 2 2 10 10 2 2 8 10 10 9 2 2 8 10 2 10 10 2 10 10 10 10 10
left_child=2 -2 -1 -3 5 6 7 9 -8 10 11 13 -12 14 15 16 26 -17 19 -18 -21 28 -20 -24 -19 27 -4 -26 -22
right_child=1 3 4 -5 -6 -7 8 -9 -10 -11 12 -13 -14 -15 -16 17 18 24 22 20 21 -23 23 -25 25 -27 -28 -29 -30
leaf_value=-0.0066300105769187215 0.0096672794950956667 -0.0049347154353745282 0.0096036640793317942 0.0027344058691100639 -0.0052143230737948963 0.0032870474209388094 -0.0070578899700194601 0.0067670750001875253 0.00019715097535351691 -0.004106385060003959 -0.0051670719112735242 0.0050794933047145609 0.00092767794809207839 -0.0035553375086574642 0.0034204989139522825 -0.0066542567153062143 -0.0079300761932418456 -0.0039319151064514052 0.0040853839634157922 -0.0036961146672679621 2.083081752061844e-05 0.0052173576441903909 0.0028814965652094945 -0.0033085910667633189 0.0041518038138747219 -0.0024968064945334427 0.0040347860327788762 -0.00022820504488084805 -0.0028541788470465689
leaf_weight=20 22 25 20 22 22 30 20 26 28 20 26 25 29 27 28 21 21 28 38 33 20 30 27 29 28 26 21 22 20
leaf_count=20 22 25 20 22 22 30 20 26 28 20 26 25 29 27 28 21 21 28 38 33 20 30 27 29 28 26 21 22 20
internal_value=-6.11026e-12 0.00216622 -0.000218203 -0.00134491 -2.53669e-05 0.000152171 -1.24845e-06 0.000238712 -0.00282578 -7.61998e-05 7.9106e-05 0.000320037 -0.00195348 4.89975e-05 0.000285204 5.65887e-05 0.000837361 -0.00150756 -0.000236485 -0.00152137 -0.000214738 0.00142648 0.00145847 -0.000324085 -0.000613275 0.000609382 0.00675131 0.0022246 -0.00141667
internal_weight=754 69 685 47 665 643 613 565 48 539 519 464 55 439 412 384 259 125 218 124 103 70 94 56 104 76 41 50 40
internal_count=754 69 685 47 665 643 613 565 48 539 519 464 55 439 412 384 259 125 218 124 103 70 94 56 104 76 41 50 40
cat_boundaries=0 1
cat_threshold=66050
is_linear=0
shrinkage=0.1


Tree=76
num_leaves=29
num_cat=0
split_feature=5 7 15 14 15 9 1 7 18 8 19 18 1 1 14 7 5 19 7 7 19 11 19 10 19 19 1 18
split_gain=0.0367083 0.183783 0.0456809 0.0993405 0.0711409 0.0393462 0.0360891 0.0880889 0.117539 0.0993482 0.0576455 0.0604503 0.0628454 0.0887109 0.0499812 0.093464 0.0930941 0.0390902 0.0786613 0.10819 0.0556863 0.0624273 0.0408289 0.0420476 0.0352693 0.0485781 0.0364767 0.0230095
threshold=22207.000000000004 24735.000000000004 1.0350000000000004 52015.000000000007 1.3300000000000003 9.5000000000000018 13.028234500000002 1507.0000000000002 75.500000000000014 11893.500000000002 506.50000000000006 167.00000000000003 13.013647324621598 12.992141500000001 38093.000000000007 2089.0000000000005 710.50000000000011 1118.5000000000002 1355.5000000000002 1588.0000000000002 1012.5000000000001 1.5000000000000002 1216.0000000000002 21.500000000000004 1305.5000000000002 1372.0000000000002 12.562285000000001 35.500000000000007
decision_type=2 10 2 2 2 8 2 8 10 8 10 10 2 2 2 10 2 10 10 10 10 10 8 10 10 10 2 10
left_child=2 -2 3 -1 -4 -6 10 9 14 -8 -7 12 13 17 15 16 -9 18 -12 -20 21 -21 23 -19 -24 -26 27 -27
right_child=1 -3 4 -5 5 6 7 8 -10 -11 11 -13 -14 -15 -16 -17 -18 22 19 20 -22 -23 24 -25 25 26 -28 -29
leaf_value=-0.0079792358143174133 0.010083556447061711 -0.0021362491417676213 0.0059208021592348815 0.00053013147621908607 -0.0038016634727162978 -0.0043003102686877048 0.01009210427069948 0.0022541317669674756 0.0066905151163651191 0.00036495980762300036 0.0068417954057539733 -0.0046758373811220137 -0.0043144143435971012 0.0059017220640490801 -0.0041976596240718396 0.0043181208493024313 -0.0069836287138362726 -0.0067175324562759632 -0.0063646931643597778 0.0034361582432981008 0.0048900573082002151 -0.0032082638853499971 0.0036163714916809747 -0.00084200532532875151 -0.0051198285340797161 0.0012289723891410092 0.0035342869851738216 -0.003261096339672804
leaf_weight=23 20 32 20 34 28 36 21 20 22 21 22 27 28 29 39 32 24 21 20 26 35 31 23 29 20 21 25 25
leaf_count=23 20 32 20 34 28 36 21 20 22 21 22 27 28 29 39 32 24 21 20 26 35 31 23 29 20 21 25 25
internal_value=-8.53236e-12 0.00256368 -0.000189902 -0.00290347 4.9902e-05 -0.000137967 3.38649e-05 0.00122199 -6.29182e-06 0.00522853 -0.000474926 -0.000114419 0.000232506 0.000621845 -0.00128742 0.000205992 -0.00278465 0.000108032 0.00137509 0.000301269 0.00175039 -0.000177475 -0.000927245 -0.00330973 0.000117703 -0.000766576 0.000459693 -0.00121128
internal_weight=754 52 702 57 645 625 597 179 137 42 418 382 355 327 115 76 44 298 134 112 92 57 164 50 114 91 71 46
internal_count=754 52 702 57 645 625 597 179 137 42 418 382 355 327 115 76 44 298 134 112 92 57 164 50 114 91 71 46
is_linear=0
shrinkage=0.1


Tree=77
num_leaves=31
num_cat=0
split_feature=18 5 5 8 5 2 11 19 15 2 18 19 7 5 15 7 2 1 13 7 11 1 15 19 1 2 19 19 18 5
split_gain=0.0372306 0.0342751 0.0318853 0.0336982 0.0731351 0.105203 0.102958 0.056502 0.0524273 0.0495028 0.0358374 0.0685646 0.030024 0.0308347 0.0492538 0.0291396 0.133915 0.127294 0.0536933 0.071373 0.0572051 0.0683749 0.0523519 0.0326541 0.0646482 0.0321194 0.0305145 0.0341658 0.0116126 0.00707919
threshold=788.00000000000011 27090.000000000004 17942.000000000004 4994.0000000000009 4648.5000000000009 80.244343999999998 6.5000000000000009 3251.0000000000005 2.1850000000000005 80.120030000000014 28.500000000000004 1141.5000000000002 1235.0000000000002 6540.5000000000009 2.9950000000000006 1564.0000000000002 80.21967715000001 12.581869900000003 7631.0000000000009 1860.5000000000002 1.0000000180025095e-35 12.992141500000001 2.5750000000000006 1635.0000000000002 13.009139500000002 80.207133975273891 1057.5000000000002 1269.5000000000002 33.500000000000007 1537.0000000000002
decision_type=10 2 2 8 2 2 10 8 2 2 10 10 8 2 2 10 2 2 2 10 8 2 2 10 2 2 10 10 10 2
left_child=1 2 3 4 5 6 10 12 -6 -8 11 -1 -5 14 15 16 17 -14 25 -20 21 22 -21 24 26 -17 -22 28 -28 -26
right_child=-2 -3 -4 7 8 -7 9 -9 -10 -11 -12 -13 13 -15 -16 18 -18 -19 19 20 23 -23 -24 -25 29 -27 27 -29 -30 -31
leaf_value=-0.0060778485987192168 0.0041515168733894823 -0.0040063527074049822 0.0038399714400016126 0.003293007810134441 -0.0015847967277901869 -0.005870489889755845 0.0086606075676778967 0.0055486692627891897 -0.0074777974603840933 0.001872824669011276 0.0018289908394217493 0.0014175978408235571 -0.0053972796758725537 0.0035616292993919082 -0.0044935543896057291 0.0010196454403921962 -0.0087748003401793544 0.0044508792609641596 -0.00582086009439081 -0.0017402963165295661 0.002615942472987103 0.0075481633345286063 0.0046853922529234773 0.0022361973857958658 -0.003310421399179508 0.0066870437908255562 -0.0043211407754348502 0.0023626678646542134 -0.0011594668935196331 -0.0059099229221465065
leaf_weight=26 21 22 21 28 36 25 21 20 26 22 30 23 21 22 26 20 20 35 20 32 33 21 21 33 22 20 21 20 26 20
leaf_count=26 21 22 21 28 36 25 21 20 26 22 30 23 21 22 26 20 20 35 20 32 33 21 21 33 22 20 21 20 26 20
internal_value=-1.38354e-11 -0.000118938 1.34725e-06 -0.00011548 -0.00117566 3.92045e-05 0.00125021 0.000345178 -0.00405606 0.00518779 -0.000893033 -0.00255958 0.00011943 -8.57893e-05 -0.000281028 3.45405e-06 -0.00175076 0.00075782 0.000434912 -7.34047e-05 0.000388238 0.00271912 0.000805731 -0.000597393 -0.0012559 0.00385334 0.000126894 -0.00109906 -0.00257213 -0.00454828
internal_weight=754 733 711 690 209 147 122 481 62 43 79 49 461 433 411 385 76 56 309 269 249 74 53 175 142 40 100 67 47 42
internal_count=754 733 711 690 209 147 122 481 62 43 79 49 461 433 411 385 76 56 309 269 249 74 53 175 142 40 100 67 47 42
is_linear=0
shrinkage=0.1


Tree=78
num_leaves=29
num_cat=0
split_feature=10 7 5 18 8 19 5 19 19 2 15 8 10 11 7 5 19 15 7 9 15 5 2 10 1 1 1 7
split_gain=0.0321073 0.151059 0.0772526 0.0504369 0.0386641 0.060949 0.0534388 0.0253169 0.115259 0.0681968 0.0591307 0.0452427 0.0401243 0.0975393 0.0753869 0.0355666 0.0345804 0.0389421 0.0795697 0.0329382 0.0386238 0.0390144 0.0308489 0.0901541 0.0301506 0.0968014 0.0806698 0.0101592
threshold=155.50000000000003 26706.000000000004 14794.500000000002 516.00000000000011 877.00000000000011 3659.5000000000005 1380.5000000000002 1328.0000000000002 1364.5000000000002 80.254298500000019 3.0700000000000003 27.000000000000004 31.500000000000004 5.5000000000000009 2453.0000000000005 1431.5000000000002 1216.0000000000002 1.9850000000000001 1355.5000000000002 34.500000000000007 2.5650000000000004 2429.0000000000005 80.172204500000007 12.500000000000002 12.535065000000001 13.010958500000003 13.047284902254363 2860.0000000000005
decision_type=10 8 2 10 10 8 2 10 10 2 2 10 10 10 10 2 10 2 10 10 2 2 2 10 2 2 2 10
left_child=2 -2 4 -3 5 7 -6 9 -9 11 12 16 14 -14 24 -16 17 -1 -19 22 -21 -22 23 -20 -10 -26 -27 -18
right_child=1 3 -4 -5 6 -7 -8 8 10 -11 -12 -13 13 -15 15 -17 27 18 19 20 21 -23 -24 -25 25 26 -28 -29
leaf_value=-0.0038732890753696361 0.0093797796938451944 0.0026210326193408535 -0.0050848535247026913 -0.0038292551137231014 -0.0060559469352786744 0.0054229941769418401 0.00022931023230475766 -0.0079944303864613181 -0.0035267321525939872 0.0062811115966178478 -0.0052471469284500931 0.004746587272910845 -0.0064110539108514792 0.0024224882554262877 0.0077797664928116982 0.0019597189146138374 0.0042529993411153559 0.0051653931777064614 0.0035135445985862799 -0.0021091231502342613 0.0042281915019783704 -0.00080043771131723014 -0.0041776178876320137 -0.0040260800519692046 0.0055284262618183026 -0.0064020031025971884 0.001284113442428255 0.0011038241614144118
leaf_weight=30 20 22 31 27 24 22 31 20 21 20 20 21 25 25 21 21 20 26 29 34 36 27 39 35 28 22 36 21
leaf_count=30 20 22 31 27 24 22 31 20 21 20 20 21 25 25 21 21 20 26 29 34 36 27 39 35 28 22 36 21
internal_value=5.2688e-13 0.00205606 -0.000207107 -0.000933208 2.4101e-05 0.000257089 -0.00251335 6.01218e-05 -0.000727606 0.000617125 -6.39695e-05 0.000260899 0.000456953 -0.00199428 0.00127952 0.00486974 -5.62706e-05 -0.000488096 -3.87345e-05 -0.000715271 0.000607143 0.00207306 -0.00196065 -0.000609688 -0.000129733 0.000699767 -0.00163131 0.00264001
internal_weight=754 69 685 49 654 599 55 577 239 338 219 318 199 50 149 42 297 256 226 200 97 63 103 64 107 86 58 41
internal_count=754 69 685 49 654 599 55 577 239 338 219 318 199 50 149 42 297 256 226 200 97 63 103 64 107 86 58 41
is_linear=0
shrinkage=0.1


Tree=79
num_leaves=28
num_cat=0
split_feature=18 8 10 8 5 8 8 7 15 2 10 19 19 5 9 1 2 11 19 10 18 23 1 14 10 2 5
split_gain=0.0344502 0.0321679 0.0354581 0.140665 0.0515716 0.026092 0.0380972 0.0296123 0.0433376 0.061955 0.04366 0.0477256 0.0520656 0.0473471 0.0432113 0.0299247 0.0242167 0.119835 0.0558312 0.0370466 0.032876 0.0350308 0.0160704 0.0337812 0.0139535 0.0258741 0.00890385
threshold=788.00000000000011 4173.0000000000009 153.00000000000003 2227.5000000000005 17143.000000000004 877.00000000000011 381.50000000000006 1189.5000000000002 1.9650000000000001 80.105820500000007 8.5000000000000018 1437.5000000000002 1075.5000000000002 572.00000000000011 28.500000000000004 13.103876553500003 80.228801500000017 2.5000000000000004 1741.5000000000002 12.500000000000002 20.500000000000004 1.0000000180025095e-35 11.002584955000001 38891.000000000007 44.500000000000007 80.110110000000006 1270.5000000000002
decision_type=10 10 10 8 2 10 10 8 2 2 8 10 10 2 10 2 2 10 8 10 10 2 2 2 10 2 2
left_child=1 2 4 -4 5 6 7 -1 9 14 11 12 -10 -12 -9 16 18 -18 19 -15 -21 22 -22 -24 -25 -26 -7
right_child=-2 -3 3 -5 -6 26 -8 8 10 -11 13 -13 -14 15 -16 -17 17 -19 -20 20 21 -23 23 24 25 -27 -28
leaf_value=-0.002944147438657555 0.0039934901564958551 -0.0038804344197904527 -0.0024098448416528602 0.008945452054031194 -0.0046352040097117422 -0.0038846819617208983 0.0033624880222071496 0.0030035335655239498 0.00380710107496097 0.0058952819905243817 -0.0050048764835557216 0.0061248662305020156 -0.0032346513033622787 0.0029109263326972724 -0.0034188597369939088 -0.0039983432141265703 -0.0029972599948450808 0.0052595789221903458 -0.0047661020969306791 -0.0033598917030862405 0.0016228696636470228 0.0038278906905491444 -0.0036437899423097928 0.0017711055443699782 0.00088619906917954691 -0.0030200858205595674 -0.00093648723326623441
leaf_weight=33 21 22 24 20 25 21 35 22 21 30 23 21 21 36 20 21 32 39 28 35 29 21 35 30 39 30 20
leaf_count=33 21 22 24 20 25 21 35 22 21 30 23 21 21 36 20 21 32 39 28 35 29 21 35 30 39 30 20
internal_value=-9.36804e-12 -0.000114411 2.1185e-06 0.00275165 -0.00017926 -5.74207e-06 0.000160768 -3.72181e-05 0.000142761 0.00242443 -0.000213596 0.00223244 0.000286225 -0.000600782 -5.4749e-05 -0.000330664 -0.00011309 0.00153819 -0.000527368 -6.19382e-05 -0.000550628 -1.62574e-05 -0.000511516 -0.000973435 -2.93701e-05 -0.000812186 -0.00244654
internal_weight=754 733 711 44 667 642 601 566 533 72 461 63 42 398 42 375 354 71 283 255 219 184 163 134 99 69 41
internal_count=754 733 711 44 667 642 601 566 533 72 461 63 42 398 42 375 354 71 283 255 219 184 163 134 99 69 41
is_linear=0
shrinkage=0.1


Tree=80
num_leaves=28
num_cat=0
split_feature=15 11 23 15 1 15 1 19 15 1 2 15 19 9 15 15 9 12 2 19 9 7 15 1 15 19 19
split_gain=0.032289 0.0258745 0.0242593 0.108934 0.10733 0.0733231 0.0574202 0.0588791 0.0515549 0.0699073 0.0507511 0.0725344 0.0816858 0.0408799 0.0405072 0.0401863 0.0685002 0.0520519 0.0497392 0.0417358 0.0367476 0.0327015 0.0306268 0.0288854 0.043841 0.0237256 0.0181956
threshold=0.69500000000000006 73.500000000000014 1.0000000180025095e-35 2.3950000000000005 12.541965000000003 2.1150000000000007 10.756438000000001 811.50000000000011 3.1350000000000002 13.028234500000002 80.236799500000018 1.9850000000000001 1166.0000000000002 169.50000000000003 2.2350000000000008 2.5550000000000002 19.500000000000004 1.5000000000000002 80.243415000000013 1427.5000000000002 37.500000000000007 1907.5000000000002 2.4850000000000008 13.024322200000002 1.1250000000000002 1059.5000000000002 1617.0000000000002
decision_type=2 8 2 2 2 2 2 8 2 2 2 2 8 8 2 2 10 10 2 10 10 10 2 2 2 10 10
left_child=-1 2 5 -4 -5 10 -7 -8 13 -10 11 12 -2 14 -9 16 17 -16 19 20 21 -17 -18 24 -14 -22 -21
right_child=1 -3 3 4 -6 6 7 8 9 -11 -12 -13 23 -15 15 18 22 -19 -20 26 25 -23 -24 -25 -26 -27 -28
leaf_value=0.0031603096338409572 -0.0037189025237845878 -0.0029619391744716036 -0.0056165841254895849 -0.0033633122239261869 0.0056513549410738056 0.0045139921321110292 0.0044288897620780128 -0.0054828058989369313 -0.0015178413074463607 0.0062112553468482061 -0.0020575186255602884 0.0065532855462987682 0.0044187144578124093 -0.0053249893002212051 0.00072123937279684476 -0.0011694602140535912 -0.0044863325543701652 0.0071284890707050052 -0.005065355322855924 0.0039318347908556461 0.0026114892103664931 -0.0057312603066252037 0.0008122118655592204 0.0060181933963163337 -0.0010832084043483649 -0.0015767622220951843 -0.00011489212082233279
leaf_weight=31 24 31 38 25 28 22 21 20 25 22 26 37 30 25 32 30 24 21 35 20 21 33 20 22 28 38 25
leaf_count=31 24 31 38 25 28 22 21 20 25 22 26 37 30 25 32 30 24 21 35 20 21 33 20 22 28 38 25
internal_value=-6.02341e-12 -0.000135504 -8.88654e-06 -0.0015305 0.00139915 0.000221507 -0.000463661 -0.000729458 -0.0010065 0.00210003 0.00200212 0.00275071 0.00139787 -0.00143094 -0.00112577 -0.000834328 0.000838662 0.00325996 -0.00163769 -0.000919322 -0.00187944 -0.00355897 -0.0020779 0.0029329 0.00176261 -8.60287e-05 0.00168365
internal_weight=754 723 692 91 53 601 434 412 391 47 167 141 104 344 319 299 97 53 202 167 122 63 44 80 58 59 45
internal_count=754 723 692 91 53 601 434 412 391 47 167 141 104 344 319 299 97 53 202 167 122 63 44 80 58 59 45
is_linear=0
shrinkage=0.1


Tree=81
num_leaves=29
num_cat=1
split_feature=15 15 19 11 8 7 0 18 2 18 19 19 7 18 19 5 7 1 15 1 19 19 9 18 2 15 5 11
split_gain=0.0320533 0.0693013 0.0708387 0.0867753 0.0517876 0.0645171 0.0244342 0.0635353 0.053862 0.0491215 0.02392 0.0506061 0.0410707 0.0519539 0.0317247 0.0315296 0.119744 0.0647307 0.0452714 0.0304714 0.0272053 0.0437137 0.0446247 0.033018 0.0266413 0.0258941 0.0220955 0.0153312
threshold=3.6300000000000003 3.1350000000000002 3251.0000000000005 88.000000000000014 1851.5000000000002 27677.500000000004 0 9.5000000000000018 80.068869500000019 49.000000000000007 811.50000000000011 988.50000000000011 1640.5000000000002 39.500000000000007 1023.5000000000001 561.50000000000011 1337.5000000000002 13.024910000000002 1.9550000000000003 13.071594000000003 2036.5000000000002 1741.5000000000002 19.500000000000004 27.500000000000004 80.138328500000014 2.4550000000000005 1227.0000000000002 9.5000000000000018
decision_type=2 2 10 10 10 8 9 10 2 10 8 8 10 10 8 2 10 2 2 2 8 10 10 10 2 2 2 10
left_child=1 2 3 4 5 6 8 -8 -1 26 -9 12 -12 -14 -13 17 -17 -16 -18 20 21 22 25 -24 27 -20 -10 -25
right_child=-2 -3 -4 -5 -6 -7 7 10 9 -11 11 14 13 -15 15 16 18 -19 19 -21 -22 -23 23 24 -26 -27 -28 -29
leaf_value=-0.0060658440498324731 -0.0032600209871628165 0.0045379911028944403 -0.0059511273459065712 0.0065763543080538519 -0.0036441720628107976 0.0057002491317689422 0.0057488049345556652 0.002829148986243776 -0.00018959622248075904 -0.0031637586653232574 -0.0063714988873384533 0.0041449817945249379 0.0018093897021134145 -0.0049151252396404744 0.0065380648266346684 -0.0070767563942354178 0.003540272578420873 -0.0014111151639372111 0.0053769790249961341 -0.003141424568621592 0.0037235107319429517 -0.0038886663374594517 -0.0039313381910324099 0.00025483634299001636 0.0027383160112159598 0.0010660296992251747 0.004310875209048391 -0.0029574987206918498
leaf_weight=21 29 34 20 20 39 20 20 28 24 35 21 20 27 20 21 24 37 20 22 31 20 27 25 39 28 38 20 24
leaf_count=21 29 34 20 20 39 20 20 28 24 35 21 20 27 20 21 24 37 20 22 31 20 27 25 39 28 38 20 24
internal_value=3.20876e-11 0.000130401 -8.64704e-05 8.83331e-05 -0.000110992 0.000114162 -7.45572e-05 0.000223724 -0.00142225 -0.000367903 -5.65019e-06 -0.000184421 -0.00269486 -0.00105211 0.000269594 5.18757e-05 -0.000287649 0.00266042 0.000272278 -0.000203769 0.000204605 -0.000142085 0.000432674 -0.000712517 0.000171775 0.00264671 0.00185607 -0.00096891
internal_weight=754 725 691 671 651 612 592 492 100 79 472 444 68 47 376 356 315 41 291 254 223 203 176 116 91 60 44 63
internal_count=754 725 691 671 651 612 592 492 100 79 472 444 68 47 376 356 315 41 291 254 223 203 176 116 91 60 44 63
cat_boundaries=0 1
cat_threshold=8193
is_linear=0
shrinkage=0.1


Tree=82
num_leaves=28
num_cat=0
split_feature=5 5 15 14 15 8 12 7 19 11 19 19 12 1 7 18 5 14 1 14 13 18 2 5 7 2 19
split_gain=0.0328577 0.133554 0.0393351 0.0898123 0.039652 0.0335771 0.0382726 0.0674612 0.0482582 0.0579902 0.0373685 0.0330292 0.0634658 0.0614699 0.0752023 0.0526669 0.036038 0.0330814 0.0459157 0.0848702 0.101929 0.0725237 0.0566266 0.0513282 0.0521298 0.0401829 0.0305343
threshold=37767.000000000007 22736.000000000004 1.0350000000000004 52015.000000000007 1.3300000000000003 124.00000000000001 9.5000000000000018 12776.000000000002 1699.5000000000002 22.500000000000004 1322.0000000000002 1741.5000000000002 1.5000000000000002 13.049258300000002 1507.0000000000002 19.500000000000004 2429.0000000000005 51380.500000000007 11.0229385 21018.500000000004 7098.5000000000009 22.500000000000004 78.407845000000009 547.00000000000011 1488.5000000000002 80.151939500000012 2113.5000000000005
decision_type=2 2 2 2 2 8 10 10 10 10 8 10 10 2 8 10 2 2 2 2 2 10 2 2 10 2 10
left_child=1 2 3 -1 -4 10 7 11 9 -8 -6 13 -13 16 -15 -16 17 18 22 20 23 -21 -7 -20 -25 -23 -14
right_child=-2 -3 4 -5 5 6 8 -9 -10 -11 -12 12 26 14 15 -17 -18 -19 19 21 -22 25 -24 24 -26 -27 -28
leaf_value=-0.007492185805154883 -0.0037215805329058483 0.0070190771810572459 0.004457535787951202 0.00059881075011456722 0.00041856752901241694 0.0048684045971320901 -0.00095927503425627956 0.0059134316313165158 0.0019877789690243928 -0.0078234630404040214 -0.0044355441417012901 -0.0065288438999414212 -0.0027188233425840739 0.0077921003433099644 -0.002679236526124772 0.00385904206694769 -0.0028959226243099887 0.0035234816451945035 0.0028137389737505304 -0.0076356175048276787 0.0052093931449911542 -0.0037279552468399129 -0.001368491902636985 -0.0057743177736743487 0.00065086308320093421 0.0014506956498170722 0.0024783957839155431
leaf_weight=23 23 27 20 34 29 37 32 22 22 20 35 20 20 24 22 28 38 30 23 25 39 31 24 28 23 29 26
leaf_count=23 23 27 20 34 29 37 32 22 22 20 35 20 20 24 22 28 38 30 23 25 39 31 24 28 23 29 26
internal_value=1.60052e-11 0.000117095 -0.000147612 -0.00266598 7.42535e-05 -6.55642e-05 0.000181167 0.000501905 -0.00193831 -0.00359935 -0.00223602 0.000246973 -0.00182599 0.000588158 0.00319082 0.000982199 -8.22752e-07 0.000379848 1.57203e-05 -0.000723311 0.00107231 -0.00311043 0.00241454 -0.00110804 -0.00287669 -0.00122494 0.000218735
internal_weight=754 731 704 57 647 627 563 489 74 52 64 467 66 401 74 50 327 289 259 198 113 85 61 74 51 60 46
internal_count=754 731 704 57 647 627 563 489 74 52 64 467 66 401 74 50 327 289 259 198 113 85 61 74 51 60 46
is_linear=0
shrinkage=0.1


Tree=83
num_leaves=28
num_cat=0
split_feature=14 10 9 9 7 8 1 1 15 7 5 5 2 18 8 15 14 13 14 2 18 23 19 11 14 10 9
split_gain=0.0332286 0.174305 0.0359734 0.039509 0.0727457 0.0595101 0.0355061 0.0359598 0.0288966 0.0279232 0.0262373 0.0228202 0.0428187 0.0323227 0.0388301 0.0430712 0.0394947 0.0448216 0.0718241 0.0510556 0.0590319 0.0370393 0.030825 0.0217024 0.0449317 0.023694 0.0294295
threshold=224368.50000000003 147.50000000000003 149.00000000000003 115.50000000000001 945.00000000000011 1851.5000000000002 12.884978693715874 12.540565000000003 2.9350000000000005 10206.500000000002 547.00000000000011 572.00000000000011 80.263438000000022 11.500000000000002 270.00000000000006 2.5450000000000004 16681.000000000004 7631.0000000000009 20225.000000000004 80.235414500000005 68.500000000000014 1.0000000180025095e-35 1718.0000000000002 7.5000000000000009 26540.500000000004 37.500000000000007 30.500000000000004
decision_type=2 10 10 8 10 8 2 2 2 8 2 2 2 8 8 2 2 2 2 2 10 2 10 10 2 10 10
left_child=1 2 3 4 -1 -5 7 -2 10 -7 -6 -12 13 -13 15 -15 -16 -18 -19 20 21 23 -22 24 -20 26 -26
right_child=6 -3 -4 5 8 9 -8 -9 -10 -11 11 12 -14 14 16 -17 17 18 19 -21 22 -23 -24 -25 25 -27 -28
leaf_value=-0.0061422134540043772 -0.000903627128406827 0.0094118841597810397 -0.0042400414450094103 0.0056735938771938291 0.0029601950185679017 0.0021517431139945987 0.00071228618284554363 -0.0066888701488179245 -0.0027822370747370381 -0.0028613275941461328 -0.0030025976554801069 0.0035214786301366987 0.0046855491632595654 0.0047769071534276009 -0.003950479344436617 -0.00053826064892834242 0.0031154223964275684 -0.0065044377121375868 0.0039531110452387377 -0.0039077211116604954 -0.0044064578287569536 0.004156260869719766 0.00051488727331161499 -0.0018096650837723053 0.00084827239514284202 0.001832317499599109 -0.0043853791599923917
leaf_weight=20 21 20 20 30 32 25 28 22 35 20 24 24 20 30 33 31 34 20 37 34 35 33 20 33 21 30 22
leaf_count=20 21 20 20 30 32 25 28 22 35 20 24 24 20 30 33 31 34 20 37 34 35 33 20 33 21 30 22
internal_value=-3.08022e-12 0.000214037 -6.34244e-05 6.64859e-05 -0.000218353 0.00222366 -0.00205898 -0.00386352 -2.15352e-06 -7.62883e-05 0.000187521 3.06014e-06 0.000160907 -4.6171e-05 -0.000253492 0.00207576 -0.00065714 -0.00031645 -0.000725866 -0.000289748 0.000242768 0.00113641 -0.00261688 0.000439518 0.00111427 -0.00032459 -0.00182941
internal_weight=754 683 663 643 568 75 71 43 548 45 513 481 457 437 413 61 352 319 285 265 231 176 55 143 110 73 43
internal_count=754 683 663 643 568 75 71 43 548 45 513 481 457 437 413 61 352 319 285 265 231 176 55 143 110 73 43
is_linear=0
shrinkage=0.1


Tree=84
num_leaves=29
num_cat=0
split_feature=9 18 5 15 14 15 8 12 18 5 19 8 1 7 19 7 11 2 9 2 9 15 7 18 10 5 10 19
split_gain=0.030101 0.0274506 0.0334217 0.0321626 0.0750564 0.0288317 0.031896 0.0318723 0.0586787 0.0327027 0.0323609 0.0465217 0.0457466 0.0406126 0.0311997 0.0266957 0.0695069 0.109246 0.0378103 0.0421368 0.0328735 0.0238962 0.0258754 0.019835 0.0374324 0.0359229 0.0224225 0.0184028
threshold=669.00000000000011 428.50000000000006 22207.000000000004 1.0350000000000004 50432.500000000007 1.3300000000000003 124.00000000000001 9.5000000000000018 120.50000000000001 5841.5000000000009 685.50000000000011 323.00000000000006 13.030278112419712 1235.0000000000002 1328.0000000000002 1564.0000000000002 1.0000000180025095e-35 80.200385500000024 19.500000000000004 80.244343999999998 24.500000000000004 2.5850000000000004 1929.5000000000002 45.500000000000007 20.500000000000004 2209.5000000000005 60.500000000000007 1083.5000000000002
decision_type=10 8 2 2 2 2 8 10 10 2 10 10 2 10 8 10 10 2 10 2 10 2 10 10 10 2 10 10
left_child=1 2 3 4 -1 -5 14 8 10 -9 12 13 -8 -12 -7 16 -15 -18 19 21 -20 22 -17 24 -22 -25 -27 -26
right_child=-2 -3 -4 5 -6 6 7 9 -10 -11 11 -13 -14 15 -16 18 17 -19 20 -21 23 -23 -24 25 27 26 -28 -29
leaf_value=-0.0069753518328070641 0.0038276985543780027 -0.0037582396413199607 0.0037481317701547044 0.0038123844983056192 0.0005207796882399742 0.00015660597477108241 -5.7713179849088199e-05 -0.0037751238552645146 0.0056482118798331137 0.00072881687166435384 0.0042649330976216688 -0.0046431553239623703 0.0057997591444291178 -0.0066370364722041861 -0.0042992156633937899 -0.0035645840835059062 0.0043284349430385716 -0.0052129473437422091 -0.0031346944025962761 0.005099938511206159 -0.0014265204686671497 0.0025931059542511192 0.0013056403326724346 -0.0041828393024237213 0.0052955994964577263 0.0024168559616165506 -0.0017485649092122914 0.0012420691738952883
leaf_weight=22 20 20 23 20 34 30 30 38 21 28 23 21 24 21 33 20 28 21 38 29 30 35 24 24 21 28 24 24
leaf_count=22 20 20 23 20 34 30 30 38 21 28 23 21 24 21 33 20 28 21 38 29 30 35 24 24 21 28 24 24
internal_value=1.74546e-11 -0.000104297 -1.94561e-06 -0.000126767 -0.00242413 7.58347e-05 -4.56791e-05 0.000197615 0.000477636 -0.00186436 0.000244126 -5.82583e-05 0.00254561 0.000188621 -0.0021774 -6.68429e-05 -0.00182362 0.000239271 0.000347213 0.00183982 -0.000505706 0.000643068 -0.000908098 0.000155893 0.00130962 -0.000982654 0.000494354 0.00313372
internal_weight=754 734 714 691 56 635 615 552 486 66 465 411 54 390 63 367 70 49 297 108 189 79 44 151 75 76 52 45
internal_count=754 734 714 691 56 635 615 552 486 66 465 411 54 390 63 367 70 49 297 108 189 79 44 151 75 76 52 45
is_linear=0
shrinkage=0.1


Tree=85
num_leaves=28
num_cat=0
split_feature=14 10 15 9 9 1 2 2 2 2 1 15 15 1 10 5 1 19 19 9 11 15 14 10 15 2 11
split_gain=0.0303081 0.138261 0.032709 0.0294328 0.0341906 0.0399388 0.0430173 0.0401936 0.042707 0.048379 0.048143 0.0694948 0.0336172 0.0300154 0.0814536 0.0973965 0.0332581 0.0312233 0.0635254 0.0374664 0.0641827 0.0326004 0.0291184 0.052424 0.0347942 0.0281604 0.0233098
threshold=224368.50000000003 147.50000000000003 2.7350000000000008 149.00000000000003 115.50000000000001 13.126770259791147 80.260211500000011 80.254298500000019 80.243415000000013 80.229894000000016 13.082503000000001 2.9350000000000005 2.7750000000000004 12.969332000000001 9.5000000000000018 893.00000000000011 12.947532450000002 873.50000000000011 988.50000000000011 12.500000000000002 2.5000000000000004 2.3750000000000004 50432.500000000007 47.500000000000007 2.4050000000000007 80.112995000000026 3.5000000000000004
decision_type=2 10 2 10 10 2 2 2 2 2 2 2 2 2 10 2 2 10 10 10 10 2 2 10 2 2 10
left_child=1 3 25 4 5 6 7 8 9 10 11 12 13 16 -15 -16 17 -1 -19 -20 21 -21 24 -24 -22 -2 -17
right_child=2 -3 -4 -5 -6 -7 -8 -9 -10 -11 -12 -13 -14 14 15 26 -18 18 19 20 22 -23 23 -25 -26 -27 -28
leaf_value=0.0029169087730614202 -0.0011169346666429192 0.0083962496835738431 0.00054278710857033738 -0.0038205932942219079 0.0037003440875560049 0.0041123724404976449 -0.0037354059926601071 0.00407346820423339 -0.0034739582591715294 0.0035784474574029447 0.0037198041629945412 -0.006100385884443919 0.0026727389059709138 -0.0059450181173708516 0.0037271414508318738 -0.0058442347543314101 0.0040094024874269959 -0.0052707646495456671 -0.002872967872315565 0.0063817769331349569 -0.0057599821221083411 0.0014414638684898179 0.0048576110153226186 -0.0017519802351792656 -0.00044299857618170793 -0.0063600185770718827 -0.001074032937841756
leaf_weight=28 20 20 30 20 25 22 33 23 37 36 29 21 37 34 36 20 20 26 37 22 20 34 20 30 32 21 21
leaf_count=28 20 20 30 20 25 22 33 23 37 36 29 21 37 34 36 20 20 26 37 22 20 34 20 30 32 21 21
internal_value=9.3912e-12 0.000204415 -0.00196642 -4.26991e-05 7.48093e-05 -7.18548e-05 -0.000226306 -2.06218e-05 -0.000195 4.61961e-05 -0.000226097 -0.000487356 -0.000204685 -0.000484855 -0.0018684 -6.83415e-05 8.60516e-05 -0.000229077 -0.000627663 -8.58324e-06 0.00066219 0.0033823 -0.000831204 0.000891856 -0.00248799 -0.00380242 -0.00340096
internal_weight=754 683 71 663 643 618 596 563 540 503 467 438 417 380 111 77 269 249 221 195 158 56 102 50 52 41 41
internal_count=754 683 71 663 643 618 596 563 540 503 467 438 417 380 111 77 269 249 221 195 158 56 102 50 52 41 41
is_linear=0
shrinkage=0.1


Tree=86
num_leaves=31
num_cat=0
split_feature=9 8 10 1 12 9 14 15 18 19 10 1 19 2 7 7 15 23 2 7 2 11 7 15 14 1 19 2 2 11
split_gain=0.0282588 0.027912 0.0710736 0.0544532 0.0297822 0.0599059 0.0348037 0.0305314 0.0300553 0.0293477 0.0231351 0.0487198 0.0351753 0.0573499 0.0289792 0.082211 0.0752923 0.0556887 0.0591364 0.0401829 0.0407523 0.0245405 0.0414893 0.0380188 0.035794 0.035065 0.0287276 0.024601 0.0217325 0.0170655
threshold=669.00000000000011 877.00000000000011 16.500000000000004 13.010958500000003 13.500000000000002 198.00000000000003 179836.50000000003 3.2550000000000003 107.50000000000001 2493.0000000000005 8.5000000000000018 13.04762 1417.5000000000002 80.106831400000019 1584.5000000000002 1426.0000000000002 2.0050000000000003 1.0000000180025095e-35 80.083960000000005 1748.0000000000002 80.252612500000012 5.5000000000000009 2860.0000000000005 2.6250000000000004 25508.500000000004 12.989913500000002 1351.5000000000002 78.696948000000006 78.168098500000013 1.5000000000000002
decision_type=10 10 10 2 8 8 2 2 10 8 10 2 10 2 8 10 2 2 2 10 2 10 10 2 2 2 10 2 2 10
left_child=1 4 -3 9 5 7 -6 8 10 -4 11 12 13 -1 15 16 -12 19 -19 -16 21 22 24 25 29 28 27 -24 -23 -21
right_child=-2 2 3 -5 6 -7 -8 -9 -10 -11 14 -13 -14 -15 17 -17 -18 18 -20 20 -22 23 26 -25 -26 -27 -28 -29 -30 -31
leaf_value=0.0024799487367272379 0.003708721572766081 -0.0068546457570933172 -0.0049436603207141166 0.0041737745120190087 0.00084623136539118023 0.005215026981507739 -0.0043902871532676127 0.003533266931772232 -0.002753331961943523 0.00029406386387089025 -0.0029289762705697548 0.005831707457435273 0.0031688409640790068 -0.0048419149916457092 0.0037862424981658874 -0.0061150688388995058 0.0047928038407522057 8.2718042275783693e-05 0.0075959309516474604 0.0010277257985435427 -0.0041804413901575443 0.0030285883546722209 -0.0033684017560777386 -0.0023379293439740488 0.0037704459006717012 0.005947085446678102 -0.005133489483537583 0.00063430778408313498 -0.0015260404511354864 -0.0027466593188760074
leaf_weight=20 20 21 20 20 22 24 30 25 38 23 28 21 27 23 23 29 23 22 20 25 28 22 28 22 27 20 26 34 20 23
leaf_count=20 20 21 20 20 22 24 30 25 38 23 28 21 27 23 23 29 23 22 20 25 28 22 28 22 27 20 26 34 20 23
internal_value=-5.97902e-12 -0.000101055 -0.00181645 -0.000137052 0.000120627 0.000320232 -0.00217484 0.000115572 -4.00609e-05 -0.00214209 0.000161709 0.00160725 0.000339909 -0.0014364 -0.000151491 -0.00186392 0.000553395 0.000251434 0.00366044 -0.00022903 -0.000564853 -0.000154988 -0.000870537 0.00123352 0.000857627 0.0025008 -0.0023434 -0.00117337 0.000859717 -0.000780834
internal_weight=754 734 84 63 650 598 52 574 549 43 511 91 70 43 420 80 51 340 42 298 275 247 163 84 75 62 88 62 42 48
internal_count=754 734 84 63 650 598 52 574 549 43 511 91 70 43 420 80 51 340 42 298 275 247 163 84 75 62 88 62 42 48
is_linear=0
shrinkage=0.1


Tree=87
num_leaves=29
num_cat=0
split_feature=5 18 5 7 15 15 15 18 8 19 9 5 1 7 13 11 8 14 7 9 15 10 11 15 15 19 14 11
split_gain=0.0284101 0.104411 0.0257476 0.0538597 0.0336158 0.0284807 0.0416764 0.0268973 0.0258836 0.0243685 0.0244692 0.0286803 0.0420137 0.0277408 0.0200001 0.0214984 0.027922 0.0646625 0.0365431 0.0374561 0.0486469 0.0521986 0.0796834 0.0472419 0.0322173 0.0546014 0.0320098 0.0127241
threshold=37767.000000000007 369.50000000000006 4718.5000000000009 9145.5000000000018 2.9650000000000003 2.5550000000000002 0.95500000000000007 102.50000000000001 794.50000000000011 2385.0000000000005 68.500000000000014 2318.5000000000005 13.097603000000001 6295.0000000000009 21523.000000000004 14.500000000000002 1851.5000000000002 14150.000000000002 1108.5000000000002 38.500000000000007 2.5550000000000002 11.500000000000002 1.0000000180025095e-35 2.1350000000000002 2.6850000000000005 1137.0000000000002 25212.000000000004 3.5000000000000004
decision_type=2 10 2 10 2 2 2 8 8 10 10 2 2 8 2 10 8 2 10 10 2 10 10 2 2 10 2 10
left_child=1 2 3 4 9 6 7 -4 -8 10 11 12 14 -13 15 16 17 -1 -18 20 21 23 -23 -20 25 -22 -19 -27
right_child=-2 -3 5 -5 -6 -7 8 -9 -10 -11 -12 13 -14 -15 -16 -17 18 26 19 -21 24 22 -24 -25 -26 27 -28 -29
leaf_value=-0.0019663623728168509 -0.0034605524300233177 0.0064599546956014822 -0.00039397461593828421 0.0042195999829639352 -0.0033781644711592079 -0.0038874372757752153 -0.0010601748975618236 -0.0054609993100166324 0.0035606233230619519 -0.0030623782426118852 -0.002918564722589825 0.0054861575985948249 -0.0039797339947772736 0.00034613864762442453 -0.0026717081014066939 0.0034700279938988388 -0.0038658156748051231 0.0069486544457807511 0.0070958381143017592 0.0039741262216120964 8.2802701485649636e-05 -0.0039226505631732942 0.0026857007206795187 0.0012729791973374394 0.00091631545138726427 -0.0067238671851911312 0.0015317970421165228 -0.0032750632066745316
leaf_weight=24 23 25 22 31 29 34 22 20 27 23 23 21 23 21 20 24 23 24 22 25 38 36 37 38 36 23 20 20
leaf_count=24 23 25 22 31 29 34 22 20 27 23 23 21 23 21 20 24 23 24 22 25 38 36 37 38 36 23 20 20
internal_value=-1.51135e-11 0.000108882 -0.000116014 0.000164098 -6.44845e-05 -0.00141798 -0.000495324 -0.00280684 0.00148598 0.000119962 0.000266938 0.000421183 0.000179177 0.00291615 0.000412482 0.000570646 0.000380522 0.00220898 -3.67107e-05 0.000283542 -8.55168e-05 0.00122284 -0.000573212 0.00340803 -0.00157279 -0.00267906 0.00448645 -0.00511977
internal_weight=754 731 706 581 550 125 91 42 49 521 498 475 433 42 410 390 366 68 298 275 250 133 73 60 117 81 44 43
internal_count=754 731 706 581 550 125 91 42 49 521 498 475 433 42 410 390 366 68 298 275 250 133 73 60 117 81 44 43
is_linear=0
shrinkage=0.1


Tree=88
num_leaves=28
num_cat=1
split_feature=14 10 19 1 0 18 2 9 11 15 9 11 15 2 2 1 2 7 5 11 19 19 1 1 19 2 2
split_gain=0.0274625 0.120778 0.0302124 0.039525 0.0257476 0.0529476 0.0415961 0.0369388 0.0365789 0.0528783 0.0513691 0.082667 0.0274486 0.0685913 0.0462814 0.0427573 0.0527008 0.0870098 0.0448591 0.0317591 0.0703405 0.0666551 0.0648451 0.0610036 0.0493344 0.0243745 0.0105285
threshold=224368.50000000003 147.50000000000003 1223.5000000000002 12.801987000000002 0 9.5000000000000018 80.068869500000019 65.500000000000014 14.500000000000002 1.5550000000000004 53.500000000000007 20.500000000000004 2.5550000000000002 80.254298500000019 80.243415000000013 11.037645000000001 80.167255000000011 2290.5000000000005 830.00000000000011 5.5000000000000009 958.50000000000011 1041.5000000000002 11.037645000000001 12.976686950000001 1413.0000000000002 77.881769000000006 80.133792000000014
decision_type=2 10 8 2 9 8 2 10 10 2 10 10 2 2 2 2 2 8 2 10 8 10 2 2 10 2 2
left_child=1 4 -2 -4 6 -6 -1 26 9 -7 11 -10 13 19 15 25 17 -17 -18 20 -11 -22 -23 -24 -25 -14 -8
right_child=2 -3 3 -5 5 8 7 -9 10 12 -12 -13 14 -15 -16 16 18 -19 -20 -21 21 22 23 24 -26 -27 -28
leaf_value=-0.0053037214396602431 -0.0048518507053022797 0.0078509938158094882 -0.0035634383675642312 0.0021957125801306504 0.0052935635019093754 -0.0045450636983982154 0.0028204068293234742 -0.0036494817056227473 0.0038816417256991066 0.0042096952764460677 0.0047363628230586248 -0.0033204058815232093 -0.0051587127784759185 0.0063268148479983218 -0.0041275371784447795 0.0079420818735591384 -0.0037414057095619766 6.6597870475537074e-07 0.0016015073063317686 0.0027006550954702577 -0.0058007736424250268 0.0037877605072156131 -0.006402979733511097 0.0034963681314944882 -0.0032006071372465655 -0.00063609185252481938 -7.1107272592866244e-05
leaf_weight=23 23 20 22 26 20 28 20 25 30 26 37 34 22 20 36 22 33 37 30 39 28 28 21 22 22 26 34
leaf_count=23 23 20 22 26 20 28 20 25 30 26 37 34 22 20 36 22 33 37 30 39 28 28 21 22 22 26 34
internal_value=-3.40108e-12 0.000194582 -0.00187183 -0.000443898 -3.63804e-05 0.000236623 -0.00142172 -0.000471475 5.40493e-05 -0.00033991 0.00177031 5.55539e-05 -5.41224e-05 0.000762105 -0.00087035 -0.000180593 0.000814174 0.00296187 -0.00119716 0.00016375 -0.000509307 -0.00152331 -0.000235468 -0.00196855 0.00014788 -0.00270896 0.000999824
internal_weight=754 683 71 48 663 561 102 79 541 440 101 64 412 206 206 170 122 59 63 186 147 121 93 65 44 48 54
internal_count=754 683 71 48 663 561 102 79 541 440 101 64 412 206 206 170 122 59 63 186 147 121 93 65 44 48 54
cat_boundaries=0 1
cat_threshold=8193
is_linear=0
shrinkage=0.1


Tree=89
num_leaves=30
num_cat=0
split_feature=5 15 14 5 14 7 2 18 2 14 18 11 2 19 19 9 1 9 12 10 5 19 1 5 1 9 9 11 19
split_gain=0.0261403 0.0221281 0.0545141 0.0265581 0.0412811 0.0561723 0.0485726 0.0297571 0.0233406 0.090012 0.104424 0.0473752 0.111378 0.0404229 0.045274 0.0411345 0.0389978 0.034068 0.0329463 0.034283 0.0445255 0.0316349 0.0362453 0.029776 0.0264405 0.0241169 0.0423912 0.0305098 0.018818
threshold=36059.000000000007 0.95500000000000007 100028.00000000001 14240.500000000002 176673.00000000003 12347.000000000002 80.101557 107.50000000000001 80.252213113956827 19147.500000000004 28.500000000000004 12.500000000000002 80.184790000000007 1741.5000000000002 1280.0000000000002 30.500000000000004 13.010958500000003 15.500000000000002 1.5000000000000002 20.500000000000004 795.00000000000011 932.50000000000011 12.953821500000002 1643.5000000000002 13.034570500000003 47.500000000000007 17.500000000000004 3.5000000000000004 1557.5000000000002
decision_type=2 2 2 2 2 10 2 10 2 2 10 10 2 10 8 8 2 10 10 10 2 10 2 2 2 10 10 10 10
left_child=1 2 -1 4 5 7 -6 8 11 -10 -11 13 23 14 18 17 -17 28 19 20 21 -3 -23 -13 -15 26 -20 -28 -16
right_child=-2 3 -4 -5 6 -7 -8 -9 9 10 -12 12 -14 24 15 16 -18 -19 25 -21 -22 22 -24 -25 -26 -27 27 -29 -30
leaf_value=0.00096939930047553315 0.0029981857805978507 0.0041464355215430262 -0.0057140710480187255 0.0032999421486844464 -0.0062229386166385986 0.0042759588498982688 0.00034949997736310415 -0.0038834962993860248 0.0029306681826710701 -0.0095423421900098521 0.00043017914784806115 -0.002553441736381501 0.0083917654676200909 -0.00045778595320890807 0.00048974255365984783 -0.0024197719432413577 0.0028138978426189474 0.00654413787309419 -0.0042457910051948771 0.0036023795746067278 -0.0045612544706091288 -0.0030978136892931968 0.002487896081237566 0.0022875135936946782 -0.0048035990929098001 -0.0044615474771018387 0.0024301584477892475 -0.0024920703936368231 0.0043349440686870373
leaf_weight=26 28 20 23 24 23 31 22 20 26 21 21 24 23 28 35 35 24 22 27 28 20 26 21 27 28 27 34 20 20
leaf_count=26 28 20 23 24 23 31 22 20 26 21 21 24 23 28 35 35 24 22 27 28 20 26 21 27 28 27 34 20 20
internal_value=-6.78044e-12 -0.000115633 -0.00216774 3.28952e-05 -8.718e-05 0.000129128 -0.00300975 -9.3665e-05 4.24151e-05 -0.0016935 -0.00455608 0.00028381 0.00261474 -0.000131826 0.00025797 0.00169597 -0.000290822 0.00321832 -0.000619019 0.000558895 -0.000420617 0.000815394 -0.000602071 9.41697e-06 -0.00263069 -0.00187328 -0.00101052 0.000607111 0.001888
internal_weight=754 726 49 677 653 608 45 577 557 68 42 489 74 415 359 136 59 77 223 115 87 67 47 51 56 108 81 54 55
internal_count=754 726 49 677 653 608 45 577 557 68 42 489 74 415 359 136 59 77 223 115 87 67 47 51 56 108 81 54 55
is_linear=0
shrinkage=0.1


Tree=90
num_leaves=31
num_cat=0
split_feature=5 5 13 15 15 18 15 18 11 5 9 5 13 7 1 18 9 19 15 8 19 10 7 1 1 18 19 19 11 7
split_gain=0.0267762 0.104511 0.0231207 0.0498605 0.0376376 0.0336542 0.0302661 0.0680575 0.0271107 0.024682 0.024024 0.0476465 0.0329424 0.0238963 0.044186 0.0292776 0.059591 0.0552539 0.0284455 0.0351914 0.0377285 0.0303423 0.0592932 0.0259762 0.0542647 0.0327154 0.0493858 0.0742716 0.017485 0.015673
threshold=37767.000000000007 22736.000000000004 89225.000000000015 0.95500000000000007 2.1650000000000005 172.50000000000003 2.9150000000000005 51.500000000000007 24.500000000000004 4822.5000000000009 68.500000000000014 2395.0000000000005 22173.000000000004 945.00000000000011 13.033109500000002 33.500000000000007 38.500000000000007 2097.5000000000005 2.7650000000000001 1612.5000000000002 1741.5000000000002 20.500000000000004 2423.5000000000005 13.062786000000001 13.033109500000002 11.500000000000002 1149.0000000000002 1057.5000000000002 4.5000000000000009 1488.5000000000002
decision_type=2 2 2 2 2 8 2 8 10 2 10 2 2 8 2 10 10 10 2 8 8 10 8 2 2 10 10 8 10 10
left_child=1 2 5 -4 -5 6 8 -8 9 10 11 12 13 14 -1 17 -17 18 19 -15 21 22 23 24 25 -21 27 29 -13 -27
right_child=-2 -3 3 4 -6 -7 7 -9 -10 -11 -12 28 -14 15 -16 16 -18 -19 -20 20 -22 -23 -24 -25 -26 26 -28 -29 -30 -31
leaf_value=-0.0056040642596781251 -0.0033595692852269052 0.0062112695494390751 -0.0053266272808496773 0.0030125286409874328 -0.0027083445279656548 -0.0039716855029109863 -0.0018478766764746979 0.0057898597808421727 -0.003100242850336212 0.0032816078977551421 -0.0026093647758843319 0.0055373604129999882 -0.003993084698560692 0.0034163053481815718 0.00082277619968289912 -0.0046494732227837362 0.0023518390674144032 0.005634254105028786 -0.0027678858471551428 0.0035763368995200533 -0.0038719627228385347 0.0036388998643295577 -0.0050363155112790993 -0.0026558407116681337 0.0052359088358503803 -0.0031920623278156634 -0.0036143492737798679 0.0061437115121225367 0.0014519909566098994 0.00067144216126984076
leaf_weight=20 23 27 26 23 23 20 20 28 27 24 33 20 21 39 23 31 20 21 27 24 21 28 20 20 27 21 34 20 22 21
leaf_count=20 23 27 26 23 23 20 20 28 27 24 33 20 21 39 23 31 20 21 27 24 21 28 20 20 27 21 34 20 22 21
internal_value=-2.47021e-11 0.000105705 -0.000128458 -0.00182633 0.000152092 6.49713e-05 0.000196888 0.00260747 -8.26766e-06 0.000147195 5.55573e-07 0.000179988 -0.000128532 6.60859e-05 -0.00216645 0.000322768 -0.00190386 0.000674341 0.000329446 0.000633548 0.000173686 0.000568842 0.000109154 0.000725378 0.00118541 0.000274045 -0.000551528 0.00112808 0.0033974 -0.00126031
internal_weight=754 731 704 72 46 632 612 48 564 537 513 480 438 417 43 374 51 323 302 275 236 215 187 167 147 120 96 62 42 42
internal_count=754 731 704 72 46 632 612 48 564 537 513 480 438 417 43 374 51 323 302 275 236 215 187 167 147 120 96 62 42 42
is_linear=0
shrinkage=0.1


Tree=91
num_leaves=31
num_cat=0
split_feature=1 15 5 19 19 1 19 8 1 5 9 12 11 15 10 19 8 19 1 5 7 15 1 18 18 18 5 10 1 19
split_gain=0.0279832 0.1514 0.106847 0.0455876 0.11556 0.0877291 0.0384971 0.0368221 0.0349741 0.0310048 0.0613862 0.0290926 0.0506186 0.057984 0.0439124 0.0304868 0.0628872 0.0684287 0.0364297 0.035908 0.0848203 0.0770217 0.0462485 0.0271892 0.0483021 0.0301839 0.0260423 0.0224449 0.011268 0.00921584
threshold=12.57098 0.72500000000000009 29077.000000000004 1442.5000000000002 1687.0000000000002 11.010039500000001 1010.0000000000001 2623.0000000000005 10.932221000000002 848.00000000000011 44.500000000000007 18.500000000000004 21.500000000000004 2.9150000000000005 70.500000000000014 811.50000000000011 79.500000000000014 925.50000000000011 13.030278112419712 561.50000000000011 1460.5000000000002 2.3150000000000004 13.074252308351825 17.500000000000004 23.500000000000004 37.500000000000007 738.50000000000011 17.500000000000004 11.002584955000001 1210.0000000000002
decision_type=2 2 2 8 8 2 10 8 2 2 10 10 10 2 10 10 10 10 2 2 10 2 2 10 10 10 2 10 2 10
left_child=1 -1 11 6 -5 -6 8 -7 -3 -8 28 12 13 15 -14 18 17 -17 -2 -19 -21 27 23 -23 26 -26 -25 -22 -11 -27
right_child=2 3 -4 4 5 7 9 -9 -10 10 -12 -13 14 -15 -16 16 -18 19 -20 20 21 22 -24 24 25 29 -28 -29 -30 -31
leaf_value=0.0091866572550497946 -0.00083389433721701317 -0.0040704346727579834 -0.0071078825903975454 -0.0081516744568943984 -0.0047222780691378793 0.00024868177995085715 0.0053569281916134061 0.005928747470135845 0.0010465779889594106 0.00032546945093643099 0.0042346035326389893 0.0029999958330466014 -0.00083159867707373845 0.0051654515322297817 -0.006966676090378314 -0.005817753407172859 -0.0050914265785430533 0.0032817115692202661 0.0039149678791207928 -0.0064176370762288578 0.0017891763499937952 0.0032818624284118416 -0.0049797308010359614 -0.0006238890025997535 0.0035958578111603859 0.00083285585977137082 -0.0056097228461029856 0.0064178563844920558 -0.0029504107355716683 -0.0022029036865569653
leaf_weight=20 30 22 23 21 23 25 25 21 34 21 38 28 28 21 20 20 29 34 35 20 20 22 21 20 28 20 22 22 21 20
leaf_count=20 30 22 23 21 23 25 25 21 34 21 38 28 28 21 20 20 29 34 35 20 20 22 21 20 28 20 22 22 21 20
internal_value=1.92996e-12 0.000813302 -0.000456325 0.000146102 -0.00165641 0.000320411 0.00115372 0.00284176 -0.000963677 0.00228299 0.00132239 -0.000123747 -0.000326212 5.64972e-05 -0.00338788 -0.000239062 -0.000667069 -0.000190094 0.00172319 0.000261927 -0.00021562 0.000420484 -0.000620797 7.26693e-05 -0.000569169 0.00107769 -0.00323552 0.00421372 -0.00131247 -0.000685024
internal_weight=754 271 483 251 90 69 161 46 56 105 80 460 432 384 48 363 298 269 65 249 215 195 153 132 110 68 42 42 42 40
internal_count=754 271 483 251 90 69 161 46 56 105 80 460 432 384 48 363 298 269 65 249 215 195 153 132 110 68 42 42 42 40
is_linear=0
shrinkage=0.1


Tree=92
num_leaves=29
num_cat=0
split_feature=5 15 14 18 8 1 19 11 10 9 18 7 14 19 14 5 8 19 19 19 19 19 2 12 15 2 15 10
split_gain=0.028499 0.0203516 0.0586518 0.0912299 0.0294486 0.0242222 0.0224805 0.0208731 0.0198749 0.0515881 0.0373332 0.0386759 0.0627957 0.0296177 0.0239931 0.0287051 0.0297232 0.0278069 0.0779212 0.0354625 0.0591427 0.0420278 0.0587964 0.0730911 0.0326769 0.0464489 0.0392618 0.0192419
threshold=36059.000000000007 1.0350000000000004 50432.500000000007 102.50000000000001 124.00000000000001 13.039493000000002 2677.5000000000005 3.5000000000000004 86.000000000000014 114.50000000000001 87.500000000000014 6295.0000000000009 56046.500000000007 1102.5000000000002 43909.500000000007 1449.5000000000002 1696.0000000000002 1384.0000000000002 1328.0000000000002 1250.5000000000002 1149.0000000000002 1084.5000000000002 80.191167000000021 1.0000000180025095e-35 2.5450000000000004 80.208945000000014 2.6750000000000003 13.500000000000002
decision_type=2 2 2 8 8 2 10 10 10 10 10 10 2 10 2 2 8 10 8 10 10 10 2 8 2 2 2 8
left_child=1 2 -1 -4 5 7 8 -3 10 -10 11 12 14 -11 15 16 -6 18 19 20 21 22 23 -18 25 -19 -26 -25
right_child=-2 4 3 -5 6 -7 -8 -9 9 13 -12 -13 -14 -15 -16 -17 17 24 -20 -21 -22 -23 -24 27 26 -27 -28 -29
leaf_value=-0.0060159126635302203 0.003130535904451141 0.0012102489907260018 0.0051424661229941106 -0.0037193172181454988 0.0031264732312411073 -0.0047226043329352428 0.0034965722954698971 -0.0028892709448447695 -0.0048557606473979033 -0.0026200047295008386 0.0042612643834824366 -0.0030296600779847189 0.0052368628640229314 0.0020381025277460235 -0.0025075362236689656 0.0033535594182709859 -0.0027913328903531164 -1.8180216747251426e-05 -0.0061962785451517757 0.0038403394725173715 -0.0054403393446343469 0.0033841313944468578 -0.0052758446111313435 0.0051873082942936735 -0.0027038492058636624 0.0064799978709991343 0.0026467008069933702 0.0010506045067979193
leaf_weight=22 28 27 21 26 30 21 21 23 27 21 24 34 26 39 31 30 38 22 24 20 22 31 23 23 32 22 24 22
leaf_count=22 28 27 21 26 30 21 21 23 27 21 24 34 26 39 31 30 38 22 24 20 22 31 23 23 32 22 24 22
internal_value=5.78024e-13 -0.000120737 -0.0017545 0.000240203 5.08456e-05 -0.00187255 0.000283885 -0.00067553 0.000164476 -0.00122574 0.000417507 0.000214313 0.00047692 0.000407765 0.000162812 0.000390859 0.000123949 -0.000173331 -0.000845699 -0.000128303 -0.000627504 0.00014536 -0.000801827 0.000437961 0.00119158 0.00323091 -0.000410756 0.00316492
internal_weight=754 726 69 47 657 71 586 50 565 87 478 454 420 60 394 363 333 303 203 179 159 137 106 83 100 44 56 45
internal_count=754 726 69 47 657 71 586 50 565 87 478 454 420 60 394 363 333 303 203 179 159 137 106 83 100 44 56 45
is_linear=0
shrinkage=0.1


Tree=93
num_leaves=30
num_cat=1
split_feature=1 15 5 7 15 1 1 2 9 11 7 28 2 9 1 15 19 18 11 4 8 2 2 19 1 5 5 13 2
split_gain=0.0241106 0.118001 0.0933468 0.0436365 0.0412527 0.0387843 0.0556324 0.0655247 0.0596715 0.0676898 0.0415176 0.0249832 0.038064 0.0482207 0.0528423 0.0440803 0.039071 0.0376322 0.0518089 0.0780041 0.062229 0.0612372 0.035281 0.053368 0.0447756 0.0363072 0.0323027 0.0228168 0.0170647
threshold=12.57098 0.72500000000000009 29077.000000000004 14373.500000000002 2.5550000000000002 11.00136889 11.0229385 76.979864500000019 53.500000000000007 5.5000000000000009 3703.0000000000005 1.0000000180025095e-35 80.266288979239675 14.500000000000002 13.020250246030523 2.2150000000000003 1881.0000000000002 212.50000000000003 24.500000000000004 0 79.500000000000014 80.235414500000005 80.192929276482133 1088.5000000000002 12.956709500000001 742.00000000000011 848.00000000000011 11197.000000000002 80.124251500000028
decision_type=2 2 2 8 2 2 2 2 10 10 10 2 2 8 2 2 10 10 10 1 8 2 2 10 2 2 2 2 2
left_child=1 -1 11 5 -5 10 -7 -8 9 -9 27 12 13 14 -2 -16 -17 18 19 20 -15 22 23 25 -25 -22 -24 -3 -27
right_child=2 3 -4 4 -6 6 7 8 -10 -11 -12 -13 -14 17 15 16 -18 -19 -20 -21 21 -23 26 24 -26 28 -28 -29 -30
leaf_value=0.0081472312711412097 0.0055530829355120662 -0.001276709150635835 -0.0066407201163794687 8.9227293546383203e-06 -0.0060319990391144536 0.0067550799390301113 -0.0041435381106566639 0.0035794628715580877 0.006835831919064124 -0.003198687193127206 -0.0044809223861312086 -0.0032538232286848747 -0.0039930563674054368 0.0044759071520751436 0.004495155420154333 -0.0037826855145394801 0.0021472339192405341 0.0033236822292495236 -0.0044431393516902061 0.0053809646263961557 0.0027208602412001175 -0.0049290248218017661 -0.0010589982848614454 -0.0010356972082473266 -0.007025510014500469 0.00034162733732955529 0.0038630992290563885 0.002604402442479373 -0.0037893126439303166
leaf_weight=20 32 33 23 26 20 20 20 34 21 26 23 24 22 21 20 25 20 26 32 23 34 37 24 26 24 20 30 28 20
leaf_count=20 32 33 23 26 20 20 20 34 21 26 23 24 22 21 20 25 20 26 32 23 34 37 24 26 24 20 30 28 20
internal_value=-4.67485e-12 0.000754932 -0.000423574 0.000165904 -0.00261756 0.000790487 0.00193652 0.000982352 0.002248 0.000642265 -0.000860349 -0.000112717 6.01877e-05 0.000275578 0.00222659 0.000588933 -0.00114717 -0.00032142 -0.000647099 -0.000178091 -0.000719863 -0.00122736 -0.000457909 -0.00138697 -0.00391081 0.000318318 0.0016755 0.000504785 -0.00172384
internal_weight=754 271 483 251 46 205 121 101 81 60 84 460 436 414 97 65 45 317 291 259 236 215 178 124 50 74 54 61 40
internal_count=754 271 483 251 46 205 121 101 81 60 84 460 436 414 97 65 45 317 291 259 236 215 178 124 50 74 54 61 40
cat_boundaries=0 1
cat_threshold=2
is_linear=0
shrinkage=0.1


Tree=94
num_leaves=30
num_cat=0
split_feature=9 18 5 13 15 8 5 12 5 5 19 12 15 2 1 2 2 5 18 5 18 14 19 19 19 9 18 13 5
split_gain=0.0303804 0.0206578 0.0216817 0.0241656 0.0442362 0.0238057 0.0296805 0.037379 0.0597697 0.0382863 0.0245716 0.0195547 0.0456434 0.0152976 0.0429187 0.0273901 0.0526034 0.0470305 0.0425885 0.0613263 0.0450415 0.0614163 0.0713534 0.0659335 0.0397195 0.0310964 0.0199834 0.0155464 0.0224407
threshold=669.00000000000011 428.50000000000006 22207.000000000004 89225.000000000015 0.95500000000000007 151.00000000000003 5974.0000000000009 9.5000000000000018 4046.5000000000005 4046.5000000000005 2385.0000000000005 1.0000000180025095e-35 2.4750000000000005 76.992128000000008 11.0229385 80.149018000000012 80.121583000000015 603.00000000000011 58.500000000000007 1380.5000000000002 14.500000000000002 19147.500000000004 1635.0000000000002 1197.0000000000002 1411.5000000000002 49.500000000000007 15.500000000000002 13948.000000000002 987.00000000000011
decision_type=10 8 2 2 2 8 2 10 2 2 10 10 2 2 2 2 2 2 10 2 10 2 10 8 10 8 10 2 2
left_child=1 2 3 5 -5 11 7 8 10 -9 13 -1 -13 14 -7 16 17 -15 19 20 24 -22 23 -23 -17 26 -19 28 -28
right_child=-2 -3 -4 4 -6 6 -8 9 -10 -11 -12 12 -14 15 -16 18 -18 25 -20 -21 21 22 -24 -25 -26 -27 27 -29 -30
leaf_value=-0.0038951397333294156 0.0038454252155497672 -0.0032745554600842296 0.0030044667017848597 -0.0052470592334866529 0.00026051526257236094 0.005462795898783953 0.0038070492626107095 0.00029392266934294078 0.0056025205823105016 -0.0057445455741669451 -0.0031935812107154304 0.0030660142190754415 -0.0031013339437777178 0.0041512496200005484 -0.0010099764580705336 -0.0042285466251233894 -0.0044757371311789033 -0.0044414077233523126 -0.0032298060619960663 0.004934154020769424 0.0050988118017890631 0.0019471942471379106 0.0045936641477358842 -0.0050848838368741179 0.0012561686164901957 0.0021070100342983318 -0.0016165496803296265 -0.0027216625656804137 0.0027692128007765862
leaf_weight=25 20 20 23 25 35 20 23 21 21 21 21 21 28 23 21 31 32 20 23 38 35 24 24 30 23 29 28 29 20
leaf_count=25 20 20 23 25 35 20 23 21 21 21 21 21 28 23 21 31 32 20 23 38 35 24 24 30 23 29 28 29 20
internal_value=1.90873e-11 -0.00010478 -1.59907e-05 -0.000116527 -0.00203431 6.58294e-05 0.000289709 0.000138213 0.00038266 -0.00272531 0.000149928 -0.00161932 -0.000458185 0.000305958 0.00214747 0.000121356 -0.000797111 -7.07028e-06 0.00085049 0.00130828 0.00048323 0.00161852 5.68473e-05 -0.00195952 -0.00189246 -0.000766129 -0.00162511 -0.000893602 0.000210851
internal_weight=754 734 714 691 60 631 557 534 492 42 471 74 49 450 41 409 181 149 228 205 167 113 78 54 54 126 97 77 48
internal_count=754 734 714 691 60 631 557 534 492 42 471 74 49 450 41 409 181 149 228 205 167 113 78 54 54 126 97 77 48
is_linear=0
shrinkage=0.1


Tree=95
num_leaves=29
num_cat=0
split_feature=10 9 9 9 2 2 15 18 9 5 19 19 19 2 8 5 1 10 18 5 1 2 5 19 13 5 14 10
split_gain=0.0268355 0.0267367 0.038255 0.0325475 0.0269005 0.0369732 0.0300668 0.0362781 0.0262242 0.0423363 0.0225198 0.0273917 0.0601994 0.0390114 0.0302701 0.0367568 0.0450195 0.0241078 0.0376302 0.0479364 0.0382674 0.0308231 0.0267748 0.037467 0.0250837 0.0147867 0.012989 0.0177282
threshold=600.00000000000011 323.50000000000006 202.50000000000003 149.00000000000003 76.900776500000021 76.949328200000011 3.2450000000000006 146.50000000000003 111.50000000000001 8341.5000000000018 2206.5000000000005 1403.0000000000002 1328.0000000000002 80.253216500000022 4486.5000000000009 1197.0000000000002 13.047971000000002 42.000000000000007 20.500000000000004 795.00000000000011 12.998681500000002 80.200385500000024 1084.5000000000002 1118.5000000000002 6962.0000000000009 723.00000000000011 19573.500000000004 26.500000000000004
decision_type=10 10 10 10 2 2 2 10 10 2 10 8 10 2 8 2 2 10 8 2 2 2 2 10 2 2 2 10
left_child=1 2 3 4 -1 -6 7 8 9 10 11 12 13 17 26 16 25 18 19 21 22 24 -20 -24 -7 -16 -13 -28
right_child=-2 -3 -4 -5 5 6 -8 -9 -10 -11 -12 14 -14 -15 15 -17 -18 -19 20 -21 -22 -23 23 -25 -26 -27 27 -29
leaf_value=0.0026263498855326828 0.0034412244419482624 -0.0036200321501209626 0.0043119897576980298 -0.0037424187466967851 -0.0043788747990038254 0.0028681517548025831 0.003024797513705468 -0.0038223599280732185 0.0033830073090608823 -0.0045406614607643517 -0.0024855312863082597 0.001164874911089154 -0.0045410807747694277 0.0043620661878958347 0.0049876467045396576 0.0050143792766475064 -0.0022776922447239763 -0.0027026420664590075 -0.0026843495364300908 -0.0049862084163275235 0.0047815683430859025 -0.0027460726877224857 0.0049099060623848355 -0.0010081577160314698 -0.00093179763898660901 0.0011883468178677419 -0.0036280935397371653 0.00044277779676991962
leaf_weight=37 22 21 20 24 20 38 31 26 22 21 33 34 31 20 20 34 26 34 20 24 28 29 20 23 32 21 20 23
leaf_count=37 22 21 20 24 20 38 31 26 22 21 33 34 31 20 20 34 26 34 20 24 28 29 20 23 32 21 20 23
internal_value=-2.87642e-11 -0.000103425 4.41232e-07 -0.00012435 5.83504e-06 -0.000148068 -9.35324e-06 -0.000171803 -1.67892e-07 -0.000140337 4.08527e-05 0.000215634 -0.000369055 0.00011353 0.00119778 0.00233641 0.000977436 -0.000229094 0.0001639 -0.00097669 0.00170558 -4.68551e-06 0.000338468 0.00174443 0.00113103 0.00304166 -0.000295743 -0.00145065
internal_weight=754 732 711 691 667 630 610 579 553 531 510 477 299 268 178 101 67 248 214 123 91 99 63 43 70 41 77 43
internal_count=754 732 711 691 667 630 610 579 553 531 510 477 299 268 178 101 67 248 214 123 91 99 63 43 70 41 77 43
is_linear=0
shrinkage=0.1


Tree=96
num_leaves=30
num_cat=1
split_feature=3 10 18 9 18 19 11 9 8 5 8 7 13 1 1 18 19 19 10 2 15 18 14 14 5 10 13 7 19
split_gain=0.0242409 0.169779 0.0398365 0.0331425 0.0442946 0.0343042 0.0281223 0.0262421 0.0345525 0.0264135 0.0491134 0.0161814 0.0405276 0.0364776 0.022903 0.020179 0.0405585 0.028221 0.0223307 0.0488143 0.0228282 0.0305404 0.0226348 0.0279427 0.0210033 0.030631 0.0227902 0.0145007 0.00727521
threshold=0 76.000000000000014 347.50000000000006 202.50000000000003 172.50000000000003 2836.5000000000005 37.500000000000007 101.00000000000001 79.500000000000014 1380.5000000000002 3407.5000000000005 8505.0000000000018 23721.000000000004 13.097603000000001 12.43688 36.500000000000007 1225.5000000000002 2097.5000000000005 5.5000000000000009 77.108679500000008 2.1350000000000002 12.500000000000002 15641.000000000002 29646.000000000004 893.00000000000011 10.500000000000002 7631.0000000000009 1687.0000000000002 1139.5000000000002
decision_type=1 10 10 10 10 10 10 8 10 2 8 8 2 2 2 10 10 10 10 2 2 10 2 2 2 10 2 10 8
left_child=1 -1 3 4 5 6 7 8 11 -9 -11 12 13 15 -14 17 -17 18 -2 -20 21 -21 -22 24 25 -24 -27 -23 -12
right_child=2 -3 -4 -5 -6 -7 -8 9 -10 10 28 -13 14 -15 -16 16 -18 -19 19 20 22 27 23 -25 -26 26 -28 -29 -30
leaf_value=-0.0032506197570236748 -0.0026787964859977366 0.0084411604694374226 -0.0034903840333058989 0.003835426177829504 -0.0043269903321440017 0.0036802150346338749 -0.0034544000343885274 -0.00097438955147351549 -0.0036019591486145712 0.0062843721131988182 -0.00078634332865476606 -0.0027525691504013683 0.00035290437888100065 -0.0044174339307937772 0.0046645294642075896 0.00073324163117481828 -0.0051007219366014898 0.0038019404790940736 -0.0037402496520102164 0.0053894720632921564 0.0024050600956090624 -0.0011531729419948535 -0.0034251616499386727 0.0021423692377566389 -0.0039397173539989375 0.0027614389610444677 -0.0011090462328866124 0.0026548082899535076 0.0019109154725447297
leaf_weight=27 28 23 34 22 24 25 24 28 29 24 20 21 22 20 28 26 22 21 27 22 36 20 25 33 22 29 32 20 20
leaf_count=27 28 23 34 22 24 25 24 28 29 24 20 21 22 20 28 26 22 21 27 22 36 20 25 33 22 29 32 20 20
internal_value=3.76343e-13 0.0021276 -0.000151108 1.83479e-05 -0.000111244 5.08998e-05 -0.000100574 3.94117e-05 -0.000255428 0.00158732 0.00270807 -4.16628e-05 8.9813e-05 -0.000259743 0.00276741 -3.06695e-05 -0.00194066 0.000260376 7.40757e-06 0.000290166 0.000745485 0.00239679 0.000167061 -0.000404343 -0.00118251 -0.000477172 0.00073102 0.000750818 0.000562286
internal_weight=754 50 704 670 648 624 599 575 483 92 64 454 433 383 50 363 48 315 294 266 239 62 177 141 108 86 61 40 40
internal_count=754 50 704 670 648 624 599 575 483 92 64 454 433 383 50 363 48 315 294 266 239 62 177 141 108 86 61 40 40
cat_boundaries=0 1
cat_threshold=2
is_linear=0
shrinkage=0.1


Tree=97
num_leaves=29
num_cat=1
split_feature=10 9 15 15 2 2 19 3 10 18 19 14 1 15 15 15 19 15 15 2 19 9 18 7 5 15 19 1
split_gain=0.0228435 0.0230531 0.0292331 0.0136043 0.0176653 0.0467454 0.0421838 0.0255231 0.0308619 0.0340032 0.0243771 0.0327035 0.0364292 0.0450964 0.075719 0.027359 0.0284811 0.0271216 0.0557004 0.0268658 0.0238276 0.0555793 0.0333413 0.0224649 0.0330741 0.0164125 0.0181347 0.0340604
threshold=600.00000000000011 323.50000000000006 0.67500000000000016 0.8650000000000001 80.260211500000011 80.254298500000019 2414.0000000000005 0 122.50000000000001 126.50000000000001 1287.0000000000002 14190.000000000002 12.972110000000002 2.5950000000000002 2.3650000000000007 1.8350000000000002 811.50000000000011 2.3150000000000004 2.4750000000000005 78.742080000000016 1481.5000000000002 29.500000000000004 32.500000000000007 3434.0000000000005 2429.0000000000005 2.6750000000000003 1115.5000000000002 12.964492000000002
decision_type=10 10 2 2 2 2 10 1 10 10 8 2 2 2 2 2 10 2 2 2 10 8 10 10 2 2 10 2
left_child=1 2 -1 -4 5 6 7 -5 9 10 15 -12 20 14 -14 -9 -17 19 -19 -18 21 -13 -22 25 -25 26 27 -20
right_child=-2 -3 3 4 -6 -7 -8 8 -10 -11 11 12 13 -15 -16 16 17 18 23 -21 22 -23 -24 24 -26 -27 -28 -29
leaf_value=-0.0037679822967038494 0.0031749689274213535 -0.0033608034120074341 0.0024002758283168078 0.0034628594516897984 -0.002040878255875447 0.0044806061564789468 -0.0032003581261214539 -0.0041068933717906472 -0.0028550347313284876 0.0039310313256767891 -0.0025055847428739073 0.0049112878334805522 0.003969541472821113 0.0055874289728568075 -0.00355960140851411 0.0031732375902885739 0.0039361324282767979 -0.0061805656319484118 -0.0021196109706319737 -0.00046349935167069948 -0.0047616127971559768 -0.0017025599221664447 0.00087982507380233565 0.0026840747208692708 -0.0019204162097034548 -0.0041255141329020265 -0.0034096205397509041 0.0032080218173740878
leaf_weight=20 22 21 25 23 39 24 39 20 34 24 25 24 34 35 22 22 23 20 28 35 20 27 22 39 26 20 20 21
leaf_count=20 22 21 25 23 39 24 39 20 34 24 25 24 34 35 22 22 23 20 28 35 20 27 22 39 26 20 20 21
internal_value=-1.62812e-11 -9.54226e-05 1.02327e-06 0.000110112 2.41446e-05 0.000152591 -1.96683e-05 0.000200273 6.15678e-05 0.000257159 7.46059e-05 0.000888035 0.00134912 0.00277157 0.00101166 -0.000545856 -0.00026546 -0.000591543 -0.00121578 0.00128118 -4.27346e-05 0.00140984 -0.00180657 -0.000571008 0.000842278 -0.00160318 -0.000872073 0.00016366
internal_weight=754 732 711 691 666 627 603 564 541 507 483 209 184 91 56 274 254 232 174 58 93 51 42 154 65 89 69 49
internal_count=754 732 711 691 666 627 603 564 541 507 483 209 184 91 56 274 254 232 174 58 93 51 42 154 65 89 69 49
cat_boundaries=0 1
cat_threshold=2
is_linear=0
shrinkage=0.1


Tree=98
num_leaves=30
num_cat=0
split_feature=1 15 5 7 12 8 19 2 7 1 15 15 11 10 10 1 9 2 5 11 5 19 19 19 2 5 23 1 2
split_gain=0.0252499 0.0980735 0.0877522 0.0406916 0.035607 0.0380068 0.0383545 0.030146 0.0297593 0.0260081 0.0427262 0.0365938 0.0556762 0.0512081 0.0504004 0.0590938 0.0343994 0.0330937 0.0329204 0.0403126 0.0331712 0.0230368 0.0175297 0.0520848 0.0189732 0.039257 0.0223069 0.0187015 0.0117314
threshold=12.611531500000002 0.78500000000000014 27090.000000000004 14373.500000000002 18.500000000000004 937.50000000000011 2836.5000000000005 80.207133975273891 9145.5000000000018 12.934547200000003 2.5650000000000004 2.5850000000000004 6.5000000000000009 7.5000000000000009 12.500000000000002 13.039695000000002 28.500000000000004 80.252612500000012 921.50000000000011 9.5000000000000018 668.00000000000011 1472.5000000000002 873.50000000000011 1010.0000000000001 78.142889000000011 1812.5000000000002 1.0000000180025095e-35 11.016214000000002 80.189683140214484
decision_type=2 2 2 10 10 10 8 2 10 2 2 2 10 10 10 2 10 2 2 10 2 10 8 8 2 2 2 2 2
left_child=1 -1 4 8 5 6 9 -7 22 10 28 12 13 -11 15 -15 -16 18 20 -20 -13 -5 -3 -24 25 27 -26 -25 -2
right_child=2 3 -4 21 -6 7 -8 -9 -10 11 -12 17 -14 14 16 -17 -18 -19 19 -21 -22 -23 23 24 26 -27 -28 -29 -30
leaf_value=0.0067235915744677192 -0.002418335315609432 0.0030938514042645696 -0.0059864366565037658 -0.00027520498260855678 0.0037170914568654869 -0.0058503638864273117 0.0042593603179557253 -0.0005533882332119075 0.0038967151517191761 -0.0041556605091318489 0.00082510407364955467 -0.0010715847912554941 0.0058341682929059736 0.0074238074270239016 -0.0026542743329297414 -8.5461733397096387e-06 0.0023836121570480909 -0.0039600612651156551 -0.0046183748998575745 0.00075112029243710229 0.0039947945441651559 -0.0049056708071888852 -0.0041577297101656986 -0.00035345557456215227 0.0035336675379719386 0.0024322431365197354 -0.00041207155394975262 -0.0041920085382033982 -0.0057298725796863445
leaf_weight=25 23 20 27 21 23 21 20 22 26 20 33 24 23 23 33 20 23 29 27 29 28 22 26 30 38 33 23 22 20
leaf_count=25 23 20 27 21 23 21 20 22 26 20 33 24 23 23 33 20 23 29 27 29 28 22 26 30 38 33 23 22 20
internal_value=1.31497e-11 0.00074026 -0.000452381 0.000167144 -0.000113561 -0.000324339 -1.4437e-06 -0.00314028 0.000721691 -0.000241489 -0.00188146 0.000205241 0.00133015 0.000459626 0.00139201 0.0039669 -0.000585142 -0.000960724 -0.000155346 -0.00183774 0.00165647 -0.00264428 0.000291739 -3.40877e-05 0.00070026 -0.000265457 0.00204593 -0.00197746 -0.00395859
internal_weight=754 286 468 261 441 418 375 43 218 355 76 279 142 119 99 43 56 137 108 56 52 43 192 172 146 85 61 52 43
internal_count=754 286 468 261 441 418 375 43 218 355 76 279 142 119 99 43 56 137 108 56 52 43 192 172 146 85 61 52 43
is_linear=0
shrinkage=0.1


Tree=99
num_leaves=29
num_cat=0
split_feature=9 7 8 8 19 19 19 2 1 5 11 14 2 7 15 2 1 2 5 12 9 19 19 7 5 10 11 10
split_gain=0.0246295 0.0169497 0.0178149 0.0502178 0.0213596 0.0249594 0.0712765 0.040966 0.0332041 0.0265492 0.0220493 0.0356091 0.0843565 0.0480755 0.0216025 0.0393458 0.0684388 0.0635752 0.0275646 0.0243071 0.0373641 0.0286386 0.0442884 0.0169924 0.0243872 0.0213894 0.0157291 0.0111982
threshold=669.00000000000011 64111.000000000007 2227.5000000000005 1063.5000000000002 4199.5000000000009 1328.0000000000002 1372.0000000000002 80.23887495000001 11.004475000000001 9617.0000000000018 30.500000000000004 37694.000000000007 80.183267000000015 2492.0000000000005 2.5350000000000006 78.742080000000016 12.952307247777773 77.28226500000001 795.00000000000011 1.5000000000000002 24.500000000000004 1002.5000000000001 1102.5000000000002 2129.0000000000005 750.50000000000011 9.5000000000000018 4.5000000000000009 21.500000000000004
decision_type=10 8 10 10 8 10 10 2 2 2 10 2 2 10 2 2 2 2 2 10 10 10 10 10 2 10 8 10
left_child=1 2 3 4 5 7 -7 9 -8 14 11 13 26 23 15 17 -17 -1 -18 20 -16 -21 -23 24 25 -10 -13 -24
right_child=-2 -3 -4 -5 -6 6 8 -9 10 -11 -12 12 -14 -15 19 16 18 -19 -20 21 -22 22 27 -25 -26 -27 -28 -29
leaf_value=-0.0030232217822534343 0.003462382545694709 -0.0029655688116326929 0.0022199548726134443 -0.0045243151709437376 0.0029703753301873804 -0.0056679279879770349 -0.0038710557754434976 0.0040818381588906055 0.001175574467126881 0.0032287174799981028 0.0030519246447669422 -0.00074242121013610258 -0.0056244133293683477 0.0048557146491172414 -0.00065096481272053938 -0.0063846934797515261 0.0024920225498222173 0.0037410153234800833 -0.0025190245441120609 -0.0027926674956688657 0.0042415736400446781 0.0040348818471775977 -0.0028186389617621899 -0.0027384305463056084 0.0033498718636110428 -0.0027557857614010574 0.0030920622171834115 0.00021638748566469841
leaf_weight=24 20 20 34 25 24 27 23 29 31 26 23 23 34 24 27 29 21 33 23 32 37 27 20 20 22 25 20 31
leaf_count=24 20 20 34 25 24 27 23 29 31 26 23 23 34 24 27 29 21 33 23 32 37 27 20 20 22 25 20 31
internal_value=-1.80258e-11 -9.43429e-05 -1.39164e-05 -0.00012561 4.22796e-05 -6.90901e-05 -0.000791635 0.000478353 -0.000254247 0.000161683 0.000120467 -0.000218345 -0.00190214 0.000844376 -0.000100629 -0.00107588 -0.00261317 0.000892915 -0.000127388 0.000628011 0.00217753 -0.00027353 0.000759962 -0.000137993 0.000528786 -0.000579497 0.00104106 -0.000973819
internal_weight=754 734 714 680 655 631 272 359 245 330 222 199 77 122 304 130 73 57 44 174 64 110 78 98 78 56 43 51
internal_count=754 734 714 680 655 631 272 359 245 330 222 199 77 122 304 130 73 57 44 174 64 110 78 98 78 56 43 51
is_linear=0
shrinkage=0.1


end of trees

feature_importances:
FE_Average_Unit_Size_Sqft=385
Longitude=306
Latitude=290
FE_FSI=248
Site_Extent_Sqm=236
FSI_Other_Residential=199
Covered_Parking=196
FE_Total_Parking=170
Open_Parking=161
Total_Dwelling_Units=159
FE_Total_FSI_Area_Sqft=136
FSI_Commercial=116
Visitor_Parking=91
Districts=37
FE_Site_Extent_Sqft=33
Is_Construction_Cost_Below_Floor=25
Coord_Was_Corrupted=20
FSI_LIG_Residential=19
Type_of_Building=8
Usage=6

parameters:
[boosting: gbdt]
[objective: regression]
[metric: l2]
[tree_learner: serial]
[device_type: cpu]
[data_sample_strategy: bagging]
[data: ]
[valid: ]
[num_iterations: 100]
[learning_rate: 0.1]
[num_leaves: 31]
[num_threads: 8]
[seed: 42]
[deterministic: 0]
[force_col_wise: 0]
[force_row_wise: 0]
[histogram_pool_size: -1]
[max_depth: -1]
[min_data_in_leaf: 20]
[min_sum_hessian_in_leaf: 0.001]
[bagging_fraction: 1]
[pos_bagging_fraction: 1]
[neg_bagging_fraction: 1]
[bagging_freq: 0]
[bagging_seed: 400]
[bagging_by_query: 0]
[feature_fraction: 1]
[feature_fraction_bynode: 1]
[feature_fraction_seed: 30056]
[extra_trees: 0]
[extra_seed: 12879]
[early_stopping_round: 0]
[early_stopping_min_delta: 0]
[first_metric_only: 0]
[max_delta_step: 0]
[lambda_l1: 0]
[lambda_l2: 0]
[linear_lambda: 0]
[min_gain_to_split: 0]
[drop_rate: 0.1]
[max_drop: 50]
[skip_drop: 0.5]
[xgboost_dart_mode: 0]
[uniform_drop: 0]
[drop_seed: 17869]
[top_rate: 0.2]
[other_rate: 0.1]
[min_data_per_group: 100]
[max_cat_threshold: 32]
[cat_l2: 10]
[cat_smooth: 10]
[max_cat_to_onehot: 4]
[top_k: 20]
[monotone_constraints: ]
[monotone_constraints_method: basic]
[monotone_penalty: 0]
[feature_contri: ]
[forcedsplits_filename: ]
[refit_decay_rate: 0.9]
[cegb_tradeoff: 1]
[cegb_penalty_split: 0]
[cegb_penalty_feature_lazy: ]
[cegb_penalty_feature_coupled: ]
[path_smooth: 0]
[interaction_constraints: ]
[verbosity: 1]
[saved_feature_importance_type: 0]
[use_quantized_grad: 0]
[num_grad_quant_bins: 4]
[quant_train_renew_leaf: 0]
[stochastic_rounding: 1]
[linear_tree: 0]
[max_bin: 255]
[max_bin_by_feature: ]
[min_data_in_bin: 3]
[bin_construct_sample_cnt: 200000]
[data_random_seed: 175]
[is_enable_sparse: 1]
[enable_bundle: 1]
[use_missing: 1]
[zero_as_missing: 0]
[feature_pre_filter: 1]
[pre_partition: 0]
[two_round: 0]
[header: 0]
[label_column: ]
[weight_column: ]
[group_column: ]
[ignore_column: ]
[categorical_feature: 0,3,4]
[forcedbins_filename: ]
[precise_float_parser: 0]
[parser_config_file: ]
[objective_seed: 16083]
[num_class: 1]
[is_unbalance: 0]
[scale_pos_weight: 1]
[sigmoid: 1]
[boost_from_average: 1]
[reg_sqrt: 0]
[alpha: 0.9]
[fair_c: 1]
[poisson_max_delta_step: 0.7]
[tweedie_variance_power: 1.5]
[lambdarank_truncation_level: 30]
[lambdarank_norm: 1]
[label_gain: ]
[lambdarank_position_bias_regularization: 0]
[eval_at: ]
[multi_error_top_k: 1]
[auc_mu_weights: ]
[num_machines: 1]
[local_listen_port: 12400]
[time_out: 120]
[machine_list_filename: ]
[machines: ]
[gpu_platform_id: -1]
[gpu_device_id: -1]
[gpu_use_dp: 0]
[num_gpu: 1]

end of parameters

pandas_categorical:[["Chengalpattu", "Chennai", "Coimbatore", "Cuddalore", "Dindigul", "Erode", "Kancheepuram", "Karur", "Krishnagiri", "Madurai", "Namakkal", "Nilgiris", "Ranipet", "Salem", "Sivagangai", "Thanjavur", "Tiruchirappalli", "Tirunelveli", "Tirupathur", "Tiruppur", "Tiruvallur", "Tiruvannamalai", "Vellore", "Virudhunagar"], ["Commercial", "Mixed Development", "Residential"], ["High Rise Building (HRB)", "Non-High Rise Building (NHRB)"]]
