Source_File,Project_Name,Project_Details,Type_of_Building,Usage,Site_Extent_Sqm,Total_Dwelling_Units,Stage_of_Construction,Project_Completion_Date,Latitude,Longitude,Covered_Parking,Open_Parking,Visitor_Parking,Land_Cost,Construction_Cost,Other_Cost,Total_Project_Cost,FSI_LIG_Residential,FSI_Other_Residential,FSI_Commercial,Heights_m,Floor_mentions,Districts,_missing_fields
V:\Project\Project_Stick\data_source\raw\TNRERA\2024\TN_10_Building_0519_2024.pdf,CRT Magilagam,"Ward-E,Block-21,TS No.2/3,Periyar Nagar,Erode Tk & Dt.",Non-High Rise Building (NHRB),Residential,1149.22,30,Under Construction,18/09/2028,11.335912,77.725072,22,6,3,24731214,111271043,16491620,152493877,0.00,3150.00,-,[],[],['Erode'],
V:\Project\Project_Stick\data_source\raw\TNRERA\2024\TN_11_Building_0301_2024.pdf,Mayflower East Gate,"Old S.F.No.418/2pt,New T.S.No.5/1,Block.07,Ward No.Z(26) of Vilankurichi Village,Coimbatore District",High Rise Building (HRB),Residential,2230.00,42,Under Construction,31/12/2026,11.2192,77.1134,27,15,42,80000000,230000000,15982769,325982769,-,6260.08,-,[],[],['Coimbatore'],
V:\Project\Project_Stick\data_source\raw\TNRERA\2024\TN_11_Building_0341_2024.pdf,TIARA,"S.F.NO:370/3,CHINNAVEDAMPATTI,COIM BATORE-641049",Non-High Rise Building (NHRB),Residential,1133,22,Under Construction,31/12/2029,110530.7,765828.1,24,0,2,3659100,30000000,2917400,36576500,-,2913.67,-,[],[],['Coimbatore'],
V:\Project\Project_Stick\data_source\raw\TNRERA\2024\TN_11_Building_0344_2024.pdf,PNR MODERNA,"SF NO 129/4B, RANI GARDEN, 3RD STREET,SINGANALLUR VILLAGE,COIMBATORE-641016",Non-High Rise Building (NHRB),Residential,719.99,14,Under Construction,28/02/2027,11.006265,77.042583,16,0,0,26016000,43747218,11130881,80894099,-,1818.3,-,[],[],['Coimbatore'],
V:\Project\Project_Stick\data_source\raw\TNRERA\2024\TN_11_Building_0353_2024.pdf,ADHYA,"Adhya, SF.NO:577/1B2A, Chinnavedampatti Village, Coimbatore North Taluk, Coimbatore Corporation, Coimbatore District.",Non-High Rise Building (NHRB),Residential,5046.84,200,Not Yet Started,01/01/2026,11.04304,76.59039,95,0,13,54450000,835820000,3000000,893270000,-,14025.1,-,[],[],['Coimbatore'],
V:\Project\Project_Stick\data_source\raw\TNRERA\2024\TN_11_Building_0361_2024.pdf,REGAL VILLAS,Villa ( Group development),Non-High Rise Building (NHRB),Residential,2348.94,18,Not Yet Started,15/03/2029,11.004030,77.024250,0,19,3,75851295,60624219,12000000,148475514,-,2022.35,-,[],[],['Coimbatore'],
V:\Project\Project_Stick\data_source\raw\TNRERA\2024\TN_11_Building_0363_2024.pdf,COROMANDEL ENCLAVE,"SF NO.398/1, WARD-34, BLOCK -1, TSNO.25/3B,UPPILIPALAYAM VILLAGE, COIMBATORE EAST, COIMBATORE",Non-High Rise Building (NHRB),Residential,10167.64,100,Under Construction,21/07/2026,1100485,7701380,64,12,00,120000000,152500000,44642575,317142575,-,5853.33,403.58,[],[],['Coimbatore'],
V:\Project\Project_Stick\data_source\raw\TNRERA\2024\TN_11_Building_0372_2024.pdf,Ananyas Nana Nani Homes Phase 9,Construction of residential Building,High Rise Building (HRB),Residential,36418.37,89,Not Yet Started,31/01/2029,11.054526,76.899453,178,143,22,301200000,1700000000,100000000,2101200000,-,22946.54,3460.0299999999997,[],[],['Coimbatore'],
V:\Project\Project_Stick\data_source\raw\TNRERA\2024\TN_11_Building_0407_2024.pdf,ICONIC EMPORIUM,"Basement Floor 1 & 2, Ground Floor + 2nd Floor + Lobby Floor + Terrace Floor commercial Multiplex building (Shop & Theater) comprised in Old S.No.:233/2, Ts.No.: 5/5 & 5/7, Block No.: 29, Ward: AR, Kumarapalayam, Perur Taluk, Coimbatore Corporation.",Non-High Rise Building (NHRB),Commercial,3764.50,,Not Yet Started,09/05/2029,105903.0,765539.4,112,7,0,263549530,0,0,263549530,0.00,0.00,7919.48,[],[],['Coimbatore'],Total_Dwelling_Units
V:\Project\Project_Stick\data_source\raw\TNRERA\2024\TN_11_Building_0422_2024.pdf,SREEVATSA POORNA,"Sreevatsa Poorna, S.F.NO: 365/2F, Vellakinaru Road, War-002, North Zone, Coimbatore",Non-High Rise Building (NHRB),Residential,4277.40,15,Not Yet Started,23/01/2029,11043792,76584368,31,4,0,46042000,205000000,11888000,262930000,-,4368.73,359.33,[],[],['Coimbatore'],
V:\Project\Project_Stick\data_source\raw\TNRERA\2024\TN_11_Building_0424_2024.pdf,MR RESIDENCY,APARTMENT,Non-High Rise Building (NHRB),Residential,1317.5,45,Under Construction,22/09/2028,11.04634,76.93019,28,17,0,39000000,129132180,7043300,175175480,-,3612.17,-,[],[],['Coimbatore'],
V:\Project\Project_Stick\data_source\raw\TNRERA\2024\TN_11_Building_0429_2024.pdf,MAYFLOWER EMERALD,"T.S.No.68 BLOCK No.10,WARD No.AC(29)",High Rise Building (HRB),Residential,6220,116,Not Yet Started,23/05/2030,105958.5,770029.7,171,10,0,103238000,665000000,56000000,824238000,0.00,17416.00,-,[],[],['Coimbatore'],
V:\Project\Project_Stick\data_source\raw\TNRERA\2024\TN_11_Building_0437_2024.pdf,Solitaire,"Residential Building (M/s Diamond City Developers India Private Limited) in Ts. No. 37/1 & 37/2B, Ward No. 44, Block No. 3, Kumarapalayam Village, Perur Taluk, Coimbatore District.",Non-High Rise Building (NHRB),Residential,12782.56,39,Not Yet Started,15/04/2032,11.000818,76.928997,51,75,12,20647455,260300400,19500000,300447855,-,11885.460000000001,-,[],[],['Coimbatore'],
V:\Project\Project_Stick\data_source\raw\TNRERA\2024\TN_11_Building_0467_2024.pdf,NIVASAN SWARNAPURAA,".F.No: 756/1B1D2, 758/3, 759/3A, 759/3B, 760/1A , 760/1B, 760/1C1, 760/1C2, 760/1D1 & 760/1D2 17 A indra nagar , civil aerodrome PO, Kalapatti Village East Goldwins, Coimbatore- 641014",Non-High Rise Building (NHRB),Residential,8152,19,Under Construction,31/10/2027,11.046649,77.04317,55,48,0,161153586,219375000,16377124,396905710,0.00,7587.32,521.19,[],[],['Coimbatore'],
V:\Project\Project_Stick\data_source\raw\TNRERA\2024\TN_11_Building_0477_2024.pdf,SWARNNA SRI SADAn,APARTMENT,Non-High Rise Building (NHRB),Residential,888.50,12,Under Construction,31/12/2025,11.009929,76.944785,23,0,3,33500000,74000000,0,107500000,2292.32,2292.32,0.00,[],[],['Coimbatore'],
V:\Project\Project_Stick\data_source\raw\TNRERA\2024\TN_11_Building_0489_2024.pdf,Lifestyle Luxor,"Development of Residential Building in 0.30 acres of land situated at SF.No. 472PT Ward No. 37, Block No.3 T.S.No. .33/7 & 33/8 , SF.No. 472PT, Singanallur Village, Coimbatore East Zone, Coimbatore Dist. Tamil Nadu. The Project comprises of 24 Dwelling units.",Non-High Rise Building (NHRB),Residential,1217,24,Not Yet Started,31/08/2027,105924.9,770202.5,24,0,3,59700000,87220000,8000000,154920000,0.00,2995.28,-,[],[],['Coimbatore'],
V:\Project\Project_Stick\data_source\raw\TNRERA\2024\TN_11_Building_0498_2024.pdf,ANTARA,"S.F.No.83/1C,1B2,1D2,1E2,94/1A,1B1A2 & 2A",Non-High Rise Building (NHRB),Residential,17583,36,Not Yet Started,31/12/2026,110524.4,770145.7,105,0,0,128775000,200000000,50000000,378775000,0.00,14430.10,548.97,[],[],['Coimbatore'],
V:\Project\Project_Stick\data_source\raw\TNRERA\2024\TN_11_Building_0506_2024.pdf,Dhiya's Mallisseri,"Ward No: 9, TS Block.2 T.S No: 23/48, Vivekanandha Road, Ram Nagar, Coimbatore",Non-High Rise Building (NHRB),Residential,824.50,15,Not Yet Started,31/05/2027,11.0148922,76.9589203,14,1,2,130000000,72500000,61000000,263500000,0.00,1985.58,-,[],[],['Coimbatore'],
V:\Project\Project_Stick\data_source\raw\TNRERA\2024\TN_11_Building_0507_2024.pdf,ARBOR,"Old T.S No : 1816 / 3Part, New T.S No : 1816 / 6, Ward No : 10 J, Block No : 30, Sowripalayam Village, Coimbatore Corporation",Non-High Rise Building (NHRB),Residential,990,12,Under Construction,30/12/2026,110004.1,765950.5,27,0,0,29530454,60000000,12177504.44,101707958,0.00,2269.96,-,[],[],['Coimbatore'],
V:\Project\Project_Stick\data_source\raw\TNRERA\2024\TN_11_Building_0516_2024.pdf,MARUTHAM STERLING HEIGHTS,"SF NO 156/1B, WARD NO (U)21, BLOCK NO 23, GANAPATHY NAGAR, GANAPATHY VILLAGE - T.S NO 12/2",Non-High Rise Building (NHRB),Residential,722.60,13,Not Yet Started,30/10/2026,11.033711,76.982126,10,7,2,9722500,62025000,100000,71847500,0.00,1790.93,45.52,[],[],['Coimbatore'],
V:\Project\Project_Stick\data_source\raw\TNRERA\2024\TN_11_Building_0520_2024.pdf,DAFFODILS,"S.F No : 378/1A4, SITE No : 185 To 188, SESI AVENUE EAST, KALAPTTY VILLAGE, COIMBATORE",Non-High Rise Building (NHRB),Residential,1036,15,Under Construction,31/07/2025,11.047464,77.029899,16,0,4,5975500,58000000,1926578,65902078,0.00,1811.93,-,[],[],['Coimbatore'],
V:\Project\Project_Stick\data_source\raw\TNRERA\2024\TN_11_Building_0525_2024.pdf,Dhiya's Sri Rangas,"Ward No: 10, T.S No: 802, Subramaniam Road, RS Puram, Coimbatore",Non-High Rise Building (NHRB),Residential,1003.34,19,Not Yet Started,31/05/2027,11.002355,76.9503024,19,1,2,158000000,112500000,74500000,345000000,0.00,2455.84,-,[],[],['Coimbatore'],
V:\Project\Project_Stick\data_source\raw\TNRERA\2024\TN_11_Building_0526_2024.pdf,SREEVATSA URBAN VILLAGE,"SF. NO. 527/1B2, 527/1C2,527/1D2, 541/2A2A, 541/2A3A & 541/3, CHINNAVEDAMPATTI VILLAGE, COIMBATORE NORTH TALUK, COIMBATORE - 641 049",Non-High Rise Building (NHRB),Residential,7400,97,Not Yet Started,21/02/2029,11.075749,76.980279,35,18,0,10649315,251886684,132302661,394838660,0.00,4382.01,0.00,[],[],['Coimbatore'],
V:\Project\Project_Stick\data_source\raw\TNRERA\2024\TN_11_Building_0534_2024.pdf,GUJAN'S PARIPALANA PHASE III,"-S.F.No.411/1B1B1, 411/1B1C1, 411/1B1D1, 411/1A2, 411/1A3 OF Veerakeralam village, Coimbatore District.",Non-High Rise Building (NHRB),Residential,2531.63,60,Under Construction,26/08/2032,78.45,80.56,50,0,5,478787000,548700,982100,480317800,0.00,5526.31,-,[],[],['Coimbatore'],
V:\Project\Project_Stick\data_source\raw\TNRERA\2024\TN_11_Building_0550_2024.pdf,BRINDAVAN RESIDENCY,"S.F.No: 533/3B of Kalikkanaicken Palayam Village, Perur Taluk, Coimbatore District, Tamil Nadu",Non-High Rise Building (NHRB),Residential,1598,45,Under Construction,30/06/2026,11.00102778,76.85244167,15,0,2,30000000,130000000,40000000,200000000,0.00,3501.20,-,[],[],['Coimbatore'],
V:\Project\Project_Stick\data_source\raw\TNRERA\2024\TN_11_Building_0553_2024.pdf,Mount Galaxy,Affordable Housing Residential Project,Non-High Rise Building (NHRB),Residential,5630,212,Not Yet Started,20/09/2029,110101.5,765338.1,95,0,0,60000000,715000000,60000000,835000000,0.00,10987.46,-,[],[],['Coimbatore'],
V:\Project\Project_Stick\data_source\raw\TNRERA\2024\TN_11_Building_0588_2024.pdf,RR ARAM,"KALLIMADAI, UPPILIPALAYAM VILLAGE, COIMBATORE",Non-High Rise Building (NHRB),Residential,11201.10,100,Not Yet Started,28/02/2027,10.99578,77.01682,90,0,9,94695955,298898326,24805719,418400000,0.00,11201.10,-,[],[],['Coimbatore'],
V:\Project\Project_Stick\data_source\raw\TNRERA\2024\TN_11_Building_0590_2024.pdf,Thaara,"S.F.No: 270/5A2, GKS Nagar Road, Saravanampatty Village, coimbatore north taluk & District",Non-High Rise Building (NHRB),Residential,1243,30,Not Yet Started,15/06/2027,11.070435001015966,77.00091318157833,33,33,3,13379652,120638338,15000000,149017990,0.00,2948.15,-,[],[],['Coimbatore'],
V:\Project\Project_Stick\data_source\raw\TNRERA\2024\TN_11_Building_0597_2024.pdf,MARUTHAM CHERRY BLOSSOM,"SF NO.368/2, SASI AVENUE, KALAPATTI VILLAGE, WARD NO.23, EAST ZONE, COIMBATORE CORPORATION, COIMBATORE DIST",Non-High Rise Building (NHRB),Residential,1950,39,Under Construction,30/09/2027,11.047628,77.029023,46,7,5,22374585,167715000,-,190089585,0.00,4896.83,87.56,[],[],['Coimbatore'],
V:\Project\Project_Stick\data_source\raw\TNRERA\2024\TN_11_Building_0600_2024.pdf,SOBHA VERDURE,"Registration applied for Block A,Block B,Block C,Block D,Block E,Block F, Block G -Total 44 nos of Rowhouses and Block H. SF No 478/1Apt,478/4,478/5A, Perur Taluk , Veerakeralam Village, Coimbatore -641007",Non-High Rise Building (NHRB),Residential,18379,44,Completed,,110017.1,765244.2,0,92,0,99718186,434853585,0,534571771,0.00,8328.73,324.80,[],[],['Coimbatore'],
V:\Project\Project_Stick\data_source\raw\TNRERA\2024\TN_11_Building_0601_2024.pdf,PUNARJANI,RESIDENTIAL APPARTMENT,Non-High Rise Building (NHRB),Residential,11654.97,64,Under Construction,30/09/2025,10.994572,76.925926,43,21,9,32500000,140200000,0,172700000,0.00,6542.81,-,[],[],['Coimbatore'],
V:\Project\Project_Stick\data_source\raw\TNRERA\2024\TN_11_Building_0602_2024.pdf,-,"Ward –H(8), Block No -3, T.S.No. 123/1, 123/2 & 123/3 of Cowley Brown Road, R.S. Puram, Coimbatore Municipal Corporation, Coimbatore South Taluk, Coimbatore District.",Non-High Rise Building (NHRB),Residential,1206.98,15,Under Construction,01/08/2026,110053.9,765653.4,50,0,0,55267000,151000000,30874473,237141473,765653.4,3375.85,-,[],[],['Coimbatore'],
V:\Project\Project_Stick\data_source\raw\TNRERA\2024\TN_11_Building_0603_2024.pdf,,,,,,,,,,,,,,,,,,,,,[],[],[],"Project_Name, Site_Extent_Sqm, Total_Dwelling_Units, Latitude, Longitude, Land_Cost, Construction_Cost, Total_Project_Cost, FSI_Other_Residential"
V:\Project\Project_Stick\data_source\raw\TNRERA\2024\TN_11_Building_0606_2024.pdf,Jagannaath VEDAANTA,Proposed Construction of Residential Apartment Buildings,Non-High Rise Building (NHRB),Residential,8786.1,290,Not Yet Started,31/12/2027,11147.51,77056.11,128,6,7,5300000,619400000,-,624700000,0.00,22493.67,-,[],[],['Coimbatore'],
V:\Project\Project_Stick\data_source\raw\TNRERA\2024\TN_16_Building_0324_2024.pdf,Jeyam's Empire,Apartment,Non-High Rise Building (NHRB),Residential,5916.95,130,Not Yet Started,31/12/2028,10.759931,78.680031,95,35,16,200000000,510000000,40000000,750000000,-,15230.279999999999,-,[],[],['Tiruchirappalli'],
V:\Project\Project_Stick\data_source\raw\TNRERA\2024\TN_16_Building_0378_2024.pdf,Jeyam's Palace,Residential Apartment Building,Non-High Rise Building (NHRB),Residential,947.2,20,Not Yet Started,09/05/2029,10.759937,78.68039,8,14,2,35000000,85000000,9610000,129610000,-,2459.62,-,[],[],['Tiruchirappalli'],
V:\Project\Project_Stick\data_source\raw\TNRERA\2024\TN_16_Building_0391_2024.pdf,MKB NEST,"PLOT NO:1,2,3,4,5,6, S.NO:20,21,24,26,29,30, BLOCK NO- 23,WARD-AH, ANBAZHAGAN STREET, K SATHANUR VILLAGE, TRICHY-620021",Non-High Rise Building (NHRB),Residential,1130.16,30,Not Yet Started,26/04/2032,104517.7,784119.9,5,24,3,60825000,116865450,896032,178586482,-,2936.05,-,[],[],['Tiruchirappalli'],
V:\Project\Project_Stick\data_source\raw\TNRERA\2024\TN_16_Building_0492_2024.pdf,MORAIS ORCHID,"Old Survey Number 205/5A, New Survey No. 205/13, Plot No. 378A, Morais City Extension – I, Keelakurichi Village and Panchayat, Thiruverumbur Panchayat Union and Taluk, Tiruchirappalli District, Tamil Nadu",Non-High Rise Building (NHRB),Residential,1045,90,Not Yet Started,21/08/2029,10.757417,78.724056,6,0,0,14062500,115926370,31247000,161235870,2902.95,0.00,-,[],[],['Tiruchirappalli'],
V:\Project\Project_Stick\data_source\raw\TNRERA\2024\TN_16_Building_0517_2024.pdf,ROYAL WINDGATES PHASE II,"T.S.No.1/1A part, Block No 05 and Ward AB, Golden Rock Zone, K.Abhisekapuram village,Tiruchirappalli,",Non-High Rise Building (NHRB),Residential,2058.06,34,Not Yet Started,30/11/2026,1008220,7867325,47,8,0,68674145,178561825,12569822,259805792,0.00,5351.46,-,[],[],['Tiruchirappalli'],
V:\Project\Project_Stick\data_source\raw\TNRERA\2024\TN_16_Building_0541_2024.pdf,,,,,,,,,,,,,,,,,,,,,[],[],[],"Project_Name, Site_Extent_Sqm, Total_Dwelling_Units, Latitude, Longitude, Land_Cost, Construction_Cost, Total_Project_Cost, FSI_Other_Residential"
V:\Project\Project_Stick\data_source\raw\TNRERA\2024\TN_16_Building_0566_2024.pdf,MORAIS LAVENDER,"Old Survey No. 205/5A, New Survey No. 205/21, Plot No. 376, MoraisCity Extension - I, Keelakurichi Village and Panchayat, Thiruverumbur Panchayat Union and Taluk,Thiruchirapalli District - 620 007.",Non-High Rise Building (NHRB),Residential,1045,90,Not Yet Started,21/08/2029,10.757000,78.724056,6,0,0,14062500,147173370,-,161235870,2902.95,0.00,-,[],[],['Tiruchirappalli'],
V:\Project\Project_Stick\data_source\raw\TNRERA\2024\TN_16_Building_0574_2024.pdf,MORAIS TULIP,"Old Survey No. 205/5A, New Survey No. 205/16, Plot No. 378, Keelakurichi Village and Panchayat, Thiruverumbur Panchayat Union and Taluk, Thiruchirapalli District - 620007.",Non-High Rise Building (NHRB),Residential,1045,90,Not Yet Started,21/08/2029,10.757333,78.724056,6,0,0,14062500,147173370,-,161235870,2902.95,0.00,-,[],[],['Tiruchirappalli'],
V:\Project\Project_Stick\data_source\raw\TNRERA\2024\TN_17_Building_0538_2024.pdf,SKYVILLE RESIDENCE,"S.F.NO:415/11B, INAM KARUR VILLAGE, KARUR CITY MUNICIPAL CORPORATION",Non-High Rise Building (NHRB),Residential,892,14,Under Construction,23/02/2026,10.978361,78.045167,27,4,0,33600000,72927000,0,106527000,0.00,2330.12,-,[],[],['Karur'],
V:\Project\Project_Stick\data_source\raw\TNRERA\2024\TN_1_Building_0350_2024.pdf,MARUTHAM ROYALGARDENS PHASE - II,"OLD SURVEY NO.267/1, AS PER PATTA NEW SURVEY NO.267/1B, MANIMANGALAM 'A' VILLAGE, KUNDRATHUR TALUK, KANCHIPURAM DIST",Non-High Rise Building (NHRB),Residential,3600,75,Not Yet Started,31/03/2027,12.917269,80.056098,7,8,7,13000000,298500000,49750000,361250000,-,8790.35,450.45,[],[],['Kancheepuram'],
V:\Project\Project_Stick\data_source\raw\TNRERA\2024\TN_1_Building_0595_2024.pdf,NEST CHARISMA,"S.Nos.44/2B1, 46/2A1, 46/2A2 & 46/2A3 Adhanur Road, Varadharajapuram Village. Kundrathur Taluk,",Non-High Rise Building (NHRB),Residential,3750,98,Under Construction,30/09/2026,12.889385,80.053618,40,45,7,61093500,500244100,-,561337600,0.00,10211.36,-,[],[],['Kancheepuram'],
V:\Project\Project_Stick\data_source\raw\TNRERA\2024\TN_20_Building_0463_2024.pdf,Pryme GIO,"PROPOSED CONSTRUCTION OF RESIDENTIAL BUILDING PLOT NO:474,T.S.NO : 148, T.S.WARD- XIX,BLOCK-18, SATHAMANGALAM VILLAGE, MADURAI NORTH TALUK, MADURAI CORPORATION, MADURAI DISTRICT. (MATHICHIYAM DETAILED DEVELOPMENT PLAN PART-II)",Non-High Rise Building (NHRB),Residential,511.00,10,Not Yet Started,31/07/2026,9.918954,78.146419,7,3,1,55000000,62400000,24071600,141471600,0.00,1318.69,-,[],[],['Madurai'],
V:\Project\Project_Stick\data_source\raw\TNRERA\2024\TN_20_Building_0473_2024.pdf,Subramaniyapuram Colony sheme,construction of 396 Units at subramaniyapuram T.s.no 42&40 Block 39 Madurai corporation under HFA-AHP.,High Rise Building (HRB),Residential,5789,396,Under Construction,14/03/2025,9.9081731,78.1144952,0,0,0,0,626893000,0,626893000,0.00,0.00,-,[],[],['Madurai'],
V:\Project\Project_Stick\data_source\raw\TNRERA\2024\TN_20_Building_0539_2024.pdf,AJITA PHASE 2,"S.No.22/5A, 22/5B, 22/6, 22/7A & 22/7B, Thuvariman Village, Thiruparankundram Panchayat Union, Madurai West Taluk, Madurai District.",Non-High Rise Building (NHRB),Residential,8376.90,37,Not Yet Started,31/03/2039,9.954501,78.061761,19,55,8,82505550,155563800,2045712,240115062,0.00,6473.87,-,[],[],['Madurai'],
V:\Project\Project_Stick\data_source\raw\TNRERA\2024\TN_20_Building_0609_2024.pdf,MAX VIDHYA F BLOCK,"Ward No:XXII, Block No:6,Thiruparankundram Taluk, Madurai District, Tamilnadu.",Non-High Rise Building (NHRB),Residential,692,12,Under Construction,31/12/2026,9.916360,78.082389,12,0,2,9390000,42790000,-,52180000,0.00,1354.46,-,[],[],['Madurai'],
V:\Project\Project_Stick\data_source\raw\TNRERA\2024\TN_25_Building_0394_2024.pdf,ALAGU ACHUTHAN APARTMENTS,"Project in the Name of “ALAGU ACHUTHAN APARTMENTS” at T.S.NO.464 (OLD T.S.NO.3pt), Plot no.56 at Ward-3,Block-1, Extend of 651.50 Sq.m in Karaikudi Municipality, Karaikudi Talulk, Sivagangai District, Tamilnadu",Non-High Rise Building (NHRB),Residential,651.5,12,Not Yet Started,31/12/2028,10.072037,78.77243,10,4,2,10000000,38000000,150000,48150000,78.77243,1357.24,-,[],[],['Sivagangai'],
V:\Project\Project_Stick\data_source\raw\TNRERA\2024\TN_25_Building_0531_2024.pdf,GREEN LAKSHMI ENCLAVE,"STILT+3 FLOORS OF RESIDENTIAL BUILDING WITH 12 DWELLING UNITS AT DOOR NO 16, T S NO:38/1,WARD J,UDAYATCHI,BLOCK NO:7,LAKSHMIPURAM EAST STREET,DEVAKKOTTAI TALUK & MUNICIPALITY,SIVAGANGAI DISTRICT.",Non-High Rise Building (NHRB),Residential,520.80,12,Under Construction,31/08/2028,9.946036,78.817421,10,0,0,8409000,23801356,717698,32928054,0.00,1042.75,-,[],[],['Sivagangai'],
V:\Project\Project_Stick\data_source\raw\TNRERA\2024\TN_26_Building_0395_2024.pdf,Arun Sunthari,"Plot area of 1431 Sq.ft and Building 2808.85 Sq.ft, Located at 503/3C1, Perumalpuram",Non-High Rise Building (NHRB),Residential,1431,29,Under Construction,02/05/2028,40.741895,77.73408333333333,,,,35000000,54401800,3163397,92565197,77.73408333333333,2808.85,-,[],[],['Tirunelveli'],
V:\Project\Project_Stick\data_source\raw\TNRERA\2024\TN_26_Building_0532_2024.pdf,SUDHARMA,"T.S.NO: 62, NEW SURVEY WARD: BM, BLOCK: 6, SURVEY NO: 507/9, KULAVANIGARPURAM VILLAGE, MELAPALAYAM WARD, TIRUNELVELI CITY MUNICIPAL CORPORATION, TIRUNELVELI DISTRICT",Non-High Rise Building (NHRB),Residential,943.62,25,Under Construction,26/07/2029,8.703635,77.735208,16,9,3,17500000,8000000,6000000,31500000,77.735208,2623.03,-,[],[],['Tirunelveli'],
V:\Project\Project_Stick\data_source\raw\TNRERA\2024\TN_26_Building_0540_2024.pdf,Raja Sunthari,"Plot at 35 C in NGO C Colony, Perumalpuram",Non-High Rise Building (NHRB),Residential,606.61,12,Under Construction,10/08/2028,8.70225,77.737555,10,2,2,20000000,31600000,1047570,52647570,0.00,1308.94,-,[],[],['Tirunelveli'],
V:\Project\Project_Stick\data_source\raw\TNRERA\2024\TN_29_Building_0305_2024.pdf,ETICA MALAR MRC NAGAR,"Old R.S.No. 4297/8, R.S.NO.4297/24, BLOCK NO.95,MYLAPORE VILLAGE, CHENNAI - 600028",High Rise Building (HRB),Residential,1207.26,18,Not Yet Started,29/01/2032,13020911,80269512,18,12,30,227959375,255875531,0,483834906,-,3172.35,-,[],[],['Chennai'],
V:\Project\Project_Stick\data_source\raw\TNRERA\2024\TN_29_Building_0316_2024.pdf,YES GEE VEDHA,"Stilt Floor (Parking) + 3 Floors residential building with 12 dwelling units (Height - 12.00m) avaliable premium FSI at old Door No: 8 & 5, New Door No: 15 & 9, 4th Street Mandapam Road, Kilpauk, Chennai comprised in RS No: 55/76 & 55/97, Block NO: 03 of Egmore Village, Chennai",Non-High Rise Building (NHRB),Residential,524.50,12,Under Construction,30/09/2025,13.05129,80.13564,12,0,0,123400000,0,0,123400000,-,1099.94,-,[12.0],[],['Chennai'],
V:\Project\Project_Stick\data_source\raw\TNRERA\2024\TN_29_Building_0318_2024.pdf,Megh Aarika,"Plot No.17,Chanakyan Main Road,Annamalai Avenue,Nolabur,Chennai Comprised in Ild S.No.109/1pt,109/2pt,New S.No.109/1A1 & 109/6 Of Nolambur Village within the limits of Greater Chennai Corporation",Non-High Rise Building (NHRB),Residential,1200.00,17,Under Construction,31/12/2028,13.0421,80.1021,28,2,0,50000000,250000,1200000,51450000,-,2833.22,-,[],[],['Chennai'],
V:\Project\Project_Stick\data_source\raw\TNRERA\2024\TN_29_Building_0321_2024.pdf,INDRAPRASTH,"At Old door No.510, Old door no.276&277 New door no.6, Mint Street and Old door No,266, 277 New Door no.3/1, North wall road, Chennai-79 Comprised in Old S.No.6072, 6073, 6075 & 599/20, New S.No.602(As Per Document) R.S.No.602,599/20(As Per Patta), Block no.7, Ward-1 VOC Nagar Village, Purasawalkkam Taluk, Chennai District.",Non-High Rise Building (NHRB),Residential,1955,40,Under Construction,16/02/2028,13.104771,80.279671,48,2,5,300000000,120000000,55500000,475500000,-,6901.23,-,[],[],['Chennai'],
V:\Project\Project_Stick\data_source\raw\TNRERA\2024\TN_29_Building_0323_2024.pdf,Abhirami,"Proposed CONSTRUCTION OF STILT + 4 FLOORS Residential Building - Door No:Old No.18, New No.26,Block No:72,Survey No:R.S.No.3636/11, 3rd Street, Abiramapuram 1st Street,Abiramapuram,Abiramapuram,Myl apore, Chennai, 600018",Non-High Rise Building (NHRB),Residential,549.5,12,Under Construction,31/12/2025,13.035940,80.247460,9,4,1,13000000,60000000,22500000,95500000,-,1317.96,-,[],[],['Chennai'],
V:\Project\Project_Stick\data_source\raw\TNRERA\2024\TN_29_Building_0328_2024.pdf,Hive,"Old Plot no 3, new Plot nos. A,B & C, Annamalai 1st Avenue, A.N.A Annamalai Avenue III, Athipattu, Chennai – 600 058 comprised in Old S.No. 102/1A2, 102/1C, T.S.No. 5/17, 18, 19 & 20, Block No.22, Ward No:G of Athipattu village within the limits of Greater Chennai Corporation.",Non-High Rise Building (NHRB),Residential,732,9,Under Construction,31/07/2025,130502.1,800949.7,12,0,0,1566200,61379000,3528200,66473400,-,1518.46,-,[],[],['Chennai'],
V:\Project\Project_Stick\data_source\raw\TNRERA\2024\TN_29_Building_0330_2024.pdf,LEGENDARY SUPER60,62 RESIDENTIAL UNITS,Non-High Rise Building (NHRB),Residential,2095.88,62,Under Construction,31/03/2026,13.021454,80.213989,30,8,4,180000000,180000000,12000000,372000000,-,5447.38,-,[],[],['Chennai'],
V:\Project\Project_Stick\data_source\raw\TNRERA\2024\TN_29_Building_0335_2024.pdf,-,"Door No.3/160, Plot no.A & B, Mount – Poonamallee road, Parthasarathy Nagar, Astalakshmi Avenue, Manappakkam, Comprised in Old S.No.32 Part (as per Doc.), S.No.32/1A2A2 (as per patta) of Manappakkam village, within Greater Chennai corporation",Non-High Rise Building (NHRB),Commercial,1456.86,,Completed,,13.020682,18.183851,18,12,0,200000000,4000000,45000000,249000000,18.183851,-,2804.19,[],[],['Chennai'],Total_Dwelling_Units
V:\Project\Project_Stick\data_source\raw\TNRERA\2024\TN_29_Building_0336_2024.pdf,VATSA AMAZE,"Group Housing Development consisting of 2 Blocks: Block A - Stilt Floor + 5 Floors (Height 18.30M) residential building with 20 dwelling units, Block B - Stilt Floor + 4 Floors + 5th Floorpt residential building with 87 dwelling units with GYM & Association Room (Height - 18.30M) Totally 107 dwelling units (Affordable Housing) at Vasanthapuram Main Road, Mangadu, Chennai comprised in S.no: 475/1pt (as per Document) and 475/1B (as per Patta) of Mangadu B Village, Chennai",Non-High Rise Building (NHRB),Residential,4050.00,107,Under Construction,31/03/2032,13.01520,80.07271,81,10,0,174240000,142000,3876700,178258700,-,9874.59,-,"[18.3, 18.3]",[],['Chennai'],
V:\Project\Project_Stick\data_source\raw\TNRERA\2024\TN_29_Building_0339_2024.pdf,MARUTHAM NEPTUNE PHASE - II,"SUB DIVIDED PLOT . B, NO.51, N.T.PATEL ROAD / 9.0 M WIDE ROAD, NERKUNDRAM, CHENNAI - 600107",Non-High Rise Building (NHRB),Residential,2479,49,Under Construction,30/06/2026,13.060069,80.182326,47,7,5,66710000,277280640,28245600,372236240,-,6406.61,33.81,[],[],['Chennai'],
V:\Project\Project_Stick\data_source\raw\TNRERA\2024\TN_29_Building_0342_2024.pdf,Akshardham,"Old Door No.75, New Door No.68 (earlier Door No.53), Dr.Alagappa Road (earlier known as Lauder's Gate Street), Purasawalkam, Chennai-600084, comprised in O.S.No.182 (Part), R.S.No.50/2 (Part), then R.S.No.50/5 (Part), as per Extract from Town Survey Land Register comprised in R.S.No.50/20, Block No.3 of Purasawalkam Village",Non-High Rise Building (NHRB),Residential,1538.50,25,Not Yet Started,31/12/2030,13.081445,80.251808,38,2,4,15000000,13000000,5500000,33500000,-,4888.48,-,[],[],['Chennai'],
V:\Project\Project_Stick\data_source\raw\TNRERA\2024\TN_29_Building_0356_2024.pdf,PRINCE - ELITE,"New Door No.48/52(Old Door Nos.46 & 14/1), Taylors Road, Kilpauk, Chennai comprised in Old R.S.No.140/3 Part & New R.S.No140/7, Block No.10 of Egmore Village within the limits of Greater Chennai Corporation",Non-High Rise Building (NHRB),Residential,912.50,10,Under Construction,31/03/2027,13.08110,80.23790,23,2,3,144300000,90000000,30042499,264342499,-,2533.08,-,[],[],['Chennai'],
V:\Project\Project_Stick\data_source\raw\TNRERA\2024\TN_29_Building_0357_2024.pdf,AYANA-95,"Proposed Additional 5 th Floor Construction with 38 Dwellings and Revision to the Earlier approved Basement Floor + Stilt Floor + 4 Floors Residential Building with 147 Dwelling Units availing Premium FSI (Height - 18.05m) Totally : 185 Dwelling Units with GYM and Club House, at Ambattur Vanagaram Road, Chennai, Comprised in Old S.No: 132 part, 139/1 part, T.S.No: 15/2/2, 15/4/2/2, 15/4/1, Block No: 22, Ward- G of Athipattu Village, Within the limits of Greater Chennai Corporation",Non-High Rise Building (NHRB),Residential,7902,185,Under Construction,31/12/2027,13.08,80.15,136,49,15,210897000,375200000,43359000,629456000,,,,[18.05],[],['Chennai'],FSI_Other_Residential
V:\Project\Project_Stick\data_source\raw\TNRERA\2024\TN_29_Building_0364_2024.pdf,Rainbow Crystal Heights,"New Door Nos:302/1, 302/2 & 304, Old Door No: 152, 152/1, & 152/2, Purasawalkkam High Road, Kilpauk, Chennai -600010, Comprised in R.S NO:3048, (Old S.NO:63) Block No:49, Purasawalkkam Village and Taluk, Greater Chennai Corporation Limit, Tamilknadu",High Rise Building (HRB),Mixed Development,6293.48,126,Under Construction,31/12/2025,13.08620,80.024807,262,67,19,1550000000,1200000000,268688700,3018688700,-,28037.17,1879.23,[],[],['Chennai'],
V:\Project\Project_Stick\data_source\raw\TNRERA\2024\TN_29_Building_0365_2024.pdf,THE ARC FLATS,"Stilt floor (Parking) + 5 Floors Residential Building (Height18.30m ) 11 Dwelling units availing Premium FSI with TOD Benefit. Plot No. 1820 & 1821, Door No: 13, I- Block,13 th Main Road, Anna Nagar West, Chennai 600040, Comprised in Old S.No. 134 Part, 140 Part, 141 Part, (As per Document) Old S.No: 141/3 Part, 14,140/2 Part, 141/1A1A Part, 141/3 Part , T.S.No. 38 & 39, (As per Patta) Block No: 42 of Villivakkam Village within the limits of Greater Chennai Corporation",Non-High Rise Building (NHRB),Residential,884.50,11,Under Construction,30/12/2027,13.094315,80.200771,19,2,2,180000000,100000000,30000000,310000000,-,2429.99,-,[18.3],[],['Chennai'],
V:\Project\Project_Stick\data_source\raw\TNRERA\2024\TN_29_Building_0368_2024.pdf,Hayagriva Apartments,"Construction of 25 dwelling units in the Land bearing Plot No. 17 & 18, Manimegalai Street, Puzhudhivakkam, Chennai – 600091, measuring an extent of 10010 sq.ft",Non-High Rise Building (NHRB),Residential,921,25,Under Construction,31/03/2027,12.968835749619696,80.19326082061434,18,4,2,85000000,90000000,0,175000000,-,2393.77,-,[],[],['Chennai'],
V:\Project\Project_Stick\data_source\raw\TNRERA\2024\TN_29_Building_0375_2024.pdf,RAINBOW CRYSTAL,"S.No.212/2 of Madtha Nagar Main Road, Madhanandhapuram, Chennai",Non-High Rise Building (NHRB),Residential,550,15,Under Construction,04/05/2026,13.01054,80.09268,11,1,0,45000000,30000000,2600000,77600000,-,1198.27,-,[],[],['Chennai'],
V:\Project\Project_Stick\data_source\raw\TNRERA\2024\TN_29_Building_0377_2024.pdf,KHURINJI ORCHID,"Plot No.68, New No.2, Old No.43, 1st Cross Street and 2nd Main Road, Kasturibai Nagar, Adyar, Chennai 600020",Non-High Rise Building (NHRB),Residential,512.36,10,Not Yet Started,30/09/2026,13.005889,80.254477,8,3,1,140000000,67500000,7500000,215000000,-,1223.58,-,[],[],['Chennai'],
V:\Project\Project_Stick\data_source\raw\TNRERA\2024\TN_29_Building_0379_2024.pdf,RISINGTON PHASE - II,"S. No: 166/1A, 166/1B,166/2, 166/3A, 166/3B, 166/4A, 166/4B, 166/5A, 166/5B, 166/15A1, Of Karapakkam Village, Rajiv Gandhi Salai, (Old Mahabalipuram Road) within the limits of Greater Chennai Corporation.",High Rise Building (HRB),Residential,46186,1332,Not Yet Started,19/02/2032,12.914464806564359,80.22763432224207,242,43,13,2200,4500,100,6800,9869.11,29903.27,-,[],[],['Chennai'],
V:\Project\Project_Stick\data_source\raw\TNRERA\2024\TN_29_Building_0408_2024.pdf,NEST EUPHORIA,NEST EUPHORIA,Non-High Rise Building (NHRB),Residential,5609.84,143,Not Yet Started,30/06/2026,12.874105,80.203460,90,23,14,59000000,821568685,10000000,890568685,0.00,14732.02,-,[],[],['Chennai'],
V:\Project\Project_Stick\data_source\raw\TNRERA\2024\TN_29_Building_0412_2024.pdf,RAMMIYAM KRITHIK,"Door No.13-A, First Main Road, Kovalan Nagar, Pallikaranai, Chennai-600 100.",Non-High Rise Building (NHRB),Residential,607.58,12,Under Construction,31/12/2027,12.931777,80.204790,9,0,1,35000000,40000000,1950700,76950700,-,1183.36,-,[],[],['Chennai'],
V:\Project\Project_Stick\data_source\raw\TNRERA\2024\TN_29_Building_0415_2024.pdf,PEARL ISHAAN,"Proposed project PEARL ISHAAN to be set up at Door No.2, Anna Main road and 1st Sector 1st Street, K.K.Nagar, Chennai - 600 078 comprised in Old S.No. 394/1 Part, T.S. No:256/10, Block No. 104 of Kodambakkam village. Total Floor Area: 1854.30 sqm Total FSI Area: 1713.90 sqm No of Car parking: 22",Non-High Rise Building (NHRB),Residential,723.96,10,Not Yet Started,30/06/2026,13.036094,80.203591,11,9,2,70200000,60000000,13027700,143227700,0.00,1713.90,-,[],[],['Chennai'],
V:\Project\Project_Stick\data_source\raw\TNRERA\2024\TN_29_Building_0420_2024.pdf,Construction of 450 EWS tenements at NN Nagar and Chindadripet Scheme in Corporation Division 62 Zon V Of Greater Chennai Corporation Under PMAY HFA,Construction of 450 EWS tenements at NN Nagar and Chindadripet Scheme in Corporation Division 62 Zon V Of Greater Chennai Corporation Under PMAY HFA,Non-High Rise Building (NHRB),Residential,9063.25,450,Under Construction,31/12/2025,130435.2,801623.2,0,0,0,0,7687.45,0,7687,-,18546.98,-,[],[],['Chennai'],
V:\Project\Project_Stick\data_source\raw\TNRERA\2024\TN_29_Building_0421_2024.pdf,"Construction of 65 EWS Tenements at Ellispuram Scheme in corporation Division 59, Zone V of GCC","Construction of 65 EWS Tenements at Ellispuram Scheme in corporation Division 59, Zone V of GCC",Non-High Rise Building (NHRB),Residential,1861.19,65,Not Yet Started,30/09/2026,13.066470982286528,80.27184226256057,0,0,0,0,110484000,0,110484000,-,3178.14,-,[],[],['Chennai'],
V:\Project\Project_Stick\data_source\raw\TNRERA\2024\TN_29_Building_0423_2024.pdf,Construction of 78 EWS Tenements at Cox colony scheme in corp dn 62 zone V of GCC,Construction of 78 EWS Tenements at Cox colony scheme in corp dn 62 zone V of GCC,Non-High Rise Building (NHRB),Residential,1703.25,78,Not Yet Started,31/07/2026,130445.1,801610.2,0,0,0,0,142002000,0,142002000,-,3235.66,-,[],[],['Chennai'],
V:\Project\Project_Stick\data_source\raw\TNRERA\2024\TN_29_Building_0425_2024.pdf,NEST MOJO,NEST MOJO,Non-High Rise Building (NHRB),Residential,4950,123,Not Yet Started,30/06/2026,12.809646,80.232718,104,19,5,85249600,754500000,10000000,849749600,0.00,15770.86,-,[],[],['Chennai'],
V:\Project\Project_Stick\data_source\raw\TNRERA\2024\TN_29_Building_0426_2024.pdf,Sreerosh Petunia,"Door No.67 (28), Block No.13, Old S.No.272, Old R.S.No.154/16, T.S.No.154/183, Taylors Road, Kilpauk, Chennai 600010",Non-High Rise Building (NHRB),Residential,500.37,10,Under Construction,31/03/2026,13.07786,80.23900,8,3,1,14400000,40000000,3100000,57500000,0.00,1063.00,-,[],[],['Chennai'],
V:\Project\Project_Stick\data_source\raw\TNRERA\2024\TN_29_Building_0427_2024.pdf,-,"proposed project Commercial building at plot No 4617 at Door No 217 Y Block second avenue, Anna nagar Chennai 600040 comprised in old survey No 94/1B part , of Mullam Village , (as per document ) Old S.NO:51part,T.S.NO:4 Block No:1-A of Naduvakkarai Village in greater Chennai corporation",Non-High Rise Building (NHRB),Commercial,566.70,,Completed,,13.05,80.12,2,8,2,137200000,56600000,1355500,195155500,80.12,0.00,840.14,[],[],['Chennai'],Total_Dwelling_Units
V:\Project\Project_Stick\data_source\raw\TNRERA\2024\TN_29_Building_0430_2024.pdf,AMARA AHAANA,"Old Door No. 1, 2 & 2A, New Door No. 1, 3 & 3/1, Taylors Road, Kilpauk, Chennai - 600 010. Comprised in T.S.No.143/1, Block No.11, Egmore Village, Egmore Taluk, Chennai District.",High Rise Building (HRB),Residential,2616.50,23,Under Construction,31/12/2028,13.0829063,80.2388387,64,28,10,675932695,492740000,35000000,1203672695,0.00,9155.34,-,[],[],['Chennai'],
V:\Project\Project_Stick\data_source\raw\TNRERA\2024\TN_29_Building_0435_2024.pdf,Construction of 68 EWS Tenements at Appasamy Mudali Street Scheme in corp DN no 109 Zone IX,Construction of 68 EWS Tenements at Appasamy Mudali Street Scheme in corp DN no 109 Zone IX,Non-High Rise Building (NHRB),Residential,1849,68,Not Yet Started,10/06/2025,13.066876,80.236849,0,0,0,0,128307000,0,128307000,2751.51,59.11,-,[],[],['Chennai'],
V:\Project\Project_Stick\data_source\raw\TNRERA\2024\TN_29_Building_0443_2024.pdf,Elevender,"9,10,11, Greenways Road, Dr.D.G.S. Dinakaran salai, R.A. Puram Chennai -600 028",High Rise Building (HRB),Residential,2365.5,28,Under Construction,31/12/2027,13.01916,80.26415,44,28,0,275000000,450000000,75000000,800000000,0.00,8068.07,-,[],[],['Chennai'],
V:\Project\Project_Stick\data_source\raw\TNRERA\2024\TN_29_Building_0447_2024.pdf,TEMPLE RESIDENCY,"Proposed construction of Stilt+8 floors residential building with 32 dwelling units of High Rise Building at Block No:371, Temple colony, 15th main road, anna nagar, chennai-60040, comprised in S.No:207 part of Thirumangalam Village, now Resurveyed and assigned T.S.No:20/2, Block No:10 of Koaymbedu Village, Aminjikarai Taluk, Chennai District",High Rise Building (HRB),Residential,1616.96,32,Not Yet Started,31/05/2032,13.087576,80.203873,19,19,2,208860000,123648000,0,332508000,0.00,4541.15,0.00,[],[],['Chennai'],
V:\Project\Project_Stick\data_source\raw\TNRERA\2024\TN_29_Building_0451_2024.pdf,POLESTAR,STLIT +3 Appartments,Non-High Rise Building (NHRB),Residential,550,9,Not Yet Started,01/07/2029,12.922712,80.251545,9,1,1,40000000,46284000,5000000,91284000,0.00,1092.47,-,[],[],['Chennai'],
V:\Project\Project_Stick\data_source\raw\TNRERA\2024\TN_29_Building_0452_2024.pdf,Excellence Phase 1 by Urban Tree,"125 dwelling units in Survey No 429 & 456 of Manapakkam Village, Chennai District",Non-High Rise Building (NHRB),Residential,5972.51,125,Under Construction,30/09/2027,13.013909,80.167851,181,15,13,263581200,504140000,80000000,847721200,0.00,15451.72,-,[],[],['Chennai'],
V:\Project\Project_Stick\data_source\raw\TNRERA\2024\TN_29_Building_0455_2024.pdf,Construction of 32 EWS tenement at Periyapalaiyathamman scheme in within the limit of Greater chennai corporation,Construction of 32 EWS tenement at Periyapalaiyathamman scheme in within the limit of Greater chennai corporation,Non-High Rise Building (NHRB),Residential,565.31,32,Not Yet Started,28/02/2025,13.053933,80.261285,0,0,0,0,56961000,0,56961000,72.84,1253.74,-,[],[],['Chennai'],
V:\Project\Project_Stick\data_source\raw\TNRERA\2024\TN_29_Building_0456_2024.pdf,AMARA AANYA,"Old Door No. 121 & 122, New Door No. 187 & 191, St.Mary’s Road, Alwarpet, Chennai - 600 018. Comprised in R.S.No.3925/5, 3925/22, 3926/1, 3926/4, Block No.86, Mylapore Village, Mylapore Taluk, Chennai District. Within the limits of Greater Chennai Corporation.",High Rise Building (HRB),Residential,3389.50,39,Under Construction,31/01/2029,13.0287865,80.2523331,149,5,15,2194900000,1420400000,99500000,3714800000,0.00,15781.26,-,[],[],['Chennai'],
V:\Project\Project_Stick\data_source\raw\TNRERA\2024\TN_29_Building_0457_2024.pdf,KCEE NIVEDITHAM,"47/27 & 48A/28A, Babu Rajendra Prasad Street, West Mambalam, Chennai- 600033",High Rise Building (HRB),Residential,1504.08,15,Under Construction,30/06/2026,130212.5,13.03679980226436,17,0,2,0,65152500,0,65152500,0.00,1504.08,-,[],[],['Chennai'],
V:\Project\Project_Stick\data_source\raw\TNRERA\2024\TN_29_Building_0462_2024.pdf,Vembuliamman Kovil Street,"Re-Construction of 188 Nos of Tenements at Vembuliamman Kovil Street T.S. No. 238 part, Block No. 16 in Chennai Corporation Division No. 108, Zone – VIII under PMAY-Housing for All - Vertical III (AHP)",High Rise Building (HRB),Residential,2815.64,188,Under Construction,17/06/2025,13.0723718,80.2316801,0,0,0,22525120,161280000,96506000,280311120,55.47,7257.21,-,[],[],['Chennai'],
V:\Project\Project_Stick\data_source\raw\TNRERA\2024\TN_29_Building_0464_2024.pdf,"Construction of 120 EWS units at Goyyathoppe scheme in corporation division 63, Zone V of Greater Chennai Corporation under PMAY-HFA- AHP","Construction of 120 EWS units at Goyyathoppe scheme in corporation division 63, Zone V of Greater Chennai Corporation under PMAY-HFA- AHP",Non-High Rise Building (NHRB),Residential,23458,120,Not Yet Started,31/12/2025,13049,801554.7,0,0,0,800000,612000000,0,612800000,0.00,4967.64,0.00,[],[],['Chennai'],
V:\Project\Project_Stick\data_source\raw\TNRERA\2024\TN_29_Building_0465_2024.pdf,GATALA MAHADEV,"PROPOSED CONSTRUCTION OF STILT FLOOR + 5 FLOORS RESIDENTIAL BUILDING WITH 15 DWELLING UNITS (WITH HEIGHT 18.30M) AVAILING PREMIUM FSI WITH TOD BENEFIT AT PLOT NO. 05, OLD DOOR NO:46 & 46/1 NEW NO: 89 & 89/1, BAZULLAH ROAD, THEYAGARAYA NAGAR, CHENNAI- 600017 AND COMPRISED IN T.S. NO. 7991/11 IN BLOCK NO. 106 OF THEYAGARAYA NAGAR VILLAGE, GUINDY TALUK AND WITHIN THE LIMITS OF GREATER CHENNAI CORPORATION. ZONE:- X DIVISION 136.",Non-High Rise Building (NHRB),Residential,916,15,Not Yet Started,31/12/2026,13.0475,80.232,19,4,0,0,102000000,61700000,163700000,0.00,2174.27,-,[18.3],[],['Chennai'],
V:\Project\Project_Stick\data_source\raw\TNRERA\2024\TN_29_Building_0469_2024.pdf,BBCL ESHANA,"Plot No. 154A, 154B, 156,158,160A(PART), 160B (PART), Ram Nagar, south extension 7th main road, Pallikaranai, Chennai comprised Old S.No. 10&11 and New S.No. 10/1B4A2, 10/1C2A2, 10/1B4A1, 10/1C2A1, 10/1B4B, 10/1C2B, 11/1A1D, 11/2B1C,11/20 & 22",Non-High Rise Building (NHRB),Residential,1635.08,38,Under Construction,29/05/2032,12.9525556,80.2053889,38,5,5,51500000,125000000,16296874,192796874,0.00,4054.29,-,[],[],['Chennai'],
V:\Project\Project_Stick\data_source\raw\TNRERA\2024\TN_29_Building_0471_2024.pdf,"Construction of 216 EWS Tenements at Vanniyapuram Scheme in corporation Division 123, Zone IX of GCC","Construction of 216 EWS Tenements at Vanniyapuram Scheme in corporation Division 123, Zone IX of GCC",High Rise Building (HRB),Residential,3535.84,216,Under Construction,26/12/2024,13020998,80150679,0,0,0,0,369162000,0,369162000,188.93,8272.08,8461.01,[],[],['Chennai'],
V:\Project\Project_Stick\data_source\raw\TNRERA\2024\TN_29_Building_0480_2024.pdf,LANCOR BAGYA,"“Lancor – Bagya” Residential Building with 10 dwelling units at B5, 10th Cross Street, Besant Nagar, Chennai – 600 090 comprised in Town Survey No. 8/13 of Block No.40, Urur Village, Velachery Taluk, Chennai District, Tamil Nadu",Non-High Rise Building (NHRB),Residential,563.36,10,Not Yet Started,30/06/2029,12.999596,80.266786,16,2,2,40000000,55000000,5000000,100000000,0.00,1575.84,0.00,[],[],['Chennai'],
V:\Project\Project_Stick\data_source\raw\TNRERA\2024\TN_29_Building_0483_2024.pdf,THE MASTER PIECE,"RESIDENTIAL BUILDING WITH 10 DWELLING UNITS AT NEW DOOR NO. 8, OLD DOOR NO. 34, PLOT NO. 25, NEELAKANDA MEHTA STREET, T.NAGAR, CHENNAI - 600 017, COMPRISED IN OLD S.NO. 126/2 PART, 127/6 PART, 127/7 PART, T.S. NO.6618, BLOCK NO. 142 OF T.NAGAR VILLAGE WITHIN THE LIMITS OF GREATER CHENNAI CORPORATION",Non-High Rise Building (NHRB),Residential,892,10,Not Yet Started,31/03/2027,13.036899,80.242156,9,13,2,193477110,95000000,37500000,325977110,0.00,2316.63,-,[],[],['Chennai'],
V:\Project\Project_Stick\data_source\raw\TNRERA\2024\TN_29_Building_0487_2024.pdf,VIJYALAKSHMI COMPLEX,"PLOT NO :7, ARCOT ROAD, SAPTHAGIRI NAGAR,PORUR,CHENNAI-600087",Non-High Rise Building (NHRB),Commercial,743.38,,Under Construction,30/06/2027,12.971252,80.183248,5,5,2,25344000,40000000,1500000,66844000,80.183248,0.00,1344.76,[],[],['Chennai'],Total_Dwelling_Units
V:\Project\Project_Stick\data_source\raw\TNRERA\2024\TN_29_Building_0488_2024.pdf,SUPRABHATH,"DOOR NO:9/6, VAIGAI STREET AND KRISHNA STREET,BARATHI NAGAR, ADAMBAKKAM,CHENNAI-600088.",Non-High Rise Building (NHRB),Residential,741,17,Not Yet Started,30/06/2029,12.985644,801200.6,13,3,2,31120000,67782000,6993000,105895000,801200.6,1909.36,-,[],[],['Chennai'],
V:\Project\Project_Stick\data_source\raw\TNRERA\2024\TN_29_Building_0497_2024.pdf,VILASA,"Plot No.64, Sakthi Garden, Okkiam Thoraipakkam, Chennai-600097",Non-High Rise Building (NHRB),Residential,570,9,Not Yet Started,31/03/2026,12.922827,80.235913,10,10,0,4,6,1,11,0.00,1129.02,-,[],[],['Chennai'],
V:\Project\Project_Stick\data_source\raw\TNRERA\2024\TN_29_Building_0502_2024.pdf,AMARA AASTHA,"Old Door No. 8&9, New Door No.12, Appa Garden Road, Kilpauk, Chennai - 600 010, Comprised in R.S. No. 138, T.S.No. 138/27 & 138/28, Block No. 10 of Egmore Village Within the limit of Greater Chennai Corporation.",Non-High Rise Building (NHRB),Residential,782.50,10,Under Construction,31/12/2025,13.081611,80.237500,11,9,2,82850000,180000000,7500000,270350000,0.00,1949.86,-,[],[],['Chennai'],
V:\Project\Project_Stick\data_source\raw\TNRERA\2024\TN_29_Building_0503_2024.pdf,Lavanya... Residences by RMS Infra,17 Residential Units,Non-High Rise Building (NHRB),Residential,1421.50,17,Under Construction,31/12/2027,13.083055,80.239728,35,2,0,0,180000000,0,180000000,0.00,3643.67,-,[],[],['Chennai'],
V:\Project\Project_Stick\data_source\raw\TNRERA\2024\TN_29_Building_0513_2024.pdf,DHURA SANAM,"S.No. 56/1, T.S.No. 2/20, Ward :001 of Urur Village, Urur Town Panchayat, Velachery Taluk,",Non-High Rise Building (NHRB),Residential,561.41,10,Under Construction,23/03/2027,13.006657,80.262769,8,12,0,90000000,90000000,15000000,195000000,0.00,1570.44,-,[],[],['Chennai'],
V:\Project\Project_Stick\data_source\raw\TNRERA\2024\TN_29_Building_0521_2024.pdf,ACE PLATINA,"“ACE PLATINA” Commercial (Office) Building at Plot No.A, Old No.97, New No.72, G N Chetty Road, T Ngar, Chennai – 600 017, comprised in T.S.No.9382/2, Block No.109 of T Nagar Village, Chennai District, Tamil Nadu",Non-High Rise Building (NHRB),Commercial,446.00,,Under Construction,31/12/2025,13.02448,80.14278,7,1,1,80000000,25000000,10000000,115000000,80.14278,0.00,866.92,[],[],['Chennai'],Total_Dwelling_Units
V:\Project\Project_Stick\data_source\raw\TNRERA\2024\TN_29_Building_0522_2024.pdf,DCC ADANYA,"Proposed construction of Stilt Floor (Parking) + 5 Floors Residential Building (18.30m Height) with 35 dwelling units availing Premium FSI with TOD Benefits at TNHB Block No. SH:47, SH:48 and SH:49, 25th Street, Korattur, Chennai – 600080 comprised in Old S.No. 1302/1A Part, 2B Part, 1323/1A1 Part, T.S.No. 17/ 47-6, Ward E, Block No: 46 of Korattur Village within the limits of Greater Chennai Corporation",Non-High Rise Building (NHRB),Residential,872.00,35,Not Yet Started,25/12/2027,13.1092480,80.1876275,13,1,1,89168235,81382500,16204173,186754908,0.00,2326.33,-,[],[],['Chennai'],
V:\Project\Project_Stick\data_source\raw\TNRERA\2024\TN_29_Building_0527_2024.pdf,MALKOHA,"High Rise building Extended Double Basement Floor + Stilt Floor(Part) Cum Ground floor (Part)+12 Floors +13 th Floors (Part) Consisting of 74 Dwelling Units and Multi-Function Hall, Gym & Swmming Pool in 13th floor (part) Residential Builidng availing with Premium FSI at New Door No.34 (part), Velachery Road, Guindy, Chennai comprised in R. S. No.76/2 (part) and 77 (part) and T.S.Nos.9/1 Block No:16 Velachery Village and At Velachery Road, Guindy Velachery Taluk, Chennai-600032. Within the Limit of Greater Chennai Corporation Division 174, Zone XIII",High Rise Building (HRB),Mixed Development,5004.5,74,Under Construction,31/12/2026,125955.98,801300.27,176,30,19,630000000,769000000,43814000,1442814000,0.00,21611.01,-,[],[],['Chennai'],
V:\Project\Project_Stick\data_source\raw\TNRERA\2024\TN_29_Building_0529_2024.pdf,ANANTHA LAKSHMI,"TNHB Flat Nos. 7 to 12, Block No.68, Lakshmi Apartments, Ambathur Industrial Estate Road, Anna Nagar West Extension Scheme, Chennai - 600 101.",Non-High Rise Building (NHRB),Residential,580.25,10,Under Construction,21/07/2025,13.082046,80.1983310000001,8,2,1,56214000,41500250,13867550,111581800,0.00,1402.46,0.00,[],[],['Chennai'],
V:\Project\Project_Stick\data_source\raw\TNRERA\2024\TN_29_Building_0533_2024.pdf,DRA POLARIS,"Comprised in Old Survey No.1110/Part, Town Survey Nos. 3/1,3/3,5/6 and 5/8, Ward No.D, Block No;115, Madhavaram Village,",High Rise Building (HRB),Residential,3234.41,96,Not Yet Started,03/10/2032,13128937,80241453,59,48,9,162781819,447754521,41666500,652202840,0.00,12160.59,354.57,[],[],['Chennai'],
V:\Project\Project_Stick\data_source\raw\TNRERA\2024\TN_29_Building_0536_2024.pdf,SWATHI'S GAYATHRI,"THE PROPOSED CONSTRUCTION OF STILT FLOOR + 5 FLOORS (18.30M HEIGHT) RESIDENTIAL BUILDING WITH 20 DWELLING UNITS, AT PLOT NO: 59, OLD DOOR NO: 32 & NEW DOOR NO:74, 2ND MAIN ROAD, RAJA ANNAMALAIPURAM, CHENNAI - 600028, COMPRISED IN R.S.NO:3927/41 BLOCK NO:86 OF MYLAPORE VILLAGE WITH IN THE LIMIT OF GREATER CHENNAI CORPORATION",Non-High Rise Building (NHRB),Residential,826.50,20,Not Yet Started,31/08/2029,13.009519,80.261256,7,13,2,0,87000000,39200000,126200000,0.00,2318.04,-,[],[],['Chennai'],
V:\Project\Project_Stick\data_source\raw\TNRERA\2024\TN_29_Building_0543_2024.pdf,SHYAMALA,"Proposed Construction of Stilt + 5 Floors Residential Building with 10 Dwelling units at Plot No.397, Door No.81/39, First Avenue, Indira Nagar, Adyar, Chennai 600 020, Comprised in R.S No. 5/2Part (As per Document), As per Patta New R.S.No.3, Block No.15 situated at Kalikundram Village, Velachery Taluk, Chennai District, Within the Limits of Greater Chennai Coporation, Zone:13 & Division No:173 , Tamilnadu State.",Non-High Rise Building (NHRB),Residential,557.41,10,Under Construction,03/10/2029,12.997073454377729,80.25192515220637,12,2,1,59400000,75880000,-,135280000,,,,[],[],['Chennai'],FSI_Other_Residential
V:\Project\Project_Stick\data_source\raw\TNRERA\2024\TN_29_Building_0548_2024.pdf,Nutech Gardens Of Gaia,Proposed New construction of Residential Building At Plot No 1 2 3 4 5 6 7 8 9 10 11 12 13 14 15 17 18 22 24 25 27 Of Kalaigar Karunanithi Salai Sholinganallur Chennai 600 119 Comprised In S.No.180/ 1C2A 2E2 2F2 181/3A1 3A2 3B 3C 3D,Non-High Rise Building (NHRB),Residential,10107,20,Under Construction,30/06/2028,12897635,80244297,34,5,00,64585,75403542,2851350,78319477,3335.81,0.00,166.77,[],[],['Chennai'],
V:\Project\Project_Stick\data_source\raw\TNRERA\2024\TN_29_Building_0549_2024.pdf,"Block A, E & F of VGN Fairmont","Block A, E & F of Residential Project” VGN Fairmont” located at Town Survey Nos.22/5, 23/4, 24/4, 25/2, 29/2, 30/1, 30/4, 31/2, 32/2, 33/2, 34/2, Block no:2, in Alandur Village, Thiru. Vi.Ka Industrial Estate , Guindy, Chennai 600032.",High Rise Building (HRB),Residential,42232.15,756,Not Yet Started,25/01/2030,130112.64,801240.65,756,0,35,1450000000,2600000000,450000000,4500000000,0.00,66051.72,-,[],[],['Chennai'],
V:\Project\Project_Stick\data_source\raw\TNRERA\2024\TN_29_Building_0551_2024.pdf,RAJ SHRI,"NEW DOOR NO: 13, OLD DOOR NO: 5, NAGESWARA RAO ROAD, NUGAMBAKKAM, CHENNAI -600 034. COMPRISED IN R.S.NO: 141, 142 & 143, NEW T.S.NO: 142/4, BLOCK NO: 21 OF NUNGAMBAKKAM VILLAGE WITHIN THE LIMITS OF GREATER CHENNAI CORPORATION",Non-High Rise Building (NHRB),Residential,653.00,9,Not Yet Started,31/08/2027,13.058960,80.245753,4,8,0,100000000,70080000,4000000,174080000,0.00,1655.91,-,[],[],['Chennai'],
V:\Project\Project_Stick\data_source\raw\TNRERA\2024\TN_29_Building_0557_2024.pdf,SREEROSH KARUNA,"PLOT NO 91, DOOR NO 7(91), gill nagar 3rd street, chennai 94",Non-High Rise Building (NHRB),Residential,615.94,15,Under Construction,30/09/2026,13.063709,80.223608,5,10,1,12000000,63000000,15000000,90000000,0.00,1593.04,-,[],[],['Chennai'],
V:\Project\Project_Stick\data_source\raw\TNRERA\2024\TN_29_Building_0558_2024.pdf,GPB’s NIDHULAN PARK VIEW CASTLE,"SURVEY NO. 58/1A1A (as per patta) SURVEY NO. 58/1, 58/2, 58/3 (as per Document), KOLAPAKKAM VILLAGE, KUNDRATHUR PANCHAYAT UNION, CHENNAI",Non-High Rise Building (NHRB),Residential,1802,50,Under Construction,12/02/2031,13.013144,80.156786,23,0,0,55000000,202000000,-,257000000,0.00,4679.67,-,[],[],['Chennai'],
V:\Project\Project_Stick\data_source\raw\TNRERA\2024\TN_29_Building_0560_2024.pdf,Arihant Vivriti,"Plot No.606, VOC Street Off Old Mahabalipuram Road, Kottivakkam, Chennai – 600041",Non-High Rise Building (NHRB),Residential,1069.12,12,Under Construction,31/12/2027,12.972692,80.251312,0,0,26,145000000,81000000,4427086,230427086,0.00,2096.40,-,[],[],['Chennai'],
V:\Project\Project_Stick\data_source\raw\TNRERA\2024\TN_29_Building_0561_2024.pdf,S.L.ANANDAN TOWERS,"PLAN SHOWING THE PROPOSED CONSTRUCTION OF A STILT FLOOR (PARKING) +3 FLOORS (OFFICE ) COMMERCIAL BUILDING( HEIGHT -14.93M) AVAILING PREMIUM FSI WITH TOD BENEFIT AT OLD DOOR NO:336 to 344, NEW DOOR NO:336,POONAMALLEE HIGH ROAD, AMINJIKARAI, CHENNAI - 600029. COMPRISED IN OLD.S.NO:70/1 PART, T.S.NO: 2/8, BLOCK NO: 23 ,WARD -1 OF AMINJIKARAI VILLAGE WITHIN THE LIMIT OF GREATER CHENNAI CORPORATION DIVISION NO: 102 ZONE :08.",Non-High Rise Building (NHRB),Commercial,714,,Under Construction,31/08/2025,13.074174,80.222763,9,3,1,70000000,60000000,20000000,150000000,0.00,0.00,1453.64,[14.93],[],['Chennai'],Total_Dwelling_Units
V:\Project\Project_Stick\data_source\raw\TNRERA\2024\TN_29_Building_0562_2024.pdf,DRA DOWNTOWN,"Comprised in T.S No.1633/8Part,Block No;52, Dr.P.V Cherian Road, Egmore village,Egmore,Chennai – 600 008.",Non-High Rise Building (NHRB),Commercial,4296.83,,Not Yet Started,11/09/2032,13.345225,80.1529833,65,6,0,693766172,138701670,71920500,904388342,0.00,0.00,8365.31,[],[],['Chennai'],Total_Dwelling_Units
V:\Project\Project_Stick\data_source\raw\TNRERA\2024\TN_29_Building_0567_2024.pdf,NARAIN PANDAVAAS,""" NARAIN PANDAVAAS"" situated at Door No.9, plot No.133, 134, 135, 136,137 Rajaji Street, Ramakrishna Nagar, Valasaravakkam, Chennai comprised Old Survey No.116/2, New Survey No.116/672, 116/673, 116/756, 116/757 & 116/758 of Valasaravakkam Village, Within the limits of greater chennai corporation.",Non-High Rise Building (NHRB),Residential,1300,30,Not Yet Started,06/08/2032,13.048137,80.182805,16,19,3,55972800,108000000,20000000,183972800,80.182805,3340.56,0.00,[],[],['Chennai'],
V:\Project\Project_Stick\data_source\raw\TNRERA\2024\TN_29_Building_0570_2024.pdf,MERIDIAN,"Plot No. 2, 3, 4 & 5, MMRD Road, Kovilambakkam, Chennai Comprised in Survey Number 45/2A2, 45/2A3, 45/5A1, 45/5A2, 45/5A3, 45/5A4, 45/5B, 45/6B1B, 45/7B & 46/1B of Kovilambakkam Village with in the limit of St.Thomas Mount Panchayat Union.",Non-High Rise Building (NHRB),Commercial,1389,,Under Construction,30/09/2025,12.948276,80.191704,13,8,2,112339470,132316142,-,244655612,0.00,0.00,2732.37,[],[],['Chennai'],Total_Dwelling_Units
V:\Project\Project_Stick\data_source\raw\TNRERA\2024\TN_29_Building_0572_2024.pdf,RAMANIYAM PURNA KRISHNA,"Old Door No.16, New Door No.26, New Bangaru Colony 1st Street, K.K.Nagar West, Chennai-600 078, Comprised in Survey No.217, 217/1 Part as per document and T.S.No.97, 98/1 & 98/2 as per Patta, Block No.35, Virugambakkam Village, Mamabalam Taluk, Chennai District",Non-High Rise Building (NHRB),Residential,797.10,15,Not Yet Started,27/08/2032,13.043566,80.191479,13,2,2,99526500,90045079,-,189571579,0.00,2006.14,0.00,[],[],['Chennai'],
V:\Project\Project_Stick\data_source\raw\TNRERA\2024\TN_29_Building_0573_2024.pdf,VEDANTA,"No. Units : 40, Site Address : Old No 8, New No.1, Nowroji Road, Chetpet, Chennai – 600031 comprised in R.S.No.376/67, 68 and 85, Block No 23 of Egmore Village within the limits of Greater Chennai Corporation",Non-High Rise Building (NHRB),Residential,2565.42,40,Under Construction,30/06/2027,13.074673,80.237482,60,0,6,414210000,305892750,10000000,730102750,0.00,6659.74,-,[],[],['Chennai'],
V:\Project\Project_Stick\data_source\raw\TNRERA\2024\TN_29_Building_0578_2024.pdf,Gandhi Nagar scheme,"Construction of 500 Tenements at Gandhi Nagar Scheme TS.NO 4&4A Block No 7&8 Ayanavaram Village in corporation Division 96, Zone VIII of GCC.",Non-High Rise Building (NHRB),Residential,15725.68,500,Under Construction,20/08/2025,13.0977506,80.2160968,0,0,0,00,00,-,855470000,0.00,0.00,-,[],[],['Chennai'],
V:\Project\Project_Stick\data_source\raw\TNRERA\2024\TN_29_Building_0579_2024.pdf,ELEMENTS SATTVA,RESIDENTIAL,Non-High Rise Building (NHRB),Residential,1338,49,Under Construction,31/12/2026,13.01621,80.140831,19,1,0,57600000,70000000.,-,127600000,0.00,3477.40,-,[],[],['Chennai'],
V:\Project\Project_Stick\data_source\raw\TNRERA\2024\TN_29_Building_0583_2024.pdf,“The Summit”,"Residential Building with 42 dwelling units at Plot Nos. 1A, 2A, 3A, 4A, Clasic Farms 1st Main Road, Sholinganallur, Chennai – 600 119, comprised in Old Survey Nos. 602/2L Part and 602/2K Part, New Survey Nos. 602/212B, 602/2B1F, 602/2B1G and 602/2B1J, Sholinganallur Village, Sholinganallur Taluk, Chennai District, Tamil Nadu",High Rise Building (HRB),Residential,2750,42,Not Yet Started,24/10/2029,12.5346,80.1308,47,19,6,250000000,250000000,-,500000000,0.00,7564.81,90.61,[],[],['Chennai'],
V:\Project\Project_Stick\data_source\raw\TNRERA\2024\TN_29_Building_0587_2024.pdf,KANNAN ADITYA,"Plot No.17, Door No.1, B.Ramachandra Adithyanar Road, Gandhi Nagar 4th main Road, 1st Crecent park Road, Gandhi Nagar, Adyar, Chennai-600020 comprised in T.S.No.49/2 of Kottur Village, Greater Chennai Corporation Limit",Non-High Rise Building (NHRB),Mixed Development,1224.92,1,Completed,,13.009503,80.25412,15,3,0,20000000,30000000,-,50000000,0.00,458.96,1445.39,[],[],['Chennai'],
V:\Project\Project_Stick\data_source\raw\TNRERA\2024\TN_29_Building_0593_2024.pdf,SIVA SANKARA GANAPATHY,"Door No.3/75-A, Ashok Nagar 1st Avenue, Chennai-600083.",Non-High Rise Building (NHRB),Residential,557.41,10,Under Construction,31/12/2026,13.032554,84.211593,9,3,2,137500000,43200000,1061500,181761500,0.00,1099.83,-,[],[],['Chennai'],
V:\Project\Project_Stick\data_source\raw\TNRERA\2024\TN_29_Building_0604_2024.pdf,Commercial Shop,"Planning Permission for the Proposed construction of Ground Floor Commercial (Shop) Building (Height – 4.80m) at GNT Road, Madhavaram, Chennai-600060 Comprised in Plot no A,B,C(part), D(part), E, F(part) & G(part) in Old S.No: 830/1 part, 831 part, T.S.No. 33/14, 33/15, 33/16, 33/17, 33/18, 33/19, 33/20 Ward -C, Block No: 35 of Madhavaram Village, within the limits of Greater Chennai Corporation",Non-High Rise Building (NHRB),Commercial,9940,,Completed,,13.07178,80.15117,0,70,0,130000000,20000000,-,150000000,0.00,0.00,4484.98,[4.8],[],['Chennai'],Total_Dwelling_Units
V:\Project\Project_Stick\data_source\raw\TNRERA\2024\TN_29_Building_0610_2024.pdf,GOLDEN TOWERS,"NEW KUMARAN NAGAR MAIN ROAD, SHOLINGANALLUR, CHENNAI - 600097. SURVEY NO. 270/1 OF SHOLINGANALLUR VILLAGE.",Non-High Rise Building (NHRB),Residential,10167.68,105,Not Yet Started,15/05/2029,12.901799,80.236275,52,44,10,270000000,385000000,67550000,722550000,0.00,10167.68,-,[],[],['Chennai'],
V:\Project\Project_Stick\data_source\raw\TNRERA\2024\TN_29_Building_0611_2024.pdf,MEERA VASANTHAM,"Plot No.1,2 & 3 in Sabari Nagar Layout, Plot No.37 in Manohar Nagar Layout, VGP Shanthi Nagar Main Road, VGP Shanthi Nagar 4th Street, Sabari Nagar Chellamuthu Street, Varadarajan Nagar 2nd Street, Pallikaranai, Chennai-600100.",Non-High Rise Building (NHRB),Residential,916.01,20,Under Construction,31/12/2026,12.936378,80.211595,16,6,2,60000000,67600000,13937900,141537900,0.00,2298.87,-,[],[],['Chennai'],
V:\Project\Project_Stick\data_source\raw\TNRERA\2024\TN_29_Building_0613_2024.pdf,Dr. Thomas Road Phase I Scheme,"Construction of 470 (S+10) tenements (Block 1 : 199+1 Units, Block 2 : 139+1 Units and Block 3 : 129+1 Units including internal water supply, sanitary and electrification arrangements including development works at Dr. Thomas Road Phase I Scheme in Chennai District under HFA /PMAY/AHP in Corpn.Dn.117, Zone – IX.",High Rise Building (HRB),Residential,7351.65,470,Under Construction,31/03/2026,130213.2,8014400,00,00,00,0,777429000,-,777429000,0.00,0.00,-,[],[],['Chennai'],
V:\Project\Project_Stick\data_source\raw\TNRERA\2024\TN_2_Building_0405_2024.pdf,LML LEAGUE ONE,"LEAGUE ONE Located at Goparasanallur village, Kattupakkam offers green homes for the first time home buyer as well as 2, 3 BHK premium apartments. These apartment are well planned, Vaasthu compliant, well ventilated with green and pollution free environment. Adequate parking facilities, vast green spaces and world class amenities make life comfortable at LEAGUE ONE Apart from the contemporary living spaces, LEAGUE ONE offers fabulous features, dynamic amenities and exclusive facilities to meet your leisure and fitness routines. Proximity to major schools, colleges, hospitals, IT parks, railway stations, the airport and bus stops makes your home ideal for family living. LEAGUE ONE is a home that brings you complete peace of mind in all aspects",Non-High Rise Building (NHRB),Residential,4947.21,125,Not Yet Started,07/02/2029,13.04883901946183,80.12233851534481,102,0,0,278125000,379058845,23563000,680746845,-,12805.61,-,[],[],['Tiruvallur'],
V:\Project\Project_Stick\data_source\raw\TNRERA\2024\TN_30_Building_0393_2024.pdf,PRIM AVENUE,PROPOSED RESIDENTIAL APPARTEMEN TO BE SALE PURPOSE,Non-High Rise Building (NHRB),Residential,2500,24,Not Yet Started,31/12/2026,12.588215,78.143447,3,0,32,100000000,88630000,1370000,190000000,78.143447,2729.28,-,[],[],['Krishnagiri'],
V:\Project\Project_Stick\data_source\raw\TNRERA\2024\TN_30_Building_0406_2024.pdf,Jacpels Residences,"Ward A, Block 25, TS No. 4/2B, 4/2C and 4/5, Brindavan Nagar, Hosur",Non-High Rise Building (NHRB),Residential,1295.6,35,Not Yet Started,31/01/2032,124437.6,774949.4,23,3,3,55736000,99772100,11753527,167261627,-,2795,-,[],[],['Krishnagiri'],
V:\Project\Project_Stick\data_source\raw\TNRERA\2024\TN_30_Building_0490_2024.pdf,AGASTHYA AVENUE,"SF NO 445/3B2,MOOKONDAPALLI,HOSUR,KRIS HNAGIRI DT-635109",Non-High Rise Building (NHRB),Residential,1312.12,32,Not Yet Started,01/08/2025,12.728305,77.803617,29,3,0,24375000,42000000,7500000,73875000,0.00,2869.08,-,[],[],['Krishnagiri'],
V:\Project\Project_Stick\data_source\raw\TNRERA\2024\TN_32_Building_0389_2024.pdf,POLARIS GREY,RESIDENTIAL APARTMENT BUILDING,Non-High Rise Building (NHRB),Residential,3645,35,Under Construction,31/05/2026,11.096323,77.318419,80,9,0,5000000,50000000,20000000,75000000,-,8908.73,-,[],[],['Tiruppur'],
V:\Project\Project_Stick\data_source\raw\TNRERA\2024\TN_35_Building_0325_2024.pdf,VGK SAI HARDIK,"Old Door No. 19, New Door No. 36/48, Ganapathi Colony, East Tambaram, Chennai – 600 059 Comprised in Old S.No. 91/3, New T.S. No. 41, Block – 20, Ward – G of Selaiyur Village within the limits of Tambaram Municipal Corporation, Chengalpattu District",Non-High Rise Building (NHRB),Residential,775,19,Under Construction,11/12/2031,12.928817,80.134313,3,17,0,40500000,50000000,4500000,95000000,-,1987.25,-,[],[],['Chengalpattu'],
V:\Project\Project_Stick\data_source\raw\TNRERA\2024\TN_35_Building_0327_2024.pdf,TVS EMERALD AARANYA PHASE III,"Plot Nos. 101, 102, 104, 105, 106, 107, 108, 110EWS, 111EWS AND 112EWS, comprised in S.No209/1B, 1C, 3A, 3B, 5, 6, 7 and 8 in Vengaivasal village, St. Thomas Mount Panchayat Union, Tambaram Taluk, Chengalpattu District",Non-High Rise Building (NHRB),Residential,1283.62,10,Under Construction,31/03/2027,12.54,80.10,17,0,0,42300000,58700000,5700000,106700000,-,1663.64,-,[],[],['Chengalpattu'],
V:\Project\Project_Stick\data_source\raw\TNRERA\2024\TN_35_Building_0333_2024.pdf,NEST ACCOLADE,NEST ACCOLADE,Non-High Rise Building (NHRB),Residential,2428.08,59,Not Yet Started,31/01/2026,12.876738,80.107855,38,21,1,75000000,400000000,20000000,495000000,-,6273.36,-,[],[],['Chengalpattu'],
V:\Project\Project_Stick\data_source\raw\TNRERA\2024\TN_35_Building_0343_2024.pdf,ALLIANCE VILLAS PVT LTD,"Thaiyur B Village , Thiruporur Taluk , Chengalpet District , Tamil Nadu.",Non-High Rise Building (NHRB),Residential,7203.40,35,Not Yet Started,30/06/2025,12463987,80123996,32,11,4,414046512,63035697,0,477082209,-,4873.67,-,[],[],['Chengalpattu'],
V:\Project\Project_Stick\data_source\raw\TNRERA\2024\TN_35_Building_0355_2024.pdf,“ISHA SYMPHONY VILLA”,"“ISHA SYMPHONY VILLA” to be set up at S.No.157/13, 158/5 of Pudupakkam Village, Vandalur Taluk, Chengalpattu District - 603103, Tamilnadu State.",Non-High Rise Building (NHRB),Residential,20300,96,Under Construction,19/02/2027,124858.7,801239.4,96,16,0,104000000,340037120,5300000,449337120,-,13413.62,792.12,[],[],['Chengalpattu'],
V:\Project\Project_Stick\data_source\raw\TNRERA\2024\TN_35_Building_0383_2024.pdf,DAC MIDTOWN,"S.No: 41/4, 41/5, Potheri Village, Chengalpattu Taluk, Chengalpattu Village, Within the Limit of Maraimalainagar Municipality",Non-High Rise Building (NHRB),Residential,3600,91,Not Yet Started,30/04/2029,12.826472,80.044359,92,0,0,67670000,297058800,0,364728800,-,9154.72,201.15,[],[],['Chengalpattu'],
V:\Project\Project_Stick\data_source\raw\TNRERA\2024\TN_35_Building_0384_2024.pdf,ROYAL OAK,"Plot Nos. 50, 51 & 52 in Approved Layout LP/DTCP No.174/2020 - S.No. 244/3A1 Part of Karanaipuducheri Village, Kattankulathur Panchayat Union, Vandalur Taluk, Chengalpattu District. (File No. TNRERA/4448/2022, TN/01/LAYOUT/5056/2022, dated 24.06.2022)",Non-High Rise Building (NHRB),Residential,549.00,20,Not Yet Started,31/05/2026,12.850254810395844,80.08328101044073,8,4,0,7272300,16927680,300000,24499980,-,1404.65,-,[],[],['Chengalpattu'],
V:\Project\Project_Stick\data_source\raw\TNRERA\2024\TN_35_Building_0414_2024.pdf,VNR Tira,"Group Development, Villa, S.No. 28/11B & 32/9 Thalambur Village taulk, Chengalpet district",Non-High Rise Building (NHRB),Residential,2200,17,Under Construction,08/07/2026,12.891230,80.069600,17,0,2,70000000,92500000,17578873,180078873,-,2257.84,86.1,[],[],['Chengalpattu'],
V:\Project\Project_Stick\data_source\raw\TNRERA\2024\TN_35_Building_0438_2024.pdf,DRA INARA (PHASE - 1),"Plot Nos;3,4,5,6,7,8,9,10,11,12,13,14,15,16,17,20, comprised in Survey numbers 47/3A,4A,5,6A,7A,8 & 47/10A of Plot Thazhambur Panchayat and within the limit of Karanai Village, Thiruporur Panchayat Union, Vandalur Taluk, Chengalpattu District, Tamil Nadu State.",Non-High Rise Building (NHRB),Residential,4091,16,Not Yet Started,21/06/2029,12.862174,80.199654,32,0,0,15000000,149618152,1230226,165848378,0.00,3449.55,-,[],[],['Chengalpattu'],
V:\Project\Project_Stick\data_source\raw\TNRERA\2024\TN_35_Building_0441_2024.pdf,VGN PRIDE DE' VILLA,PADUR VILLAGE - SURVEY NO. 225/1,Non-High Rise Building (NHRB),Residential,4672.75,32,Under Construction,27/02/2032,12482334,8013693,40,7,4,150891000,150891000,0,301782000,0.00,4672.75,0.00,[],[],['Chengalpattu'],
V:\Project\Project_Stick\data_source\raw\TNRERA\2024\TN_35_Building_0450_2024.pdf,ATH ROYAL QUEEN,"SHANKAR NAGAR 8TH STREET, 9TH STREET & 10TH STREET, PAMMAL, CHENNAI - 600075, COMPRISED IN OLD S.No.143/604, T.S.No.1, BLOCK No.8",Non-High Rise Building (NHRB),Residential,1145.48,32,Under Construction,31/12/2027,12.967474,80.128725,27,3,0,100000000,100000000,10000000,210000000,0.00,2913.21,0.00,[],[],['Chengalpattu'],
V:\Project\Project_Stick\data_source\raw\TNRERA\2024\TN_35_Building_0459_2024.pdf,DRA BEENA CLOVER,"comprised in Old Survey Nos. 771/1A & 771/2A (Old Survey Nos.771/1&771/2), as per Patta No.5295,New Survey No.771/2A1 situated at Madambakkam Village, Tambaram Taluk, Chengalpattu District, Tamil Nadu State.",Non-High Rise Building (NHRB),Residential,9580,217,Not Yet Started,30/06/2032,12.897799,80.14614,220,0,0,226862100,684489000,56474100,967825200,0.00,24501.18,-,[],[],['Chengalpattu'],
V:\Project\Project_Stick\data_source\raw\TNRERA\2024\TN_35_Building_0461_2024.pdf,PROVIDENT BAYSCAPE https://rera.tn.gov.in/public-view2/building/pfirm/b912a450-3ef1-11ef-aa66-694613e73bfb,"The Promoter has legal title to the land on which the development of the project is proposed at S. NO. 299/1A1, 299/1B, 299/2A1, 299/2B1, 299/3B1, 299/3C1, 299/4B, 301/1A, 301/2A, 301/3A OF SATTAN KUPPAM VILLAGE (HAMLET OF PUDUPAKKAM), VANDALUR TALUK ,CHENGALPATTU DISTRICT AND 612B/2 OF PADUR VILLAGE, THIRUPORUR TALUK, CHENGALPATTU DISTRICT.” 1. The details of encumbrances in relation to such land on which the project is proposed to be carried out, including any dues or litigation, details of any rights, title, interest or name of any party in or over such land on which the project is proposed to be developed is attached to the application for registration. 2. That the time period within which the project shall be completed by the Promoter is 05.08.2028. 3. That seventy per cent of the amounts to be realized the promoter",High Rise Building (HRB),Residential 1/11,23371,676,completed,05/08/2028,12.793268,80.211168,676,9,27,781119237,3690223848,803190713,5274533798,0.00,76982.35,2653.59,[],[],['Chengalpattu'],
V:\Project\Project_Stick\data_source\raw\TNRERA\2024\TN_35_Building_0481_2024.pdf,ACCESS SAI EMPIRE QUBE,RESIDENTIAL APARTMENTS,Non-High Rise Building (NHRB),Residential,1702,64,Not Yet Started,25/07/2029,12.824322,80.079024,15,0,1,30785436,142500000,7500000,180785436,0.00,4425.45,-,[],[],['Chengalpattu'],
V:\Project\Project_Stick\data_source\raw\TNRERA\2024\TN_35_Building_0494_2024.pdf,JOEL VIRUKSHAM,"PLOT NO:21&21A, KATTABOMMAN STREET, RADHA NAGAR, CHROMPET,ZAMIN PALLAVARAM VILLAGE,CHENNAI.",Non-High Rise Building (NHRB),Residential,652.00,15,Under Construction,31/12/2028,125710.1,800841.5,11,4,2,45000000,59415000,2150000,106565000,0.00,1666.49,-,[],[],['Chengalpattu'],
V:\Project\Project_Stick\data_source\raw\TNRERA\2024\TN_35_Building_0504_2024.pdf,NEST BONSAI,NEST BONSAI,Non-High Rise Building (NHRB),Residential,4928.00,128,Not Yet Started,30/09/2026,12.871206,80.192032,68,40,12,82440000,744837100,10000000,837277100,0.00,13624.18,-,[],[],['Chengalpattu'],
V:\Project\Project_Stick\data_source\raw\TNRERA\2024\TN_35_Building_0523_2024.pdf,Republic of Nature Phase 1,Residential,Non-High Rise Building (NHRB),Residential,33903.56,85,Not Yet Started,31/12/2026,12.749808,80.237332,63,0,6,31500000,301100000,1000000,333600000,0.00,11189.26,-,[],[],['Chengalpattu'],
V:\Project\Project_Stick\data_source\raw\TNRERA\2024\TN_35_Building_0542_2024.pdf,ARUSH ENCLAVE,"Comprised in Old S.No. 17/1, 17/2 & 17/3, T.S. No. 54/3, Block No – 56, Ward – G of Selaiyur Village, Tambaram Taluk within the limits of Tambaram Municipal Corporation, Chengalpattu District",Non-High Rise Building (NHRB),Residential,548.00,12,Under Construction,03/04/2026,12.926449,80.142319,12,0,1,40000000,25000000,5000000,70000000,0.00,1093.84,-,[],[],['Chengalpattu'],
V:\Project\Project_Stick\data_source\raw\TNRERA\2024\TN_35_Building_0559_2024.pdf,TVS EMERALD AARANYA PHASE III - 7 VILLAS,Self Development,Non-High Rise Building (NHRB),Residential,993.57,7,Under Construction,30/09/2027,125411.30,801019.84,13,0,0,30100000,41800000,4100000,76000000,0.00,1192.53,0.00,[],[],['Chengalpattu'],
V:\Project\Project_Stick\data_source\raw\TNRERA\2024\TN_35_Building_0565_2024.pdf,ELEMENT 4,Residential project,Non-High Rise Building (NHRB),Residential,2092,110,Not Yet Started,30/12/2026,12.829145,80.125429,0,0,0,30399300,45036000,1000000,76435300,0.00,5426.31,-,[],[],['Chengalpattu'],
V:\Project\Project_Stick\data_source\raw\TNRERA\2024\TN_35_Building_0599_2024.pdf,TVS EMERALD SERENE SPRINGS,"HRB, Block 01 & 02, No of floors 16, Total FSI area 24476.78 sq.m",High Rise Building (HRB),Residential,7429.74,237,Not Yet Started,01/10/2029,12.782308,80.218584,109,0,0,235000000,1020000000,0,1255000000,2599.00,21877.78,0.00,[],[],['Chengalpattu'],
V:\Project\Project_Stick\data_source\raw\TNRERA\2024\TN_37_Building_0418_2024.pdf,AMBUR PROPERTIES LLP,"M/S. AMBUR PROPERTIES LLP of my layout project comprised in Ward – B, Block – 2, T.SNos.10/1part of Ambur Municipality, Ambur Taluk, Tirupattur District.",Non-High Rise Building (NHRB),Mixed Development,15293.7,305,Under Construction,12/08/2025,124611.0,784326.1,0,6,0,50000000,150000000,20000000,220000000,9801.19,-,374,[],[],['Tirupathur'],
V:\Project\Project_Stick\data_source\raw\TNRERA\2024\TN_5_Building_0509_2024.pdf,The Enigma,"Development of 0.43 acres situated at SF.No.603/4A & 604/ 1B2B , Katpadi Village, Katpadi Taluk, Vellore Dist. Tamil Nadu. The Project comprises of 36 Dwelling units.",Non-High Rise Building (NHRB),Residential,1703,31,Under Construction,31/03/2026,125806,790912,37,13,5,150000000,325536561,18670750,494207311,790912,4141.70,845.65,[],[],['Vellore'],
V:\Project\Project_Stick\data_source\raw\TNRERA\2024\TN_5_Building_0528_2024.pdf,-,RESIDENTIAL APARTMENT,Non-High Rise Building (NHRB),Residential,688.90,18,Under Construction,15/12/2025,12.955240,79.138893,5,4,2,50000000,40000000,10000000,100000000,79.138893,787.1,-,[],[],['Vellore'],
V:\Project\Project_Stick\data_source\raw\TNRERA\2024\TN_6_Building_0530_2024.pdf,Annamalaiyar flower market,"S. No: 7/1, 7/8. Building No: 330/2024. Kilanaikarai Village, Melathikkan Panchayat , Tiruvannamalai Taluk, Tiruvannamalai District, Tamil Nadu State .",Non-High Rise Building (NHRB),Commercial,12200.00,,Not Yet Started,25/07/2025,12.205081,79.072097,0,67,0,10870600,51842350,44180000,106892950,0.00,0.00,4957.83,[],[],['Tiruvannamalai'],Total_Dwelling_Units
V:\Project\Project_Stick\data_source\raw\TNRERA\2024\TN_7_Building_0370_2024.pdf,RR TOWER,40 DWELLING APARTMENT,Non-High Rise Building (NHRB),Residential,1700.50,40,Under Construction,31/12/2026,11.6285,78.14663889,37,3,0,27500000.00,112403000,20716692,160619692,-,4398.44,-,[],[],['Salem'],
V:\Project\Project_Stick\data_source\raw\TNRERA\2024\TN_7_Building_0505_2024.pdf,NAAVAL PARADISE,"SF.No: 9/1B,10/2A1B,&13/1A,At Kannankurichi Village, and Town Panchayat, Salem Taluk, & District.",Non-High Rise Building (NHRB),Mixed Development,36205,92,Under Construction,31/12/2028,11.7076440,781714170,368,15,10,132518850,530000000,726500000,1389018850,0.00,29818.14,1518.68,[],[],['Salem'],
V:\Project\Project_Stick\data_source\raw\TNRERA\2024\TN_7_Building_0575_2024.pdf,Amirtha Varsha,"Ward-AC,Block-28,T.S.No.27/2,Ward- AC,Block-19,T.S.No.42/2,(Old Ward- D,Block-19,T.S.No.4/3,7/1 and 7/2) at Periyeri Village, Salem Corporation,Salem Tk, Salem Dt.",Non-High Rise Building (NHRB),Residential,3077.00,55,Under Construction,22/07/2029,11.659561,78.148858,60,0,6,65555485,254653003,30960911,351169399,0.00,7995.96,-,[],[],['Salem'],
V:\Project\Project_Stick\data_source\raw\TNRERA\2024\TN_7_Building_0582_2024.pdf,NAAVAL SUNSHINE,"Sf no - 65/10A, Murungapatty Panchayat/Village , Veerapandi Panchayat Union, salem west taluk, salem - 636307",Non-High Rise Building (NHRB),Mixed Development,17253.80,58,Under Construction,31/12/2028,11.638163,78.039603,116,15,21,6600000,580000000,-,586600000,0.00,11306.43,484.16,[],[],['Salem'],
V:\Project\Project_Stick\data_source\raw\TNRERA\2025\TNRERA_10_BLG_0384_2025.pdf,White Elephant,S.F.No. 1385/1A2,Non-High Rise Building (NHRB),Residential,562,16,Under Construction,31/07/2027,11.322352,77.743228,12,12,2,2980800,32000000,-,34980800,0.00,1303.88,-,[],[],['Erode'],
V:\Project\Project_Stick\data_source\raw\TNRERA\2025\TNRERA_11_BLG_0327_2025.pdf,EKAYA BY SRIVARI,8 Luxury Villas with one Exclusive Club house,Non-High Rise Building (NHRB),Residential,2958,9,Not Yet Started,17/07/2030,11.00544,77.01571,24,16,4,53495500,324100000,-,377595500,0.00,3584.83,262.36,[],[],['Coimbatore'],
V:\Project\Project_Stick\data_source\raw\TNRERA\2025\TNRERA_11_BLG_0331_2025.pdf,Aria Square,"PROPOSED CONSTRUCTION OF RESIDENTIAL BUILDING AFFORTABLE HOUSING ( GYM, INDOOR PLAY AREA, YOGA ROOM, ASSOCIATION ROOM, MULTI PURPOSE HALL) COMPRISED IN S F NO 47/2A1, KALAPATTI (WEST) VILLAGE, COIMBATORE NORTH TALUK, COIMBATORE DISTRICT AND CORPORATION EAST ZONE",Non-High Rise Building (NHRB),Residential,1659.27,58,Not Yet Started,30/06/2030,11.095835,77.026041,23,0,2,82857710,167500000,-,250357710,0.00,4594.51,230.69,[],[],['Coimbatore'],
V:\Project\Project_Stick\data_source\raw\TNRERA\2025\TNRERA_11_BLG_0356_2025.pdf,AMBER,RESIDENTIAL APARTMENTS,Non-High Rise Building (NHRB),Residential,1726.5,30,Not Yet Started,10/04/2030,10.988976,76.946609,30,0,21,130000000,146655000,-,276655000,4200.33,4200.33,4200.33,[],[],['Coimbatore'],
V:\Project\Project_Stick\data_source\raw\TNRERA\2025\TNRERA_11_BLG_0362_2025.pdf,WILLA 25,"Group HousingDevelopment- District Town and Country planning office, Coimbatore - Local Planning Authority - Coimbatore District and Coimbatore Corporation- - Ward: B- 049.Kavundampalayam Village - Block No:81- T.S. No’s.2/1,2/2,2/4,2/5-Site area: 2989.00- Proposed Group Housing Development with 16 villasfor anFSI Area:3127.56 sqm",Non-High Rise Building (NHRB),Residential,2989,16,Not Yet Started,07/10/2030,11.045812,76.923316,15,24,0,110000000,130000000,-,240000000,0.00,3127.56,0.00,[],[],['Coimbatore'],
V:\Project\Project_Stick\data_source\raw\TNRERA\2025\TNRERA_11_BLG_0372_2025.pdf,VAIBHAV,"S.F. Nos. 411/2, 411/3, 411/4, 411/5, 411/6, 411/7, 411/8, 411/9, 411/10, 412/1A2, 412/1A3 (Site No: F8, F9, F10, G8, G9, G10, G11, G12, G13) at Saravanampatti Village, Coimbatore North taluk, Coimbatore Corporation North Zone, Coimbatore District.",Non-High Rise Building (NHRB),Residential,1477,38,Under Construction,06/10/2031,11.091421,76.985714,27,0,4,70000000,132500000,-,202500000,0.00,3823.83,0.00,[],[],['Coimbatore'],
V:\Project\Project_Stick\data_source\raw\TNRERA\2025\TNRERA_11_BLG_0375_2025.pdf,Dhiya`s Skanda Samriddi,"Ward No:K(11), Block No:14, T.S.No:279,280 Sanganur village, Central Zone, Coimbatore Corporation",Non-High Rise Building (NHRB),Residential,1110,19,Not Yet Started,30/09/2028,11.021262,76.958825,9,12,3,205700000,107532000,-,313232000,0.00,3107.07,-,[],[],['Coimbatore'],
V:\Project\Project_Stick\data_source\raw\TNRERA\2025\TNRERA_11_BLG_0414_2025.pdf,SRREE KRISHNAA’S ARANYA,"Site No: 9 & 10 In S.F.No:232/1B4 At Balaji Nagar Of Vadavalli Village, West Zone, Perur Taluk, Coimbatore Corporation",Non-High Rise Building (NHRB),Residential,557.00,10,Not Yet Started,13/07/2031,11.025528,76.887333,10,0,1,4020000,42466600,-,46486600,0.00,1445.11,-,[],[],['Coimbatore'],
V:\Project\Project_Stick\data_source\raw\TNRERA\2025\TNRERA_11_BLG_0417_2025.pdf,RAVIMURUGAA'S WISTERIAA PARK,"S.F.NO:296/2B3A ,KALAPATTI VILLGE",Non-High Rise Building (NHRB),Residential,4260,16,Not Yet Started,10/06/2033,110328.7,770150.3,24,21,5,18000000,60000000,-,78000000,,,,[],[],['Coimbatore'],FSI_Other_Residential
V:\Project\Project_Stick\data_source\raw\TNRERA\2025\TNRERA_16_BLG_0358_2025.pdf,RC EMERALD CASTLE,"Stilt + 9 floors with 18 Residential flats at New Door no: 23, (Old Door No: 62), Crawford colony Main Road, land comprised in T.S. No. 24 (24/1 & 24/2), Block No.0002, Ward: AK, Survey No. 136/1, land situated at Crawford Colony Majara, K.Abishekapuram Village, Tiruchirappalli City Corp. Ko.Abhisekapuram Zone Town, Tiruchirappalli West Taluk, Tiruchirappalli District of Zone – 4.",High Rise Building (HRB),Residential,1294.56,18,Not Yet Started,30/06/2028,10.782705,78.678399,3,14,13,90000000,260000000,-,350000000,0.00,3614.00,-,[],[],['Tiruchirappalli'],
V:\Project\Project_Stick\data_source\raw\TNRERA\2025\TNRERA_16_BLG_0368_2025.pdf,TVH Elanza,"T.S.No: 27, Block No:12, Ward: Y, Puthur Village, Zone – V, Tiruchirappalli District/ Corporation",Non-High Rise Building (NHRB),Residential,1589.51,35,Under Construction,31/03/2026,10.81424,78.679153,35,35,0,102657000,105251000,-,207908000,0.00,4456.55,-,[],[],['Tiruchirappalli'],
V:\Project\Project_Stick\data_source\raw\TNRERA\2025\TNRERA_16_BLG_0370_2025.pdf,Navarathna Saroja Residency,"Navarathna Saroja Residency, in T S NO: 9 /2, (old Ward : B) , New Ward - G , Block : 19, At Konakarai Road, Chinthamani Village, K.Abishekapuram Zone, Zone-V, Thiruchirapalli.",Non-High Rise Building (NHRB),Residential,768.11,16,Under Construction,30/08/2030,10.835694,78.684430,2,12,0,7441200,69006892,-,76448092,0.00,1534.23,-,[],[],['Tiruchirappalli'],
V:\Project\Project_Stick\data_source\raw\TNRERA\2025\TNRERA_16_BLG_0377_2025.pdf,SHRI SHAKTHI MARI AVENUE,"S.No: 204/2B2 204/3B2 & 205/6A of Madavaperumal Koil Village, Manachanellur Taluk, Tiruchirappalli District.",Non-High Rise Building (NHRB),Residential,1127,30,Under Construction,25/06/2027,105314.7,784158.5,30,0,0,8000000,50000000,-,58000000,0.00,3060.00,-,[],[],['Tiruchirappalli'],
V:\Project\Project_Stick\data_source\raw\TNRERA\2025\TNRERA_16_BLG_0418_2025.pdf,ROHINI RAMJI,FLAT PROMETERS OF RESIDENTIAL APARTMENTS,High Rise Building (HRB),Residential,1897.77,45,Under Construction,31/07/2033,10.8260344,78.6741602,45,0,5,40860000,203904000,-,244764000,0.00,6210.88,-,[],[],['Tiruchirappalli'],
V:\Project\Project_Stick\data_source\raw\TNRERA\2025\TNRERA_1_BLG_0400_2025.pdf,NEST FASCINO,NEST FASCINO,Non-High Rise Building (NHRB),Residential,3864.72,93,Under Construction,31/12/2027,12.53198,80.03107,64,32,8,74885943,508603657,-,583489600,0.00,10585.06,-,[],[],['Kancheepuram'],
V:\Project\Project_Stick\data_source\raw\TNRERA\2025\TNRERA_1_BLG_0411_2025.pdf,ATH MERLION Phase I,"Comprised in Old S.No: 238/1 238/2 & 238/3A (Document), New S.No. 238/1B, 238/2E, 238/2D, 238/2C, 238/3A5, 238/2B, 238/3A4 & 238/3A3 (Patta) of Rendamkattalai Village, within the limit of Kundrathur Panchayat Union; Project Name:- “ATH MERLION Phase I”",Non-High Rise Building (NHRB),Residential,958.00,33,Under Construction,30/12/2028,12.996224,80.115966,19,3,2,26800000,98325000,-,125125000,0.00,2490.57,-,[],[],['Kancheepuram'],
V:\Project\Project_Stick\data_source\raw\TNRERA\2025\TNRERA_29_BLG_0328_2025.pdf,THE CITEDAL,"Survey No - 165/30 & 165/31 Of Prasanth colony west main road, Rajakilpakkam Village, Tambaram Municipal Corporation, Chennai District",Non-High Rise Building (NHRB),Residential,2400,64,Not Yet Started,19/08/2027,125438.6,800911.2,49,2,5,200000000,500000000,-,700000000,0.00,6238.55,-,[],[],['Chennai'],
V:\Project\Project_Stick\data_source\raw\TNRERA\2025\TNRERA_29_BLG_0330_2025.pdf,ENDEE EDEN,"No.12/14, 4th Cross Street, United India Colony, Kodambakkam, Chennai - 600024",Non-High Rise Building (NHRB),Residential,517.19,10,Under Construction,31/12/2026,13.051115,80.226125,10,2,2,69562500,62040000,-,131602500,0.00,1412.70,0.00,[],[],['Chennai'],
V:\Project\Project_Stick\data_source\raw\TNRERA\2025\TNRERA_29_BLG_0333_2025.pdf,AMARA ANTARA,"New Door No.1/4, Old Door No.9, Kothari Road, Nungambakkam, Chennai 600034, Comprised in Old R.S.No.537/1 and R.S.No.537/15, Block No.30 of Nungambakkam Village, within the limit of Greater Chennai Corporation.",Non-High Rise Building (NHRB),Residential,1236,15,Under Construction,01/08/2027,13.06442,80.23938,13,17,3,360000000,213500000,-,573500000,0.00,3309.67,-,[],[],['Chennai'],
V:\Project\Project_Stick\data_source\raw\TNRERA\2025\TNRERA_29_BLG_0334_2025.pdf,SRI VIDYA,"Stilt + Five Floors with 10 Dwelling units at Plot No.15 & 16, Door No.18, Friends Avenue, Arumbakkam, Chennai 600106, Comprised in T.S.No: 23/24, Block No: 15, Ward-1 of Arumbakkam Village within the limits of Greater Chennai Corporation",Non-High Rise Building (NHRB),Residential,524.50,10,Under Construction,10/07/2027,13.073232,80.21467,8,3,1,50000000,80000000,-,130000000,0.00,1359.14,-,[],[],['Chennai'],
V:\Project\Project_Stick\data_source\raw\TNRERA\2025\TNRERA_29_BLG_0336_2025.pdf,KG BLISS ON THE BAY,"Residential Development at New Beach Road,Thiruvanmiyur.",Non-High Rise Building (NHRB),Residential,1145.48,10,Not Yet Started,29/05/2033,12.975732,80.264470,19,1,2,156097800,90654345,-,246752145,0.00,1715.82,0.00,[],[],['Chennai'],
V:\Project\Project_Stick\data_source\raw\TNRERA\2025\TNRERA_29_BLG_0340_2025.pdf,NOVA PLATINUM 64,"NOVA PLATINUM 64, AMBATTUR ROAD",Non-High Rise Building (NHRB),Residential,810,10,Not Yet Started,31/08/2025,13.08838,80.18818,10,0,1,150000000,50000000,-,200000000,0.00,1616.85,-,[],[],['Chennai'],
V:\Project\Project_Stick\data_source\raw\TNRERA\2025\TNRERA_29_BLG_0341_2025.pdf,KCEE SRINIVASAM,"OLD NO.12, NEW NO.25, RAMACHANDRA STREET, T.NAGAR, CHENNAI - 600017",Non-High Rise Building (NHRB),Residential,523,10,Under Construction,30/12/2030,13.045082,80.230175,9,1,1,86250000,57652000,-,143902000,0.00,1311.26,-,[],[],['Chennai'],
V:\Project\Project_Stick\data_source\raw\TNRERA\2025\TNRERA_29_BLG_0350_2025.pdf,"SALMA “PANACHE RESIDENCES""","Old Door No: 16, 16/1, 17, New Door No: 24/67, Halls Road, Kilpauk, Chennai – 600 010, comprised in Old R.S. No: 139 part, T.S. No: 139/2,139/7, and 139/8, Block No: 10 of Egmore Village and Taluk, Chennai District and Tamil Nadu State.",Non-High Rise Building (NHRB),Residential,903.984,12,Under Construction,21/06/2028,13.080434315899039,80.2361132448449,20,2,2,145957350,77006646,-,222963996,0.00,2340.61,-,[],[],['Chennai'],
V:\Project\Project_Stick\data_source\raw\TNRERA\2025\TNRERA_29_BLG_0352_2025.pdf,ASHWANTH ELITE FLATS,"Plot Nos.2 & 3, Veera Raghavalu Nagar, Kathirvedu, Chennai-600066, comprised in Old Survey No.36/7A, as per Patta Survey No.36/7A3, 36/7A4, Situated at Kathirvedu Village, Madhavaram Taluk, Chennai District",Non-High Rise Building (NHRB),Residential,580.27,15,Not Yet Started,30/06/2028,13.142831,80.201308,10,0,5,14365800,24950592,-,39316392,0.00,1160.00,-,[],[],['Chennai'],
V:\Project\Project_Stick\data_source\raw\TNRERA\2025\TNRERA_29_BLG_0353_2025.pdf,SULAIMAN MANZIL,"Plot No.316A, New Door No.27, Old Door No.10, 1st Avenue and 2nd Main Road, Indira Nagar, Adayar, Chennai 600020 in Old T.S.No.47 to 49 (Pt), New R.S.Nos.39, 40/1, 40/2, 40/3 & 41/2, Block No.13 of Kalikundram Village within the limit of Greater Chennai Corporation",Non-High Rise Building (NHRB),Commercial,359,,Under Construction,31/12/2026,12.5957,80.1512,4,2,1,27720000,19246000,-,46966000,0.00,0.00,715.20,[],[],['Chennai'],Total_Dwelling_Units
V:\Project\Project_Stick\data_source\raw\TNRERA\2025\TNRERA_29_BLG_0359_2025.pdf,PUSHKAR'S GETTU APARTMENTS,"Stilt + Five Floors with 15 Dwelling units at Old Door No: 4, New Door No: 9, Venkatapathy Street, Kilpauk, Chennai- 600010, Comprised in T.S. No: 3140/3, Block No: 53, Ward -1 of Purusawalkam Village, within the limits of Greater Chennai Corporation",Non-High Rise Building (NHRB),Residential,722.30,15,Under Construction,31/12/2026,13.084138,80.242819,12,3,2,60000000,100000000,-,160000000,0.00,1976.25,-,[],[],['Chennai'],
V:\Project\Project_Stick\data_source\raw\TNRERA\2025\TNRERA_29_BLG_0367_2025.pdf,PAWAN'S FORTUNE VILLAS,"1-30 Plots at Vetri Nagar, Comprised in (As per patta old S.No: 598/1B1A Part, 1B1A2, 1B1A3, 1B1A4, 2B Part & 598/1A1B), As per patta New T.S.No:3/16, Block No: 21, Ward: E, Korattur Village, Ambattur Taluk, Greater Chennai Corporation Chennai District",Non-High Rise Building (NHRB),Residential,2520.37,30,Under Construction,31/03/2026,13.129374,80.194463,30,0,0,120000000,260000000,-,380000000,0.00,3320.18,-,[],[],['Chennai'],
V:\Project\Project_Stick\data_source\raw\TNRERA\2025\TNRERA_29_BLG_0374_2025.pdf,THE BLOOMINGDALE,"Construction of Stilt Floor (Parking) + 1st To 5th Floor Residential Building (Height -18.30m) With 15 Dwelling Units Availing Premium FSI With TOD Benefit at Old Door No:72(96), New Door No: 96/3, MC.Nichols Road, Chetpet, Egmore Taluk, Chennai District - 600031, Comprised In Old S.No: 133 Part, R.S.No:381/ 1 Part And T.S.No: 381/4, Block No: 24 of Egmore Village, Egmore Taluk, Chennai District Within the Limits of Greater Chennai Corporation",Non-High Rise Building (NHRB),Residential,947.50,15,Under Construction,30/06/2028,13.075872,80.238593,20,0,2,190000000,120000000,-,310000000,0.00,2651.05,-,[18.3],[],['Chennai'],
V:\Project\Project_Stick\data_source\raw\TNRERA\2025\TNRERA_29_BLG_0389_2025.pdf,Whispers of sky,"740/1 & 742/1A of Sholinganallur Village, Sholinganallur Taluk within the Limits of Greater Chennai Corporation.",High Rise Building (HRB),Mixed Development,24845,623,Not Yet Started,30/09/2030,125253.57,801257.39,626,46,46,1025800000,3833700000,-,4859500000,,,,[],[],['Chennai'],FSI_Other_Residential
V:\Project\Project_Stick\data_source\raw\TNRERA\2025\TNRERA_29_BLG_0399_2025.pdf,Innovative's 3 Block,"Door No. 3A, 3B. 3C, 3D, 3E & 3F, P.T.Raman Salai, Kalinga Colony, K K. Nagar, Chennai, comprised in S No 56/1 Part, 57 Part (Document) and T.S. No:2/16, Block No. 98 (Patta) of Kodambakkam (Part — 2) village within the limits of Greater Chennai Corporation",Non-High Rise Building (NHRB),Residential,630,10,Not Yet Started,30/04/2028,13.039828,80.205068,10,2,2,93000000,60000000,-,153000000,0.00,1585.96,-,[],[],['Chennai'],
V:\Project\Project_Stick\data_source\raw\TNRERA\2025\TNRERA_29_BLG_0402_2025.pdf,G square Pristine Icon 1,"Residential Building (Apartment) in Sf no 309/38 & 309/39, Plot no 61 & 62 with 16 Dewiling Units in approved layout",Non-High Rise Building (NHRB),Residential,736.60,16,Not Yet Started,20/12/2027,12.689907,77.817204,8,0,2,244981050,51051837,-,296032887,0.00,1471.29,-,[],[],['Chennai'],
V:\Project\Project_Stick\data_source\raw\TNRERA\2025\TNRERA_29_BLG_0409_2025.pdf,AMARA ANEJA,"Plot No.8, New Door No.23, Old Door No.12, Chevalier Shivaji Ganesan Road (South Boag Road), T.Nagar, Chennai 600017, comprised in Old S.No.122/2, 123/1, 123/2, 123/3, 123/4 & 124/2 (Pt) (Document) and T.S.No.6553/1 & 6553/2, Block No.141 of T.Nagar Village, within the limit of Greater Chennai Corporation",Non-High Rise Building (NHRB),Residential,1293.43,15,Under Construction,31/10/2027,13.038381,80.243345,31,12,4,240000000,140000000,-,380000000,0.00,3614.08,-,[],[],['Chennai'],
V:\Project\Project_Stick\data_source\raw\TNRERA\2025\TNRERA_29_BLG_0412_2025.pdf,AL KALIMA,"Proposed Construction of Commercial (Office) Cum Residential Apartment Building with 5 dwelling units (1st & 2nd Floors - Office; 3rd, 4th & 5th Floors – Residential) at Plot No.B180, 54th Street, Ashok Nagar, Chennai 600 083, Comprised in T.S No. 60, Block No.70 situated at Kodambakkam Village, Mambalam Taluk, Chennai District, Within the Limits of Greater Chennai Corporation, Zone:10 & Division No:131,Tamilnadu State.",Non-High Rise Building (NHRB),Mixed Development,651,5,Completed,,13.03312,80.21305,4,7,1,88200000,38694669,-,126894669,0.00,748.83,498.62,[],[],['Chennai'],
V:\Project\Project_Stick\data_source\raw\TNRERA\2025\TNRERA_29_BLG_0420_2025.pdf,G RADHAKRISHNAN,"PLOT NO 1229, NEW DOOR NO. 55, 18TH MAIN ROAD, ANNA NAGAR, VILLIVAKKAM VILLAGE, CHENNAI – 600040",Non-High Rise Building (NHRB),Commercial,455.22,,Completed,,13.08784,80.27847,5,2,1,73350000,27670546,-,101020546,0.00,0.00,728.92,[],[],['Chennai'],Total_Dwelling_Units
V:\Project\Project_Stick\data_source\raw\TNRERA\2025\TNRERA_29_BLG_0423_2025.pdf,Legendary Bliss,9 Residential Units,Non-High Rise Building (NHRB),Residential,600,9,Under Construction,31/12/2026,13.0354722,80.23433333333334,9,0,1,85219200,35000000,-,120219200,0.00,1298.27,-,[],[],['Chennai'],
V:\Project\Project_Stick\data_source\raw\TNRERA\2025\TNRERA_30_BLG_0357_2025.pdf,AMPLE TOWER,AMPLE TOWER,Non-High Rise Building (NHRB),Residential,999,32,Not Yet Started,20/08/2027,124227.4,774950.4,7,6,0,11900000,48200000,-,60100000,0.00,2682.00,-,[],[],['Krishnagiri'],
V:\Project\Project_Stick\data_source\raw\TNRERA\2025\TNRERA_35_BLG_0337_2025.pdf,SANTA CLARA by DAC,"S.No. 112/1A1, 112/2, 112/3B, 112/4 & 121/1A of Arasankazhani Village, Tambaram Taluk, Chengalpattu District.",Non-High Rise Building (NHRB),Residential,8920,61,Not Yet Started,29/09/2030,12.876897,80.202060,66,0,0,255887470,307813700,-,563701170,0.00,9028.09,-,[],[],['Chengalpattu'],
V:\Project\Project_Stick\data_source\raw\TNRERA\2025\TNRERA_35_BLG_0348_2025.pdf,-,"Survey no. 87/15A1B (Old S.no. 87/3pt) of Kanathur Reddykuppam Village, Thiruporur Taluk & Chengalpattu District.",Non-High Rise Building (NHRB),Residential,1793,18,Not Yet Started,25/06/2028,125107.1,801445.0,20,0,0,6500000,35000000,-,41500000,0.00,3376.17,-,[],[],['Chengalpattu'],
V:\Project\Project_Stick\data_source\raw\TNRERA\2025\TNRERA_35_BLG_0354_2025.pdf,Godrej Azure,"Survey Number's 282,283/1,284/1,284/24,281/1B1A, 281/1B2, 283/2, 284/2B Padur & Kazhipattur Village, Survey Numbers 222/2, 224/1, 224/2227/1A, 227/18, 227/10, 227/2A, 227/2B, 227/2C, 227/3, 225/1, 225/2, 226/1, 226/2.",High Rise Building (HRB),Residential,13371.32,435,Not Yet Started,31/12/2027,12.807599318525353,80.2286993298545,296,148,20,481400000,2313500000,-,2794900000,0.00,53255.00,-,[],[],['Chengalpattu'],
V:\Project\Project_Stick\data_source\raw\TNRERA\2025\TNRERA_35_BLG_0398_2025.pdf,ASHIANA SWARANG PHASE III,We are developing the whole project in the name of Ashiana Swarang in Phase wise manner.,Non-High Rise Building (NHRB),Residential,9683.74,451,Under Construction,15/06/2029,12.727091,80.226955,114,271,22,99400000,701600000,-,801000000,0.00,14677.79,-,[],[],['Chengalpattu'],
V:\Project\Project_Stick\data_source\raw\TNRERA\2025\TNRERA_35_BLG_0416_2025.pdf,VISTA VILLAS,"S.NO 1483/3B1,3B2, THAIYUR A VILLAGE THIRUPORUR TALUK, CHENGALPATTU DISTRICT",Non-High Rise Building (NHRB),Residential,2000,16,Not Yet Started,31/12/2027,12.780868,80.220687,16,0,0,42500000,102500000,-,145000000,0.00,2180.50,0.00,[],[],['Chengalpattu'],
V:\Project\Project_Stick\data_source\raw\TNRERA\2025\TNRERA_35_BLG_0419_2025.pdf,AANIRUDH SHREE PALACE,AANIAANIRUDH SHREE PALACE,Non-High Rise Building (NHRB),Residential,664.81,10,Not Yet Started,01/05/2027,12.982141,80.190716,19,0,0,80000000,45000000,-,125000000,0.00,1860.91,-,[],[],['Chengalpattu'],
V:\Project\Project_Stick\data_source\raw\TNRERA\2025\TNRERA_35_BLG_0426_2025.pdf,CSK NITISH APARTMENTS,NO.3&4 GOPAL NAGAR VEDHANARAYANAPURAM CHENGALPATTU,Non-High Rise Building (NHRB),Residential,965.31,12,Not Yet Started,30/10/2027,12.656845,79.968333,06,0,0,21568000,40000000,-,61568000,965.31,965.31,-,[],[],['Chengalpattu'],
V:\Project\Project_Stick\data_source\raw\TNRERA\2025\TNRERA_35_BLG_0428_2025.pdf,PALLADIUM,"Proposed Construction of Commercial Building Situated at Survey Number - 465/3A2C2, Padur Village and Panchayat, Thiruporur Taluk and Panchayat Union, Chengalpattu District, Tamilnadu.",Non-High Rise Building (NHRB),Commercial,1497,,Under Construction,22/10/2027,12.79694,80.223835,0,16,1,109000000,49314733,-,158314733,0.00,0.00,1629.66,[],[],['Chengalpattu'],Total_Dwelling_Units
V:\Project\Project_Stick\data_source\raw\TNRERA\2025\TNRERA_36_BLG_0344_2025.pdf,Sarojini green park,Residential,Non-High Rise Building (NHRB),Residential,19850.00,416,Under Construction,31/05/2027,125529.6,791917.2,,,,14900000,426700000.00,-,441600000,18030.88,0.00,97.50,[],[],['Ranipet'],
V:\Project\Project_Stick\data_source\raw\TNRERA\2025\TNRERA_7_BLG_0329_2025.pdf,CHONA KRISHNA APARTMENT,"WARD-U,BLOCK-14,T.S.NO- 22,23,24/1,25/1 AND 26 AT SURAMANGALAM, BODINAYAKKENPATTI, SALEM CORPORATION,SALEM WEST TALUK,SALEM TOWN,SALEM DISTRICT.",Non-High Rise Building (NHRB),Residential,2370.10,50,Under Construction,21/04/2030,11.666686,78.120344,55,4,6,60540372,284439608,-,344979980,0.00,6631.97,-,[],[],['Salem'],
V:\Project\Project_Stick\data_source\raw\TNRERA\2025\TNRERA_7_BLG_0355_2025.pdf,THE MOUNT,Office of the Salem District Town and Country Planning – Salem Local Planning Authority -Salem District – Salem West Taluk – Salem Corporation – Jagir Ammapalayam Village –Ward-A –Block- 12- T.S.No.15/26 (Old S.No.194/3pt at,Non-High Rise Building (NHRB),Residential,1973.56,35,Under Construction,20/09/2029,11.694419,78.120674,32,3,4,4990000,17586466.00,-,22576466,0.00,4702.20,-,[],[],['Salem'],
V:\Project\Project_Stick\data_source\raw\TNRERA\2025\TNRERA_7_BLG_0363_2025.pdf,KAVERI,"Plot No.60,61,62,63,80,81,82,83,SF No.5/55,5/56,5/57,5/58,5/75,5/76,5/77,5/ 78 at Kondappanaickenpatti Village & Panchayat, Salem Panchayat Union, Salem Tk & Dt.",Non-High Rise Building (NHRB),Residential,1110.00,30,Not Yet Started,10/07/2030,11.732901,78.171182,14,3,2,8957700,101264620,-,110222320,0.00,2871.91,-,[],[],['Salem'],
V:\Project\Project_Stick\data_source\raw\TNRERA\2025\TNRERA_7_BLG_0413_2025.pdf,Metropole - Krishna,Apartment Building,Non-High Rise Building (NHRB),Residential,511,10,Under Construction,22/05/2030,11.678381,78.141299,5,6,1,12342000,43994500,-,56336500,0.00,1245.81,-,[],[],['Salem'],
V:\Project\Project_Stick\data_source\raw\TNRERA\2025\TN_10_Building_0275_2025.pdf,ROCK MOOUNT CLASSIC APARTMENT,"Development Residential Building in 2,053 Sq.m of land situated at SF No.145/3A1, 145/3A3, 145/4A1A, 145/4A1B1, 145/4A1C1, 145/4A1C2, 145/4A1C3, 146/2A5A, 146/2A5B, 146/2A5C, 146/2A5D, (Site Nos. 73, 74, 75, 76, 77, 78 & 79), Kavundachipalayam Village , Kavundachipalayam Panchayat, Perundurai Taluk, Erode Dist. Tamil Nadu. PIN Code - 638 112. The project comprises of 32 Dwelling Units.",Non-High Rise Building (NHRB),Residential,2053,32,Under Construction,30/11/2027,11.293872,77.673504,46,0,2,4420000,185500000,-,189920000,0.00,5087.24,-,[],[],['Erode'],
V:\Project\Project_Stick\data_source\raw\TNRERA\2025\TN_11_Building_0002_2025.pdf,Dhiya's Sai Anandham,"Ward No:D, Block No:33, T.S.No:2, (S.F.No:121/3B pt), Koundampalayam village, Coimbatore North Taluk, Coimbatore Corporation",Non-High Rise Building (NHRB),Residential,1214.05,25,Not Yet Started,31/12/2027,11.039835,76.932998,20,2,2,50000000,114000000,-,164000000,0.00,2902.25,-,[],[],['Coimbatore'],
V:\Project\Project_Stick\data_source\raw\TNRERA\2025\TN_11_Building_0025_2025.pdf,-,"S.F.No. 390/4A2, 4A3, 4A4,4A5,4A6,4B, 391/5A,5B,5C, 395/2A, 396/4A, 1A1A, 1A1B, 1B, 1C, 2A, 2B, 2C, 397/2A1, 2B1, 2B2, 2A2A, 2B3A,2A2B,2A3D, 2B3B, 2B4A, 2C1, 2C2A, 2A3C, 2A3A, 2A3B, 2B4B, 398/2 & 398/3A",Non-High Rise Building (NHRB),Residential,26755.9311,45,Not Yet Started,29/02/2028,11.047354,77.036961,97,60,0,500000000,645665300,30000000,1175665300,0.00,18296.66,1059.79,[],[],['Coimbatore'],
V:\Project\Project_Stick\data_source\raw\TNRERA\2025\TN_11_Building_0040_2025.pdf,SREE DAKSHA'S DIORA,Coimbatore District - Coimbatore North Taluk - Kurudampalayam Village/ Panchayat - S.F.Nos: 94/3B & 94/6,Non-High Rise Building (NHRB),Residential,8094,105,Not Yet Started,31/10/2030,11.08161,76.937465,130,11,11,66500000,766030700,-,832530700,0.00,15224.81,740.55,[],[],['Coimbatore'],
V:\Project\Project_Stick\data_source\raw\TNRERA\2025\TN_11_Building_0047_2025.pdf,SREE DAKSHA 'S ELSRIA,"Coimbatore District - Coimbatore North Taluk - Coimbatore Corporation - Chinnavedampatti Village - S.F.Nos: 202/2H, 202/2I, 205/2A1A2 AND 206/5A",Non-High Rise Building (NHRB),Residential,19917.09,50,Not Yet Started,31/10/2030,11.04341,76.58099,85,55,13,112700000,657000000,-,769700000,0.00,12175.26,743.56,[],[],['Coimbatore'],
V:\Project\Project_Stick\data_source\raw\TNRERA\2025\TN_11_Building_0056_2025.pdf,THULIR BY DAC,"S.F.No.557/1B2B, 557/1B3B & 557/1B4B Thudiyalur Village, Coimbatore North Taluk, Coimbatore District, Within The Limit Coimbatore Corporation, Tamil Nadu.",Non-High Rise Building (NHRB),Residential,2360,54,Not Yet Started,28/02/2030,11.057773,76.939644,37,23,5,56163277,200800000,-,256963277,0.00,6131.50,-,[],[],['Coimbatore'],
V:\Project\Project_Stick\data_source\raw\TNRERA\2025\TN_11_Building_0121_2025.pdf,Lavendar,"S.F.No.251/2B,252/2B,Lavendar,Era.Moha n Nagar,KalapattiWest,Near Green Field Tuilp Garden, Coimbatore -641048.",Non-High Rise Building (NHRB),Residential,8050,52,Not Yet Started,26/11/2029,11.066767,77.02708,115,66,15,97351499,389564308,-,486915807,0.00,11999.30,345.10,[],[],['Coimbatore'],
V:\Project\Project_Stick\data_source\raw\TNRERA\2025\TN_11_Building_0133_2025.pdf,EESHANYA'S SYNCHRONY,"S.F. Nos. 92/1B2, 92/1C1B, 92/2B, Vellakinar village, Coimbatore North Taluk, Coimbatore District",Non-High Rise Building (NHRB),Residential,4400.92,90,Not Yet Started,31/08/2027,11.080153,76.959387,90,0,10,52000000,327300000,-,379300000,0.00,10972.65,-,[],[],['Coimbatore'],
V:\Project\Project_Stick\data_source\raw\TNRERA\2025\TN_11_Building_0135_2025.pdf,ELITE COURTYARD,RESIDENTIAL BUILDING,Non-High Rise Building (NHRB),Residential,1614.00,32,Under Construction,24/06/2027,11.0516389,77.0428870,32,0,4,40000000,87000000,-,127000000,0.00,4145.01,-,[],[],['Coimbatore'],
V:\Project\Project_Stick\data_source\raw\TNRERA\2025\TN_11_Building_0143_2025.pdf,Sri Sundaramm Gardens,"S.F.NO. 132/ 3B2, 4, 5 AND 6B, SARAVANAMPATTI VILLAGE , COIMBATORE NORTH TALUK AND DISTRICT.",Non-High Rise Building (NHRB),Residential,2390.09,10,Under Construction,30/03/2025,11.0710,77.0068,19,10,4,8141048.00,112300000,-,120441048,0.00,2430.48,-,[],[],['Coimbatore'],
V:\Project\Project_Stick\data_source\raw\TNRERA\2025\TN_11_Building_0168_2025.pdf,VRINDHAVANA ADHIRA,35 unit residential complex,Non-High Rise Building (NHRB),Residential,1445,35,Not Yet Started,17/06/2032,11.05,76.56,35,0,0,27000000,147000000,-,174000000,0.00,3524.85,-,[],[],['Coimbatore'],
V:\Project\Project_Stick\data_source\raw\TNRERA\2025\TN_11_Building_0173_2025.pdf,ADVIKA,Residential apartment,Non-High Rise Building (NHRB),Residential,594.38,14,Under Construction,15/02/2029,11.0637156,77.0235422,9,0,1,22035000,49280600,-,71315600,0.00,1257.19,-,[],[],['Coimbatore'],
V:\Project\Project_Stick\data_source\raw\TNRERA\2025\TN_11_Building_0182_2025.pdf,SASHTI,"Old S.F.No:474/1A1pt, T.S.No.30, Block 23, Ward – Y (25) , Vilankuruchi Village, Coimbatore Corporation",Non-High Rise Building (NHRB),Residential,7020,25,Not Yet Started,31/12/2027,11.028304,77.013368,50,34,8,212500000,361707646,-,574207646,0.00,8417.64,517.98,[],[],['Coimbatore'],
V:\Project\Project_Stick\data_source\raw\TNRERA\2025\TN_11_Building_0186_2025.pdf,SANKALP,Residential Aparatment,Non-High Rise Building (NHRB),Residential,826.30,10,Under Construction,31/12/2028,11.012536,76.946722,20,0,2,105000000,100000000,0,205000000,0.00,1989.25,-,[],[],['Coimbatore'],
V:\Project\Project_Stick\data_source\raw\TNRERA\2025\TN_11_Building_0198_2025.pdf,Dhiya's Rajashree,"Ward No:K(11), Block No:45, T.S.No:1799, Site no.43, Sanganur village, Central Zone, Coimbatore Corporation",Non-High Rise Building (NHRB),Residential,522.30,10,Not Yet Started,30/04/2028,11.022777,76.956009,6,4,1,76500000,58500000,-,135000000,0.00,1305.96,-,[],[],['Coimbatore'],
V:\Project\Project_Stick\data_source\raw\TNRERA\2025\TN_11_Building_0200_2025.pdf,CUPT TOWERS,"SITE NO: 17,18 & 19 IN T.S.NO:129,130 &132 AT SRI RAGAVENDRA NAGAR OF VILANKURICHI VILLAGE, EAST ZONE, COIMBATORE NORTH TALUK, COIMBATORE CORPORATION AND DISTRICT-641 035",Non-High Rise Building (NHRB),Residential,637.00,19,Not Yet Started,17/09/2032,11.03388,77.01160,11,1,2,6870381.33,10140390.00,-,17010771.33,0.00,1636.70,-,[],[],['Coimbatore'],
V:\Project\Project_Stick\data_source\raw\TNRERA\2025\TN_11_Building_0202_2025.pdf,Varam,"Construction of 144 Nos of Apartment units in Old S.F.Nos: 31/3B1B, 3C1 & 4B, New S.F.Nos. 31/3B1B3, 3C1C & 4B, Vilankurichi Village, Coimbatore Corporation, Coimbatore District",High Rise Building (HRB),Residential,6248.04,144,Under Construction,30/04/2028,11.086480,77.022945,144,44,15,150000000,700000000,-,850000000,,,,[],[],['Coimbatore'],FSI_Other_Residential
V:\Project\Project_Stick\data_source\raw\TNRERA\2025\TN_11_Building_0220_2025.pdf,BROOKLYN BY DAC,"WARD.NO:H(8), BLOCK.NO:40, TS.NO: 1594 & 1595 AT ANNUPPERPALAYAM VILLAGE, COIMBATORE NORTH TALUK, COIMBATORE DISTRICT/ CORPORATION",Non-High Rise Building (NHRB),Residential,927.815,15,Not Yet Started,30/06/2030,11.012914960900742,76.95630146708822,17,0,0,50000000,70000000,-,120000000,0.00,1854.11,0.00,[],[],['Coimbatore'],
V:\Project\Project_Stick\data_source\raw\TNRERA\2025\TN_11_Building_0222_2025.pdf,Dhiya’s Urbanite,"Ward No:V(22), Block No:46, T.S.No:93/2,3,4, Site No.37,38,39, Ganapathy village, North Zone, Coimbatore Corporation",Non-High Rise Building (NHRB),Residential,612.90,10,Not Yet Started,30/04/2028,11.044613,76.981919,6,4,1,66500000,68900000,-,135400000,0.00,1593.24,-,[],[],['Coimbatore'],
V:\Project\Project_Stick\data_source\raw\TNRERA\2025\TN_11_Building_0223_2025.pdf,VSK's AARA Apartment,"Block No.45 - Ward D(49) - kavundampalayam Village - T.S.No.2/1 - Old SF No.145/2B , Coimbatore District and Coimbatore Corporation - North Taluk",Non-High Rise Building (NHRB),Residential,1976,45,Under Construction,20/03/2033,110222.1,765600.7,45,0,0,300000000,130000000,-,430000000,0.00,5106.30,-,[],[],['Coimbatore'],
V:\Project\Project_Stick\data_source\raw\TNRERA\2025\TN_11_Building_0226_2025.pdf,MAYFLOWER EAST GATE PHASE II,"OLD S.F.No.418/2PT NEW T.S.No.5/4,5/5,BLOCK No.7 WARD No.Z(26) VILLANKURICHI VILLAGE",High Rise Building (HRB),Residential,1809.20,26,Not Yet Started,15/05/2030,110218.5,770113.4,48,0,0,65000000,197500000,-,262500000,0.00,5016.15,147.98,[],[],['Coimbatore'],
V:\Project\Project_Stick\data_source\raw\TNRERA\2025\TN_11_Building_0234_2025.pdf,M/s.Gujan's Paripalana Phase III,"S.F No:411/2E14C, 411/2E14D, 411/2E14E, 411/2E14F Site Nos : 3, 4, 5,6 in approved layout LP/CLP : 323/2022",Non-High Rise Building (NHRB),Residential,765,40,Under Construction,26/06/2029,11.0048988,76.8861038,0,0,0,250000000,70000000,-,320000000,0.00,1981.15,-,[],[],['Coimbatore'],
V:\Project\Project_Stick\data_source\raw\TNRERA\2025\TN_11_Building_0246_2025.pdf,Dhiya's Sai Sree Lakshmi,"Ward No:Q(17), Block No:15, T.S.No:34,35,36, Site No.1,2, Sanganur village, West Zone, Coimbatore Corporation",Non-High Rise Building (NHRB),Residential,777.50,20,Not Yet Started,30/06/2028,11.03012,76.941437,2,13,2,91500000,82000000,-,173500000,0.00,2002.17,-,[],[],['Coimbatore'],
V:\Project\Project_Stick\data_source\raw\TNRERA\2025\TN_11_Building_0247_2025.pdf,ACROSS ORIGIN,"SITE NO.10, SF.No. 3/3C1A2 & 3/3C1A3, VKV NANJAPPA GOUNDER LAYOUT, SARAVANAMPATTI, VILANKURICHI VILLAGE,COIMBATORE NORTH TALUK,COIMBATORE CORPORATION - 641035",Non-High Rise Building (NHRB),Residential,529,13,Not Yet Started,30/06/2028,11.097096,77.01432,10,1,2,26003400,51353669,-,77357069,0.00,1634.39,-,[],[],['Coimbatore'],
V:\Project\Project_Stick\data_source\raw\TNRERA\2025\TN_11_Building_0271_2025.pdf,INDRAPRASTHA,"T.S. Nos. 9/1B2, 9/1B3 & 9/1B4 (S.F. No:364/ 1 Part) of Vilankurichi Village, Coimbatore North Taluk, Coimbatore - 641035",Non-High Rise Building (NHRB),Residential,4050,14,Under Construction,31/07/2031,11.048478,77.103959,28,3,0,20000000,140000000,-,160000000,0.00,3780.77,305.64,[],[],['Coimbatore'],
V:\Project\Project_Stick\data_source\raw\TNRERA\2025\TN_11_Building_0274_2025.pdf,SRINIVASA PALMS -2,"S.F.No:304/2B, Vadakkipalayam Village,Pollachi Taluk, Coimbatore Dist",Non-High Rise Building (NHRB),Mixed Development,4745,160,Not Yet Started,25/06/2030,104346.08,765715.22,31,3,3,50000000,300000000,-,350000000,0.00,11327.12,934.49,[],[],['Coimbatore'],
V:\Project\Project_Stick\data_source\raw\TNRERA\2025\TN_11_Building_0285_2025.pdf,Ananyas Nana Nani Homes Phase 8,Construction of Residential Building,Non-High Rise Building (NHRB),Residential,41750,510,Not Yet Started,09/07/2030,10.999958,76.846958,584,25,0,397250000,2100000000,-,2497250000,0.00,73447.20,5879.09,[],[],['Coimbatore'],
V:\Project\Project_Stick\data_source\raw\TNRERA\2025\TN_11_Building_0294_2025.pdf,RR MILIR,"2ND STREET, ARYAN SOAP COLONY, RAMANATHAPURAM, COIMBATORE",Non-High Rise Building (NHRB),Residential,4425.30,55,Not Yet Started,30/03/2027,76.9909628,76.9907788,32,0,0,55000000,122398614,-,177398614,0.00,4425.30,-,[],[],['Coimbatore'],
V:\Project\Project_Stick\data_source\raw\TNRERA\2025\TN_11_Building_0297_2025.pdf,-,"127/2A, 127/2B1 & 127/2B2 of Kalapatti west Village",Non-High Rise Building (NHRB),Residential,2428,40,Not Yet Started,30/06/2027,11.082994,77.033803,60,0,6,78480000,255600000,-,334080000,0.00,6286.86,-,[],[],['Coimbatore'],
V:\Project\Project_Stick\data_source\raw\TNRERA\2025\TN_11_Building_0300_2025.pdf,PROMAG ARANYA,"Sf.No 514/1A1,518/2B,519/2B at Vadavalli Village, West Zone, Perur Taluk ,Coimbatore District",Non-High Rise Building (NHRB),Residential,4726.84,9,Not Yet Started,16/06/2033,11.023734,76.879069,8,14,3,26026000,93741300,-,119767300,0.00,2233.37,18.24,[],[],['Coimbatore'],
V:\Project\Project_Stick\data_source\raw\TNRERA\2025\TN_11_Building_0308_2025.pdf,WELLINGTON VILLAGE,"S.F No: 194 / A1, 195 / 2A, 4B & 4D, KALAPATTY (WEST) VILLAGE, COIMBATORE NORTH TALUK, COIMBATORE CORPORATION.",Non-High Rise Building (NHRB),Residential,17247,47,Under Construction,30/12/2030,11.073490,77.029903,71,101,20,23706000,410000000,-,433706000,0.00,16855.92,437.00,[],[],['Coimbatore'],
V:\Project\Project_Stick\data_source\raw\TNRERA\2025\TN_11_Building_0311_2025.pdf,MAHAABAGAVATH APARTMENTS,"Plot No.2,3,4, and 5 , RR VEL AVENUE Old SF No.225/1C New SF No.225/1B, Vadavalli Village , Perur Taluk, Coimbatore District",Non-High Rise Building (NHRB),Residential,735.32,16,Under Construction,01/05/2031,11.027654,76.884019,18,0,2,26900000,67500000,-,94400000,0.00,1819.93,-,[],[],['Coimbatore'],
V:\Project\Project_Stick\data_source\raw\TNRERA\2025\TN_11_Building_0317_2025.pdf,Royal Kalpataru Phase II,"T. S. No. 8/2 (Old S. F. No. 162), Block No. 25, Ward – U(21) & T. S. No. 42 (Old S. F. No. 156/1 (Part)), Block 23, Ward –U(21), Ganapathy Nagar 3rd Street Extn.,Coimbatore Corporation (North Zone), Ganapathy Village, Coimbatore District, Tamil Nadu state.",Non-High Rise Building (NHRB),Mixed Development,12019.16,44,Not Yet Started,30/11/2027,110158.3,765858.9,70,43,4,32363200,198305965,-,230669165,0.00,3794.75,905.46,[],[],['Coimbatore'],
V:\Project\Project_Stick\data_source\raw\TNRERA\2025\TN_11_Building_0318_2025.pdf,UPTOWN,"NEW S.F No : 629 / 10A & 10C, KURUCHI VILLAGE, MADUKKARAI TALUK, COIMBATORE DISTRICT",Non-High Rise Building (NHRB),Residential,4100,110,Under Construction,30/06/2027,10.928727,76.984340,62,18,6,15000000,250000000,-,265000000,0.00,7287.25,-,[],[],['Coimbatore'],
V:\Project\Project_Stick\data_source\raw\TNRERA\2025\TN_11_Building_0322_2025.pdf,SAARA HOMES,PREMIUM 2 & 3 BHK APARTMENTS,Non-High Rise Building (NHRB),Residential,1174,24,Not Yet Started,30/04/2028,11.0499306,76.9187302,22,5,0,40000000,70000000,-,110000000,0.00,2344.48,0.00,[],[],['Coimbatore'],
V:\Project\Project_Stick\data_source\raw\TNRERA\2025\TN_12_Building_0017_2025.pdf,ATULIT Business Centre,"The project is held at The Nilgiris District, Coonoor Municipality / Taluk - Ward B - Block - 6 bearing T.S No. 1/5.",Non-High Rise Building (NHRB),Commercial,8306,,Not Yet Started,01/11/2027,11.351756,76.79532,0,79,17,75000000,125000000,-,200000000,0.00,0.00,5268.42,[],[],['Nilgiris'],Total_Dwelling_Units
V:\Project\Project_Stick\data_source\raw\TNRERA\2025\TN_13_Building_0062_2025.pdf,KRISHNA TOWERS,"Plot No 81, Natarajapuram South, 6th Cross,Medical College Road,Thanjavur - 613007",Non-High Rise Building (NHRB),Residential,525.50,12,Under Construction,30/07/2025,10.765952,79.115814,14,0,2,7583000,28000000,-,35583000,0.00,1125.15,-,[],[],['Thanjavur'],
V:\Project\Project_Stick\data_source\raw\TNRERA\2025\TN_16_Building_0016_2025.pdf,ABC TULIP,"“ABC TULIP” Stilt Parking plus Five Floors Total 20 Residential dwelling units to be set up At Affordable Residential Apartment Building In Ward:I, Block No:24, T.S.No:72/2 At Pandamangalam Village, K.Abishekapuram Zone Trichy 620003",Non-High Rise Building (NHRB),Residential,865.57,20,Not Yet Started,14/10/2032,104935.6,783958.6,13,3,0,13202189,73500181,-,86702370,0.00,2079.46,-,[],[],['Tiruchirappalli'],
V:\Project\Project_Stick\data_source\raw\TNRERA\2025\TN_16_Building_0045_2025.pdf,ARENYA TOWERS,"The Residential Building ""ARENYA TOWERS "" at DOOR NO.65& 65/1, (Old D.NO.65&65A) T.S NO.47/1,2,3,4 & 5 Block:13 ward : y (old ward :E) Officers Colony Rengarajapuram, Puthur, K.Abishekapuram Zone, Trichy District",Non-High Rise Building (NHRB),Residential,1091,24,Under Construction,13/02/2028,10.812502,78.680954,14,1,15,85600000,56714430,-,142314430,0.00,2059.52,0.00,[],[],['Tiruchirappalli'],
V:\Project\Project_Stick\data_source\raw\TNRERA\2025\TN_16_Building_0116_2025.pdf,ATULYA HOMES,"PROJECT NAME : ATULYA HOMES ,Situated at T.S No.65/2, Old T.S No.315/1, 315/2,315/3, & 316/2 of Kottapattu Village,Majara,Ward -V, Block No.11,Raja Nagar Extension - II, Ponamalai Zone, Tirchy Distrct - 620019.",Non-High Rise Building (NHRB),Residential,6498,152,Not Yet Started,27/12/2025,10.741454,78.69937,45,0,0,141633000,380867000,-,522500000,0.00,11493.44,-,[],[],['Tiruchirappalli'],
V:\Project\Project_Stick\data_source\raw\TNRERA\2025\TN_16_Building_0122_2025.pdf,Vincent Philomena Enclave (VP Enclave),"Residential Apartment Building project "" Vincent Philomena Enclave “to be set up at New Ward AK, New Block No.4, New T.S.No.31 in Arokiasamy Pillai Street , Bearing Door No.13A/21, K.Abishekapuram Village, Crawford,Trichy, Tamil Nadu-620012",Non-High Rise Building (NHRB),Residential,666.65,16,Not Yet Started,22/01/2029,104652.22,784047.5,12,5,0,10509017,59622980,1227897,71359894,0.00,1679.44,-,[],[],['Tiruchirappalli'],
V:\Project\Project_Stick\data_source\raw\TNRERA\2025\TN_16_Building_0131_2025.pdf,VISAKA'S KN CASTEL,"""VISAKA'S KN CASTEL ""Stilt + 5 floors,15 Dwelling Unit, in T.S. No:145/88,89, Block No: 14, Ward: AF, Plot.No:13,14, Kottapattu Village , Tiruchirappalli East Taluk , Tiruchirappalli District, Tamil Nadu-620012",Non-High Rise Building (NHRB),Residential,524.48,15,Not Yet Started,01/08/2029,104522.8,784158.6,16,0,0,4930339,45112450,-,50042789,0.00,1353.71,-,[],[],['Tiruchirappalli'],
V:\Project\Project_Stick\data_source\raw\TNRERA\2025\TN_16_Building_0139_2025.pdf,RJ SKY,"“ RJ SKY” Stilt Parking plus five floors total 50 residential dwelling units to be constructed at Plot No:26,27&28 in Viswas Nagar at T.S.No:18/76 (OLD S.F.No:46/6c),Ward – Q,Block No:2,Tharanallur Village, Ariyamangalam Zone,Trichy City Corporation.",Non-High Rise Building (NHRB),Residential,1912.66,50,Not Yet Started,31/03/2027,104858.2,784230.1,51,4,0,29624892,182090962,-,211715854,0.00,5321.45,-,[],[],['Tiruchirappalli'],
V:\Project\Project_Stick\data_source\raw\TNRERA\2025\TN_16_Building_0214_2025.pdf,VIGNESH AVANTHIKA,"“VIGNESH AVANTHIKA”Stilt Parking plus Five Floors Total 14 Residential dwelling units to be set up at Consulting Office Cum Residential Apartment Building In Ward: M, Block No:5, T.S.No:28, 29 At Old Door No:5, New Door No:C3, 3rd Cross West Extension, Thillai Nagar, Zone- V, Tiruchirappalli District.",Non-High Rise Building (NHRB),Mixed Development,921.90,14,Not Yet Started,21/11/2029,10.825412,78.681365,17,2,0,48238168,87102818,-,135340986,0.00,2205.63,190.29,[],[],['Tiruchirappalli'],
V:\Project\Project_Stick\data_source\raw\TNRERA\2025\TN_16_Building_0250_2025.pdf,Navaneetha’s Vairam,"Silt Floor + 5 Floors with 25 Dwelling Units , T. S. No. 13/1,13/2,13/3,13/4 , Ward No: AB , Block No. 7, (old Ward : K ) at Marees Avenue, Collectors office Road, K.Abishekapuram Village, Ponmalai Zone, ( Zone IV ) Thiruchirapalli Corporation, Tamil Nadu state.",Non-High Rise Building (NHRB),Residential,886.62,25,Not Yet Started,06/02/2030,10.80335,78.674113,19,4,0,47700000,117500000,-,165200000,0.00,2992.37,-,[],[],['Tiruchirappalli'],
V:\Project\Project_Stick\data_source\raw\TNRERA\2025\TN_1_Building_0003_2025.pdf,CREEK RESIDENCES,"Construction of 18Residential Villasviz., 1, 2, 3, 4, 5, 6, 7, 8, 9, 10, 11, 12, 13, 14, 15, 16, 17, 18, comprised in Plot Numbers 1 to 12 inSurvey No.119/2 & 120/2Bbearing Patta No. 1264, Building Plans approved by CMDA, KundrathurPanchayat Union & BDO, Erendamkattalaisituated in Erendamkattalai Village, KundrathurTaluk, Kancheepuram District, and within the Registration District of South Chennai and sub-registration District of Pammal.",Non-High Rise Building (NHRB),Residential,2318.95,18,Not Yet Started,31/10/2029,12.282690,76.589360,0,18,0,87363500,108150000,-,195513500,0.00,2009.44,0.00,[],[],['Kancheepuram'],
V:\Project\Project_Stick\data_source\raw\TNRERA\2025\TN_1_Building_0113_2025.pdf,LE-PALAIS,"Project at Jothi Nagar Road connecting to Kundrathur Main Road, comprised in S.No.29/4, 29/5A, 29/5B, 29/5C & 29/5D of Moulivakkam Village, Kundrathur Taluk, Kancheepuram District, Kundrathur Panchayat Union Limit, Tamilnadu State.",Non-High Rise Building (NHRB),Residential,5199.77,116,Not Yet Started,31/12/2030,13.018157,80.139806,109,0,7,220000000,510000000,-,730000000,0.00,12968.16,-,[],[],['Kancheepuram'],
V:\Project\Project_Stick\data_source\raw\TNRERA\2025\TN_1_Building_0125_2025.pdf,PROSPERA BY DAC,"S.F.No.182/6C, 183/5A, 183/6, 183/7A, 183/7B, 183/8, 183/9A, 184 & 185 of Ayyappanthangal Village, Kundrathur Taluk, Within the Limit of Kundrathur Panchayat Union.",Non-High Rise Building (NHRB),Residential,6738,165,Not Yet Started,30/04/2030,13.043498,80.138824,149,35,0,368000000,616247550,-,984247550,0.00,18846.73,-,[],[],['Kancheepuram'],
V:\Project\Project_Stick\data_source\raw\TNRERA\2025\TN_1_Building_0240_2025.pdf,BEACH BOULEVARD PHASE 3,"Group development, Residential villa, S. no.69/7s, Semmancheri Village, Thiruporur union, Thiruporu Taulk,",Non-High Rise Building (NHRB),Residential,1133,7,Not Yet Started,20/08/2029,12.725710,80.188320,0,7,1,33536250,42682500,6467500,82686250,0.00,956.99,0.00,[],[],['Kancheepuram'],
V:\Project\Project_Stick\data_source\raw\TNRERA\2025\TN_1_Building_0289_2025.pdf,MILLENNIUM BY DAC,"S.NO: 52/1A2, 52/2A & 52/3 of Gerugambakkam Village within the Kundrathur Panchayat Union Limit",Non-High Rise Building (NHRB),Residential,3947.97,138,Not Yet Started,31/07/2030,13.014812,80.140969,78,0,0,10000000,325400000,-,335400000,0.00,10244.89,-,[],[],['Kancheepuram'],
V:\Project\Project_Stick\data_source\raw\TNRERA\2025\TN_1_Building_0299_2025.pdf,“HARMONIA PAVILION”,"“HARMONIA PAVILION”, Plot Nos.1,2, 17, 18 and 19, Town and Country, Comprised in Old Survey Nos. 1288/2, 1314/1, 1314/2 and New Survey Nos.1288/2A Part, 1334/1A1(Part) and 1314/2A1(Part), Sriperumbudur “C” Village, Sriperumbudur Taluk, Kancheepuram District, Tamil Nadu",Non-High Rise Building (NHRB),Residential,4109.90,110,Not Yet Started,31/12/2030,12.975931230921855,79.92638689428314,65,1,0,64150000,352120000,-,416270000,0.00,9467.40,-,[],[],['Kancheepuram'],
V:\Project\Project_Stick\data_source\raw\TNRERA\2025\TN_1_Building_0307_2025.pdf,RISING PALMS PHASE 1,RESIDENTIAL,Non-High Rise Building (NHRB),Residential,12660,105,Not Yet Started,31/12/2029,13.008776,79.980528,91,0,8,34117000,410107500,-,444224500,0.00,12308.06,2549.38,[],[],['Kancheepuram'],
V:\Project\Project_Stick\data_source\raw\TNRERA\2025\TN_20_Building_0021_2025.pdf,DHANALAKSHMI RESIDENCY,"Dhanalakshmi Residency situated in Madurai Town Survey No..12/1, 12/2 (Old S.No. 2741/4, 2742/5) Ward No. 10 Block No.73, Door No.1, Vijayalakshmi Theatre Road, Bibikulam, Madurai – 625002, Madurai District",Non-High Rise Building (NHRB),Residential,1634.50,30,Under Construction,31/10/2026,9.950923,78.128369,22,8,3,28321000,114400000,-,142721000,0.00,3413.06,-,[],[],['Madurai'],
V:\Project\Project_Stick\data_source\raw\TNRERA\2025\TN_20_Building_0061_2025.pdf,VIDHATRI,"T.S Nos.5, 7/5, 7/6, 7/7, 7/8, 13/2, 13/3 - (At Ponmeni Village Old S.No.147/1, 2, 3, 4, 7, 8A, 8B, 9, 10)",Non-High Rise Building (NHRB),Residential,4876.39,69,Not Yet Started,31/03/2029,9.922200,78.088750,58,10,10,86618447,230000000,-,316618447,0.00,8922.36,-,[],[],['Madurai'],
V:\Project\Project_Stick\data_source\raw\TNRERA\2025\TN_20_Building_0215_2025.pdf,ANANYA APARTMENT,"“ANANYA APARTMENT” Comprised in C.Ward:08, Old Natham S.No:130/2(part), 130/3 New Natham Sub-division S.No:218/9 of Uthangudi Village, Madurai East Taluk, Madurai East Zone-1 & Madurai District.",Non-High Rise Building (NHRB),Mixed Development,1500.00,31,Not Yet Started,25/05/2028,95654.5,781001.6,35,0,4,26754220,126255000,-,153009220,0.00,3429.85,445.91,[],[],['Madurai'],
V:\Project\Project_Stick\data_source\raw\TNRERA\2025\TN_20_Building_0254_2025.pdf,MAX MADHAV,"S.No. 73/1B,73/1C,99/5A2,99/5B2 & 99/5B3, Thiruppalai Village, Madurai North Taluk, Madurai",High Rise Building (HRB),Residential,2816.11,35,Not Yet Started,31/03/2030,9.973269,78.138005,27,7,3,13000000,81000000,-,94000000,0.00,3631.87,-,[],[],['Madurai'],
V:\Project\Project_Stick\data_source\raw\TNRERA\2025\TN_20_Building_0257_2025.pdf,Quality Towers,A Residential Apartment with 30 Flats with Car parking,Non-High Rise Building (NHRB),Residential,982.25,30,Not Yet Started,01/05/2028,9.906222,78.127944,8,4,2,50000000,100000000,-,150000000,0.00,2198.25,-,[],[],['Madurai'],
V:\Project\Project_Stick\data_source\raw\TNRERA\2025\TN_20_Building_0321_2025.pdf,YASIN MUNOOR,"THE PROPOSED RESIDENTIAL APPARTMENT BUILDING IN PLOT NO:1&2,T.S.NO:1&2,(OLD T.S NO:2482/1A1PT,2482/1A2PT),BLOCK NO:68,S.WARD:X,THALLAKULAM VILLAGE,VISWANATHAPURAM,MADURA I NORTH TALUK,MADURAI CORPORATION.",Non-High Rise Building (NHRB),Residential,903.50,25,Under Construction,31/03/2028,9.954891,78.126856,22,0,2,12000000,104000000,-,116000000,0.00,2278.05,-,[],[],['Madurai'],
V:\Project\Project_Stick\data_source\raw\TNRERA\2025\TN_21_Building_0326_2025.pdf,Pottalkalam Ph I (Twin Houses),"CONSTRUCTION OF 432 TENEMENTS IN ANNA NAGAR SCHEME IN Ward B, Block: 7, T.S.Nos: 2/1Apt, 2/1B2pt, 2/4Bpt, 3/3B, 3/4, 3/5B, 3/6A1pt, 3/6A2Apt, 3/6B, 3/8, 3/9, 3/10 & 3/11 (Old.S.Nos.1459/3, 1463, 1465/1Bpt, 1465/2pt, 1465/3pt, 1465/4pt, 1465/5,1466/1, 1466/2, 1466/3Apt & 1466/3Bpt ) & Block: 13, T.S.Nos: 3/2A, 4/2B, 5/1, 5/2A, 5/3 & 6/2 (Old.S.Nos. 2047/2pt, 2048, 2049/1, 2049/2, 2050pt, 2050/2pt & 2052 pt ) Theni - Allingaram Muncipality, Theni Taluk, Theni District.",Non-High Rise Building (NHRB),Residential,63395.61,476,Completed,,10.027682,77.460309,0,0,0,0,549200000,-,549200000,0.00,-,0.00,[],[],['Theni'],
V:\Project\Project_Stick\data_source\raw\TNRERA\2025\TN_25_Building_0048_2025.pdf,ALAGU FLATS,"Stilt Floor + 3floors (Height 13.28m) Residential Building with 16 dwelling units at WARD:G,BLOCK NO:1, TS.No.37/1,37/2, 38/5,38/6,Devakottai Town, Sivagangai District.",Non-High Rise Building (NHRB),Residential,735.63,16,Not Yet Started,30/06/2026,9.945154,78.826589,15,0,0,3959000,28422000,600000,32981000,0.00,1467.00,-,[13.28],[],['Sivagangai'],
V:\Project\Project_Stick\data_source\raw\TNRERA\2025\TN_26_Building_0094_2025.pdf,Ruby Ashok Manor,"PLAN SHOWING THE PROPOSED CONSTRUCTION OF 30 DWELLING UNITS HOUSE BUILDING IN NEW T.S.NO : 3/11 , T.S.WARD : BS BLOCK : 06 , ( OLD T.S.NO : 3/7 PART , T.S.WARD : BS , BLOCK : 06 ) OLD S.NO : 287/3A PART , V.M CHATRAM VILLAGE , SIVANTHIPATTI ROAD HIGHGROUND D.D PLAN , PALAYAMKOTTAI WARD OFFICE , TIRUNELVELI CITY MUNICIPAL CORPORATION",Non-High Rise Building (NHRB),Residential,1698.32,30,Not Yet Started,01/08/2032,8.709353245862681,77.74653366865306,26,4,3,34041560,70249832,-,104291392,0.00,3160.96,-,[],[],['Tirunelveli'],
V:\Project\Project_Stick\data_source\raw\TNRERA\2025\TN_26_Building_0138_2025.pdf,JOHN LAKE BREEZE,"OLD SURVEY NO. 990/1, 990/2 & 990/1A1, T. S. SURVEY NO. 29/3A & 29/3B of WARD: AU, BLOCK: 7, KULAVANIGARPURAM VILLAGE, MELAPALAYAM WARD, MELAPALAYAM DETAILED DEVELOPMENT PLAN NO. 2, TIRUNELVELI CITY MUNICIPAL CORPORATION",Non-High Rise Building (NHRB),Residential,1715,40,Under Construction,13/11/2029,8.700823,77.725003,31,7,4,4369600,117500000,-,121869600,0.00,4261.25,-,[],[],['Tirunelveli'],
V:\Project\Project_Stick\data_source\raw\TNRERA\2025\TN_26_Building_0301_2025.pdf,Asir Ark III,"Plot No. A-72, Maharaja Nagar Colony, 5th Cross Street, Palayamkottai, Tirunelveli – 627 011, [being Plot No. A- 72 in Maharaja Nagar, approved Lay-out No L.P.H./D.T.P. No. 56/62], comprised in Old S.No.318 & 339/2 Part of Vijayaraghava Mudaliar Chathiram Village, Present Corporation ward 39, As per TSLR extract, Old T.S. No. 88, New T.S.No.22, Block No.9, Ward B.S, Palayamkottai Taluk, Tirunelveli District",Non-High Rise Building (NHRB),Residential,1037,30,Under Construction,13/11/2029,8.4218,77.4516,18,13,3,22901405,81300000,-,104201405,0.00,3109.72,-,[],[],['Tirunelveli'],
V:\Project\Project_Stick\data_source\raw\TNRERA\2025\TN_29_Building_0001_2025.pdf,ETICA MALAR AURUM,"Thiru Vi Ka Industrial Estate, Guindy",Non-High Rise Building (NHRB),Commercial,745.26,,Under Construction,25/09/2032,13.010987,80.209005,23,2,0,73000000,70000000,5000000,148000000,0.00,0.00,1648.67,[],[],['Chennai'],Total_Dwelling_Units
V:\Project\Project_Stick\data_source\raw\TNRERA\2025\TN_29_Building_0011_2025.pdf,Bhaggyam Anugraha,"Plot No.24, Old Door No.26, New Door No.51, IVth Trust Cross Street, Mandavelipakkam,Chennai-600028 comprised in (No.51/1,26/1), R.S.No.4311/22, Block No.97 of Mylapore village within the limit of Greater Chennai Corporation",Non-High Rise Building (NHRB),Residential,551.50,10,Under Construction,31/12/2026,13.0265,80.267,9,2,1,26236056,55432016,-,81668072,0.00,1471.36,-,[],[],['Chennai'],
V:\Project\Project_Stick\data_source\raw\TNRERA\2025\TN_29_Building_0018_2025.pdf,DRA ASTRA,"Comprised in Old S.Nos. 1075/1A1 part, 1075/1A2 part and 1075/1B, Old T.S.No.20 (As per Document), New T.S. No.20/1 (As per Patta),",High Rise Building (HRB),Residential,4965,132,Not Yet Started,28/11/2032,13.1488,80.2306,83,80,10,180000000,450000000,-,630000000,0.00,16429.27,0.00,[],[],['Chennai'],
V:\Project\Project_Stick\data_source\raw\TNRERA\2025\TN_29_Building_0019_2025.pdf,PRINCE SHANTIVEER,"OLD DOOR NO. 19 & 20, NEW DOOR NO.14&16, RAJA ANNAMALAI ROAD PURASAIWALKKAM, CHENNAI - 600084 IN R.S.NO. 20/26 & 20/2, BLOCK NO.2 OF PURASAIWALKKAM VILLAGE, CHENNAI DISTRICT, WITHIN THE LIMITS OF GREATER CHENNAI CORPORATION",High Rise Building (HRB),Mixed Development,1642.63,30,Not Yet Started,31/12/2028,13.079501,80.254567,54,17,4,427310407,258000000,-,685310407,-,5850.82,659.16,[],[],['Chennai'],
V:\Project\Project_Stick\data_source\raw\TNRERA\2025\TN_29_Building_0022_2025.pdf,KCEE ABINAVAM,"Plot No.11C & 11D, Door No.13 & 15, Murugesan Street, Rangarajapuram, Kodambakkam, Chennai-600 024",High Rise Building (HRB),Residential,571.34,10,Under Construction,31/03/2027,13.04722280450872,80.22001448696962,7,3,1,12500,48000000,0,48012500,0.00,1271.87,-,[],[],['Chennai'],
V:\Project\Project_Stick\data_source\raw\TNRERA\2025\TN_29_Building_0024_2025.pdf,-,"PLOT NO: A-43, HINDU COLONY 5TH CROSS STREET, HINDU CO-OPERATIVE BUILDING SCHEME, NANGANALLUR, CHENNAI - 600061",Non-High Rise Building (NHRB),Residential,638.70,12,Under Construction,17/06/2027,12.978800186150314,80.18328519139286,13,0,2,110000000,50000000,-,160000000,0.00,1276.70,-,[],[],['Chennai'],
V:\Project\Project_Stick\data_source\raw\TNRERA\2025\TN_29_Building_0026_2025.pdf,-,SRI GUHA RESIDENCE,Non-High Rise Building (NHRB),Residential,669.15,12,Completed,,13.045033,80.185519,8,4,1,21708000,25000000,0,46708000,0.00,984.57,-,[],[],['Chennai'],
V:\Project\Project_Stick\data_source\raw\TNRERA\2025\TN_29_Building_0027_2025.pdf,JCT Complex,"shop building at Door No.8, Sir Thyagaraya Road and Chevalier Shivaji Ganesan Road comprised in T.S.No.6542/1. Block no:140, T.Nagar Village, Greater Chennai Corporation, Zone 10, Division no.136.",Non-High Rise Building (NHRB),Commercial,1534.95,,Completed,,13.0397,80.2433,37,0,4,350000000,61085700,-,411085700,0.00,0.00,2270.99,[],[],['Chennai'],Total_Dwelling_Units
V:\Project\Project_Stick\data_source\raw\TNRERA\2025\TN_29_Building_0041_2025.pdf,Lifestyle Housing & Infrastructure - BALFORT,"Door No. 13, Balfour Road, Kilpauk, Chennai - 600 010, Comprised in Old S No. 8, R.S. No. 3132/1 Part (as per Doc), R.S. No. 3132/5 (as per Patta), Block No. 52, Ward -I of Purasawalkam Village, within the limits of Greater Chennai Corporation",Non-High Rise Building (NHRB),Commercial,769.23,,Not Yet Started,31/03/2025,13.084285628120034,80.24453465461612,7,11,0,66090960,57017500,16498400,139606860,-,-,2118.83,[],[],['Chennai'],Total_Dwelling_Units
V:\Project\Project_Stick\data_source\raw\TNRERA\2025\TN_29_Building_0055_2025.pdf,JKB GANPATH,"Door No.71, 71/2 Ganapathy Street, West Mambalam, Chennai-33, Comprised in Old T.S.No.30/1, New T.S.No.30/5 & 30/9, Block No.48 of Puliyur Village",Non-High Rise Building (NHRB),Residential,935.00,25,Under Construction,31/03/2027,13.04315,80.22492,12,8,2,85000000,83000000,-,168000000,0.00,2425.54,-,[],[],['Chennai'],
V:\Project\Project_Stick\data_source\raw\TNRERA\2025\TN_29_Building_0060_2025.pdf,ATH THE PALLADIUM,"Plot No. 158, Defence Officers Colony, 12th Cross Street, Nandambakkam, Chennai – 600 032. Comprised in S.No. 163/13, Nandambakkam Village, Alandur Taluk, Within the Limits of Greater Chennai Corporation",Non-High Rise Building (NHRB),Residential,550,10,Under Construction,01/09/2027,13.025053,80.201401,12,5,2,67035310,65988390,-,133023700,0.00,1428.74,-,[],[],['Chennai'],
V:\Project\Project_Stick\data_source\raw\TNRERA\2025\TN_29_Building_0065_2025.pdf,-,"Plot No.134, Old Survey no. 592/1B part, 589/2 part, 589/3 part, 593/1C part, 592/1A part, 593/1B part & New Survey no: 592/1A2 & 593/1B2 of Sholinganallur Village within the limit of Greater Chennai Corporation",Non-High Rise Building (NHRB),Residential,550,15,Not Yet Started,12/12/2026,125353.3,801256.7,11,6,0,25070000,64500000,-,89570000,0.00,1430.00,-,[],[],['Chennai'],
V:\Project\Project_Stick\data_source\raw\TNRERA\2025\TN_29_Building_0066_2025.pdf,CASAGRAND WESLEY,"T.S No.23, panchaliamman kovil street, Arumbakkam village, chennai - 600106",Non-High Rise Building (NHRB),Residential,893.72,12,Not Yet Started,30/11/2026,13.075814,80.210581,19,2,2,87500000,71941158,-,159441158,0.00,1786.86,-,[],[],['Chennai'],
V:\Project\Project_Stick\data_source\raw\TNRERA\2025\TN_29_Building_0068_2025.pdf,KCEE KAMALALAYAM,"Plot No.12, Old Door No.10, New Door No.21, Ramachandra Street, T.Nagar, Chennai-600017.",Non-High Rise Building (NHRB),Residential,534.19,10,Not Yet Started,31/05/2027,13.044934529442672,80.23047146932295,7,3,1,37415400,69700000,-,107115400,0.00,1312.06,-,[],[],['Chennai'],
V:\Project\Project_Stick\data_source\raw\TNRERA\2025\TN_29_Building_0071_2025.pdf,RAMANIYAM SRIDEVI,"New Door No.6, Old Door No.5/2, 4th Trust Cross Street, Mandavelipakkam, Chennai – 600 028 Comprised in R.S.No. 4311/2A Part as per Document and R.S.No.4311/224 as per Patta, Block No.97 of Mylapore Village (Part -2), Mylapore Taluk, Greater Chennai Corporation, Zone – IX, Division No – 126",Non-High Rise Building (NHRB),Residential,784.80,10,Not Yet Started,25/11/2032,13.02636,80.26875,18,2,2,107652000,92871527,-,200523527,0.00,2085.70,-,[],[],['Chennai'],
V:\Project\Project_Stick\data_source\raw\TNRERA\2025\TN_29_Building_0073_2025.pdf,Bhaggyam Komala,"Plot no.11, old door no.15 &16, new door no.5&7, Visweswarapuram street, Mylapore, Chennai-600004 comprised in r.s.no.1648/26 & 1648/12, block no.34 of Mylapore village within the limits of Greater Chennai Corporation. Division 123, Zone -9",Non-High Rise Building (NHRB),Residential,625.5,9,Under Construction,31/12/2027,13.0363,80.2589,9,3,1,200000000,85056435,-,285056435,0.00,1587.27,-,[],[],['Chennai'],
V:\Project\Project_Stick\data_source\raw\TNRERA\2025\TN_29_Building_0076_2025.pdf,ADMIRALTY ESTATES,"""Proposed construction of Group Housing Development comprising 2 Blocks; Combined Double Basement floor for 2 Blocks; Block 1 – Combined Double Basement Floor + Ground Floor + 3 Floors + 4th Floor Part (Height 18.30 m) Residential Building with 9 dwelling units with Gym, Games Room and Swimming Pool in Fourth Floor Part; Block 2 – Combined Double Basement Floor + Ground Floor + 3 Floors + 4th Floor Part (Height 18.30 m) Residential Building with 5 dwelling units; Totally 14 Dwelling Units availing Premium FSI with TOD Benefit at Door No. 5/11, Rutland Gate 4th Street, Nungambakkam, Chennai, comprised in Old S.No. 330 and T.S. No:58/28, 58/117 & 58/118, Block No. 12 of Nungambakkam village within the limits of Greater Chennai Corporation""",Non-High Rise Building (NHRB),Residential,2318.50,14,Under Construction,05/01/2033,13.058918,80.250799,66,0,7,309454400,232900000,-,542354400,0.00,5984.15,0.00,"[18.3, 18.3]",[],['Chennai'],
V:\Project\Project_Stick\data_source\raw\TNRERA\2025\TN_29_Building_0079_2025.pdf,"Reconstruction of 242 tenements plus one unit for refuge area (Silt+9) at Chetty Thottam Scheme in Greater Chennai Corporation Division No. 52, Zone - V under HFA vertical-III (AHP) of PMAY","Reconstruction of 242 tenements plus one unit for refuge area (Silt+9) adopting Type design No.29(R1)/2021 including internal water supply and electrification arrangements with development works at Chetty Thottam Scheme in Greater Chennai Corporation Division No. 52, Zone - V under HFA vertical-III (AHP) of PMAY.",Non-High Rise Building (NHRB),Residential,4099.10,243,Under Construction,31/08/2026,13.106402,80.291482,0,0,0,183842,453625000,-,453808842,0.00,9042.39,-,[],[],['Chennai'],
V:\Project\Project_Stick\data_source\raw\TNRERA\2025\TN_29_Building_0082_2025.pdf,Powerkuppam Scheme 64 ( G+3 Floors),"64 TENEMENTS AT POWERKUPPAM SCHEME IN R.S.NO.3524 PART, 3527/1 and 2part, 3528/1 and 5, BLOCK.NO 52 OF TONDIARPET VILLAGE IN CHENNAI CORPORATION DIVISION 43 OF GCC ZONE-IV.",Non-High Rise Building (NHRB),Residential,10543,64,Not Yet Started,31/03/2026,13733.32,801743.30,0,0,0,,,,,0.00,-,-,[],[],['Chennai'],"Land_Cost, Construction_Cost, Total_Project_Cost"
V:\Project\Project_Stick\data_source\raw\TNRERA\2025\TN_29_Building_0083_2025.pdf,Urbanrise Maheshwari The Lakes Edge,Madhavaram Village Madhavaram Taluk and Chennai District.,High Rise Building (HRB),Mixed Development,19789.13,556,Not Yet Started,30/09/2028,13.8,80.13,545,121,46,68000000,976345000,-,1044345000,0.00,55909.05,9041.16,[],[],['Chennai'],
V:\Project\Project_Stick\data_source\raw\TNRERA\2025\TN_29_Building_0085_2025.pdf,A E APARTMENT REDEVELOPMENT,REDEVELOPMENT OF AE APARTMENT VALASARAVAKKAM,Non-High Rise Building (NHRB),Residential,724,20,Under Construction,31/12/2026,13.039689,80.180572,17,5,2,38600100,76000000,-,114600100,0.00,2022.54,0.00,[],[],['Chennai'],
V:\Project\Project_Stick\data_source\raw\TNRERA\2025\TN_29_Building_0091_2025.pdf,QLP LLP EMERALD,QUINCE LIVERAS PROPERTIES LLP - EMERALD PROJECT,Non-High Rise Building (NHRB),Residential,794,16,Under Construction,16/10/2032,12.970406,80.223854,11,7,2,70000000,80000000,-,150000000,0.00,1688.90,-,[],[],['Chennai'],
V:\Project\Project_Stick\data_source\raw\TNRERA\2025\TN_29_Building_0093_2025.pdf,V R RESIDENCES,"Residential Building With 9 Dwelling Units Availing Premium FSI With TOD benefit at New Door No. 25, Old Door No.14, 15th Main Road & 11th Main Road, H-Block, Anna Nagar, Chennai – 600 040, Comprised In Old S.No.207/1A1A Part, T.S. No:10, Block No. 14 Of Koyambedu Village, Aminjikarai Taluk, Chennai District Within The Limits Of Greater Chennai Corporation",Non-High Rise Building (NHRB),Residential,680,9,Under Construction,31/08/2026,13.0866740,80.2060040,19,1,2,98000000,86500000,-,184500000,0.00,1768.06,-,[],[],['Chennai'],
V:\Project\Project_Stick\data_source\raw\TNRERA\2025\TN_29_Building_0096_2025.pdf,COSMOS PROPERTY,"PLOT NO.60/61/62, NEHRU NAGAR, SECOND LINK ROAD, RAJIV GANDHI SALAI, KOTTIVAKKAM, CHENNAI -600 041",Non-High Rise Building (NHRB),Commercial,668.90,,Completed,,125827.2,801454.9,9,2,1,35660800,28553420,-,64214220,0.00,0.00,1313.39,[],[],['Chennai'],Total_Dwelling_Units
V:\Project\Project_Stick\data_source\raw\TNRERA\2025\TN_29_Building_0098_2025.pdf,RAGHAV MANOR,"South Sivan Kovil Street, Kodambakkam, Chennai-600024",Non-High Rise Building (NHRB),Residential,998.70,16,Not Yet Started,30/06/2028,13.052644,80.218520,18,1,2,125874216,75476091,-,201350307,0.00,1939.26,-,[],[],['Chennai'],
V:\Project\Project_Stick\data_source\raw\TNRERA\2025\TN_29_Building_0101_2025.pdf,Pushkar Serenity,"CONSTRUCTION OF STILT FLOOR + 5FLOORS (HEIGHT 18.30m.) RESIDENTIAL BUILDING WITH 20 DWELLING UNITS AVAILING PREMIUM FSI AT M- 8, OLD D. No. : 150F, NEW D. No. 113/8F, M.I.G. COLONY, L.B. ROAD, THIRUVANMIYUR CHENNAI - 600 041. COMPRISED IN OLD S. No. : 30/1 PART, T. S. No. : 171/6, BLOCK No. : 10, OF THIRUVANMIYUR VILLAGE, WITHIN THE LIMITS OF GREATER CHENNAI CORPORATION, DIVISION No. : 180, ZONE - 13.",Non-High Rise Building (NHRB),Residential,1058,20,Under Construction,31/08/2026,12.983319316353287,80.25468391706137,20,0,2,15500000,106500000,-,122000000,0.00,2471.79,-,[18.3],[],['Chennai'],
V:\Project\Project_Stick\data_source\raw\TNRERA\2025\TN_29_Building_0102_2025.pdf,-,"door No.3&4, Paul Appasamy Street, T.Nagar, Chennai – 600017, Comprised in T.S.No.8319/3, 8327/1 & 8328, Block No.109 of Theyagaraya Nagar village within the limits of Greater Chennai Corporation Tamil Nadu",Non-High Rise Building (NHRB),Commercial,1264.40,,Under Construction,31/12/2025,13.04897440337581,80.24151885554551,16,0,0,94519000,40000000,-,134519000,0.00,0.00,1891.35,[],[],['Chennai'],Total_Dwelling_Units
V:\Project\Project_Stick\data_source\raw\TNRERA\2025\TN_29_Building_0104_2025.pdf,KURINJI ELITE,"The proposed construction of Stilt floor+4 floors Residential Building (Height-14.95m) with 16 Dwelling units availing premium FSI with TOD benefit at Door No 326/1 to 326/6 and 328/1 to 328/6, Block No:174 and 175, Kurinji Colony 4th avenue and 6th avenue, Shanthi colony, Anna Nagar, Chennai comprised in T.S.No:60/1, Block No:19 of Koyambedu village within the limits of greater chennai corporation",Non-High Rise Building (NHRB),Residential,1040.51,16,Under Construction,03/06/2032,13.083003,80.202012,9,7,2,178080000,58880000,-,236960000,0.00,2216.44,-,[14.95],[],['Chennai'],
V:\Project\Project_Stick\data_source\raw\TNRERA\2025\TN_29_Building_0110_2025.pdf,Krishna Grand,Private Office - Commercial,Non-High Rise Building (NHRB),Commercial,925,,Completed,,130249.2,800636.0,7,4,1,2918000,25000000,-,27918000,0.00,0.00,1284.83,[],[],['Chennai'],Total_Dwelling_Units
V:\Project\Project_Stick\data_source\raw\TNRERA\2025\TN_29_Building_0114_2025.pdf,NAHAR EAST,16 Residential Apartments in Two blocks,Non-High Rise Building (NHRB),Residential,538,16,Under Construction,30/06/2027,12.983499,80.261985,8,1,0,52217447,82500000,-,134717447,0.00,1315.29,0.00,[],[],['Chennai'],
V:\Project\Project_Stick\data_source\raw\TNRERA\2025\TN_29_Building_0118_2025.pdf,BHARATH FLATS,"Plot No. C-38A, New Door No.12, Old Door No.14, Nanganallur 43rd Street & 44th Street, Nanganallur, Chennai 600 061",Non-High Rise Building (NHRB),Residential,576.55,18,Under Construction,31/12/2025,12.98215922751133,80.18647364708312,7,4,1,25000000,40000000,-,65000000,0.00,1485.14,-,[],[],['Chennai'],
V:\Project\Project_Stick\data_source\raw\TNRERA\2025\TN_29_Building_0119_2025.pdf,ARCADIA,"Plot No.10A, Classic Farms Avenue Road, Classic Retreat, Sholinganallur, Chennai – 600 119. Comprised in Old Survey No.602/1K, & 602/2L, New Survey No.602/2B19A, 602/2B19B & 602/2B19C of Sholinganallur Village, within the limit of Greater Chennai Corporation.",Non-High Rise Building (NHRB),Residential,600,11,Under Construction,31/12/2025,12.897466,80.219368,11,0,0,17623680,20359279,-,37982959,0.00,1159.33,0.00,[],[],['Chennai'],
V:\Project\Project_Stick\data_source\raw\TNRERA\2025\TN_29_Building_0123_2025.pdf,SAI VINAYAK,"Plot No.A (Plot No.95,96,101&102), 5th Main Road, Kamakoti Nagar, Pallikaranai, Chennai-600100",Non-High Rise Building (NHRB),Residential,590.00,15,Under Construction,31/12/2027,12.940149,80.210090,15,4,1,31254700,57643500,-,88898200,0.00,1528.04,-,[],[],['Chennai'],
V:\Project\Project_Stick\data_source\raw\TNRERA\2025\TN_29_Building_0156_2025.pdf,KHURINJI VERBENA,"PLOT NO.4 & 5, OLD DOOR NO.8 & 9, NEW DOOR NO.6 & 8, VENKATARATHNAM NAGAR EXTENSION 1ST STREET, ADYAR, CHENNAI",Non-High Rise Building (NHRB),Residential,502.78,10,Not Yet Started,13/02/2033,12.999972,80.249779,8,2,1,62000000,71500000,-,133500000,0.00,1306.91,-,[],[],['Chennai'],
V:\Project\Project_Stick\data_source\raw\TNRERA\2025\TN_29_Building_0159_2025.pdf,RAMANIYAM ASHOK VIHAR,"Plot No.A-64, New Door No.21/1 to 16, Old Door No.20/1 to 16, Ashok Vihar Apartments, 11th Avenue , Ashok Nagar, Chennai – 600 083 comprised in Old S.No.223 part, T.S.No.5, Block No.72 of Kodambakkam Village (Part – II), Mambalam Taluk, Greater Chennai Corporation, Zone : X, Division No – 135",Non-High Rise Building (NHRB),Residential,708.84,20,Not Yet Started,02/02/2033,13.031411,80.215354,20,0,2,83930000,68654523,-,152584523,0.00,1906.35,-,[],[],['Chennai'],
V:\Project\Project_Stick\data_source\raw\TNRERA\2025\TN_29_Building_0160_2025.pdf,ROOHI'S ANIKA,"Address : old door no.8,9,4,5,6 New door no. 21,23,11,13,15, Sengalaneer pillaiyar kovil street, mylapore, chennai 600004 Block : 1 No of Units : 15",Non-High Rise Building (NHRB),Residential,572.84,15,Under Construction,31/12/2025,13.034522,80.270596,10,0,0,67826000,36563000,-,104389000,0.00,1140.95,-,[],[],['Chennai'],
V:\Project\Project_Stick\data_source\raw\TNRERA\2025\TN_29_Building_0164_2025.pdf,SPECTRA,"Plot No.46, Door No.27, Trustpuram 2nd Cross Street, Kodambakkam, Chennai - 600024, T.S.No.35, Block No.24 of Puliyur Village",Non-High Rise Building (NHRB),Residential,647.50,15,Under Construction,31/12/2027,13.0543605,80.2227684,12,4,1,105000000,97500000,22500000,225000000,0.00,1811.91,0.00,[],[],['Chennai'],
V:\Project\Project_Stick\data_source\raw\TNRERA\2025\TN_29_Building_0170_2025.pdf,DWARAKA DARSHAN,"The proposed construction of stilt floor (parking)+5 floors Residential building (18.30m height) with 10 Dwelling units availing premium FSI at Block No 79, Dwaraka flats, Ambattur estate- Thirumangalam Road, Anna Nagar Western Extension, Chennai-600101, Comprised on Old S.no:289 part of padi village, S.nos:297/3B, 297/1A Part, 1B Part, 2A Part, 2B Part, 290part, T.S.No:87/9, 87/10, 87/11, Block No:9, Ward-H of Mogappair Village within the limits of greater Chennai corporation.",Non-High Rise Building (NHRB),Residential,678.18,10,Under Construction,22/09/2032,13.0879883,80.1867667,6,4,1,72270000,41400000,-,113670000,,,,[],[],['Chennai'],FSI_Other_Residential
V:\Project\Project_Stick\data_source\raw\TNRERA\2025\TN_29_Building_0171_2025.pdf,Sagar Prime Sagar Grandhi Constructions,S.No. 590/1A8 of Sholinganallur Village,Non-High Rise Building (NHRB),Residential,600,20,Under Construction,30/12/2029,12.89300,80.21914,17,5,0,25000000,60000000,-,85000000,0.00,1550.83,-,[],[],['Chennai'],
V:\Project\Project_Stick\data_source\raw\TNRERA\2025\TN_29_Building_0174_2025.pdf,SRIVAARI ENCLAVE,"Planning Permission for the Proposed Construction of Stilt Floor (Parking) + 3 Floors Residential Building (Height -14.0m ) with 18 Dwelling units (Affordable Housing units) at Door No: 12, 12/2/1, 12/2B, Anandavelu Mudali Street, Perambur, Chennai, Comprised in R.S.No:440/70 and T.S.No:440/70, 440/242, 440/245, 440/263, Block No: 23, Ward -01 of Perambur Village within the limits of Greater Chennai Corporation",Non-High Rise Building (NHRB),Residential,631.74,18,Under Construction,31/12/2030,13.110584,80.246956,9,1,1,50000000,40000000,-,90000000,0.00,1276.27,-,[14.0],[],['Chennai'],
V:\Project\Project_Stick\data_source\raw\TNRERA\2025\TN_29_Building_0176_2025.pdf,ASTER FLATS,"Plot No.B1, B2, B3, B4 & B5, Ravi Street, Medavakkam, Chennai – 600 100 comprised in Old.S.Nos.154/1 Part, 154/2B3 Part, 155/1 Part, 155/1C1A Part & S.No.154/2B3A2, 155/1C1A1, 155/1C1A2, 155/1C1B & 155/1C2 (Patta) of Medavakkam village within the Limits of St.Thomas Mount Panchayat Union",Non-High Rise Building (NHRB),Residential,982,19,Under Construction,31/12/2029,12.92648,80.189904,16,2,1,63500000,110000000,-,173500000,0.00,2506.01,-,[],[],['Chennai'],
V:\Project\Project_Stick\data_source\raw\TNRERA\2025\TN_29_Building_0183_2025.pdf,MAGIZHCHI THARANGINI,"The proposed construction of a Stilt floor (parking)+5 floors residential building with 10 dwelling units (Height 18.30m) availing premium FSI at Door nos 93/1 to 93/6, block no 93, magizhchi colony, T.S.Krishna nagar, anna nagar western extension, Chennai -600101 comprised in Old S No 163/2part, 187 part, New S.No:162 part, 164 part, 288 part and 209part and T.S.No:1/2, Block No:43 ward-H of Mogappair Village within the limits of greater chennai Corporation.",Non-High Rise Building (NHRB),Residential,535.12,10,Not Yet Started,31/12/2030,13.088092,80.182363,6,4,1,40896000,31050000,-,71946000,0.00,1173.75,-,[18.3],[],['Chennai'],
V:\Project\Project_Stick\data_source\raw\TNRERA\2025\TN_29_Building_0190_2025.pdf,KSA ANANYA,"Plot no.31, Annai Indira Nagar Main Road, Annai Indira Nagar, Thoraipakkam, Chennai – 600097 comprised in S.No. 281/32 of Okkiam Thoraipakkam village within the limits o",Non-High Rise Building (NHRB),Residential,750,24,Not Yet Started,31/08/2027,12.929373,80.232057,16,0,2,35523750,80000000,-,115523750,176.40,2096.39,-,[],[],['Chennai'],
V:\Project\Project_Stick\data_source\raw\TNRERA\2025\TN_29_Building_0196_2025.pdf,Meenambal Shivraj Nagar Phase -I,"Reconstruction of 192 Tenements at M.S. Nagar SchemePhase I R.S.NO 449/1pt block 26 egmore village in corporation Division 108, Zone VIII of GCC .",High Rise Building (HRB),Residential,2981.65,192,Under Construction,24/12/2029,13.073570,80.246248,0,0,0,0,336652400,-,336652400,0.00,0.00,-,[],[],['Chennai'],
V:\Project\Project_Stick\data_source\raw\TNRERA\2025\TN_29_Building_0204_2025.pdf,Construction of 203 MIG Units consisting of two blocks of stilt + 13 Floors at Ayyanavaram scheme in TS No 22 Block No 33 of Ayyanavaram Village Chennai.,203 MIG FLATS AT AYANAVARAM,High Rise Building (HRB),Residential,7702.23,203,Under Construction,31/01/2028,13.092996,80.239214,50,160,7,602300574,1456528500,-,2058829074,0.00,18034.55,-,[],[],['Chennai'],
V:\Project\Project_Stick\data_source\raw\TNRERA\2025\TN_29_Building_0207_2025.pdf,OCEAN CLIFFS,"at S.No. 8/20, 8/19, 8/15, 8/2B1A, 8/2B1F1A, of Kanathur Reddikuppam Village, Thiruporur Taluk, Chengalpattu District.",High Rise Building (HRB),Residential,77702.80,317,Under Construction,29/06/2029,12.838633,80.240236,778,0,0,250000000,1800000000,-,2050000000,0.00,73214.51,4488.40,[],[],['Chennai'],
V:\Project\Project_Stick\data_source\raw\TNRERA\2025\TN_29_Building_0208_2025.pdf,VIVANAS ALOFT,"PLOT NO , B, S.NO ,143/3A1B1A1, V.O.C ,Street, Kaikankuppam, Valasaravakkam , Chennai, 600 087",Non-High Rise Building (NHRB),Residential,3210.11,68,Not Yet Started,31/07/2028,13.038278,80.186453,68,5,2,250000000,327306000,-,577306000,0.00,8344.92,0.00,[],[],['Chennai'],
V:\Project\Project_Stick\data_source\raw\TNRERA\2025\TN_29_Building_0221_2025.pdf,VISTA SQUARE,"Old Door No. 1/12, New Door No.19, Plot No.1, Kilpauk Garden Road, New Avadi Road, Egmore, Chennai – 600008",Non-High Rise Building (NHRB),Commercial,1067,,Under Construction,24/04/2030,13.083811,80.234118,33,2,0,188490000,114835621,-,303325621,0.00,0.00,2484.54,[],[],['Chennai'],Total_Dwelling_Units
V:\Project\Project_Stick\data_source\raw\TNRERA\2025\TN_29_Building_0228_2025.pdf,VOORA TECH EDGE https://rera.tn.gov.in/public-view2/building/pfirm/06f02130-3546-11f0-8222-0168395b9c5a,"‘VOORA TECH EDGE’ for the Proposed Construction of High Rise Commercial Building (IT/ITES Building) with Extended Basement Floor (Meant for Parking) + Ground Floor Part/Stilt Floor Part (with 3 Level Mechanical Stack Parking) + First Floor to 7th Floor at Plot No.4- C/1(SP),3rd Main Road (N.H.BYE-PASS ROAD FLY OVER), Ambathur Industrial Estate, Ambathur, Chennai–600058. Comprised in Old S.No.9part,27/1part,27/2part,28part,29pa rt, T.S.No.11, Block No:18 of Athipattu Village, Ambathur Village, Ambathur Taluk, Chennai District, within the Limits of Greater Chennai Corporation",High Rise Building (HRB),Commercial 1/9,4046.86,,Under Construction,31/12/2030,13.092856076179967,80.161342520622,154,28,10,5100000,407331288,-,412431288,0.00,0.00,12613.99,[],[],['Chennai'],Total_Dwelling_Units
V:\Project\Project_Stick\data_source\raw\TNRERA\2025\TN_29_Building_0248_2025.pdf,HARMONY SUMITRA,PLOT NO 8 DOOR NO 2 MAHARANI CHINNAMAL ROAD TEYNAMPET CHENNAI -600018,Non-High Rise Building (NHRB),Residential,743.05,22,Not Yet Started,31/10/2027,13.03939,80.25278,3,14,2,25718000,118175000,-,143893000,0.00,2080.22,-,[],[],['Chennai'],
V:\Project\Project_Stick\data_source\raw\TNRERA\2025\TN_29_Building_0252_2025.pdf,Blucon Sunrise,"Plot No.30 Part & 35, 20th Street, Krishna Nagar, Maduravoyal, Chennai - 600095.",Non-High Rise Building (NHRB),Residential,573,9,Under Construction,26/06/2028,13.054243,80.170345,9,1,1,23746800,25100000,-,48846800,0.00,932.66,0.00,[],[],['Chennai'],
V:\Project\Project_Stick\data_source\raw\TNRERA\2025\TN_29_Building_0256_2025.pdf,THE BUNGALOWS,"OLD DOOR No.3,4, NEW DOOR No.9/5, ETHIRAJ LANE, EGMORE, CHENNAI - 600008.",Non-High Rise Building (NHRB),Residential,1355.52,10,Under Construction,31/03/2027,130674.31,802569.55,27,0,3,364850000,152501631,-,517351631,0.00,2706.02,0.00,[],[],['Chennai'],
V:\Project\Project_Stick\data_source\raw\TNRERA\2025\TN_29_Building_0259_2025.pdf,CASAGRAND ZANORA,"Plot No.A, B & C, Door No. 7, 7A & 21, Canal Bank Road, Kasturibai Nagar, Adyar, Chennai – 600 020, Comprised in Old S.No.7/9 Part, T.S.Nos. 66/2, 66/3, 66/4 & 66/5",Non-High Rise Building (NHRB),Residential,1114,15,Not Yet Started,31/01/2027,13.003050,80.248676,28,0,2,141705610,92914837,-,234620447,0.00,2223.03,-,[],[],['Chennai'],
V:\Project\Project_Stick\data_source\raw\TNRERA\2025\TN_29_Building_0262_2025.pdf,SAI KRUPAA,"Door No. 9A, Old Door No. 21& 21A, New Door No. 9/7, Varadaraja Perumal Koil Street, Tondiarpet, Chennai – 600081, Comprised in S. No. 3579/7, Ward – 1, Block No. 53, of Tondiarpet Village, within the Limits of Greater Chennai Corporation, Chennai district, Tamil Nadu State.",Non-High Rise Building (NHRB),Residential,841.50,16,Not Yet Started,30/06/2027,130731.0,801723.1,2,0,18,35156828,37399745,-,72556573,0.00,1679.43,-,[],[],['Chennai'],
V:\Project\Project_Stick\data_source\raw\TNRERA\2025\TN_29_Building_0270_2025.pdf,KAMADHENU https://rera.tn.gov.in/public-view2/building/pfirm/5c817e80-41e4-11f0-bb11-0df77f17faa4,"EXTENDED DOUBLE BASEMENT FLOOR (PARKING) + STILT FLOOR (DOUBLE HEIGHT LOBBY, OPEN DG, CARETAKER BOOTH, ELECTRICAL TRANSFORMER ROOM + 1ST FLOOR TO 12 FLOORS RESIDENTIAL BUILDING WITH 79 DWELLING UNITS & MULTI PURPOSE HALL, LIBRARY, GYM, INDOOR GAMES & KID'S ROOM AT 12TH FLOOR LEVEL AND SWIMMING POOL AT TERRACE LEVEL AVAILING WITH PREMIUM FSI AT OLD DOOR NO: 178, NEW DOOR NO:8, LUZ CHURCH ROAD, MYLAPORE,CHENNAI- 600 004. COMPRISED IN R.S.NO:1693/1 BLOCK NO:35 OF MYLAPORE VILLAGE, MYLAPORE TALUK WITHIN THE LIMITS OF GREATER CHENNAI CORPORATION, DIVISION:123 ZONE-IX",High Rise Building (HRB),Residential 1/9,4206,79,Under Construction,30/06/2028,13.037444,80.266359,185,39,20,1317566000,682434000,-,2000000000,0.00,20316.64,-,[],[],['Chennai'],
V:\Project\Project_Stick\data_source\raw\TNRERA\2025\TN_29_Building_0272_2025.pdf,KG ROSETTA,Residential Project at Egmore Police Commissioner Office Road,Non-High Rise Building (NHRB),Residential,1112.50,20,Not Yet Started,26/05/2033,13.07504,80.258638,17,16,3,248500000,210000000,-,458500000,0.00,3246.32,-,[],[],['Chennai'],
V:\Project\Project_Stick\data_source\raw\TNRERA\2025\TN_29_Building_0287_2025.pdf,BINDIYA GARDENS,"Residential apartments of Stilt + Five Floors with 09 Dwelling units at Plot No: 349, Old Door No: 41, New Door No: 14, 10 th Street and 17 th Street , I-Block, Anna Nagar East, Chennai-600102, Comprised in Old S. No.: 49 part, T.S.No: 61, Block No: 4 of Periyakudal Village, Aminjikarai Taluk within the limits of Greater Chennai Corporation",Non-High Rise Building (NHRB),Residential,666.57,9,Under Construction,31/10/2027,13.088959,80.222167,18,4,2,75400000,90000000,-,165400000,0.00,1848.11,-,[],[],['Chennai'],
V:\Project\Project_Stick\data_source\raw\TNRERA\2025\TN_29_Building_0292_2025.pdf,PEARL ELITA,"Proposed project PEARL ELITA to be set up at ISHWARYAM GARDEN ROAD, VENGAIVASAL, CHENNAI COMPRISED IN OLD S.NOS.15/1(PT) & 15/2 (DOCUMENT), NEW S.NO.15/1B & 15/2A1B (PATTA) OF VENGAIVASAL VILLAGE WITHIN THE LIMITS OF ST. THOMAS MOUNT PANCHAYAT UNION",Non-High Rise Building (NHRB),Residential,3153,84,Not Yet Started,31/12/2028,12.908,80.186,48,31,4,120000000,406450541,-,526450541,0.00,8184.08,-,[],[],['Chennai'],
V:\Project\Project_Stick\data_source\raw\TNRERA\2025\TN_29_Building_0298_2025.pdf,SIGNATURE TOWERS,"S.NO. 552/1A1, 553/2B1A. 553/2B2A, 742/2, 742/1 (Part), 743/3B, 744/1B, 744/1C, 745/1A, 1B, and 745/2B, Chemmenchery - Nookampalayam Road, Sholinganallur, Kanchipuram, Chennai - 600 119.",High Rise Building (HRB),Mixed Development,30755.10,770,Under Construction,31/12/2027,12.9010,80.2279,680,101,62,1092458070,1694824700,156308434,2943591204,,,,[],[],['Chennai'],FSI_Other_Residential
V:\Project\Project_Stick\data_source\raw\TNRERA\2025\TN_29_Building_0310_2025.pdf,BLUEMOON YASH,"Plot no. A, TVH Bloom Main Road, TVH Bloom 1st street, Sholinganallur, Chennai – 600119, Comprised in S.No.602/5B1A1A3 part & 602/5B2A part, of Sholinganallur-1 village, Sholinganallur Taluk, Chennai, within the limits of Greater Chennai Corporation",Non-High Rise Building (NHRB),Residential,3565.32,64,Under Construction,31/12/2029,12.903042,80.223722,16,0,64,211073610,506000000,-,717073610,0.00,9267.97,0.00,[],[],['Chennai'],
V:\Project\Project_Stick\data_source\raw\TNRERA\2025\TN_2_Building_0064_2025.pdf,Zudio Garments,"""Zudio Garments"", Kakkalur Village, Tiruvallur Taluk & District - 602001 Survey No. 196/2Part, Plot No. R-215",Non-High Rise Building (NHRB),Commercial,813.60,,Under Construction,31/12/2025,13.137326,79.909462,15,1,16,17688000,29560000,1500000,48748000,0.00,0.00,1199.14,[],[],['Tiruvallur'],Total_Dwelling_Units
V:\Project\Project_Stick\data_source\raw\TNRERA\2025\TN_2_Building_0084_2025.pdf,VGN ASPIRE GARDENS,"VILLINJIAMBAKKM VILLAGE, AVADI TALUK, THIRUVALLUR DISTRICT",Non-High Rise Building (NHRB),Residential,12096.57,69,Under Construction,12/03/2032,1363692,805938,69,21,0,367896592,397196360,0,765092952,0.00,8369.56,0.00,[],[],['Tiruvallur'],
V:\Project\Project_Stick\data_source\raw\TNRERA\2025\TN_2_Building_0132_2025.pdf,RAIL VIEW APARTMENT,"proposed construction of Residential Apartment Building at Ward No. D, Block No. 26, Old Survey No. 735/1B Part, T.S.No. 1/9B, Periyakuppam Village, Thiruvallur Municipality & District. measuring an extent of (1860.00 Sq.mts).",Non-High Rise Building (NHRB),Residential,1860,42,Under Construction,08/01/2027,13.118836717413867,79.92281885109252,0,15,0,15000000,67000000,-,82000000,0.00,2484.37,-,[],[],['Tiruvallur'],
V:\Project\Project_Stick\data_source\raw\TNRERA\2025\TN_2_Building_0152_2025.pdf,-,"S.NO. 107/2B2, POONAMALLEE HIGH ROAD AND KANNAKI STREET, SENEERKUPPAM VILLAGE, POONAMALLEE, CHENNAI 600056.",Non-High Rise Building (NHRB),Commercial,1088.16,,Under Construction,22/02/2025,13.047877332102226,80.11988382157429,5,11,1,11713000,20372000,-,32085000,0.00,0.00,1312.09,[],[],['Tiruvallur'],Total_Dwelling_Units
V:\Project\Project_Stick\data_source\raw\TNRERA\2025\TN_2_Building_0244_2025.pdf,ANAGHA,"New Survey No. 631/1B and T.S. Nos. 69, 70 and 71, Block 77, Ward D, situated at Thirumullaivoyal Village, Ambattur Taluk, Thiruvallur District",Non-High Rise Building (NHRB),Residential,732.16,20,Not Yet Started,31/12/2025,13.123194,80.132629,14,3,0,19056835,52932140,0,71988975,0.00,1860.39,-,[],[],['Tiruvallur'],
V:\Project\Project_Stick\data_source\raw\TNRERA\2025\TN_30_Building_0140_2025.pdf,Dahlia apartments - Phase 2,"The phase 2 of our project consisting of 45 dwellings with a mix of 2 and 3 bhk apartments in Dinnur road, Hosur",Non-High Rise Building (NHRB),Residential,2061.82,45,Not Yet Started,31/12/2026,12.718,74.81699,45,3,3,90000000,150000000,13000000,253000000,0.00,4771.35,-,[],[],['Krishnagiri'],
V:\Project\Project_Stick\data_source\raw\TNRERA\2025\TN_32_Building_0004_2025.pdf,MAJESTIC VILLAS,"S.F No : 347 / 1B, PATTA No : 4292, MUTHANAMPALAYAM VILLAGE, TIRUPPUR",Non-High Rise Building (NHRB),Residential,2300,12,Under Construction,25/10/2028,110356.8,772242.9,0,14,0,2720000,60000000,1455122,64175122,0.00,1683.46,144.46,[],[],['Tiruppur'],
V:\Project\Project_Stick\data_source\raw\TNRERA\2025\TN_35_Building_0009_2025.pdf,WINDSOR CASTLE,Residential Building with 20 dwelling units,Non-High Rise Building (NHRB),Residential,663.23,20,Under Construction,30/06/2026,12.903986,80.167259,10,6,0,15705800,90000000,-,105705800,0.00,1722.76,-,[],[],['Chengalpattu'],
V:\Project\Project_Stick\data_source\raw\TNRERA\2025\TN_35_Building_0029_2025.pdf,SR HAVEN,RESIDENTIAL APARTMENTS,Non-High Rise Building (NHRB),Residential,5834.71,90,Not Yet Started,31/07/2027,12.5348,12.1200,99,20,0,120500000,290000000,10500000,421000000,0.00,10413.04,-,[],[],['Chengalpattu'],
V:\Project\Project_Stick\data_source\raw\TNRERA\2025\TN_35_Building_0039_2025.pdf,STARWOOD TOWERS PHASE -III (CEDAR),"The Residential Building STARWOOD TOWERS PHASE -III (CEDAR)Situated at S.Nos.20/3, 20/4A,20/5A1, 37/6A, 36/6B, 37/7A, 37/8 of Vengaivasal village, Tambaram Taluk, Chengalpattu District",High Rise Building (HRB),Residential,8975.24,166,Under Construction,27/01/2027,125423.1,801055.9,105,61,17,81422963,718330478,-,799753441,0.00,25324.56,0.00,[],[],['Chengalpattu'],
V:\Project\Project_Stick\data_source\raw\TNRERA\2025\TN_35_Building_0053_2025.pdf,DRA INARA PHASE -II,"comprised in Survey numbers. 174/Part,175/1part,175/2,178/2Apart,227/ 1,227/2,176,178/2B,190,191,192,193,177 & Plot Nos; 27 to 42 and 43 to 61 within the limit of Ottiyambakkam Village, Tambaram Taluk,",Non-High Rise Building (NHRB),Residential,4048.87,34,Not Yet Started,31/01/2032,12.862174,80.199654,66,0,0,27000000,117000000,-,144000000,0.00,4696.96,-,[],[],['Chengalpattu'],
V:\Project\Project_Stick\data_source\raw\TNRERA\2025\TN_35_Building_0057_2025.pdf,SPRING TIDE,"Paranur Village, Chengalpattu Taluk, Chengalpattu District",Non-High Rise Building (NHRB),Mixed Development,37008.39,1119,Not Yet Started,31/08/2029,12.73,80.01,598,205,10,605900000,2936000000,172600000,3714500000,0.00,43525.00,2548.04,[],[],['Chengalpattu'],
V:\Project\Project_Stick\data_source\raw\TNRERA\2025\TN_35_Building_0075_2025.pdf,SRI NANDANA AVENUE KMR HOUSING,"Plot No. 8, 9, 10, 11, 12 & 13 (Approved Layout PPD/LO. No. 129/2004) Sethunarayna Street, Sai Enclave, Chitlapakkam, Chenna – 600064, Comprised in Old S.No. 120/2, New S.No. 120/2A1B3, 120/2A2B2, 120/2A1B2 (Patta) of Chitlappakam Village, Tambaram Taluk, Within the Limits of Tambaram Municipal Corporation",Non-High Rise Building (NHRB),Residential,1146.47,30,Not Yet Started,20/07/2028,12.927169,80.138957,21,3,2,120000000,78500000,-,198500000,0.00,2825.59,-,[],[],['Chengalpattu'],
V:\Project\Project_Stick\data_source\raw\TNRERA\2025\TN_35_Building_0087_2025.pdf,THE WORLD OF JOY,Village Siruseri Taluk Thiruporur District Chengalpattu State Tamilnadu,High Rise Building (HRB),Residential,41763.56,2880,Under Construction,31/12/2027,12.8,80.12,890,74,0,650000000,2375000000,5556500,3025000000,0.00,76882.72,0.00,[],[],['Chengalpattu'],
V:\Project\Project_Stick\data_source\raw\TNRERA\2025\TN_35_Building_0090_2025.pdf,VIVA VIBRANT,"At Sai VIVA Lane, Thiruthani Nagar, Zamin Pallavaram, Chennai-600043",Non-High Rise Building (NHRB),Residential,1000.00,15,Under Construction,31/12/2026,12.954342,80.169066,16,2,2,77500000,73994600,-,151494600,0.00,1986.46,-,[],[],['Chengalpattu'],
V:\Project\Project_Stick\data_source\raw\TNRERA\2025\TN_35_Building_0120_2025.pdf,DRA INARA PHASE - III,"comprised in Survey numbers. 174/Part,175/1part,175/2,178/2Apart,227/ 1,227/2,176,178/2B,190,191,192,193,177 & Plot Nos; 1 to 24,26,42,62 to 66,68 to 84,86 to 105 within the limit of Ottiyambakkam Village, Tambaram Taluk, Chengalpattu District, Tamil Nadu State.",Non-High Rise Building (NHRB),Residential,7813.15,68,Not Yet Started,10/02/2030,12.8657,80.1903,87,28,0,42470877,307703200,-,350174077,0.00,10733.79,0.00,[],[],['Chengalpattu'],
V:\Project\Project_Stick\data_source\raw\TNRERA\2025\TN_35_Building_0127_2025.pdf,DRA PHOEBE LUMINA,"Plot No. 1, Survey No. 14/2C1B2",Non-High Rise Building (NHRB),Commercial,1793.42,,Not Yet Started,17/02/2033,12.8318,80.2292,28,0,2,74513440,87420700,-,161934140,0.00,0.00,3531.09,[],[],['Chengalpattu'],Total_Dwelling_Units
V:\Project\Project_Stick\data_source\raw\TNRERA\2025\TN_35_Building_0134_2025.pdf,JANANI'S HIGH TIDE,"PROPOSED CONSTRUCTION OF RESIDENTIAL BUILDING IN S F NOS. 40/2B & 54/2 AT MUTTUKADU VILLAGE THIRUPORUR TALUK, CHENGALPATTU DISTRICT",Non-High Rise Building (NHRB),Residential,4853.00,90,Not Yet Started,31/12/2026,12.806422,80.236823,87,0,4,35000000,52500000,-,87500000,0.00,9227.79,403.32,[],[],['Chengalpattu'],
V:\Project\Project_Stick\data_source\raw\TNRERA\2025\TN_35_Building_0157_2025.pdf,BEVERLY RIDGE,"Construction of 42 Villas in 42 Plots comprised in Present Survey No.11/2B2B1A, 11/2B2C, 11/4 bearing Patta Nos. 5053, 5054 & 10360 in the Layout approved by the President, Pudupakkam Panchayat, Thiruporur Panchayat Union, vide Layout Approval No. Na.Ka.No. 17/2023 dated 07/12/2023 and with Resolution No. 93 dated 07.12.2023 situated in Pudupakkam Village, Vandaloor Taluk, Chengalpet District and Within the Registration District of Chenglepet and Sub- Registration District of Thiruporur.",Non-High Rise Building (NHRB),Residential,4160.88,42,Not Yet Started,05/03/2030,12.803974,80.190625,0,42,0,134367000,248589000,-,382956000,0.00,5132.00,0.00,[],[],['Chengalpattu'],
V:\Project\Project_Stick\data_source\raw\TNRERA\2025\TN_35_Building_0158_2025.pdf,Spring Tide,"Paranur Village, Chengalpattu Taluk, Chengalpattu District",High Rise Building (HRB),Mixed Development,37008.39,1119,Not Yet Started,31/08/2029,12.43,79.59,598,205,10,605900000,3108600000,-,3714500000,0.00,39306.99,-,[],[],['Chengalpattu'],
V:\Project\Project_Stick\data_source\raw\TNRERA\2025\TN_35_Building_0161_2025.pdf,S&P NEW HAVEN RIBBON WALK,"Construction of residential building at Survey no: 76B/1, 77/1, 2A, 78/1A, 2, 5, 8A, 79, 80/1, 2A, 81A/9, 81A/10 of Keezhakottaiyur village and survey No; 131/1A, 131/1B of Mambakkam village ,Tiruporur Taluk, Chengalpattu district",High Rise Building (HRB),Residential,61307.67,1694,Under Construction,31/12/2027,12.836765,80.157297,271,119,15,520000000,1500000000,-,2020000000,0.00,42602.00,498.00,[],[],['Chengalpattu'],
V:\Project\Project_Stick\data_source\raw\TNRERA\2025\TN_35_Building_0166_2025.pdf,NAPA VALLEY BY DAC,"Ottiyambakkam Main Road, Arasankazhani, Chennai, Comprised in S.No.41/3A, 41/3B1 & 42/1 of Arasankazhani Village within the limit of St.Thomas Mount Panchayat Union.",Non-High Rise Building (NHRB),Residential,4026.59,110,Not Yet Started,31/05/2030,12.874303,80.191370,74,40,5,73734000,345000000,-,418734000,0.00,11268.93,-,[],[],['Chengalpattu'],
V:\Project\Project_Stick\data_source\raw\TNRERA\2025\TN_35_Building_0172_2025.pdf,,,,,,,,,,,,,,,,,,,,,[],[],[],"Project_Name, Site_Extent_Sqm, Total_Dwelling_Units, Latitude, Longitude, Land_Cost, Construction_Cost, Total_Project_Cost, FSI_Other_Residential"
V:\Project\Project_Stick\data_source\raw\TNRERA\2025\TN_35_Building_0185_2025.pdf,INCOR CHENNAI PROJECTS TWO PVT LTD,"RESIDENTAIL AND MIXED DEVELOPMENT OF 2, 2.5, 3 BHK WITH CLUB HOUSE INSIDE GATED COMMUNITY",High Rise Building (HRB),Mixed Development,167170,2204,Not Yet Started,26/09/2030,12.774309375526512,80.218706390447288,340,576,67,1370000000,5100000000,-,6470000000,0.00,265008.19,5165.93,[],[],['Chengalpattu'],
V:\Project\Project_Stick\data_source\raw\TNRERA\2025\TN_35_Building_0188_2025.pdf,WHITEFIELD MUDRA PHASE B,"Survey Nos. 134/1C, 134/2A1, 135/1C1, 135/2C1 &136/2C1C of Medavakkam Village, Tambaram Taluk, Chengalpet District",Non-High Rise Building (NHRB),Residential,3547,65,Under Construction,29/10/2032,12.9269,80.1937,83,0,0,181355000,339352200,-,520707200,0.00,9117.68,0.00,[],[],['Chengalpattu'],
V:\Project\Project_Stick\data_source\raw\TNRERA\2025\TN_35_Building_0205_2025.pdf,ASHIANA SHUBHAM PHASE 3A,"We are developing the whole project named ""Ashiana Shubham"" wherein Phase 1,2, 3 and 4 are complete and we are applying for Phase 3A.",Non-High Rise Building (NHRB),Mixed Development,182329.61,921,Completed,,12.75965,80.044601,0,5,0,25700000,71500000,-,97200000,0.00,1608.48,537.07,[],[],['Chengalpattu'],
V:\Project\Project_Stick\data_source\raw\TNRERA\2025\TN_35_Building_0209_2025.pdf,NEST ETERNIA,NEST ETERNIA,Non-High Rise Building (NHRB),Residential,5556.43,148,Not Yet Started,30/09/2027,12.871094,80.192247,70,48,6,113220000,772222100,-,885442100,0.00,14538.94,-,[],[],['Chengalpattu'],
V:\Project\Project_Stick\data_source\raw\TNRERA\2025\TN_35_Building_0210_2025.pdf,HEYDAY SENIOR CARE SERVIES CHENNAI P LTD,HEYDAY IS SENIOR PEOPLE GATED COMMUNITY WITH FACILITIES AND AMENITIES,High Rise Building (HRB),Mixed Development,167170,672,Not Yet Started,27/09/2030,12.773895488326936,80.21999510539672,48,36,8,246300000,1405600000,-,1651900000,0.00,38771.10,-,[],[],['Chengalpattu'],
V:\Project\Project_Stick\data_source\raw\TNRERA\2025\TN_35_Building_0216_2025.pdf,SPRING TIDE,Paranur Village Chengalpattu Taluk Chengalpattu District,High Rise Building (HRB),Mixed Development,37008.39,1119,Not Yet Started,31/07/2029,12.43,79.59,813,598,10,346200000,3997600000,-,4343800000,0.00,8895.77,1033.42,[],[],['Chengalpattu'],
V:\Project\Project_Stick\data_source\raw\TNRERA\2025\TN_35_Building_0219_2025.pdf,VILLA ONE PHASE - II,"Comprised in Old S.No.199/6B (part) New S.No.199/6B1 (part), 199/6B2 (part) & 199/6B3 (part) of Nanmangalam Village, Tambaram Taluk, Chengalpet District, ST.Thomas Mount Panchayat Union Limit, Tamilnadu State.",Non-High Rise Building (NHRB),Residential,1947.01,11,Under Construction,31/12/2030,125633.9,801052.4,20,2,2,77304000,87870519,-,165174519,0.00,2634.48,-,[],[],['Chengalpattu'],
V:\Project\Project_Stick\data_source\raw\TNRERA\2025\TN_35_Building_0225_2025.pdf,RAJPARIS BLUE JEWEL,"S.No. 95 / 52 Of Muttukadu Village, Thirupporur Taluk, Chengalpattu District, 603112",High Rise Building (HRB),Residential,3370,55,Not Yet Started,31/01/2029,12.80917776830005,80.24279731749661,64,60,7,162654660,550000000,-,712654660,0.00,12106.89,-,[],[],['Chengalpattu'],
V:\Project\Project_Stick\data_source\raw\TNRERA\2025\TN_35_Building_0233_2025.pdf,VILLA ONE PHASE - I,"VILLA ONE PHASE-1, Comprised in OLD S.No.199/6B (part) New S.No.199/6B1 (part), 199/6B2 (part) & 199/6B3 (part) of Nanmangalam Village, Tambaram Taluk, Chengalpet District, ST.Thomas Mount Panchayat Union Limit, Tamilnadu State.",Non-High Rise Building (NHRB),Residential,1597.33,9,Under Construction,31/12/2030,12.942803,80.181155,18,0,0,46870844,66209645,-,113080489,0.00,1999.76,-,[],[],['Chengalpattu'],
V:\Project\Project_Stick\data_source\raw\TNRERA\2025\TN_35_Building_0237_2025.pdf,BAY VILLA,Block 8 to 26 NHRB (consist of 83 units) and Gym & Indoor game,Non-High Rise Building (NHRB),Mixed Development,27229.64,83,Not Yet Started,31/03/2028,12.813238,80.229589,162,69,25,250000000,900000000,-,1150000000,0.00,26601.36,628.28,[],[],['Chengalpattu'],
V:\Project\Project_Stick\data_source\raw\TNRERA\2025\TN_35_Building_0242_2025.pdf,ASHIANA SWARANG PHASE II,"We are developing the whole project named ""Ashiana Swarang"" wherein the Phase 1 TNRERA approval has been taken and its currently under construction.",Non-High Rise Building (NHRB),Residential,44311,451,under construction,15/10/2028,12.727301,80.227232,0,0,0,54100000,395900000,-,450000000,0.00,7755.12,-,[],[],['Chengalpattu'],
V:\Project\Project_Stick\data_source\raw\TNRERA\2025\TN_35_Building_0276_2025.pdf,Lakewoods Towers H & I,"Development of Residential Towers H & I in Lakewoods projects in plot No.17/2, Paranur Village, Chengalpattu",High Rise Building (HRB),Residential,37756.18,747,Not Yet Started,30/04/2029,12.7275248,79.9876373,747,8,8,73500000,964155000,-,1037655000,0.00,17186.34,-,[],[],['Chengalpattu'],
V:\Project\Project_Stick\data_source\raw\TNRERA\2025\TN_35_Building_0278_2025.pdf,SHRINAY GRANDEUR,"At Plot No.1,Comprised in S.No.111/2A1A1A, 3A3A1 , 2A1A2& 3A3B Of KANATHUR REDDYKUPPAM Village",Non-High Rise Building (NHRB),Mixed Development,1783.60,16,Under Construction,31/03/2030,12.83754,80.240883,28,3,2,62944619,99471297,-,162415916,0.00,3643.90,675.31,[],[],['Chengalpattu'],
V:\Project\Project_Stick\data_source\raw\TNRERA\2025\TN_35_Building_0280_2025.pdf,WHITEFIELD MUDRA PHASE C,"Survey Nos. 134/2A3, 135/1C3, 135/2C3, 136/2C1D, 164/1A5 & 165/1A1A of Medavakkam Village, Tambaram Taluk, Chengalpet District",Non-High Rise Building (NHRB),Residential,3309,71,Not Yet Started,12/01/2033,12.9265,80.1939,78,0,0,169185500,328564500,-,497750000,0.00,8592.14,-,[],[],['Chengalpattu'],
V:\Project\Project_Stick\data_source\raw\TNRERA\2025\TN_35_Building_0286_2025.pdf,LUXE LOFT,"S.No. 231/21A1 (Document), S.No. 231/33 (Patta) of Agaramthen Village Within the Limits of St.Thomas Mount Panchayat Union",Non-High Rise Building (NHRB),Residential,881,23,Under Construction,30/12/2029,12.885075,80.150291,12,1,0,15000000,20000000,-,35000000,0.00,1951.57,-,[],[],['Chengalpattu'],
V:\Project\Project_Stick\data_source\raw\TNRERA\2025\TN_35_Building_0290_2025.pdf,ASHIANA VATSALYA PHASE II,"he whole project named Ashiana Vatsalya, is being developed in 5 phases. RERA registration for Phase 1 has already been obtained.",High Rise Building (HRB),Residential,72416.26,1114,Under Construction,30/04/2029,12.724657,79.991467,22,47,7,203100000,652600000,-,855700000,,,,[],[],['Chengalpattu'],FSI_Other_Residential
V:\Project\Project_Stick\data_source\raw\TNRERA\2025\TN_35_Building_0293_2025.pdf,DRA iHeart,"S.Nos. 14/2C1B1, 14/3A2A1, 14/3B1B1, 14/3B2B, Plot No;2 Egattur Village,Thiruporur Taluk,Thiruporur Panchayat Union, Tamil Nadu.",High Rise Building (HRB),Residential,10522.84,271,Not Yet Started,31/07/2033,12.8318,80.2292,307,145,0,437214480,1501078550,-,1938293030,0.00,51146.94,0.00,[],[],['Chengalpattu'],
V:\Project\Project_Stick\data_source\raw\TNRERA\2025\TN_35_Building_0304_2025.pdf,ATH THE MERLION,"S.No. 165/1B of Rajakilpakkam Village, Tambaram Taluk within the limits of Tambaram Municipal corporation",Non-High Rise Building (NHRB),Residential,1942.50,49,Under Construction,30/12/2028,12.910225,80.151983,41,4,0,140000000,208944000,-,348944000,0.00,4987.33,-,[],[],['Chengalpattu'],
V:\Project\Project_Stick\data_source\raw\TNRERA\2025\TN_7_Building_0015_2025.pdf,METROPOLE- SHANKAR,APARTMENTS,Non-High Rise Building (NHRB),Residential,2735.70,15,Under Construction,31/03/2026,11.667467,78.151182,10,10,2,33642000,76559600,-,110201600,2735.00,2735.00,-,[],[],['Salem'],
V:\Project\Project_Stick\data_source\raw\TNRERA\2025\TN_7_Building_0031_2025.pdf,Chola Shivaji,"Ward-AA,Block-59,TS No.1/11,Old Ward- H,Block-7,TS No.34/1B,36/3B, Annadhanapatti Village, Salem Corporation, Salem SouthTk ,Salem Dt.",Non-High Rise Building (NHRB),Residential,1922,50,Not Yet Started,10/12/2029,11.643715,78.141166,52,1,5,73416556,218333428,-,291749984,0.00,5354.45,-,[],[],['Salem'],
V:\Project\Project_Stick\data_source\raw\TNRERA\2025\TN_7_Building_0035_2025.pdf,Chola Ellappa's Grand,"TS No.7/2,8/2,10/2,Ward-AA,Block- 62(Old Ward-H,Block-10,TS No.31/1,31/2,32part),Annadhanapatti Village, Salem Corporation, Salem South Taluk, Salem Dt.",High Rise Building (HRB),Residential,2597.51,54,Under Construction,27/10/2029,11.641967,78.141332,39,23,7,99219687,293469294,-,392688981,0.00,8172.02,-,[],[],['Salem'],
V:\Project\Project_Stick\data_source\raw\TNRERA\2025\TN_7_Building_0197_2025.pdf,Metropole- Bathija's Mountain View,Apartment Building,Non-High Rise Building (NHRB),Residential,1356,33,Under Construction,25/08/2027,11.710471,78.170393,10,21,3,10216500,113536303,-,123752803,0.00,3437.55,-,[],[],['Salem'],
V:\Project\Project_Stick\data_source\raw\TNRERA\2025\TN_7_Building_0313_2025.pdf,METROPOLE- OG TOWERS,Apartment Building,Non-High Rise Building (NHRB),Residential,1644.27,45,Under Construction,25/12/2029,11.641681,78.151065,15,27,4,35398000,155789797,-,191187797,0.00,4263.45,-,[],[],['Salem'],
V:\Project\Project_Stick\data_source\raw\TNRERA\2026\TNRERA10BLG0014_2026.pdf,FAIR FIELD,S F NO: 1349/5G,Non-High Rise Building (NHRB),Residential,589.96,12,Under Construction,01/03/2027,11.323202,77.752934,0,8,0,20000000,15000000,-,35000000,0.00,1110.20,-,[],[],['Erode'],
V:\Project\Project_Stick\data_source\raw\TNRERA\2026\TNRERA11BLG0007_2026.pdf,Dhiya’s Aurum,"Ward No:Q(17), Block No:21, T.S.No:170,171 Sanganur village, West Zone, Coimbatore Corporation",Non-High Rise Building (NHRB),Residential,520.26,10,Not Yet Started,30/12/2026,11.029674,76.946829,0,10,1,76000000,43700000,-,119700000,0.00,1338.96,-,[],[],['Coimbatore'],
V:\Project\Project_Stick\data_source\raw\TNRERA\2026\TNRERA11BLG0013_2026.pdf,ZENORA,"S.F.No. 917/1, 918/2, 918/3 and 918/4B of Kalapatti (East) Village, Coimbatore North Taluk, Coimbatore District and Corporation – East Zone.",Non-High Rise Building (NHRB),Residential,28293,60,Not Yet Started,11/12/2030,11.065518,77.049703,39,197,24,776600000,1744000000,-,2520600000,-,27700.38,1835.54,[],[],['Coimbatore'],
V:\Project\Project_Stick\data_source\raw\TNRERA\2026\TNRERA16BLG0003_2026.pdf,ROHINI PALMS,FLAT PROMOTERS OF RESIDENTIAL APARTMENT,Non-High Rise Building (NHRB),Residential,2187.96,49,Not Yet Started,08/05/2033,10.776609,78.692891,51,4,6,62410150,221508000,-,283918150,0.00,5803.44,-,[],[],['Tiruchirappalli'],
V:\Project\Project_Stick\data_source\raw\TNRERA\2026\TNRERA17BLG0010_2026.pdf,URBANEST,Residential Apartment,Non-High Rise Building (NHRB),Residential,1603,16,Under Construction,30/09/2027,10.958643,78.061650,32,3,3,9365716,93674284,-,103040000,0.00,3411.48,-,[],[],['Karur'],
V:\Project\Project_Stick\data_source\raw\TNRERA\2026\TNRERA20BLG0023_2026.pdf,SAI RAM,Residential building,Non-High Rise Building (NHRB),Residential,1815.63,50,Under Construction,31/12/2027,9.910951,78.096058,38,6,0,103520000,209523802.62,-,313043802.62,0.00,4707.20,-,[],[],['Madurai'],
V:\Project\Project_Stick\data_source\raw\TNRERA\2026\TNRERA29BLG0002_2026.pdf,K.L.HOMES,"OLD DOOR NO.17/1, NEW DOOR NO. 24, DESIGAR STREET, VADAPALANI, CHENNAI - 600 026, COMPRISED IN T.S.NO.19A (AS PER DOCUMENT), T.S.NO.19/2 (AS PER PATTA), BLOCK NO.5 OF KODAMBAKKAM PART - I VILLAGE, MAMBALAM TALUK, CHENNAI DIST",Non-High Rise Building (NHRB),Residential,524.75,16,Under Construction,30/06/2027,13.04864,80.211372,7,0,1,93500000,2917500000,-,3011000000,0.00,1048.97,-,[],[],['Chennai'],
V:\Project\Project_Stick\data_source\raw\TNRERA\2026\TNRERA29BLG0006_2026.pdf,VOORA AGASTYA HEIGHTS,"New Door No. 231 & 232, Old Door No. 293 & 294 abutting Thiruvottiyur High Road comprised in T.S.No. 3659/1 (Part) &3661/1 (Part), Block No. 54 of Tondiarpet Vilage, Tondiarpet Taluk within the limits of Greater Chennai Corporation.",High Rise Building (HRB),Residential,2279.73,52,Not Yet Started,31/12/2029,13.124603519582289,80.28898543163312,22,43,8,1000000,446884000,-,447884000,0.00,8190.46,-,[],[],['Chennai'],
V:\Project\Project_Stick\data_source\raw\TNRERA\2026\TNRERA29BLG0012_2026.pdf,RAGHU,"The proposed construction of Stilt floor +5Floors Residential Building with 10Dwelling Units (Heights-18.30m) Availing Premium FSI at Block No B-6, 11th Cross Street, GOCH Colony, Besant Nagar, Chennai-600090 Comprised in Old S.No 127 part, 17 part, New S.No:17/3 part, 17/2B1 Part, T.S.No:8/10, Block No 40 of urur Village within the Limits of Greater Chennai Corporation.",Non-High Rise Building (NHRB),Residential,530.56,10,Not Yet Started,31/12/2030,13.027352,80.253214,6,4,1,37692600,35765000,-,73457600,0.00,1313.80,0.00,[18.3],[],['Chennai'],
V:\Project\Project_Stick\data_source\raw\TNRERA\2026\TNRERA29BLG0019_2026.pdf,REPUBLIC OF NATURE PHASE - II,RESIDENTIAL,Non-High Rise Building (NHRB),Residential,30921.93,129,Not Yet Started,31/12/2030,12.749783,80.237324,150,0,14,38280464,579551348,-,617831812,0.00,21501.48,-,[],[],['Chennai'],
V:\Project\Project_Stick\data_source\raw\TNRERA\2026\TNRERA35BLG0018_2026.pdf,ISHA UNI5,"New Survey Nos. 46/1E, 46/2B, 57/6, situated at Kolapakkam Village, Vandalur Taluk, Chengalpattu District",Non-High Rise Building (NHRB),Residential,7972.31,173,Not Yet Started,22/11/2030,12.876028,80.111361,89,84,0,125000000,360800000,-,485800000,0.00,16756.63,-,[],[],['Chengalpattu'],
V:\Project\Project_Stick\data_source\raw\TNRERA\2026\TNRERA35BLG0020_2026.pdf,PALM BEACH – PHASE II”,"bearing Plot Numbers A1, A2, A3, A4, A5, A6, B1, B2, B3, B4, B5, B6, C1, C2, C3, C4, C5, C6, Common Area, D1, D2, D3, D4, D5",Non-High Rise Building (NHRB),Residential,2689.15,23,Not Yet Started,31/10/2030,12.642865,80.139038,0,23,0,57892000,100625000,-,158517000,0.00,2670.99,0.00,[],[],['Chengalpattu'],
V:\Project\Project_Stick\data_source\raw\TNRERA\2026\TNRERA7BLG0011_2026.pdf,-,"Ward 13, New S.No.110/2A1A1A1C (Old S.F.No.110/2A) of Karuppur Village, Omalur Taluk, Salem District",Non-High Rise Building (NHRB),Residential,1003,16,Under Construction,31/08/2030,114437.1976,78251.3060,15,1,2,6000000,90000000,-,96000000,0.00,2036.00,-,[],[],['Salem'],
V:\Project\Project_Stick\data_source\raw\TNRERA\2026\TNRERA_11_BLG_0028_2026.pdf,GUJANS PARIPALANA PHASE IV BLOCK- 2,"ite Nos- 3west, 4, 5, 14, 15, 16west - S.F.Nos.144/2A2, 144/2A3, 144/2A4, 144/2A5, 144/2A10, 144/2A11, 144/2A12, 144/2A13",Non-High Rise Building (NHRB),Residential,951.87,30,Not Yet Started,30/04/2033,10.935715,76.874078,21,0,0,153800000,56145000,-,209945000,0.00,2429.69,-,[],[],['Coimbatore'],
V:\Project\Project_Stick\data_source\raw\TNRERA\2026\TNRERA_11_BLG_0057_2026.pdf,Dhiya’s Sai Bharath,"SF No:59/2A & 92/2, Chinnavedampatti village, Coimbatore North Taluk, North Zone, Coimbatore Corporation",Non-High Rise Building (NHRB),Residential,5179.98,105,Not Yet Started,30/12/2029,11.058119,76.981930,109,7,11,384000000,626465000,-,1010465000,0.00,13231.01,-,[],[],['Coimbatore'],
V:\Project\Project_Stick\data_source\raw\TNRERA\2026\TNRERA_11_BLG_0060_2026.pdf,INFINIUM ALTITUDE,"Proposed Residential (Signature Tower - Combined Basement + Stilt + 13 Floors (78 Dwelling Units), Executive Tower - Combined Basement + Stilt + 14 Floors(154 Dwelling Units)), Amenities Block (Combined Basement + Stilt + 2 Floors) & Commercial Building(Basement + Ground + 7 Floors) & totalling 232 Dwelling Units in T. S. No: 2/3 Part[Old S.F. No: 468 & 469/1] Ward No. W[23], Block No. 3, At Sathy Road, Ganapathy Village, Coimbatore Corporation",High Rise Building (HRB),Mixed Development,16727.54,232,Not Yet Started,05/01/2031,11.051529,76.991486,440,0,45,1035000000,3650000000,-,4685000000,0.00,39873.68,13479.25,[],[],['Coimbatore'],
V:\Project\Project_Stick\data_source\raw\TNRERA\2026\TNRERA_11_BLG_0069_2026.pdf,Kovai Pavillion,"Coimbatore District, Coimbatore South Taluk, Singanallur Village, Old S.F. No.230/2pt, Ward No. Al (35). Block No.82, T.S. NO.58/4, extent of 860.00 Sq.m",High Rise Building (HRB),Residential,860.00,23,Not Yet Started,25/03/2028,11.007232,77.052904,23,0,0,24952000,57221000,-,82173000,0.00,2201.59,-,[],[],['Coimbatore'],
V:\Project\Project_Stick\data_source\raw\TNRERA\2026\TNRERA_11_BLG_0073_2026.pdf,SUMMIT 1,"TS.No.1,Block No 5,Old Ward No 30, New Ward AD, Uppilipalayam Village, TS.No: 22 & 18,Block No 9, Old Ward No 29, New Ward AC Sowripalayam Village, Trichy Main Road, Coimbatore Corporation, Coimbatore South Taluk, Coimbatore District, Tamil Nadu",High Rise Building (HRB),Commercial,3547,,Under Construction,28/10/2032,10.99689783069624,77.0076072065574,62,37,15,172650000,230000000,-,402650000,0.00,0.00,11172.60,[],[],['Coimbatore'],Total_Dwelling_Units
V:\Project\Project_Stick\data_source\raw\TNRERA\2026\TNRERA_11_BLG_0091_2026.pdf,SLV AISWARYAM,"S.F.No : 333 / 1D, VEERAKERALAM VILLAGE, COIMBATORE CORPORATION",Non-High Rise Building (NHRB),Residential,5799.63,20,Under Construction,01/12/2030,110053.4,765323.8,19,29,0,5335000,107000000,-,112335000,,,,[],[],['Coimbatore'],FSI_Other_Residential
V:\Project\Project_Stick\data_source\raw\TNRERA\2026\TNRERA_11_BLG_0102_2026.pdf,Ananyas Nana Nani Homes Phase 10,Construction of Residential Building,Non-High Rise Building (NHRB),Residential,12300,200,Not Yet Started,09/01/2031,11.049588,76.906440,221,0,21,120000000,670000000,-,790000000,0.00,29404.15,2041.73,[],[],['Coimbatore'],
V:\Project\Project_Stick\data_source\raw\TNRERA\2026\TNRERA_11_BLG_0124_2026.pdf,SAMPOORNA DHAYA,"SITE NOS. 2 & 3, T.S.NOS. 58 & 62, BLOCK NO. 07, WARD - Q, MANIAM KALIYAPPA GOUNDER STREET, SANGANOOR VILLAGE, COIMBATORE CORPORATION, COIMBATORE DIST",Non-High Rise Building (NHRB),Residential,599.87,10,Under Construction,30/06/2028,11.033294,76.940974,11,0,1,6200000,49500000,-,55700000,0.00,1558.13,-,[],[],['Coimbatore'],
V:\Project\Project_Stick\data_source\raw\TNRERA\2026\TNRERA_11_BLG_0131_2026.pdf,Dhiya's Sai Rishabham,"SF No:25/1A,25/1B,28/1B2, 28/3 & 49/2B, Thudiyalur village, Coimbatore North Taluk, North Zone, Coimbatore Corporation",High Rise Building (HRB),Mixed Development,4000,70,Not Yet Started,31/12/2030,11.074042,76.939749,80,7,8,198400000,568000000,-,766400000,0.00,9216.38,1181.75,[],[],['Coimbatore'],
V:\Project\Project_Stick\data_source\raw\TNRERA\2026\TNRERA_11_BLG_0136_2026.pdf,Up Town by Novascape,"S.F.No:422/4A2, 422/5A2 & 422/5B2 At Keeranatham Village, Annur Taluk, Coimbatore -641035.",Non-High Rise Building (NHRB),Mixed Development,4164.70,85,Not Yet Started,27/11/2032,11.108773,76.999218,,,,16300000,556800000,-,573100000,0.00,10197.50,600.70,[],[],['Coimbatore'],
V:\Project\Project_Stick\data_source\raw\TNRERA\2026\TNRERA_11_BLG_0145_2026.pdf,SREE DAKSHA'S BEATRIZ https://rera.tn.gov.in/public-view2/building/pfirm/66650130-35c2-11f1-a075-ed01db8b8b66,"HRB Residential Building Coimbatore District - Coimbatore Local Planning Area Coimbatore NorthTaluk / Corporation - Vilankurichi Village, New Ward No.Y, Block No.2,(Old S.F.Nos.294/1Part and 294/2), New T.S.No.18/4, and 18/5 with a total site extent of 7368.00 Sqm (As per TSLR) - Total FSI area 20562.48Sqm 92 DWELLING AND AMINITIES : • GYM , CLUB, SWMMING POOL & HOME THEATER, • INDOOR SHUTTLE COURT, GUST ROOMS • ASSOCIATION OFFICE ROOM , • MULTI PURPOSE HALL • HOUSE KEEPING ROOM • R.O PUMP ROOMS , TOILETS , METER ROOMS • CCTV AND SECURITY",High Rise Building (HRB),Residential 1/10,7368.00,92,Not Yet Started,30/04/2031,11.04188,77.01348,189,207,18,1066000000,136252000,-,1202252000,0.00,19221.68,1340.80,[],[],['Coimbatore'],
V:\Project\Project_Stick\data_source\raw\TNRERA\2026\TNRERA_11_BLG_0151_2026.pdf,GUJANS PARIPALANA PHASE IV BLOCK - 3,"site Nos - 6,7, 8East, 11East, 12, 13 - S.F.Nos.144/1B2, 144/2A1B, 144/1B1B, 144/2A1A2, 144/1B1A2, 144/1B1A1B, 144/14A1B, 144/14A2, 144/15, 144/2A1A1B, 144/14B, 144/16",Non-High Rise Building (NHRB),Residential,990.51,42,Under Construction,27/03/2033,10.939045,76.866411,6,0,0,200000000,52000000,-,252000000,0.00,2656.35,-,[],[],['Coimbatore'],
V:\Project\Project_Stick\data_source\raw\TNRERA\2026\TNRERA_11_BLG_0152_2026.pdf,UNITD LIVING SPACE LLP,"Residential Apartment Building - District Town and Country planning office, Coimbatore - Local Planning Authority - Coimbatore District - Coimbatore North Taluk – Coimbatore City Municipal Corporation (North zone) – Chinnavedampatti village – S.F. No:488/2 for an extent of site area 8675.00sq.m - Proposed construction of residential apartment building for a FSI area 19672.76 sq.m.",Non-High Rise Building (NHRB),Residential,8675,196,Not Yet Started,22/02/2034,11.07934,76.97781,169,30,18,257238843,638400000,-,895638843,0.00,19709.82,378.31,[],[],['Coimbatore'],
V:\Project\Project_Stick\data_source\raw\TNRERA\2026\TNRERA_11_BLG_0155_2026.pdf,Dhiya's Ushas,"Ward NO: P(16), Block :26, TS No:52, Telungupalayam village, West Zone, Coimbatore Corporation",Non-High Rise Building (NHRB),Residential,586.5,10,Not Yet Started,31/12/2030,11.028588,76.936138,1,10,1,73700000,53200000,-,126900000,0.00,1520.28,-,[],[],['Coimbatore'],
V:\Project\Project_Stick\data_source\raw\TNRERA\2026\TNRERA_11_BLG_0158_2026.pdf,AURORA,"S.F.No:66/1A, 2A1, 2A2, 2B2B,1B2B",Non-High Rise Building (NHRB),Residential,15505.92,35,Under Construction,30/12/2027,110532.7,770131.1,69,54,14,136715600,200000000,-,336715600,0.00,11845.41,312.18,[],[],['Coimbatore'],
V:\Project\Project_Stick\data_source\raw\TNRERA\2026\TNRERA_11_BLG_0170_2026.pdf,VEDAANTA PREMAM,"S.No. 773/6D2G & 773/6D2E, Othakalmandapam Village, Madukkarai Taluk, Coimbatore District.",Non-High Rise Building (NHRB),Residential,649,16,Not Yet Started,30/11/2030,10.882188,77.016900,9,0,1,5274800,29200000,-,34474800,0.00,1439.91,-,[],[],['Coimbatore'],
V:\Project\Project_Stick\data_source\raw\TNRERA\2026\TNRERA_11_BLG_0175_2026.pdf,REVANTHA SKYDEN,"SF NO-246/2A2, KONGU NAGAR, KALAPATTI VILLAGE(WEST), COIMBATORE-641048",Non-High Rise Building (NHRB),Residential,1072,24,Not Yet Started,31/07/2027,110348.8,770128.7,24,2,0,17046000,96000000,-,113046000,0.00,2771.74,-,[],[],['Coimbatore'],
V:\Project\Project_Stick\data_source\raw\TNRERA\2026\TNRERA_11_BLG_0176_2026.pdf,RR IYAL,"S.F.No. 504/1 Part, Ward no. AD, Block no. 12 and T.S.No. 4/4 of Uppilipalayam Village, Coimbatore South Taluk, Coimbatore District",Non-High Rise Building (NHRB),Residential,2793.10,60,Not Yet Started,31/10/2028,10.995691,76.017357,96,0,6,132500000,211300000,-,343800000,0.00,6358.32,-,[],[],['Coimbatore'],
V:\Project\Project_Stick\data_source\raw\TNRERA\2026\TNRERA_11_BLG_0180_2026.pdf,GUJANS PARIPALANA PHASE IV BLOCK - 4,"site Nos: 8 Middle & West, 9,10,11 Middle & west - S.F.Nos.144/6, 144/9, 144/11, 144/19, 144/14A1A1B, 144/14A1A2",Non-High Rise Building (NHRB),Residential,797.71,24,Under Construction,27/03/2033,10.939212,76.865723,15,2,0,100000000,44000000,-,144000000,0.00,2077.73,-,[],[],['Coimbatore'],
V:\Project\Project_Stick\data_source\raw\TNRERA\2026\TNRERA_11_BLG_0204_2026.pdf,SWARLOK VILLAS,"Ward No: AI(35), Block No: 14, T.S.No: 33/4, S.F.No: 76/1, Singanallur Village, Coimbatore South Taluk, East Zone, Coimbatore Corporation.",Non-High Rise Building (NHRB),Residential,1051.20,11,Under Construction,30/06/2030,11.016598,77.043970,11,2,2,12591710,31975000,-,44566710,0.00,1188.24,-,[],[],['Coimbatore'],
V:\Project\Project_Stick\data_source\raw\TNRERA\2026\TNRERA_11_BLG_0213_2026.pdf,Emerald,"S.NO:541/2B1, Vadavalli Village, Perur Taluk, Coimbatore Corporation and District.",Non-High Rise Building (NHRB),Residential,3643.00,85,Under Construction,31/12/2029,11.020652,76.876504,90,0,12,9800000,540000000,-,549800000,0.00,8805.60,0.00,[],[],['Coimbatore'],
V:\Project\Project_Stick\data_source\raw\TNRERA\2026\TNRERA_11_BLG_0234_2026.pdf,EKTA,"S.F.NO.128/1B2, 128/1B3A, 128/7A1A2 KALAPATTI WEST VILLAGE, COIMBATORE NORTH TALUK, COIMBATORE DISTRICT -641048",Non-High Rise Building (NHRB),Residential,4107.00,78,Under Construction,26/12/2029,110500.2,770152.6,111,0,16,60000000,360000000,-,420000000,0.00,10650.98,-,[],[],['Coimbatore'],
V:\Project\Project_Stick\data_source\raw\TNRERA\2026\TNRERA_11_BLG_0272_2026.pdf,SREE SUKKTHA'S CUBIX,"T.S No : 5/4, BLOCK No : 08, WARD No : W (23), GANAPATHY VILLAGE, COIMBATORE NORTH TALUK, COIMBATORE CORPORATION / DISTRICT.",Non-High Rise Building (NHRB),Commercial,1449,,Under Construction,25/12/2029,110241.7,765909.4,23,1,1,17468680,86000000,-,103468680,0.00,0.00,3789.30,[],[],['Coimbatore'],Total_Dwelling_Units
V:\Project\Project_Stick\data_source\raw\TNRERA\2026\TNRERA_11_BLG_0274_2026.pdf,GUJANS PARIPALANA PHASE V,RESIDENTIAL APARTMENT BUILDING,Non-High Rise Building (NHRB),Residential,6070.29,138,Under Construction,03/06/2034,11.00245991,76.8821203,80,0,7,442000000,112000000,-,554000000,0.00,15415.55,0.00,[],[],['Coimbatore'],
V:\Project\Project_Stick\data_source\raw\TNRERA\2026\TNRERA_11_BLG_0285_2026.pdf,GUJANS PARIPALANA PHASE - V EXTENSION,RESIDENTIAL APARTMENT BUILDING,Non-High Rise Building (NHRB),Residential,5050,130,Under Construction,26/05/2034,11.003242,76.882547,89,0,0,400000000,380000000,-,780000000,0.00,11637.41,-,[],[],['Coimbatore'],
V:\Project\Project_Stick\data_source\raw\TNRERA\2026\TNRERA_11_BLG_0289_2026.pdf,VINCON's SERENE,"T.S No : 15 / 3,4 & 5, WARD No : AL RAMANATHAPURAM, BLOCK No : 15, RAMANATHAPURAM VILLAGE, COIMBATORE CORPORATION",Non-High Rise Building (NHRB),Residential,1504,40,Not Yet Started,05/05/2028,105905.2,765958.3,20,16,4,30765000,150000000,-,180765000,0.00,3671.55,-,[],[],['Coimbatore'],
V:\Project\Project_Stick\data_source\raw\TNRERA\2026\TNRERA_13_BLG_0163_2026.pdf,-,Registration of (Ground Floor + 3 Floors) in Door No: 41/23 - T.S. No: 865 & 866 - Ward No: 1 - Block No: 24 - Banadurai North Street - Kumbakonam Town - Kumbakonam Corporation - Thanjavur District.,Non-High Rise Building (NHRB),Residential,929.03,18,Not Yet Started,31/12/2027,10.965186,79.3823,10,0,1,40000000,70000000,-,110000000,0.00,1662.54,-,[],[],['Thanjavur'],
V:\Project\Project_Stick\data_source\raw\TNRERA\2026\TNRERA_16_BLG_0036_2026.pdf,NAGAPPA TOWERS,"""NAGAPPA TOWERS"" Stilt+5Floors Total 10 Residential dwelling units to be set up At Residential Apartment Building In T.S.No: 1/1,1/6,1/8,Block No:36,Ward-M, 11th cross, Thillai Nagar, Zone-V, Tiruchirappalli City. Tamil Nadu-620018.",Non-High Rise Building (NHRB),Residential,640.75,10,Under Construction,06/12/2029,10.819366,78.686894,2,10,0,2394000,63694156,-,66088156,0.00,1479.20,-,[],[],['Tiruchirappalli'],
V:\Project\Project_Stick\data_source\raw\TNRERA\2026\TNRERA_16_BLG_0037_2026.pdf,NAVARATHNA PARK RESIDENCY,"PROJECT NAME: NAVARATHNA PARK RESIDENCY TS NO:83,(OLD TS NO:143/2B),WARD:AV,BLOCK:01,AT KAKKAN COLONY,KOTTAPATTU VILLAGE,TRICHY EAST TALUK,PONMALAI ZON IV,THIRUCHIRAPPALLI CITY CORPORATION",Non-High Rise Building (NHRB),Residential,1056.39,32,Not Yet Started,09/12/2030,10.757502,78.694526,27,6,21,11367000,110223435,-,121590435,0.00,2740.93,-,[],[],['Tiruchirappalli'],
V:\Project\Project_Stick\data_source\raw\TNRERA\2026\TNRERA_16_BLG_0089_2026.pdf,Bharath Springs,"Bharath Springs, is housing 160 units of 2BHK , 3BHK apartments in three blocks, with an exclusive club house loaded with amenities.",Non-High Rise Building (NHRB),Residential,5975,160,Not Yet Started,30/04/2028,10.799993,78.760104,121,6,12,320000000,590000000,-,910000000,0.00,14929.35,426.78,[],[],['Tiruchirappalli'],
V:\Project\Project_Stick\data_source\raw\TNRERA\2026\TNRERA_16_BLG_0109_2026.pdf,APPLE GARDEN,"ZONE – I, WARD –B, BLOCK NO. – 42, T.S.NO: 2019/178 of Thimmarayasamuthiram Village, Srirangam Taluk, Tiruchirappalli District.",Non-High Rise Building (NHRB),Residential,631.89,10,Under Construction,30/12/2026,104613.6,784047.7,7,3,1,15000000,45000000,-,60000000,0.00,1624.25,-,[],[],['Tiruchirappalli'],
V:\Project\Project_Stick\data_source\raw\TNRERA\2026\TNRERA_16_BLG_0121_2026.pdf,Royal Windgates Phase III,"Plot No.05,06&07 in T.S.No.1/1A part, Block No.05, Ward-AB, Golden Rock Zone, K.Abhisekapuram village",Non-High Rise Building (NHRB),Mixed Development,2084.76,32,Not Yet Started,30/09/2028,104819.2,784032.4,35,7,0,69564000,210441780,-,280005780,0.00,5032.97,387.72,[],[],['Tiruchirappalli'],
V:\Project\Project_Stick\data_source\raw\TNRERA\2026\TNRERA_16_BLG_0179_2026.pdf,MORAIS BLISS,"Survey Number 205/8C1A1E, 205/8C1A1C, 205/10, 208/1A2A1A3 & 208/1A2B1A1A2, Plot No. 360 & 360A at Morais City Extension - I, Keelakurichi Village & Panchayat, Thiruverumbur Panchayat Union, Thiruverumbur Taluk, Tiruchirappalli District, Tamil Nadu State, India.",Non-High Rise Building (NHRB),Residential,1783.73,46,Not Yet Started,27/01/2031,10.755876,78.723825,48,0,5,24000000,250721210,-,274721210,0.00,4994.10,-,[],[],['Tiruchirappalli'],
V:\Project\Project_Stick\data_source\raw\TNRERA\2026\TNRERA_1_BLG_0120_2026.pdf,NEST FAB,NEST FAB,Non-High Rise Building (NHRB),Residential,2072,49,Not Yet Started,30/04/2028,12.887564,80.054308,11,40,3,29722849,281995307,-,311718156,0.00,5378.59,-,[],[],['Kancheepuram'],
V:\Project\Project_Stick\data_source\raw\TNRERA\2026\TNRERA_1_BLG_0132_2026.pdf,NEST HARMONY,NEST HARMONY,Non-High Rise Building (NHRB),Residential,4923,123,Not Yet Started,30/09/2028,12.887281,80.054955,102,12,8,70835138,680909462,-,751744600,0.00,13006.99,-,[],[],['Kancheepuram'],
V:\Project\Project_Stick\data_source\raw\TNRERA\2026\TNRERA_1_BLG_0153_2026.pdf,ATH MERLION Phase II,"Comprised in Old S.No: 239/1 & 239/3 (Document), New S.No. 239/1D, 239/1E, 239/1F, 239/1G, 239/1H & 239/3D (Patta) of Rendamkattalai Village, within the limit of Kundrathur Panchayat Union; Project Name:- “ATH MERLION Phase II”",Non-High Rise Building (NHRB),Residential,731.14,25,Under Construction,30/12/2028,12.996224,80.115966,10,6,1,200500000,73161000,-,273661000,0.00,1884.26,-,[],[],['Kancheepuram'],
V:\Project\Project_Stick\data_source\raw\TNRERA\2026\TNRERA_1_BLG_0167_2026.pdf,Shriram Santrupthi - Phase 2,"Survey Number's-215/2D, 3B, 6C, 7A3, 7B, 8, 9A, 10A, 216/1A1C, 1A2, 1B1, 4C, and 5C.",Non-High Rise Building (NHRB),Mixed Development,22055.184,89,Under Construction,01/04/2031,13.028444,79.969944,0,1,0,27063828,24000000,-,51063828,-,1071.62,-,[],[],['Kancheepuram'],
V:\Project\Project_Stick\data_source\raw\TNRERA\2026\TNRERA_1_BLG_0203_2026.pdf,VIRAAM -2,"9.0m wide Approved Layout Road & 7.20m wide Approved Layout Road, Mangadu, Chennai comprised in S.No.482/6A2, 482/7A4A2 & 482/7B2 of Mangadu-B Village, Kunrathur Taluk within the limits of Mangadu Municipality",Non-High Rise Building (NHRB),Residential,5061,110,Not Yet Started,29/04/2034,130155.0,800718.6,92,10,11,163500000,330015628,-,493515628,0.00,11499.26,-,[],[],['Kancheepuram'],
V:\Project\Project_Stick\data_source\raw\TNRERA\2026\TNRERA_1_BLG_0286_2026.pdf,SHRIRAM 122 WEST - TOWER 1,"Survey No. 765/29B2C, 765/29B1, 389/2(Part), 384, 398/2(Part), 397/2, 390 (Part), 391, 380, 379, 392 of Mangadu village, Kundrathur Main Road, Chennai",High Rise Building (HRB),Residential,110838.27,2614,Under Construction,08/12/2027,800649.7,130138.8,1581,312,158,383207427,848066743,-,1231274170,0.00,29686.00,-,[],[],['Kancheepuram'],
V:\Project\Project_Stick\data_source\raw\TNRERA\2026\TNRERA_1_BLG_0287_2026.pdf,SHRIRAM 122 WEST Phase-2,"Survey No. 765/29B2C, 765/29B1, 389/2(Part), 384, 398/2(Part), 397/2, 390 (Part), 391, 380, 379, 392 of Mangadu village, Kundrathur Main Road, Chennai",High Rise Building (HRB),Residential,110838.27,2614,Under Construction,08/12/2027,800649.7,130138.8,1581,589,110,383207477,848066743,-,1231274220,0.00,71031.42,-,[],[],['Kancheepuram'],
V:\Project\Project_Stick\data_source\raw\TNRERA\2026\TNRERA_20_BLG_0083_2026.pdf,AMITA,S NOS 26/1B 26/2B 26/3A1B 26/3A2 31/2 31/3 MELAKKAAL MAIN ROAD THUVARIMAN VILLAGE MADURAI WEST TALUK THIRUPARANKUNDRAM PANCHAYAT UNION MADURAI DISTRICT,Non-High Rise Building (NHRB),Residential,9020.04,40,Not Yet Started,30/06/2029,9.953534,78.059871,0,80,8,60000000,123639600,-,183639600,0.00,7047.60,-,[],[],['Madurai'],
V:\Project\Project_Stick\data_source\raw\TNRERA\2026\TNRERA_20_BLG_0100_2026.pdf,"""AJITA I - EXTENSION""","S.No. 21/1A2, 21/1B",Non-High Rise Building (NHRB),Residential,4169.77,15,Not Yet Started,31/12/2029,9.953584,78.060646,1,30,4,10000000,180000000,-,190000000,0.00,3350.94,-,[],[],['Madurai'],
V:\Project\Project_Stick\data_source\raw\TNRERA\2026\TNRERA_20_BLG_0235_2026.pdf,VISHAAL VISMAYA,"S.F.No. 307/1B2A and 307/1B2B2 of Nilayur Bit - 1 Panchayat / Village, Thirupparankundram Taluk / Panchayat Union, Madurai District",High Rise Building (HRB),Residential,3937,156,Not Yet Started,30/06/2029,9.865816,78.027778,78,12,0,63625500,704656999,-,768282499,0.00,13683.78,0.00,[],[],['Madurai'],
V:\Project\Project_Stick\data_source\raw\TNRERA\2026\TNRERA_20_BLG_0254_2026.pdf,VIBHAVA - J & K BLOCKS,"Ward No. XXIII - Block No. 26 - T.S. Nos. 16/6A, 17/3A & 17/3B - (Ponmeni Village - Old R.S. Nos. 177pt & 179/6Apt) - Amalgamation of Plot Nos. A3 & A4 in the existing regularized layout LP/MDTCP/No.276(R)/2018",Non-High Rise Building (NHRB),Residential,3520.00,80,Not Yet Started,31/03/2030,9.922201,78.080275,55,8,7,63118579,210000000,-,273118579,0.00,7613.40,-,[],[],['Madurai'],
V:\Project\Project_Stick\data_source\raw\TNRERA\2026\TNRERA_20_BLG_0267_2026.pdf,APARNA PHASE II,"R.S.No.29/3B, 29/4B2, 29/5A1, 29/5B2, 29/34A, 30/3A7 of Thuvariman Panchayat / Village, Madurai West Taluk, Madurai District.",Non-High Rise Building (NHRB),Residential,8397,148,Under Construction,31/03/2030,9.95,78.06,80,4,10,103750000,331828660,-,435578660,0.00,13047.79,0.00,[],[],['Madurai'],
V:\Project\Project_Stick\data_source\raw\TNRERA\2026\TNRERA_20_BLG_0279_2026.pdf,MAX MADHAV,"Revised and Additional construction of apartment residential building comprised in S.No. 73/1B,73/1C,99/5A2,99/5B2 & 99/5B3, Thiruppalai Village, Madurai North Taluk, Madurai",Non-High Rise Building (NHRB),Residential,2816.11,65,Under Construction,31/12/2030,9.973269,78.138005,60,0,6,32000000,225000000,-,257000000,0.00,7313.39,-,[],[],['Madurai'],
V:\Project\Project_Stick\data_source\raw\TNRERA\2026\TNRERA_29_BLG_0040_2026.pdf,Gallop,"No.1(1) & 1(1A)Chakrapani Road, Guindy, Chennai - 600032",Non-High Rise Building (NHRB),Commercial,564.65,,Not Yet Started,31/12/2026,13.0035049,80.2094001,7,1,1,75000000,35231218,1092719,111323937,0.00,0.00,1091.02,[],[],['Chennai'],Total_Dwelling_Units
V:\Project\Project_Stick\data_source\raw\TNRERA\2026\TNRERA_29_BLG_0041_2026.pdf,CAMBRIDGE BY DAC,"Old S.No: 74/2, 74/3 & 77. T.S. No: 15, 16, 17 & 18. Block No: 09, Ward – G, of Semmanchery Village, with in the limit of Greater Chennai Corporation",Non-High Rise Building (NHRB),Residential,6956.20,140,Not Yet Started,30/01/2030,125141.4,801350.2,116,32,15,308700000,496610687,-,805310687,0.00,15224.94,0.00,[],[],['Chennai'],
V:\Project\Project_Stick\data_source\raw\TNRERA\2026\TNRERA_29_BLG_0043_2026.pdf,AANIRUDH VENGADAM,"Plot No. 29, 17th Street,Nanganallur Co- operative Building Society Colony (NCBS),Nanganallur, Chennai, Comprised in Old S.No.19/3 (Part), 4 (part),20/1(Part), 3 (part),As Per Patta New T.S. No. 18/1 & 18/2, Block No. 31 of Nanganallur (Ward- B) Village, Alandur Taluk, Chennai District, Tamil Nadu State",Non-High Rise Building (NHRB),Residential,983.65,27,Not Yet Started,28/11/2031,13.0145,80.2287,16,8,1,26000000,135500000,-,161500000,0.00,2741.97,-,[],[],['Chennai'],
V:\Project\Project_Stick\data_source\raw\TNRERA\2026\TNRERA_29_BLG_0048_2026.pdf,BEAVER’S VENNA GARDEN,"Plot No: New No.36, Old No: 19, Velu Street, West Mambalam, Chennai -600033 compromised in Paimash No: 1728, as per Town Survey No:32, Block No:1, Zamin Mambalam Village, Mambalam Guindy Taluk, Chennai District",Non-High Rise Building (NHRB),Residential,597,15,Under Construction,31/12/2026,13.04097,80.222101,19,9,28,100000000,35000000,-,135000000,0.00,1190.91,-,[],[],['Chennai'],
V:\Project\Project_Stick\data_source\raw\TNRERA\2026\TNRERA_29_BLG_0051_2026.pdf,RAMANIYAM REGAL,"R.S.Nos.423/1 & 423/2 Mylapore (Village) Door Nos. 66 & 68, Royapettah High Road, Royapettah, Mylapore Chennai 600014",High Rise Building (HRB),Residential,1183.85,18,Under Construction,23/11/2033,13.05027,80.26382,12,17,3,196242200,127939456,-,324181656,0.00,3673.89,-,[],[],['Chennai'],
V:\Project\Project_Stick\data_source\raw\TNRERA\2026\TNRERA_29_BLG_0064_2026.pdf,SIS Florida,We have built A1 A2 A3 Tower with 270 Flats located in Thaiyur B Village Thiruporur Taluk Chengelpetu District,High Rise Building (HRB),Residential,78221,2134,Under Construction,24/06/2030,12463306,80125067,199,64,21,295000000,574000000,-,869000000,0.00,26528.92,717.40,[],[],['Chennai'],
V:\Project\Project_Stick\data_source\raw\TNRERA\2026\TNRERA_29_BLG_0071_2026.pdf,SKCL Summit,"Plot No.6, New Door No. 47/C, Old No.30, Gandhi Mandapam Road & Ambadi Road, Kotturpuram, Chennai – 600 085",High Rise Building (HRB),Commercial,2789.39,,Completed,,13.021653,80.242127,90,19,0,330274934,563744840,-,894019774,0.00,0.00,11460.73,[],[],['Chennai'],Total_Dwelling_Units
V:\Project\Project_Stick\data_source\raw\TNRERA\2026\TNRERA_29_BLG_0077_2026.pdf,MAYURAM,"Madha Nagar Second Main Road, Madhanandapuram, Chennai -600 125",Non-High Rise Building (NHRB),Residential,1719,34,Not Yet Started,31/12/2028,13.041098,80.26738,25,9,10,113198751,306801249,-,420000000,0.00,4808.30,-,[],[],['Chennai'],
V:\Project\Project_Stick\data_source\raw\TNRERA\2026\TNRERA_29_BLG_0094_2026.pdf,ISHA RIVER FRONT,"New Survey No. 140/3C (Old Survey No. 140/3), situated at Wood Creek County 15th Cross Street, Nandambakkam Village, Alandur Taluk, Chennai District, Tamil Nadu State – 600 016",Non-High Rise Building (NHRB),Residential,3935.76,64,Under Construction,31/01/2031,13.013467649243191,80.1830555200305,67,7,7,279700000,313100000,-,592800000,0.00,8482.19,0.00,[],[],['Chennai'],
V:\Project\Project_Stick\data_source\raw\TNRERA\2026\TNRERA_29_BLG_0097_2026.pdf,Arihant Vivriti,"Plot No.606, VOC Street, off Old Mahabalipuram Road, Kottivakkam, Chennai – 600041",Non-High Rise Building (NHRB),Residential,1069.12,12,Under Construction,31/12/2027,12.972692,80.251312,26,0,0,145000000,85427086,-,230427086,0.00,2096.40,-,[],[],['Chennai'],
V:\Project\Project_Stick\data_source\raw\TNRERA\2026\TNRERA_29_BLG_0101_2026.pdf,KG GOLD COAST,"Residential Project at Ennore Express way,Thiruvottiyur",High Rise Building (HRB),Residential,3412.00,81,Not Yet Started,12/02/2034,13.165269,80.306820,37,23,6,138420000,345052000,-,483472000,0.00,8099.91,337.12,[],[],['Chennai'],
V:\Project\Project_Stick\data_source\raw\TNRERA\2026\TNRERA_29_BLG_0103_2026.pdf,RISHAB APARTMENTS,"Plot No.104, 110 Part, 111 Part, 112,",Non-High Rise Building (NHRB),Residential,530.72,10,Not Yet Started,31/12/2027,12.9194010,80.2265370,7,3,1,45432000,36387100,-,81819100,0.00,1060.80,0.00,[],[],['Chennai'],
V:\Project\Project_Stick\data_source\raw\TNRERA\2026\TNRERA_29_BLG_0108_2026.pdf,WESTIN ENCLAVE,"Plot No.26, 27 & 28, Sriram Nagar Main Road, S.No. 206/9A & 9B of Nolambur Village, Maduravoyal Taluk, Chennai District. Zone - 11, Division - 143.",Non-High Rise Building (NHRB),Residential,585.29,15,Not Yet Started,17/11/2030,13.074034,80.167674,12,2,1,113400000,141416800,-,254816800,0.00,1555.25,-,[],[],['Chennai'],
V:\Project\Project_Stick\data_source\raw\TNRERA\2026\TNRERA_29_BLG_0133_2026.pdf,NEST BEYONCE,NEST BEYONCE,Non-High Rise Building (NHRB),Residential,4789.41,118,Not Yet Started,30/09/2028,12.871115,80.200224,65,53,8,112984380,760069360,-,873053740,0.00,13298.13,-,[],[],['Chennai'],
V:\Project\Project_Stick\data_source\raw\TNRERA\2026\TNRERA_29_BLG_0135_2026.pdf,SHREYAS BY SANNAREDDY HOMES,"Plot Nos.10 & 11, New Door Nos.45 & 47, Old Door Nos.25 & 26, Rukmani Road, Kalakshetra Colony, Besant Nagar, Chennai – 600 090, comprised in Old Survey Nos.161/2 and 161/3 (part), Town Survey No.21, Block No.51, Ward-1 of Thiruvanmiyur Village, Velachery Taluk, Chennai District and within the limit of Greater Chennai Corporation.",Non-High Rise Building (NHRB),Residential,771.46,14,Under Construction,14/10/2033,12.994473,80.266950,8,7,2,105128640,60785319,-,165913959,0.00,1572.28,-,[],[],['Chennai'],
V:\Project\Project_Stick\data_source\raw\TNRERA\2026\TNRERA_29_BLG_0137_2026.pdf,SHIRINIVOS APARTMENTS,"Building at New Door No.19, Old Door No.37, Cenotaph Road 1st Lane, Teynampet, Chennai 600018, comprised in Old R.S.No.3847/12, 3847/16, 3447/17, 3847/18 & 3847/21 (Document), New R.S.No.3847/59 (Patta), Block No.76 of Mylapore Village within the limit of Greater Chennai Corporation",Non-High Rise Building (NHRB),Residential,541,10,Not Yet Started,31/03/2027,14.646688,23.794694,4,6,1,145500000,88490772,-,233990772,0.00,1404.64,-,[],[],['Chennai'],
V:\Project\Project_Stick\data_source\raw\TNRERA\2026\TNRERA_29_BLG_0139_2026.pdf,-,"At Plot No.663, Old Door No.103, New Door No.85 D-Block, 2nd Avenue & 1st Avenue Road, Anna Nagar East, Chennai- 102. In Old S.No.2/1b(Pt),71/1(Pt), T.S.No.3 Block No.6 Of Periyakuidal Village Within The Limits Of Greater Chennai Corporation.",Non-High Rise Building (NHRB),Commercial,639.82,2,Completed,,130506.8,801327.8,14,1,0,104000000,10000000,-,114000000,0.00,0.00,1195.81,[],[],['Chennai'],
V:\Project\Project_Stick\data_source\raw\TNRERA\2026\TNRERA_29_BLG_0142_2026.pdf,KCEE VARUNI,"Plot no - 34, Old Door No.4, New No.7, Padmavathy Road, Jeypore Nagar, Gopalapuram, Comprised In R.S.No. 67, 67/2, 69, 69/3 & 82 (Document) R.S.No. 67/64 (Patta), Block No.4 of Mylapore Village within the limits of Greater Chennai Corporation.",Non-High Rise Building (NHRB),Residential,668.90,10,Under Construction,31/12/2029,13.053813,80.256387,15,0,2,110880000,89146500,-,200026500,0.00,1855.73,-,[],[],['Chennai'],
V:\Project\Project_Stick\data_source\raw\TNRERA\2026\TNRERA_29_BLG_0148_2026.pdf,SANBEES HOTEL PVT LTD,"AIR CONDITIONED CINEMA THEATRE, EAST COAST ROAD, INJAMBAKKAM, CHENNAI – 600 115. Survey No. 165/176A1, 165/176A2, 165/176A3, 165/176A4, 165/176A5, 165/176A6, 165/176A7, 165/176A8, Injambakkam Village, Sholinganallur Taluk, Greater Chennai Corporation.",Non-High Rise Building (NHRB),Commercial,12140.47,,Completed,,12.931980,80.252118,100,99,123,817700000.00,172300000.00,-,990000000,0.00,0.00,7621.54,[],[],['Chennai'],Total_Dwelling_Units
V:\Project\Project_Stick\data_source\raw\TNRERA\2026\TNRERA_29_BLG_0149_2026.pdf,NEST UNIQUE,NEST UNIQUE,Non-High Rise Building (NHRB),Residential,3104,79,Not Yet Started,30/09/2028,12.866788,80.199649,14,60,2,43356782,541078203,-,584434985,0.00,8690.94,-,[],[],['Chennai'],
V:\Project\Project_Stick\data_source\raw\TNRERA\2026\TNRERA_29_BLG_0178_2026.pdf,Arihant Ventura,"Commercial project at Plot No.29 (NP), TANSIDCO Industrial Estate, Guindy, Chennai – 600 032",High Rise Building (HRB),Commercial,2347,,Under Construction,31/03/2027,13.025206,80.208293,75,27,0,348800000,450500000,-,799300000,0.00,0.00,6482.22,[],[],['Chennai'],Total_Dwelling_Units
V:\Project\Project_Stick\data_source\raw\TNRERA\2026\TNRERA_29_BLG_0191_2026.pdf,SHRIRAM STELLAR,"OLD S.NO 152 PT & 153/3 PT AND NEW TS.NO-2/1, BLOCK NO.: 35, WARD NO.: 001, SITUATED AT KOYEMBEDU VILLAGE, AMINJIKARAI TALUK, CHENNAI DISTRICT.",High Rise Building (HRB),Mixed Development,7892.02,135,Not Yet Started,11/05/2034,801130.3,130429.4,202,11,15,10280000,150000000,-,160280000,0.00,22749.67,2902.91,[],[],['Chennai'],
V:\Project\Project_Stick\data_source\raw\TNRERA\2026\TNRERA_29_BLG_0194_2026.pdf,“Lancor Ananya”,"Residential Building situate at Old No.5, New No.15, Bakthavatchalam Salai (Warren Road), Mylapore, Chennai – 600 004, comprised in R S No. 3580/4 Part, New R S No. 3580/35, (as per patta), Block No. 71, Mylapore Village, Mylapore Taluk, Chennai District",High Rise Building (HRB),Residential,2697.00,48,Not Yet Started,31/12/2030,13.034500,80.260312,44,25,6,166317426,408072074,-,574389500,0.00,7527.58,0.00,[],[],['Chennai'],
V:\Project\Project_Stick\data_source\raw\TNRERA\2026\TNRERA_29_BLG_0197_2026.pdf,JKB GANAPATH,"Door No.71, 71/2, Ganapathy Street, West Mambalam, Chennai - 600033, Comprised in Old T.S.No.30/1, New T.S.No.30/5 & 30/9, Block No.48 of Puliyur Village",Non-High Rise Building (NHRB),Residential,935.00,24,Under Construction,31/12/2027,13.04314,80.22470,19,3,2,85000000,83000000,-,168000000,0.00,2430.37,0.00,[],[],['Chennai'],
V:\Project\Project_Stick\data_source\raw\TNRERA\2026\TNRERA_29_BLG_0208_2026.pdf,MADISON BY DAC,"New Door No. 58/11, Old Door No. 60/11, Rajam Apartments, Muthukrishnan Street & Narasimman Street, Collector’s Colony, Aminjikkarai, Chennai – 600 029, comprised in Old S.No. 17/1 & 17/2A Part and T.S. No:9/4, Block No. 4, of Vada Agaram village within the limits of Greater Chennai Corporation.",Non-High Rise Building (NHRB),Residential,857.02,20,Not Yet Started,30/06/2031,13.071408,80.221092,21,0,2,82500000,68629128,-,151129128,0.00,2133.26,-,[],[],['Chennai'],
V:\Project\Project_Stick\data_source\raw\TNRERA\2026\TNRERA_29_BLG_0210_2026.pdf,ROMAA'S DARREN,2BHK & 3BHK APARTMENT AT NOLAMBUR,Non-High Rise Building (NHRB),Residential,1200.00,35,Not Yet Started,30/12/2029,130428.5,801001.3,28,0,3,55000000,220000000,-,275000000,0.00,2979.15,-,[],[],['Chennai'],
V:\Project\Project_Stick\data_source\raw\TNRERA\2026\TNRERA_29_BLG_0217_2026.pdf,ADITYARAM PALCE CITY ROYAL,"S.NOS.99-1A & OTHERS, SHOLINGANALLUR -II VILLAGE, TALUK- CHENNAI",Non-High Rise Building (NHRB),Residential,3344.81,9,Not Yet Started,13/03/2031,12.53291,80.14342,15,15,0,126454500,107389360,-,233843860,0.00,3344.81,0.00,[],[],['Chennai'],
V:\Project\Project_Stick\data_source\raw\TNRERA\2026\TNRERA_29_BLG_0229_2026.pdf,AVALON,"PROPOSED CONSTRUCTION OF NON HIGH RISE BUILDING (NHRB) CONSISTING OF STILT FLOOR (PARKING) + 5 FLOORS RESIDENTIAL BUILDING WITH 28 DWELLING UNITS AT AVAILING WITH AT DOOR NO:46, NELSON MANICKAM ROAD, AMINJIKARAI, CHENNAI-600029. COMPRISED IN OLD S.NO.9/5 Part 9/7 Part, AND T.S.NO. 4/4,10,11,12, BLOCK NO:7 OF VADA AGARAM VILLAGE, AMINJIKARAI TALUK WITHIN THE LIMITS OF GREATER CHENNAI CORPORATION, DIVISION-107 ZONE-VIII",Non-High Rise Building (NHRB),Residential,2137.50,28,Under Construction,30/11/2028,13.70603,80.223265,29,4,4,339507500,160492500,-,500000000,0.00,4258.25,-,[],[],['Chennai'],
V:\Project\Project_Stick\data_source\raw\TNRERA\2026\TNRERA_29_BLG_0230_2026.pdf,Ramya Enclave,Residential Building,Non-High Rise Building (NHRB),Residential,557.41,10,Completed,,13.0477727,80.2389767,7,4,1,145765000,50026000,-,195791000,0.00,1449.20,-,[],[],['Chennai'],
V:\Project\Project_Stick\data_source\raw\TNRERA\2026\TNRERA_29_BLG_0233_2026.pdf,YARA AVANTE,"Plot No.131, New Door No.21, Old Door No.9, 3rd Main Road, Kasturba Nagar, Adayar, Chennai 600020, comprised in T.S.No.71/2 & 72, Block No.38 of Kottur Village and T.S.No.8/2 & 9, Block No.14 of Pallipattu Village within the limits of Greater Chennai Corporation",Non-High Rise Building (NHRB),Residential,726.50,10,Not Yet Started,30/06/2031,130018.2,801509.9,20,0,2,228900000,190000000,-,418900000,0.00,2018.90,-,[],[],['Chennai'],
V:\Project\Project_Stick\data_source\raw\TNRERA\2026\TNRERA_29_BLG_0241_2026.pdf,ADITYARAM PALACE CITY PARADISE,"No.50, East Coast Road, Adityaram Nagar, Panaiyur, Chennai",High Rise Building (HRB),Residential,14316.73,54,Not Yet Started,18/04/2028,125334.2,801435.2,0,102,0,1017132083,5325824,-,1022457907,0.00,14316.73,0.00,[],[],['Chennai'],
V:\Project\Project_Stick\data_source\raw\TNRERA\2026\TNRERA_29_BLG_0249_2026.pdf,HARMONY,"OLD S. NO. 163/2, NEW S. NO. 163/2C, NANDAMBAKKAM VILLAGE, GREATER CHENNAI CORPORATION",Non-High Rise Building (NHRB),Residential,585.28,14,Not Yet Started,06/05/2031,13.024545,80.201133,13,4,2,23760000,37112500,-,60872500,0.00,1521.55,-,[],[],['Chennai'],
V:\Project\Project_Stick\data_source\raw\TNRERA\2026\TNRERA_29_BLG_0250_2026.pdf,MARUTHAM AVANA BLOCK - B,"SUB DIVIDED PLOT NO.B, ST. MARY'S STREET, ATHIPATTU, CHENNAI - 600 058, COMPRISED IN OLD SURVEY NO. 520/4, T.S.NO.25/2, BLOCK NO.4, WARD NO. G OF ATHIPATTU VILLAGE, AMBATTHUR TOWN, AMBATTHUR TALUK, CHENNAI DIST",Non-High Rise Building (NHRB),Residential,951.11,14,Under Construction,30/09/2028,13.094881,80.150567,20,0,2,50000000,92000000,-,142000000,0.00,1878.43,20.13,[],[],['Chennai'],
V:\Project\Project_Stick\data_source\raw\TNRERA\2026\TNRERA_29_BLG_0255_2026.pdf,MARUTHAM AVANA BLOCK - A,"PLOT NOS. A & BUFFER AREA & NO DEVELOPEMENT AREA, ST MARY'S STREET, ATHIPATTU, CHENNAI - 600 058, COMPRISED IN OLD SURVEY NOS.520/4, T.S.NO.25/2, BLOCK NO.4, WARD NO.G, ATHIPATTU VILLAGE, AMBATTHUR TOWN, AMBATTHUR TALUK, CHENNAI DIST",Non-High Rise Building (NHRB),Residential,1333.25,15,Not Yet Started,30/09/2028,13.094918,80.150643,19,0,2,70000000,96000000,-,166000000,0.00,1983.10,-,[],[],['Chennai'],
V:\Project\Project_Stick\data_source\raw\TNRERA\2026\TNRERA_29_BLG_0261_2026.pdf,Olympia VBC Crown,Commercial Office Building Development,High Rise Building (HRB),Commercial,1748.50,,Under Construction,31/08/2026,13.045424602187293,80.24041181324488,40,17,0,565480526,238538058,-,804018584,0.00,0.00,5677.18,[],[],['Chennai'],Total_Dwelling_Units
V:\Project\Project_Stick\data_source\raw\TNRERA\2026\TNRERA_29_BLG_0266_2026.pdf,"""ARTHA 30""","SURVEY NO: 296/10 and 296/2A1B of Kottivakkam Village, Sholinganallur Taluk, Greater Chennai Corporation.",Non-High Rise Building (NHRB),Commercial,660,,Under Construction,20/04/2031,125812.6,801536.1,24,2,3,65000000,130000000,-,195000000,0.00,0.00,1688.89,[],[],['Chennai'],Total_Dwelling_Units
V:\Project\Project_Stick\data_source\raw\TNRERA\2026\TNRERA_29_BLG_0281_2026.pdf,- https://rera.tn.gov.in/public-view2/building/pfirm/11e223b0-6010-11f1-8ca2-03e940506bfa,"PLAN SHOWING THE PROPOSED CONSTRUCTION OF STILT FLOOR + 5 FLOORS RESIDENTIAL BUILDING ( 18.29m HEIGHT) WITH 15 DWELLING UNITS AVAILING PREMIUM FSI WITH TOD BENEFITS AT OLD DOOR NO:18, NEW DOOR NO:69, ( AS PER REVENUE RECORD NEW DOOR NO: 64),V.O.C NAGAR MAIN ROAD ( VOC NAGAR 2nd STREET )& 2nd LANE,ANNA NAGAR EAST, CHENNAI-600 102. COMPRISED IN OLD T.SNO: 46 &53, NEW T.S.NO: 53/15, BLOCK NO-12 OF AYANAVARAM VILLAGE , WITHIN THE LIMITS OF GREATER CHENNAI CORPORATION DIVISION : 101 ZONE:08",Non-High Rise Building (NHRB),Residential 1/9,524,15,Under Construction,30/04/2027,13.08792,80.22511,6,7,1,112000000,54000000,-,166000000,0.00,1396.84,0.00,[],[],['Chennai'],
V:\Project\Project_Stick\data_source\raw\TNRERA\2026\TNRERA_29_BLG_0282_2026.pdf,MALAINUR MATHANGI,"At Plot No: 146, Old Door No: 63/9 , New Door No: 19, Gajapathy Street, (Gajapathy Naidu Street) LakshmiPuram, Shenoy Nagar Aminjilkarai ,Chennai, Comprised in Old S.NO: 34/9, and T.S.No: 61, Block No:20, Ward -01 of Aminjikarai Village within the limits of Greater Chennai Corporation",Non-High Rise Building (NHRB),Residential,506.87,10,Under Construction,22/12/2028,13.076692618689307,80.22834658309206,5,5,1,30341025.00,45000000,-,75341025,0.00,1316.91,-,[],[],['Chennai'],
V:\Project\Project_Stick\data_source\raw\TNRERA\2026\TNRERA_29_BLG_0288_2026.pdf,LIVIN 6.6,"Residential Building at Plot No: 7A-1, 9, 20, 21, 22, Comprised in S.No: 955/2, 958/1, 958/2, 960, 961, 962, 963, T.S. No: 102/3, 102/5, Block No-23, Ward-B of Aringer Anna Street, Alex Nagar, Madhavaram Village, Madhavaram Taluk, Greater Chennai Corporation, Division: 25, Zone-03.",Non-High Rise Building (NHRB),Residential,885.77,9,Not Yet Started,14/07/2030,13.148549,80.235181,10,0,0,67000000,59000000,-,126000000,0.00,1585.85,-,[],[],['Chennai'],
V:\Project\Project_Stick\data_source\raw\TNRERA\2026\TNRERA_29_BL_G0027_2026.pdf,TULIVE ROSENDALE,"New Door No.42, Old Door No.50, PLOT NO 6, Beach Road, Kalakshetra Colony, Besant Nagar, Thiruvanmiyur, Chennai – 600 090",Non-High Rise Building (NHRB),Residential,893.71,10,Not Yet Started,31/12/2029,12.993427511937178,80.26425770210388,27,0,2,323284590,140585792,-,463870382,0.00,2493.45,-,[],[],['Chennai'],
V:\Project\Project_Stick\data_source\raw\TNRERA\2026\TNRERA_2_BLG_0160_2026.pdf,-,"S.Nos.3/1, 4/1 & 2 of Kakapallam Village, T.S. Nos.44/2, 44/3, 45/1 & 46/2, Block No. 81, Ward -E of Ambathur Town, Ambathur Taluk, Thiruvallur District.",High Rise Building (HRB),Commercial,22572,,Under Construction,31/03/2026,130604.9,801118.8,127,558,0,500000000,1000000000,-,1500000000,0.00,0.00,52491.00,[],[],['Tiruvallur'],Total_Dwelling_Units
V:\Project\Project_Stick\data_source\raw\TNRERA\2026\TNRERA_2_BLG_0220_2026.pdf,SHRIRAM SWARGAM,"S.NO.399/1A, 1B, 1C, 1D,1E, 1F & 3B AND 418/1A, 1B, 1C & 1D2 OF KUTHAMBAKKAM VILLAGE, THIRUALLUR DISTRICT, WITHIN THE LIMITS OF POONAMALLE PANCHAYAT UNION",High Rise Building (HRB),Mixed Development,35912.79,429,Not Yet Started,14/12/2029,800126.8,130251.0,30,175,736,122722081,1020252200,-,1142974281,0.00,40199.69,0.00,[],[],['Tiruvallur'],
V:\Project\Project_Stick\data_source\raw\TNRERA\2026\TNRERA_30_BLG_0054_2026.pdf,G square Pristine Icon 3,"Residential Building in L.P/DTCP No.02/2022-Plot No 63,64 -",Non-High Rise Building (NHRB),Residential,547.57,12,Not Yet Started,20/12/2027,12.689907,77.817204,8,0,2,244981050,38288878,-,283269928,0.00,1086.90,-,[],[],['Krishnagiri'],
V:\Project\Project_Stick\data_source\raw\TNRERA\2026\TNRERA_30_BLG_0118_2026.pdf,S R HABITAT,"PLOT Nos: 1,2 & 3, S.F.No: 547/2A1A1A1APt, 548/1A1A1APt & 551/1A1A1Pt, LAYOUT APPROVAL No : L.P/H.N.T.D.A No: 95/2023 & L.P/PP/H.N.T.D.A No: 34/2023 OF ""SR ENCLAVE"", AT ONNALAVADI VILLAGE & PANCHAYAT, HOSUR TALUK, KRISHNAGIRI DISTRICT.",Non-High Rise Building (NHRB),Residential,876,16,Under Construction,05/11/2030,12.804929,77.843611,12,0,1,14500000,51500000,-,66000000,0.00,1724.64,0.00,[],[],['Krishnagiri'],
V:\Project\Project_Stick\data_source\raw\TNRERA\2026\TNRERA_35_BLG_0045_2026.pdf,ROHAAN CREST,"S.NO.366/1B1B, VENGAIVASAL VILLAGE, TAMBARAM TALUK, CHENGALPATTU",Non-High Rise Building (NHRB),Commercial,673.00,,Not Yet Started,13/11/2033,12.904733,80.185084,17,2,2,60000000.00,89977375.00,-,149977375,0.00,0.00,1961.21,[],[],['Chengalpattu'],Total_Dwelling_Units
V:\Project\Project_Stick\data_source\raw\TNRERA\2026\TNRERA_35_BLG_0058_2026.pdf,SILVERSKY - THE ONE PERUNGALATHUR,"S. No.449/2, 450/1B1A & 450/1C1 of Nedungundram village, Vandalur Taluk, Chenglepet District.",High Rise Building (HRB),Residential,9756.00,168,Not Yet Started,31/12/2030,12.889510,80.119680,210,0,12,210000000,710000000,-,920000000,0.00,22174.67,919.28,[],[],['Chengalpattu'],
V:\Project\Project_Stick\data_source\raw\TNRERA\2026\TNRERA_35_BLG_0065_2026.pdf,THE MADRAS PAVILION PH I https://rera.tn.gov.in/public-view2/building/pfirm/f0173060-d12e-11f0-8369-35bfc2e3f1ae,"All that piece and parcel of the Vacant Plots bearing Plot Numbers 9, 33, 46 to 61, 65, 79, 83 to 101admeasuring an extent of 36091 Sqft/ 3392.95comprised in Survey Nos. 205/2A & 3A, with Patta No. 3958situated in the Layoutapproved by the Assistant Director T&CP,Chengalpattu vide Layout No. 248 2024 by letter No. X9X3U1B0/2024/TCP/2024/TCP dated 15.11.2024 and by Executive Officer, ThiruporurSpl.Grade Town Panchayatvide Letter No. 758/2024, dated 04/04/2025situated in Thiruporur Village, ThiruporurTaluk, Chengalpet District, and within the Registration District of Chengalpattu and Sub Registration District of Thiruporur.",Non-High Rise Building (NHRB),Residential 1/8,3352.95,38,Not Yet Started,29/10/2030,12.836137,79.706653,0,38,0,162409500,150045000,-,312454500,,,,[],[],['Chengalpattu'],FSI_Other_Residential
V:\Project\Project_Stick\data_source\raw\TNRERA\2026\TNRERA_35_BLG_0085_2026.pdf,CASAGRAND GLENMERE,"Proposed Construction of Residential Non High Rise Building Villa No.1 to 110 Consists of Ground Floor + First Floor, comprised in Survey Nos. 1009/12A, 1009/12B, 1009/12C, 1009/12D, 1009/12E, 1009/12F, 1009/13A, 1009/13B, 1009/13C, 1009/14, 1009/17A, 1009/17B, 1010/1, 1010/2, 1010/3, 1011/1, 1011/2, 1011/3, 1439/2C, 1439/2D, 1439/3A1 & 1439/3B of Thaiyur B Village, Thiruporur Taluk, Chengalpet District. Totally 110 D/U, with Amenity Block to Residential Building Consists of Ground Floor with Swimming Pool on the First Floor Level Comprised in Survey Nos.1009/12A, 1009/12B, 1009/12C1 & 1009/13A3, In DTCP Approved Layout No: L.P/MLPA No. 289/2025 Dated:05.11.2025, of Thaiyur B Village, Thiruporur Taluk , Chengalpattu District.",Non-High Rise Building (NHRB),Residential,25474.98,110,Not Yet Started,28/02/2028,12.75716,80.183286,81,79,0,220000000,880000000,-,1100000000,0.00,16397.66,592.77,[],[],['Chengalpattu'],
V:\Project\Project_Stick\data_source\raw\TNRERA\2026\TNRERA_35_BLG_0112_2026.pdf,LUXE BY DAC,"S.No. 246/6A1, 246/6B1, 246/6B1 & 246/6B2 of Perungalathur Village within the limit of Tambaram Municipal Corporation",Non-High Rise Building (NHRB),Residential,2424.49,58,Not Yet Started,31/01/2030,12.919266,80.085933,52,6,4,66500000,207935100,-,274435100,0.00,6406.52,208.77,[],[],['Chengalpattu'],
V:\Project\Project_Stick\data_source\raw\TNRERA\2026\TNRERA_35_BLG_0115_2026.pdf,"""DRA Marina 100""","SURVEY NO: 13/1A (NOW SUB-DIVIDED AS 13/1A1, 13/1A2 & 13/1A3) of EGATTUR Village, THIRUPORUR Taluk, CHENGALPATTU District.",High Rise Building (HRB),Residential,25130.90,100,Under Construction,05/02/2031,12.835668,80.230577,80,20,0,230000000,462500000,-,692500000,0.00,14131.61,-,[],[],['Chengalpattu'],
V:\Project\Project_Stick\data_source\raw\TNRERA\2026\TNRERA_35_BLG_0126_2026.pdf,SRISHTI ANANDHAM,"Survey no.314/17B,Thiruneermalai village,pallavaram taluk & Chengalpattu district.",Non-High Rise Building (NHRB),Residential,663.6,15,Under Construction,31/12/2026,12.958102,80.131198,12,2,0,18850000,74055000,-,92905000,0.00,1322.52,-,[],[],['Chengalpattu'],
V:\Project\Project_Stick\data_source\raw\TNRERA\2026\TNRERA_35_BLG_0130_2026.pdf,TULIVE FLORA,"MUDICHUR VILLAGE, TAMBARAM TALUK, CHENGALPET DISTRICT",Non-High Rise Building (NHRB),Residential,1905,45,Not Yet Started,31/03/2029,12906291,80068139,39,0,4,145000000,103940713,-,248940713,0.00,4886.30,-,[],[],['Chengalpattu'],
V:\Project\Project_Stick\data_source\raw\TNRERA\2026\TNRERA_35_BLG_0144_2026.pdf,SAGAR THE ONE,"Plot No. 29, 30, 35 & 36, (CMDA Approved Layout – 132/1990) Indira Priyadarshini Nagar Annexe, Perumbakkam, Chennai – 600 100, Comprised in Old S.No. 455/1A1A2 (Document), New S.No. 455/1A1A2A, 455/27 & 455/26 (Patta) of Perumbakkam Village within the limit of St. Thomas Mount Panchayat Union",Non-High Rise Building (NHRB),Residential,700,20,Under Construction,17/07/2033,12.903594,80.207420,10,2,0,45000000,65000000,-,110000000,0.00,1817.90,-,[],[],['Chengalpattu'],
V:\Project\Project_Stick\data_source\raw\TNRERA\2026\TNRERA_35_BLG_0146_2026.pdf,THE LORD'S BY DAC,"Proposed house sites with 125 Plots 4 Owner Use + 4 Commercial Site comprised in S.NO: 217/5, 6, 7A, 7B,8, 9, 10, 11A, 11B, 12, 13, 14, 15A, 15B, 16, 17, 18, 19, 218/1, 2, 3A, 3B, 4, 5, 6, 7A, 7B, 9, 10, 11A, 11B, 12, 13, 14, 15, 16, 17, 18, 19A, 19B, 20, 21, 22A, 22B, 23, 24, 220/1, 2, 3, 4, 5, 6, 11A, 11B, 12 & 13 of pudupakkam village and panchayat, thiruporur panchayat union, vandalur taluk of Chengalpattu District.",Non-High Rise Building (NHRB),Residential,22900,114,Under Construction,30/03/2031,12.813911,80.205422,141,0,0,350000000,677280000,-,1027280000,0.00,16534.75,-,[],[],['Chengalpattu'],
V:\Project\Project_Stick\data_source\raw\TNRERA\2026\TNRERA_35_BLG_0147_2026.pdf,Aurum Villa Phase 3,4 & 5 BHK RESIDENTIAL VILLA,Non-High Rise Building (NHRB),Residential,22973,92,Not Yet Started,30/09/2033,124825.3,801238.5,0,92,10,88050000,1074665260,-,1162715260,0.00,14900.80,-,[],[],['Chengalpattu'],
V:\Project\Project_Stick\data_source\raw\TNRERA\2026\TNRERA_35_BLG_0168_2026.pdf,RISHI - PHASE I,"Group Development - Residential Building, at Chengalpattu District – Thirukazhukundram Taluk and Panchayat Union, Kadambadi Panchayat – Melakuppam Village – SF.Nos. 34/4C1A, 34/4C2, 34/5A1, 34/5B, 35/5A1 & 35/5B1 – Site area of 46053.23 Sq.m. – FSI area of 11756.23 sq.m – 7 Blocks",Non-High Rise Building (NHRB),Mixed Development,13008.94,130,Not Yet Started,31/12/2028,12.6041130,80.1242730,82,5,4,67000000,601581900,-,668581900,0.00,11437.03,319.20,[],[],['Chengalpattu'],
V:\Project\Project_Stick\data_source\raw\TNRERA\2026\TNRERA_35_BLG_0187_2026.pdf,SHRIRAM GREEN MEADOWS,"Sf.No.16/4A, 89/4A and 95/4, Perumattunallur village, vandalure taluk, Chengalpattu District",High Rise Building (HRB),Residential,146160.07,462,Not Yet Started,27/10/2030,12.814055,80.081573,1807,422,208,488929000,320000000,-,808929000,6729.27,11991.91,0.00,[],[],['Chengalpattu'],
V:\Project\Project_Stick\data_source\raw\TNRERA\2026\TNRERA_35_BLG_0192_2026.pdf,BLISS TOWER (TOWER A1-A2),LUXURIOUS HIGH RISE 2 & 3 BHK RESIDENTIAL APARTMENTS,High Rise Building (HRB),Residential,296834.44,302,Not Yet Started,31/12/2030,124825.9,801257.4,207,10,0,608000000,1381378000,-,1989378000,0.00,29684.30,-,[],[],['Chengalpattu'],
V:\Project\Project_Stick\data_source\raw\TNRERA\2026\TNRERA_35_BLG_0201_2026.pdf,GURU AISHWARYA APARTMENTS,"142/1C, TELLUS AVENUE, RAJAKILPAKKAM",Non-High Rise Building (NHRB),Residential,1215.53,35,Not Yet Started,31/03/2030,12.915315,80.161805,22,5,3,62780000,114004340,-,176784340,0.00,3247.19,-,[],[],['Chengalpattu'],
V:\Project\Project_Stick\data_source\raw\TNRERA\2026\TNRERA_35_BLG_0215_2026.pdf,JONES AURORA,Construction of Residential Cum Commercial Group Development Comprising of 13 Blocks,Non-High Rise Building (NHRB),Mixed Development,14325.87,61,Under Construction,20/02/2031,125217.0,801129.9,78,4,8,289750000,457950000,-,747700000,0.00,11343.57,1031.46,[],[],['Chengalpattu'],
V:\Project\Project_Stick\data_source\raw\TNRERA\2026\TNRERA_35_BLG_0237_2026.pdf,RHYTHM BY DAC (VILLAS),"S.Nos.568/3B2, 568/4A1 & 568/4A2 of Madambakkam Village, Tambaram Taluk, Chengalpattu District, Tambaram Corporation Limits.",Non-High Rise Building (NHRB),Residential,2780,17,Not Yet Started,30/06/2031,12.893177,12.893177,20,1,0,55000000,125000000,-,180000000,0.00,2450.00,200.00,[],[],['Chengalpattu'],
V:\Project\Project_Stick\data_source\raw\TNRERA\2026\TNRERA_35_BLG_0244_2026.pdf,Archana Flats,"Plot Nos. 1 and 2, Comprised in Survey No.60/2A1B, Ninnaikarai Village, Chengalpet Taluk, Chengalpet District",Non-High Rise Building (NHRB),Residential,700,24,Not Yet Started,31/12/2030,12.48241,80.02221,16,0,0,4275000,61275000,-,65550000,0.00,1866.00,0.00,[],[],['Chengalpattu'],
V:\Project\Project_Stick\data_source\raw\TNRERA\2026\TNRERA_35_BLG_0256_2026.pdf,MEERA’S LANDMARK,"Plot No.20, Ottiyambakkam Main Road,",Non-High Rise Building (NHRB),Residential,2830.00,69,Under Construction,31/12/2030,12.879367,80.192402,51,2,7,120000000,230000000,-,350000000,0.00,6123.82,-,[],[],['Chengalpattu'],
V:\Project\Project_Stick\data_source\raw\TNRERA\2026\TNRERA_35_BLG_0271_2026.pdf,Enchante Apartments Phase 2,2 & 3 BHK RESIDENTIAL APARTMENTS,High Rise Building (HRB),Residential,9792,252,Not Yet Started,31/12/2030,125008.8,801235.0,85,97,11,39559000,1190241000,-,1229800000,0.00,26811.12,-,[],[],['Chengalpattu'],
V:\Project\Project_Stick\data_source\raw\TNRERA\2026\TNRERA_3_BLG_0246_2026.pdf,JAYALAKSHMI APARTMENTS,"S.F.No: 495/34,495/ 34A,495/46,495/46A. with site extent: 950.00 Sq.m, FSI Area:1939.20 Sq.m, Layout No: 316/ 2018.Vadakuthu Village Plot No-U, Kurinjipadi Taluk, Cuddalore District,Tamilnadu State.",High Rise Building (HRB),Residential,950.00,20,Not Yet Started,31/12/2029,11.625198,79.551704,17,0,2,45100000,81500000,-,126600000,0.00,1939.20,-,[],[],['Cuddalore'],
V:\Project\Project_Stick\data_source\raw\TNRERA\2026\TNRERA_5_BLG_0030_2026.pdf,RESIDENTIAL HOUSE,RESIDENTIAL APARTMENT,Non-High Rise Building (NHRB),Residential,646.60,15,Under Construction,31/05/2029,12.952803,79.140012,7,4,1,45100000,41000000,-,86100000,0.00,1288.85,-,[],[],['Vellore'],
V:\Project\Project_Stick\data_source\raw\TNRERA\2026\TNRERA_5_BLG_0264_2026.pdf,SM RAJ TOWERS,"T.S.No.142[old S.F.No.153(Pt)], Approved Layout No. 89/49, Plot No. A2/88 of Kalinjur Village, Vellore City Municipal Corporation, Katpadi Taluk, Vellore District",Non-High Rise Building (NHRB),Residential,646.59,15,Not Yet Started,04/05/2031,12.956000,79.139962,14,0,1,30000000,40000000,-,70000000,0.00,1288.65,-,[],[],['Vellore'],
V:\Project\Project_Stick\data_source\raw\TNRERA\2026\TNRERA_7_BLG_0262_2026.pdf,METROPLOE - PUSHPA VIHAR,Apartment Building,Non-High Rise Building (NHRB),Residential,617.20,9,Under Construction,24/09/2030,11.676617,78.144727,12,0,2,7307500,40848000,-,48155500,0.00,1564.97,-,[],[],['Salem'],
