Source_File,Project_Name,Project_Details,Type_of_Building,Usage,Site_Extent_Sqm,Total_Dwelling_Units,Stage_of_Construction,Project_Completion_Date,Latitude,Longitude,Covered_Parking,Open_Parking,Visitor_Parking,Land_Cost,Construction_Cost,Other_Cost,Total_Project_Cost,FSI_LIG_Residential,FSI_Other_Residential,FSI_Commercial,Heights_m,Floor_mentions,Districts,_missing_fields
V:\Project\Project_Stick\data_source\raw\TNRERA\2024\TN_10_Building_0519_2024.pdf,CRT Magilagam,"Ward-E,Block-21,TS No.2/3,Periyar Nagar,Erode Tk & Dt.",Non-High Rise Building (NHRB),Residential,1149.22,30,Under Construction,18/09/2028,11.335912,77.725072,22,6,3,24731214,111271043,16491620,152493877,0.00,3150.00,-,[],[],['Erode'],
V:\Project\Project_Stick\data_source\raw\TNRERA\2024\TN_11_Building_0301_2024.pdf,Mayflower East Gate,"Old S.F.No.418/2pt,New T.S.No.5/1,Block.07,Ward No.Z(26) of Vilankurichi Village,Coimbatore District",High Rise Building (HRB),Residential,2230.00,42,Under Construction,31/12/2026,11.2192,77.1134,27,15,42,80000000,230000000,15982769,325982769,-,6260.08,-,[],[],['Coimbatore'],
V:\Project\Project_Stick\data_source\raw\TNRERA\2024\TN_11_Building_0331_2024.pdf,CASAGRAND ALPINE,"proposed construction of Residential Group Development consisting of 144 Units and Club House - Stilt Floor + 5 Upper Floors , comprised in SF No 398/2A2, 444/3A, 444/6, Annur Taluk, Keeranatham village, Coimbatore District",Non-High Rise Building (NHRB),Residential,5672.98,144,Not Yet Started,30/04/2029,110616.1,765959.1,97,2,2,12212576,203202738,23029644,238444958,-,11986.17,599.16,[],"[{'block': None, 'base_level': 'Stilt', 'floor_segments': ['5 Upper Floors'], 'total_floors_above_base': 5}]",['Coimbatore'],
V:\Project\Project_Stick\data_source\raw\TNRERA\2024\TN_11_Building_0341_2024.pdf,TIARA,"S.F.NO:370/3,CHINNAVEDAMPATTI,COIM BATORE-641049",Non-High Rise Building (NHRB),Residential,1133,22,Under Construction,31/12/2029,110530.7,765828.1,24,0,2,3659100,30000000,2917400,36576500,-,2913.67,-,[],[],['Coimbatore'],
V:\Project\Project_Stick\data_source\raw\TNRERA\2024\TN_11_Building_0344_2024.pdf,PNR MODERNA,"SF NO 129/4B, RANI GARDEN, 3RD STREET,SINGANALLUR VILLAGE,COIMBATORE-641016",Non-High Rise Building (NHRB),Residential,719.99,14,Under Construction,28/02/2027,11.006265,77.042583,16,0,0,26016000,43747218,11130881,80894099,-,1818.3,-,[],[],['Coimbatore'],
V:\Project\Project_Stick\data_source\raw\TNRERA\2024\TN_11_Building_0346_2024.pdf,SHRESTHA VILLAS https://rera.tn.gov.in/public-view2/building/pfirm/80a61310-f764-11ee-8e6b-99b0290eb824,"Block1: Ground Floor + 1st Floor with 4 Villas, Block 2:Ground Floor + 1st Floor with 11 Villas, Block 3:Ground Floor + 1st Floor with 11 Villas, Block 4:Ground Floor + 1st Floor with 11 Villas, Block 11:Ground Floor + 1st Floor with 09 Villas, Block 12:Ground Floor + 1st Floor with 09 Villas, Block 17:Ground Floor + 1st Floor with 09 Villas, Block 18:Ground Floor + 1st Floor with 09 Villas, Block 23:Ground Floor + 1st Floor with 09 Villas, Block 24:Ground Floor + 1st Floor with 09 Villas, Block 27:Ground Floor + 1st Floor with 12 Villas, Block 28:Ground Floor + 1st Floor with 09 Villas, Block 29:Ground Floor + 1st Floor with 09 Villas, Block 30:Ground Floor + 1st Floor with 09 Villas, Block 31:Ground Floor + 1st Floor with 09 Villas, Block 32:Ground Floor + 1st Floor with 12 Villas, Block 33:Ground Floor + 1st Floor with 09 Villas, Block 34:Ground Floor + 1st Floor with 09",Non-High Rise Building (NHRB),Residential 1/8,81550,400,Under Construction,30/11/2024,10.511,10.574,246,0,0,1200000000,0,0,1200000000,-,16100,-,[],"[{'block': 'Block 2', 'base_level': 'Ground', 'floor_segments': ['1st Floor'], 'total_floors_above_base': 1}, {'block': 'Block 3', 'base_level': 'Ground', 'floor_segments': ['1st Floor'], 'total_floors_above_base': 1}, {'block': 'Block 4', 'base_level': 'Ground', 'floor_segments': ['1st Floor'], 'total_floors_above_base': 1}, {'block': 'Block 11', 'base_level': 'Ground', 'floor_segments': ['1st Floor'], 'total_floors_above_base': 1}, {'block': 'Block 12', 'base_level': 'Ground', 'floor_segments': ['1st Floor'], 'total_floors_above_base': 1}, {'block': 'Block 17', 'base_level': 'Ground', 'floor_segments': ['1st Floor'], 'total_floors_above_base': 1}, {'block': 'Block 18', 'base_level': 'Ground', 'floor_segments': ['1st Floor'], 'total_floors_above_base': 1}, {'block': 'Block 23', 'base_level': 'Ground', 'floor_segments': ['1st Floor'], 'total_floors_above_base': 1}, {'block': 'Block 24', 'base_level': 'Ground', 'floor_segments': ['1st Floor'], 'total_floors_above_base': 1}, {'block': 'Block 27', 'base_level': 'Ground', 'floor_segments': ['1st Floor'], 'total_floors_above_base': 1}, {'block': 'Block 28', 'base_level': 'Ground', 'floor_segments': ['1st Floor'], 'total_floors_above_base': 1}, {'block': 'Block 29', 'base_level': 'Ground', 'floor_segments': ['1st Floor'], 'total_floors_above_base': 1}, {'block': 'Block 30', 'base_level': 'Ground', 'floor_segments': ['1st Floor'], 'total_floors_above_base': 1}, {'block': 'Block 31', 'base_level': 'Ground', 'floor_segments': ['1st Floor'], 'total_floors_above_base': 1}, {'block': 'Block 32', 'base_level': 'Ground', 'floor_segments': ['1st Floor'], 'total_floors_above_base': 1}, {'block': 'Block 33', 'base_level': 'Ground', 'floor_segments': ['1st Floor'], 'total_floors_above_base': 1}, {'block': 'Block 34', 'base_level': 'Ground', 'floor_segments': ['1st Floor'], 'total_floors_above_base': 1}]",['Coimbatore'],
V:\Project\Project_Stick\data_source\raw\TNRERA\2024\TN_11_Building_0353_2024.pdf,ADHYA,"Adhya, SF.NO:577/1B2A, Chinnavedampatti Village, Coimbatore North Taluk, Coimbatore Corporation, Coimbatore District.",Non-High Rise Building (NHRB),Residential,5046.84,200,Not Yet Started,01/01/2026,11.04304,76.59039,95,0,13,54450000,835820000,3000000,893270000,-,14025.1,-,[],[],['Coimbatore'],
V:\Project\Project_Stick\data_source\raw\TNRERA\2024\TN_11_Building_0361_2024.pdf,REGAL VILLAS,Villa ( Group development),Non-High Rise Building (NHRB),Residential,2348.94,18,Not Yet Started,15/03/2029,11.004030,77.024250,0,19,3,75851295,60624219,12000000,148475514,-,2022.35,-,[],[],['Coimbatore'],
V:\Project\Project_Stick\data_source\raw\TNRERA\2024\TN_11_Building_0363_2024.pdf,COROMANDEL ENCLAVE,"SF NO.398/1, WARD-34, BLOCK -1, TSNO.25/3B,UPPILIPALAYAM VILLAGE, COIMBATORE EAST, COIMBATORE",Non-High Rise Building (NHRB),Residential,10167.64,100,Under Construction,21/07/2026,1100485,7701380,64,12,00,120000000,152500000,44642575,317142575,-,5853.33,403.58,[],[],['Coimbatore'],
V:\Project\Project_Stick\data_source\raw\TNRERA\2024\TN_11_Building_0372_2024.pdf,Ananyas Nana Nani Homes Phase 9,Construction of residential Building,High Rise Building (HRB),Residential,36418.37,89,Not Yet Started,31/01/2029,11.054526,76.899453,178,143,22,301200000,1700000000,100000000,2101200000,-,22946.54,3460.0299999999997,[],[],['Coimbatore'],
V:\Project\Project_Stick\data_source\raw\TNRERA\2024\TN_11_Building_0382_2024.pdf,UNITD 49,3 BLOCKS-EACH BLOCK CONSISTS OF STILT+ FLOORS-TOTAL 190 UNITS- LOCATED IN CHINNAVEDAMPATTI VILLAGE,Non-High Rise Building (NHRB),Residential,8675,190,Not Yet Started,19/01/2032,11.079439,76.977709,147,1,0,200000000,519742460,23128090,742870550,-,17616.85,-,[],"[{'block': None, 'base_level': 'Stilt', 'floor_segments': [], 'total_floors_above_base': 0}]",['Coimbatore'],
V:\Project\Project_Stick\data_source\raw\TNRERA\2024\TN_11_Building_0400_2024.pdf,Tanny's Cauvery Comspace,Basement+Stilt+5 Floors of Professional Consulting (Commercial) Office at RS Puram.,Non-High Rise Building (NHRB),Commercial,928,,Not Yet Started,29/10/2025,11.015088,76.950905,22,0,2,34961500,78324000,7832400,121117900,-,-,2592,[],"[{'block': None, 'base_level': 'Basement', 'floor_segments': ['5 Floors'], 'total_floors_above_base': 5}]",['Coimbatore'],Total_Dwelling_Units
V:\Project\Project_Stick\data_source\raw\TNRERA\2024\TN_11_Building_0407_2024.pdf,ICONIC EMPORIUM,"Basement Floor 1 & 2, Ground Floor + 2nd Floor + Lobby Floor + Terrace Floor commercial Multiplex building (Shop & Theater) comprised in Old S.No.:233/2, Ts.No.: 5/5 & 5/7, Block No.: 29, Ward: AR, Kumarapalayam, Perur Taluk, Coimbatore Corporation.",Non-High Rise Building (NHRB),Commercial,3764.50,,Not Yet Started,09/05/2029,105903.0,765539.4,112,7,0,263549530,0,0,263549530,0.00,0.00,7919.48,[],[],['Coimbatore'],Total_Dwelling_Units
V:\Project\Project_Stick\data_source\raw\TNRERA\2024\TN_11_Building_0422_2024.pdf,SREEVATSA POORNA,"Sreevatsa Poorna, S.F.NO: 365/2F, Vellakinaru Road, War-002, North Zone, Coimbatore",Non-High Rise Building (NHRB),Residential,4277.40,15,Not Yet Started,23/01/2029,11043792,76584368,31,4,0,46042000,205000000,11888000,262930000,-,4368.73,359.33,[],[],['Coimbatore'],
V:\Project\Project_Stick\data_source\raw\TNRERA\2024\TN_11_Building_0424_2024.pdf,MR RESIDENCY,APARTMENT,Non-High Rise Building (NHRB),Residential,1317.5,45,Under Construction,22/09/2028,11.04634,76.93019,28,17,0,39000000,129132180,7043300,175175480,-,3612.17,-,[],[],['Coimbatore'],
V:\Project\Project_Stick\data_source\raw\TNRERA\2024\TN_11_Building_0429_2024.pdf,MAYFLOWER EMERALD,"T.S.No.68 BLOCK No.10,WARD No.AC(29)",High Rise Building (HRB),Residential,6220,116,Not Yet Started,23/05/2030,105958.5,770029.7,171,10,0,103238000,665000000,56000000,824238000,0.00,17416.00,-,[],[],['Coimbatore'],
V:\Project\Project_Stick\data_source\raw\TNRERA\2024\TN_11_Building_0434_2024.pdf,SREE DAKSHA 'S CALLIA,"OWN LAND TOTAL BLOCK ; A ,B & C TOTAL NO OF FLAT : 134 BLOCK- A & C NO OF FLATS-42 Dwellings ( STILT+ FIVE FLOOR) BLOCK- B NO OF FLATS- 50 Dwellings ( STILT+ FIVE FLOOR) AMENITIES: DRIVER TOILET , ELECTRICAL METER ROOM, R.O PUMP ROOM, GYM CLUB (STILT FLOOR)",High Rise Building (HRB),Residential,9654.00,134,Not Yet Started,31/07/2029,11.00410,76.52147,138,5,14,60000000,650000000,18300000,728300000,0.00,19017.61,-,[],"[{'block': 'BLOCK ; A ,B & C TOTAL NO OF FLAT', 'base_level': 'Stilt', 'floor_segments': ['FIVE FLOOR', 'FIVE FLOOR'], 'total_floors_above_base': 10}]",['Coimbatore'],
V:\Project\Project_Stick\data_source\raw\TNRERA\2024\TN_11_Building_0437_2024.pdf,Solitaire,"Residential Building (M/s Diamond City Developers India Private Limited) in Ts. No. 37/1 & 37/2B, Ward No. 44, Block No. 3, Kumarapalayam Village, Perur Taluk, Coimbatore District.",Non-High Rise Building (NHRB),Residential,12782.56,39,Not Yet Started,15/04/2032,11.000818,76.928997,51,75,12,20647455,260300400,19500000,300447855,-,11885.460000000001,-,[],[],['Coimbatore'],
V:\Project\Project_Stick\data_source\raw\TNRERA\2024\TN_11_Building_0446_2024.pdf,Elysium Celeste,"S+5, 3BHK & 4 BHK Resedential Flats",Non-High Rise Building (NHRB),Residential,750.50,9,Not Yet Started,31/05/2031,11.011821,76.954188,16,0,2,36800000,60000000,12000000,108800000,-,1702.45,-,[],"[{'block': None, 'base_level': 'Stilt', 'floor_segments': ['5'], 'total_floors_above_base': 5}]",['Coimbatore'],
V:\Project\Project_Stick\data_source\raw\TNRERA\2024\TN_11_Building_0467_2024.pdf,NIVASAN SWARNAPURAA,".F.No: 756/1B1D2, 758/3, 759/3A, 759/3B, 760/1A , 760/1B, 760/1C1, 760/1C2, 760/1D1 & 760/1D2 17 A indra nagar , civil aerodrome PO, Kalapatti Village East Goldwins, Coimbatore- 641014",Non-High Rise Building (NHRB),Residential,8152,19,Under Construction,31/10/2027,11.046649,77.04317,55,48,0,161153586,219375000,16377124,396905710,0.00,7587.32,521.19,[],[],['Coimbatore'],
V:\Project\Project_Stick\data_source\raw\TNRERA\2024\TN_11_Building_0474_2024.pdf,CASAGRAND COLOSSEUM,"Proposed Construction of Residential & Commercial Non High Rise Group Development Consists of 15 Blocks, Block 1 to 12A: Ground + First Floor + Second Floor, 13 D/U, Block 14: Combined Basement + Ground + 5 Upper Floors , 35 D/U, Totally 48 D/U With Swimming Pool on the Ground Level & Block 15 (Commercial Block): Combined Basement + Ground + 4 Upper Floors Comprised In T.S. No : 1/2, [Old S.No : 381 Pt], Ward No. AA, Block No. 2 of Sowripalayam Village, Coimbatore South Taluk, Coimbatore Corporation. Singanallur DD Plan No.19.",Non-High Rise Building (NHRB),Mixed Development,12704.00,48,Not Yet Started,15/06/2029,11.01315,76.59150,137,38,16,385213206,287166298,29766475,702145979,0.00,12386.27,3880.63,[],"[{'block': 'Block 1-12A', 'base_level': 'Ground', 'floor_segments': ['First Floor', 'Second Floor'], 'total_floors_above_base': 2}, {'block': 'Block 14', 'base_level': 'Combined Basement + Ground', 'floor_segments': ['5 Upper Floors'], 'total_floors_above_base': 5}, {'block': 'Block 15 (Commercial Block)', 'base_level': 'Combined Basement + Ground', 'floor_segments': ['4 Upper Floors'], 'total_floors_above_base': 4}]",['Coimbatore'],
V:\Project\Project_Stick\data_source\raw\TNRERA\2024\TN_11_Building_0477_2024.pdf,SWARNNA SRI SADAn,APARTMENT,Non-High Rise Building (NHRB),Residential,888.50,12,Under Construction,31/12/2025,11.009929,76.944785,23,0,3,33500000,74000000,0,107500000,2292.32,2292.32,0.00,[],[],['Coimbatore'],
V:\Project\Project_Stick\data_source\raw\TNRERA\2024\TN_11_Building_0478_2024.pdf,INFINIUM CRIMSON CREST,"Basement + Ground + 5 floors Residential Apartments in T.S Nos. 1/4, 1/5, 1/6, 1/7 of Ward No. Y (25), Block No. 17, (Old SF Nos.348/1 Part, 340/2C), Vilankurichi Village, Coimbatore North Taluk, Coimbatore Corporation (East)",Non-High Rise Building (NHRB),Residential,6070,130,Not Yet Started,16/07/2029,11.033624,77.012335,130,2,13,337500000,705000000,55000000,1097500000,0.00,15420.93,-,[],"[{'block': None, 'base_level': 'Ground', 'floor_segments': ['5 floors'], 'total_floors_above_base': 5}]",['Coimbatore'],
V:\Project\Project_Stick\data_source\raw\TNRERA\2024\TN_11_Building_0479_2024.pdf,MAGNUM CITY,Residential Apartments - Blocks A & B with Combined basement and two Blocks of A & B with Stilt + 5 Floors,Non-High Rise Building (NHRB),Residential,4856,160,Not Yet Started,30/05/2029,11.04005,77.01833,122,0,11,164014408,476138013,15920906,656073327,0.00,12557.45,-,[],"[{'block': None, 'base_level': 'Basement', 'floor_segments': ['5 Floors'], 'total_floors_above_base': 5}]",['Coimbatore'],
V:\Project\Project_Stick\data_source\raw\TNRERA\2024\TN_11_Building_0489_2024.pdf,Lifestyle Luxor,"Development of Residential Building in 0.30 acres of land situated at SF.No. 472PT Ward No. 37, Block No.3 T.S.No. .33/7 & 33/8 , SF.No. 472PT, Singanallur Village, Coimbatore East Zone, Coimbatore Dist. Tamil Nadu. The Project comprises of 24 Dwelling units.",Non-High Rise Building (NHRB),Residential,1217,24,Not Yet Started,31/08/2027,105924.9,770202.5,24,0,3,59700000,87220000,8000000,154920000,0.00,2995.28,-,[],[],['Coimbatore'],
V:\Project\Project_Stick\data_source\raw\TNRERA\2024\TN_11_Building_0495_2024.pdf,CASAGRAND ORCHARDS PHASE I,"Proposed Construction of Phase - I Non High Rise Group Development Consists of 2 Blocks with combined Basement, Block - A : Ground Floor + 5 Upper Floors, (143 D/U) Block B : Ground Floor (Part) + 5 Upper Floors, (64 D/U) Club House (Part) Ground Floor + 4 Upper Floors and Swimming Pool on the Ground Floor Level, Totally 207 D/U Comprised in S.No. 150/1A2B of Kannampalayam Village, Sulur Taluk, Coimbatore District.",Non-High Rise Building (NHRB),Residential,38525.75,207,Not Yet Started,28/08/2029,11.00271,77.06183,222,0,24,160000000,860000000,70000000,1090000000,0.00,23898.41,824.18,[],"[{'block': 'Block - A', 'base_level': 'Ground', 'floor_segments': ['5 Upper Floors'], 'total_floors_above_base': 5}, {'block': 'Block B', 'base_level': 'Ground', 'floor_segments': ['5 Upper Floors', '4 Upper Floors'], 'total_floors_above_base': 9}]",['Coimbatore'],
V:\Project\Project_Stick\data_source\raw\TNRERA\2024\TN_11_Building_0496_2024.pdf,LUXE TOWN,"G+1 floor Row house - Combination of Precast load bearing Shear walls , non load bearing precast walls , and columns of 3bhk type units",Non-High Rise Building (NHRB),Residential,4710.50,25,Not Yet Started,30/06/2029,11.05085,77.04292,50,2,0,177128910,183188391,9379229,369696530,0.00,4072.21,-,[],"[{'block': None, 'base_level': 'Ground', 'floor_segments': ['1 floor'], 'total_floors_above_base': 1}]",['Coimbatore'],
V:\Project\Project_Stick\data_source\raw\TNRERA\2024\TN_11_Building_0498_2024.pdf,ANTARA,"S.F.No.83/1C,1B2,1D2,1E2,94/1A,1B1A2 & 2A",Non-High Rise Building (NHRB),Residential,17583,36,Not Yet Started,31/12/2026,110524.4,770145.7,105,0,0,128775000,200000000,50000000,378775000,0.00,14430.10,548.97,[],[],['Coimbatore'],
V:\Project\Project_Stick\data_source\raw\TNRERA\2024\TN_11_Building_0500_2024.pdf,SREE DAKSHA'S NEFELI,"Proposed Residential Group Development Building Block : A,B,C,D and E – (Ground + First Floor) with 41 Dwelling and Block: F Apartment Building (Stilt + 5 Floors ) with 45 Units for M/S SREE DAKSHA PROPERTY DEVELOPERS (INDIA) PVT.,LTD. at SF.No: 1039/2A1,1039/2A2, 1039/2B1,1039/2B2,1039/2C,1040/4A and 1040/4B , Kalapatty Village (East), Coimbatore North Taluk, East Zone, Coimbatore corporation, Coimbatore District",Non-High Rise Building (NHRB),Residential,18024.13,86,Not Yet Started,31/10/2029,11.04571,77.02233,120,44,17,98100000,918800000,75000000,1091900000,0.00,16905.42,538.70,[],"[{'block': None, 'base_level': 'Ground', 'floor_segments': ['First Floor', '5 Floors'], 'total_floors_above_base': 6}]",['Coimbatore'],
V:\Project\Project_Stick\data_source\raw\TNRERA\2024\TN_11_Building_0506_2024.pdf,Dhiya's Mallisseri,"Ward No: 9, TS Block.2 T.S No: 23/48, Vivekanandha Road, Ram Nagar, Coimbatore",Non-High Rise Building (NHRB),Residential,824.50,15,Not Yet Started,31/05/2027,11.0148922,76.9589203,14,1,2,130000000,72500000,61000000,263500000,0.00,1985.58,-,[],[],['Coimbatore'],
V:\Project\Project_Stick\data_source\raw\TNRERA\2024\TN_11_Building_0507_2024.pdf,ARBOR,"Old T.S No : 1816 / 3Part, New T.S No : 1816 / 6, Ward No : 10 J, Block No : 30, Sowripalayam Village, Coimbatore Corporation",Non-High Rise Building (NHRB),Residential,990,12,Under Construction,30/12/2026,110004.1,765950.5,27,0,0,29530454,60000000,12177504.44,101707958,0.00,2269.96,-,[],[],['Coimbatore'],
V:\Project\Project_Stick\data_source\raw\TNRERA\2024\TN_11_Building_0515_2024.pdf,INFINIUM SKY 9,"Basement + Stilt + 9 floors Residential Apartments in S.F No. 733/4 at Veeriyamapalayam Road, Kalapatti Village, Coimbatore Corporation",High Rise Building (HRB),Residential,8777.55,216,Not Yet Started,12/09/2028,11.03,77.02,75,126,0,200000000,600000000,50000000,850000000,0.00,21818.38,-,[],"[{'block': None, 'base_level': 'Basement', 'floor_segments': ['9 floors'], 'total_floors_above_base': 9}]",['Coimbatore'],
V:\Project\Project_Stick\data_source\raw\TNRERA\2024\TN_11_Building_0516_2024.pdf,MARUTHAM STERLING HEIGHTS,"SF NO 156/1B, WARD NO (U)21, BLOCK NO 23, GANAPATHY NAGAR, GANAPATHY VILLAGE - T.S NO 12/2",Non-High Rise Building (NHRB),Residential,722.60,13,Not Yet Started,30/10/2026,11.033711,76.982126,10,7,2,9722500,62025000,100000,71847500,0.00,1790.93,45.52,[],[],['Coimbatore'],
V:\Project\Project_Stick\data_source\raw\TNRERA\2024\TN_11_Building_0520_2024.pdf,DAFFODILS,"S.F No : 378/1A4, SITE No : 185 To 188, SESI AVENUE EAST, KALAPTTY VILLAGE, COIMBATORE",Non-High Rise Building (NHRB),Residential,1036,15,Under Construction,31/07/2025,11.047464,77.029899,16,0,4,5975500,58000000,1926578,65902078,0.00,1811.93,-,[],[],['Coimbatore'],
V:\Project\Project_Stick\data_source\raw\TNRERA\2024\TN_11_Building_0525_2024.pdf,Dhiya's Sri Rangas,"Ward No: 10, T.S No: 802, Subramaniam Road, RS Puram, Coimbatore",Non-High Rise Building (NHRB),Residential,1003.34,19,Not Yet Started,31/05/2027,11.002355,76.9503024,19,1,2,158000000,112500000,74500000,345000000,0.00,2455.84,-,[],[],['Coimbatore'],
V:\Project\Project_Stick\data_source\raw\TNRERA\2024\TN_11_Building_0526_2024.pdf,SREEVATSA URBAN VILLAGE,"SF. NO. 527/1B2, 527/1C2,527/1D2, 541/2A2A, 541/2A3A & 541/3, CHINNAVEDAMPATTI VILLAGE, COIMBATORE NORTH TALUK, COIMBATORE - 641 049",Non-High Rise Building (NHRB),Residential,7400,97,Not Yet Started,21/02/2029,11.075749,76.980279,35,18,0,10649315,251886684,132302661,394838660,0.00,4382.01,0.00,[],[],['Coimbatore'],
V:\Project\Project_Stick\data_source\raw\TNRERA\2024\TN_11_Building_0534_2024.pdf,GUJAN'S PARIPALANA PHASE III,"-S.F.No.411/1B1B1, 411/1B1C1, 411/1B1D1, 411/1A2, 411/1A3 OF Veerakeralam village, Coimbatore District.",Non-High Rise Building (NHRB),Residential,2531.63,60,Under Construction,26/08/2032,78.45,80.56,50,0,5,478787000,548700,982100,480317800,0.00,5526.31,-,[],[],['Coimbatore'],
V:\Project\Project_Stick\data_source\raw\TNRERA\2024\TN_11_Building_0544_2024.pdf,RADIANCE RIVERWOODS,"The Proposed Construction of High Rise Residential Building Consists of 2 Towers with Combined Basement & Stilt; Tower- 1: Stilt Floor + 13 Upper Floors with 182 Dwelling Units; Tower- 2: Stilt Floor + 13 Upper Floors with 195 Dwelling Units and Combined with Club House: Stilt Floor + 4 Upper Floors with Gym, Indoor Games, SPA & Swimming pool on the First Floor Level. Totally 377 Dwelling units Comprised in T.S.Nos.12/2, 13/2 & 15/1 ( Old Survey Nos.226pt, 227pt & 228pt) in Block-1, Ward – AQ, South Zone, Kumarapalayam Village, Perur Taluk, Coimbatore District.",High Rise Building (HRB),Residential,12140.46,377,Not Yet Started,31/12/2029,10.9830331,76.9280985,519,35,34,358500000,629973000,-,988473000,0.00,38218.80,1237.55,[],"[{'block': None, 'base_level': 'Basement', 'floor_segments': ['13 Upper Floors', '13 Upper Floors', '4 Upper Floors', 'First Floor'], 'total_floors_above_base': 31}]",['Coimbatore'],
V:\Project\Project_Stick\data_source\raw\TNRERA\2024\TN_11_Building_0550_2024.pdf,BRINDAVAN RESIDENCY,"S.F.No: 533/3B of Kalikkanaicken Palayam Village, Perur Taluk, Coimbatore District, Tamil Nadu",Non-High Rise Building (NHRB),Residential,1598,45,Under Construction,30/06/2026,11.00102778,76.85244167,15,0,2,30000000,130000000,40000000,200000000,0.00,3501.20,-,[],[],['Coimbatore'],
V:\Project\Project_Stick\data_source\raw\TNRERA\2024\TN_11_Building_0553_2024.pdf,Mount Galaxy,Affordable Housing Residential Project,Non-High Rise Building (NHRB),Residential,5630,212,Not Yet Started,20/09/2029,110101.5,765338.1,95,0,0,60000000,715000000,60000000,835000000,0.00,10987.46,-,[],[],['Coimbatore'],
V:\Project\Project_Stick\data_source\raw\TNRERA\2024\TN_11_Building_0564_2024.pdf,NEO CITY,"Single block of S+5 floor Combination of Precast load bearing Shear walls , non load bearing precast walls , and columns of 1bhk and 2bhk type units",Non-High Rise Building (NHRB),Residential,1214,50,Not Yet Started,09/07/2029,11.03961,77.018586,14,0,1,39355212,107932433,3267745,150555390,0.00,2912.96,-,[],"[{'block': None, 'base_level': 'Stilt', 'floor_segments': ['5 floor'], 'total_floors_above_base': 5}]",['Coimbatore'],
V:\Project\Project_Stick\data_source\raw\TNRERA\2024\TN_11_Building_0584_2024.pdf,Sanbrix Business Centre,Proposed constructions of basement + stilt + 4 floors office building,Non-High Rise Building (NHRB),Commercial,1578.70,,Not Yet Started,01/11/2027,11.023513,76.990558,40,0,4,54358400,184453085,-,238811485,0.00,0.00,3916.30,[],"[{'block': None, 'base_level': 'Basement', 'floor_segments': ['4 floors'], 'total_floors_above_base': 4}]",['Coimbatore'],Total_Dwelling_Units
V:\Project\Project_Stick\data_source\raw\TNRERA\2024\TN_11_Building_0588_2024.pdf,RR ARAM,"KALLIMADAI, UPPILIPALAYAM VILLAGE, COIMBATORE",Non-High Rise Building (NHRB),Residential,11201.10,100,Not Yet Started,28/02/2027,10.99578,77.01682,90,0,9,94695955,298898326,24805719,418400000,0.00,11201.10,-,[],[],['Coimbatore'],
V:\Project\Project_Stick\data_source\raw\TNRERA\2024\TN_11_Building_0590_2024.pdf,Thaara,"S.F.No: 270/5A2, GKS Nagar Road, Saravanampatty Village, coimbatore north taluk & District",Non-High Rise Building (NHRB),Residential,1243,30,Not Yet Started,15/06/2027,11.070435001015966,77.00091318157833,33,33,3,13379652,120638338,15000000,149017990,0.00,2948.15,-,[],[],['Coimbatore'],
V:\Project\Project_Stick\data_source\raw\TNRERA\2024\TN_11_Building_0597_2024.pdf,MARUTHAM CHERRY BLOSSOM,"SF NO.368/2, SASI AVENUE, KALAPATTI VILLAGE, WARD NO.23, EAST ZONE, COIMBATORE CORPORATION, COIMBATORE DIST",Non-High Rise Building (NHRB),Residential,1950,39,Under Construction,30/09/2027,11.047628,77.029023,46,7,5,22374585,167715000,-,190089585,0.00,4896.83,87.56,[],[],['Coimbatore'],
V:\Project\Project_Stick\data_source\raw\TNRERA\2024\TN_11_Building_0600_2024.pdf,SOBHA VERDURE,"Registration applied for Block A,Block B,Block C,Block D,Block E,Block F, Block G -Total 44 nos of Rowhouses and Block H. SF No 478/1Apt,478/4,478/5A, Perur Taluk , Veerakeralam Village, Coimbatore -641007",Non-High Rise Building (NHRB),Residential,18379,44,Completed,,110017.1,765244.2,0,92,0,99718186,434853585,0,534571771,0.00,8328.73,324.80,[],[],['Coimbatore'],
V:\Project\Project_Stick\data_source\raw\TNRERA\2024\TN_11_Building_0601_2024.pdf,PUNARJANI,RESIDENTIAL APPARTMENT,Non-High Rise Building (NHRB),Residential,11654.97,64,Under Construction,30/09/2025,10.994572,76.925926,43,21,9,32500000,140200000,0,172700000,0.00,6542.81,-,[],[],['Coimbatore'],
V:\Project\Project_Stick\data_source\raw\TNRERA\2024\TN_11_Building_0602_2024.pdf,-,"Ward –H(8), Block No -3, T.S.No. 123/1, 123/2 & 123/3 of Cowley Brown Road, R.S. Puram, Coimbatore Municipal Corporation, Coimbatore South Taluk, Coimbatore District.",Non-High Rise Building (NHRB),Residential,1206.98,15,Under Construction,01/08/2026,110053.9,765653.4,50,0,0,55267000,151000000,30874473,237141473,765653.4,3375.85,-,[],[],['Coimbatore'],
V:\Project\Project_Stick\data_source\raw\TNRERA\2024\TN_11_Building_0603_2024.pdf,,,,,,,,,,,,,,,,,,,,,[],[],[],"Project_Name, Site_Extent_Sqm, Total_Dwelling_Units, Latitude, Longitude, Land_Cost, Construction_Cost, Total_Project_Cost, FSI_Other_Residential"
V:\Project\Project_Stick\data_source\raw\TNRERA\2024\TN_11_Building_0606_2024.pdf,Jagannaath VEDAANTA,Proposed Construction of Residential Apartment Buildings,Non-High Rise Building (NHRB),Residential,8786.1,290,Not Yet Started,31/12/2027,11147.51,77056.11,128,6,7,5300000,619400000,-,624700000,0.00,22493.67,-,[],[],['Coimbatore'],
V:\Project\Project_Stick\data_source\raw\TNRERA\2024\TN_13_Building_0586_2024.pdf,PACE JAYKAY MANOR,"Stilt Floor + 5 floors with 30 Dwelling Units to be set up at T. S. Nos. 462/1C and 462/12, Block No. - 16, ward No. - 1 and T.S. No. 465/3B21, Block No. 17, Ward No. 1 of Kumbakonam Corporation, Thanjavur district, Tamil Nadu State",Non-High Rise Building (NHRB),Residential,896,30,Not Yet Started,30/09/2029,10.9621629,79.3811721,17,0,0,26030000,64587000,-,90617000,0.00,2401.00,-,[],"[{'block': None, 'base_level': 'Stilt', 'floor_segments': ['5 floors'], 'total_floors_above_base': 5}]",['Thanjavur'],
V:\Project\Project_Stick\data_source\raw\TNRERA\2024\TN_16_Building_0303_2024.pdf,ARJITH ALLURE,"Stilt Floor + 5 Floors residential building with 35 dwelling units at Door No. 13 , Arokiyasamy Pillai Street. Comprised in New T.S.No. 5 (S.F.No. 136/1A Part) , Ward - AK , Block No. 8 of K.Abishekapuram Village , Tiruchirappalli West Taluk , Tiruchirappalli District.",Non-High Rise Building (NHRB),Residential,1254.19,35,Under Construction,13/11/2031,10.46,78.40,30,7,0,27000000,107820000,0,134820000,-,3260.2,-,[],"[{'block': None, 'base_level': 'Stilt', 'floor_segments': ['5 Floors'], 'total_floors_above_base': 5}]",['Tiruchirappalli'],
V:\Project\Project_Stick\data_source\raw\TNRERA\2024\TN_16_Building_0311_2024.pdf,-,"Block 1 - Stilt Floor + 5 Floors residential building with 43 dwelling units and Block - 2 Stilt Floor + 4 Floors residential building with 4 dwelling units and by totaling altogether 47 dwelling units at regularised layout Plot Nos. 1 to 8 , Comprised in T.S.No. 2535/1 , Block No. 52 , Ward - C of Thimmaraya Samuthiram Village , Zone - 1 (Srirangam Zone) in Tiruchirappalli City Corporation , Srirangam Taluk , Tiruchirappalli District.",Non-High Rise Building (NHRB),Residential,1826.57,47,Not Yet Started,23/01/2029,10.50,78.42,23,3,0,10000000,1000000,50000000,61000000,-,3677.8599999999997,-,[],"[{'block': None, 'base_level': 'Stilt', 'floor_segments': ['5 Floors', '4 Floors'], 'total_floors_above_base': 9}]",['Tiruchirappalli'],
V:\Project\Project_Stick\data_source\raw\TNRERA\2024\TN_16_Building_0320_2024.pdf,MORAIS CITY MIB E BLOCK,"Basement Floor 1, 2 + Stilt Floor + 1st Floor + 4th Floor - Commerical Building - Business Office Building in S.No.201/1E1B, 204/2B & 205/1A2, Plot No.C6, (Regularised Layout No.L.P(R)/NTDA No.1/2020) Morais city Extension- I, Keelakurichi Village & Panchayat, Thiruverumbur Taluk, Trichy District.",Non-High Rise Building (NHRB),Commercial,1773.00,,Under Construction,30/11/2029,10.45,78.43,48,0,48,23855000,320940000,80235000,425030000,-,-,3689.77,[],"[{'block': None, 'base_level': 'Basement', 'floor_segments': ['1st Floor', '4th Floor'], 'total_floors_above_base': 2}]",['Tiruchirappalli'],Total_Dwelling_Units
V:\Project\Project_Stick\data_source\raw\TNRERA\2024\TN_16_Building_0324_2024.pdf,Jeyam's Empire,Apartment,Non-High Rise Building (NHRB),Residential,5916.95,130,Not Yet Started,31/12/2028,10.759931,78.680031,95,35,16,200000000,510000000,40000000,750000000,-,15230.279999999999,-,[],[],['Tiruchirappalli'],
V:\Project\Project_Stick\data_source\raw\TNRERA\2024\TN_16_Building_0378_2024.pdf,Jeyam's Palace,Residential Apartment Building,Non-High Rise Building (NHRB),Residential,947.2,20,Not Yet Started,09/05/2029,10.759937,78.68039,8,14,2,35000000,85000000,9610000,129610000,-,2459.62,-,[],[],['Tiruchirappalli'],
V:\Project\Project_Stick\data_source\raw\TNRERA\2024\TN_16_Building_0391_2024.pdf,MKB NEST,"PLOT NO:1,2,3,4,5,6, S.NO:20,21,24,26,29,30, BLOCK NO- 23,WARD-AH, ANBAZHAGAN STREET, K SATHANUR VILLAGE, TRICHY-620021",Non-High Rise Building (NHRB),Residential,1130.16,30,Not Yet Started,26/04/2032,104517.7,784119.9,5,24,3,60825000,116865450,896032,178586482,-,2936.05,-,[],[],['Tiruchirappalli'],
V:\Project\Project_Stick\data_source\raw\TNRERA\2024\TN_16_Building_0409_2024.pdf,CH CENNETS,A RESIDENTIAL APARTMENT OF STILT + 5 FLOORS WITH 15 DWELLINGS AND RESPECTIVE CAR PARKINGS.,Non-High Rise Building (NHRB),Residential,596.85,15,Under Construction,26/05/2025,10.78205,78.67948,9,6,2,25000000,32000000,5000000,62000000,0.00,1472.65,-,[],"[{'block': None, 'base_level': 'Stilt', 'floor_segments': ['5 FLOORS'], 'total_floors_above_base': 5}]",['Tiruchirappalli'],
V:\Project\Project_Stick\data_source\raw\TNRERA\2024\TN_16_Building_0445_2024.pdf,TIP TOP TOWER,"Residential Apartment, Stilt +5 Floors",Non-High Rise Building (NHRB),Residential,1167,30,Not Yet Started,15/12/2025,10.844024,78.706753,26,4,3,35025000,122162370,5245575,162432945,0.00,3028.75,-,[],"[{'block': None, 'base_level': 'Stilt', 'floor_segments': ['5 Floors'], 'total_floors_above_base': 5}]",['Tiruchirappalli'],
V:\Project\Project_Stick\data_source\raw\TNRERA\2024\TN_16_Building_0466_2024.pdf,DEVI RESIDENCY,""" DEVI RESIDENCY “to be set up at(Stilt+5 Floors) in Door no:12 , T.S.No.66/1,66/2, Ward M, Block No.35 in Thillai Nagar 10E Cross, Raghumaniyapuram, Tennur, Trichy, Tamil Nadu-620012.",Non-High Rise Building (NHRB),Residential,919.96,15,Not Yet Started,31/12/2027,104911.4,784109.2,7,17,0,14487604,65899875,1379676,81767155,0.00,1837.66,-,[],"[{'block': None, 'base_level': 'Stilt', 'floor_segments': ['5 Floors'], 'total_floors_above_base': 5}]",['Tiruchirappalli'],
V:\Project\Project_Stick\data_source\raw\TNRERA\2024\TN_16_Building_0492_2024.pdf,MORAIS ORCHID,"Old Survey Number 205/5A, New Survey No. 205/13, Plot No. 378A, Morais City Extension – I, Keelakurichi Village and Panchayat, Thiruverumbur Panchayat Union and Taluk, Tiruchirappalli District, Tamil Nadu",Non-High Rise Building (NHRB),Residential,1045,90,Not Yet Started,21/08/2029,10.757417,78.724056,6,0,0,14062500,115926370,31247000,161235870,2902.95,0.00,-,[],[],['Tiruchirappalli'],
V:\Project\Project_Stick\data_source\raw\TNRERA\2024\TN_16_Building_0517_2024.pdf,ROYAL WINDGATES PHASE II,"T.S.No.1/1A part, Block No 05 and Ward AB, Golden Rock Zone, K.Abhisekapuram village,Tiruchirappalli,",Non-High Rise Building (NHRB),Residential,2058.06,34,Not Yet Started,30/11/2026,1008220,7867325,47,8,0,68674145,178561825,12569822,259805792,0.00,5351.46,-,[],[],['Tiruchirappalli'],
V:\Project\Project_Stick\data_source\raw\TNRERA\2024\TN_16_Building_0541_2024.pdf,,,,,,,,,,,,,,,,,,,,,[],[],[],"Project_Name, Site_Extent_Sqm, Total_Dwelling_Units, Latitude, Longitude, Land_Cost, Construction_Cost, Total_Project_Cost, FSI_Other_Residential"
V:\Project\Project_Stick\data_source\raw\TNRERA\2024\TN_16_Building_0566_2024.pdf,MORAIS LAVENDER,"Old Survey No. 205/5A, New Survey No. 205/21, Plot No. 376, MoraisCity Extension - I, Keelakurichi Village and Panchayat, Thiruverumbur Panchayat Union and Taluk,Thiruchirapalli District - 620 007.",Non-High Rise Building (NHRB),Residential,1045,90,Not Yet Started,21/08/2029,10.757000,78.724056,6,0,0,14062500,147173370,-,161235870,2902.95,0.00,-,[],[],['Tiruchirappalli'],
V:\Project\Project_Stick\data_source\raw\TNRERA\2024\TN_16_Building_0569_2024.pdf,NAVANEETHA SAHASRAROOPA,"""Basement Floor + 3 Floors T. S. No. 1292/30 , Ward No: A , Block No. 39, at Melur Village, Srirangam Zone, Thiruchirapalli Corporation, Tamil Nadu state.""",Non-High Rise Building (NHRB),Residential,772,16,Under Construction,24/07/2029,10.861377,78.683653,15,0,0,16600000,53600000,-,70200000,0.00,1589.04,-,[],"[{'block': None, 'base_level': 'Basement', 'floor_segments': ['3 Floors'], 'total_floors_above_base': 3}]",['Tiruchirappalli'],
V:\Project\Project_Stick\data_source\raw\TNRERA\2024\TN_16_Building_0574_2024.pdf,MORAIS TULIP,"Old Survey No. 205/5A, New Survey No. 205/16, Plot No. 378, Keelakurichi Village and Panchayat, Thiruverumbur Panchayat Union and Taluk, Thiruchirapalli District - 620007.",Non-High Rise Building (NHRB),Residential,1045,90,Not Yet Started,21/08/2029,10.757333,78.724056,6,0,0,14062500,147173370,-,161235870,2902.95,0.00,-,[],[],['Tiruchirappalli'],
V:\Project\Project_Stick\data_source\raw\TNRERA\2024\TN_16_Building_0598_2024.pdf,BHARATH BLOSSOM,BHARATH BLOSSOM IS A STILT PLUS 3 FLOOR APARTMENT WITH 9 UNITS OF 3BHK,Non-High Rise Building (NHRB),Residential,557.40,9,Not Yet Started,28/02/2026,10.822575,78.669254,10,1,0,36000000,49000000,5000000,90000000,0.00,1109.89,-,[],"[{'block': None, 'base_level': 'Stilt', 'floor_segments': ['3 FLOOR'], 'total_floors_above_base': 3}]",['Tiruchirappalli'],
V:\Project\Project_Stick\data_source\raw\TNRERA\2024\TN_17_Building_0538_2024.pdf,SKYVILLE RESIDENCE,"S.F.NO:415/11B, INAM KARUR VILLAGE, KARUR CITY MUNICIPAL CORPORATION",Non-High Rise Building (NHRB),Residential,892,14,Under Construction,23/02/2026,10.978361,78.045167,27,4,0,33600000,72927000,0,106527000,0.00,2330.12,-,[],[],['Karur'],
V:\Project\Project_Stick\data_source\raw\TNRERA\2024\TN_1_Building_0306_2024.pdf,ISHA POKKISHAM,"Group Housing Development with 2 Blocks; Block A - Stilt Floor + 5 Floors (Height – 18.30m) Residential Building with 33 Dwelling Units and (GYM @ 1st Floor); Block B – Stilt Floor + 5 Floor (Height – 18.30m) Residential Building with 45 Dwelling Units; Totally 78 Dwelling uUnits for Affordable Housing and Service Block (Ground Floor - Pump Room) at Nookampalayan Road, Perumbakkam, Chennai 600 100 Comprised in S.Nos.78/1, 78/2, 78/3, 78/4, 78/5 & 78/6 of Perumbakkam Village, Within the limits of St.Thomas Mount Panchayat Union .",Non-High Rise Building (NHRB),Residential,3520.74,78,Not Yet Started,12/01/2032,125403.6,801152.5,66,5,2,104000000,178000000,10836500,292836500,-,8244.869999999999,-,"[18.3, 18.3]","[{'block': None, 'base_level': 'Ground', 'floor_segments': ['5 Floors', '1st Floor', '5 Floor'], 'total_floors_above_base': 11}]",['Kancheepuram'],
V:\Project\Project_Stick\data_source\raw\TNRERA\2024\TN_1_Building_0349_2024.pdf,BROOKSIDE RESIDENCES,"Villa Group development, G+1, comprised in Survey No. 240, 242, in the Layout ‘Maansarovar Nagar' situated at Rendamkattalai Village, Kundrathur Taluk",Non-High Rise Building (NHRB),Residential,605.63,37,Not Yet Started,30/04/2029,12.996730,80.113340,0,5,0,20404470,13780000,2000000,36184470,-,586.4100000000001,-,[],"[{'block': None, 'base_level': 'Ground', 'floor_segments': ['1'], 'total_floors_above_base': 1}]",['Kancheepuram'],
V:\Project\Project_Stick\data_source\raw\TNRERA\2024\TN_1_Building_0350_2024.pdf,MARUTHAM ROYALGARDENS PHASE - II,"OLD SURVEY NO.267/1, AS PER PATTA NEW SURVEY NO.267/1B, MANIMANGALAM 'A' VILLAGE, KUNDRATHUR TALUK, KANCHIPURAM DIST",Non-High Rise Building (NHRB),Residential,3600,75,Not Yet Started,31/03/2027,12.917269,80.056098,7,8,7,13000000,298500000,49750000,361250000,-,8790.35,450.45,[],[],['Kancheepuram'],
V:\Project\Project_Stick\data_source\raw\TNRERA\2024\TN_1_Building_0351_2024.pdf,SIDHARTH SQUARE,"THARAPAKKAM ROAD, GERUGAMBAKKAM,CHENNAI COMPRISED IN S.NO.446/1, 448/1A, 449/12B1, 450 & 451/2 OF GERUGAMBAKKAM VILLAGE WITHIN THE LIMITS OF KUNDRATHUR PANCHAYAT UNION-CONSTRUCTION OF GROUP HOUSING DEVELOPMENT WITH TWO BLOCKS -BLOCK A: STILT FLOOR +5 FLOORS RESIDENTIALBUILDING WITH 173 DWELLING UNITS (HEIGHT 18.30M)& BLOCK B: STILT FLOOR + 5 FLOORS RESIDENTIAL BUILDING WITH 36 DWELLING UNITS (HEIGHT 18.30M) - TOTALLY 209 DWELLING UNITS WITH SWIMMING POOL,YOGA ROOM,GYM, KIDS PLAY ROOM in Block A",Non-High Rise Building (NHRB),Residential,9914.79,209,Not Yet Started,31/07/2028,13.002312103632573,80.13542500000001,173,36,0,350000000,1000000000,300000000,1650000000,-,19514.23,-,"[18.3, 18.3]","[{'block': 'BLOCK A', 'base_level': 'Stilt', 'floor_segments': ['5 FLOORS'], 'total_floors_above_base': 5}, {'block': 'BLOCK B', 'base_level': 'Stilt', 'floor_segments': ['5 FLOORS'], 'total_floors_above_base': 5}]",['Kancheepuram'],
V:\Project\Project_Stick\data_source\raw\TNRERA\2024\TN_1_Building_0362_2024.pdf,CASAGRAND MASSIMO https://rera.tn.gov.in/public-view2/building/pfirm/2970de40-0a19-11ef-8554-732e6aedfbe2,"Proposed Construction of High Rise Group Development Consisting of Extended Combined Basement Floor for 3 Blocks with Height of 65.35M, Block1 : Stilt Floor Part/ Ground Floor Part + 1st Floor to 21 Floors with 342 Dwelling Units, Block : 2 Ground Floor + 5 Floor + 6th Floor Part to 21st Floor Part with 169 Dwelling Units with Amenities (G+5floors) & Block:3 Stilt Floor Part/Ground Floor Part + 21 Floors With 342 Dwelling Units- Residential Building (Totally 853 D.U's) with Open Swimming Pool at Ground Floor Level availing with Premium FSI at Pallavaram-Kundrathur Main Road Chennai, Comprised in Survey Nos: 15/2A2,15/2A3, 15/2A4, 15/2B1, 15/2B2, 15/2B3A, 15/2B3B & 16/1 of Moondramkattalai Village, Kundrathur Taluk, Kancheepuram District within The Limits of Kundrathur Town Panchayat.",High Rise Building (HRB),Residential 1/10,31929.73,853,Not Yet Started,02/04/2028,80611.48,13017.78,850,138,60,207434412,1764451187,199971135,2171856734,-,106991.5,2289.51,[65.35],"[{'block': None, 'base_level': 'Ground', 'floor_segments': ['1st Floor', '21 Floors', '5 Floor', '6th Floor', '21st Floor', '5floors', '21 Floors'], 'total_floors_above_base': 55}]",['Kancheepuram'],
V:\Project\Project_Stick\data_source\raw\TNRERA\2024\TN_1_Building_0388_2024.pdf,RUBY ORCHID RESIDENCE,PLAN SHOWING THE PROPOSED CONSTRUCTION OF STILT FLOOR +5 FLOORS WITH 18.20M HEIGHT RESIDENTIAL BUILDING FOR AFFORDABLE HOUSING WITH 35 DWELLING UNITS AT STATION ROAD (URAPAKKAM FLYOVER SERVICE ROAD) COMPRISED SURVEY NO.142A/1C1 OF KILAMBAKKAM VILLAGE WITH IN LIMIT KATTANKULATHUR PANCHAYAT UNION.,Non-High Rise Building (NHRB),Residential,1467.00,35,Not Yet Started,27/12/2031,12.86947,80.07279,19,4,2,31581576,60524443,711140,92817159,-,3123.81,-,[],"[{'block': None, 'base_level': 'Stilt', 'floor_segments': ['5 FLOORS'], 'total_floors_above_base': 5}]",['Kancheepuram'],
V:\Project\Project_Stick\data_source\raw\TNRERA\2024\TN_1_Building_0397_2024.pdf,MP GOLDEN HEIGHTS,"Construction of Stilt + 5 Floors residential building with 125 dwellling units at Kundrathur Main Road, Moonramkattalai, comprised in Survey Nos. 12/2B & 12/2C, Moonramkattalai Village, Kundrathur Taluk, Kancheepuram District and Building Plan approved vide Planning permit No.OL- PP/NHRB/0143/2024 dated 16.04.2024, CMDA, Chennai, BL.No.179/BL/2024/00066 dated 23.05.2024, Municipal commissioner, Kundrathur Municipality",Non-High Rise Building (NHRB),Residential,3444.38,125,Under Construction,30/04/2029,13.0051618,80.1063993,75,2,0,150000000,288530000,2469474,440999474,-,10043.11,-,[],"[{'block': None, 'base_level': 'Stilt', 'floor_segments': ['5 Floors'], 'total_floors_above_base': 5}]",['Kancheepuram'],
V:\Project\Project_Stick\data_source\raw\TNRERA\2024\TN_1_Building_0398_2024.pdf,CASAGRAND ESTILO,"Proposed Construction of Group Development Consists of 2 Blocks with Combined Basement Floor for Parking in Block – A : Ground Floor + 5 Floors, Totally 95 Dwelling Units, Block – B : Ground Floor + 5 Floors, Totally 107 Dwelling Units, with Club House and Swimming Pool on the Ground Floor Level Totally 202 Dwelling Units of Residential Building at Thirumal Nagar 2nd Street, Pallavaram, Chennai – 600 043, Comprised in Old S.No.40/1 & 40/2, T.S.No. 129 in Block : 13 Ward : A of Issa Pallavaram Village and Old S.No. 396/5 (As per TSLR Old S.No. 396/1, 396/2 & 396/3 Part), New. T.S.No.1/2 (Part) in Block : 1, Ward : E of Zamin Pallavaram Village within the Limit of Tambaram Municipal Corporation.",Non-High Rise Building (NHRB),Residential,14164,,Not Yet Started,04/10/2026,80.84317,12.575239,233,24,24,304922592,447319440,50696203,802938235,-,27055.96,648.7,[],"[{'block': 'Block – A', 'base_level': 'Ground', 'floor_segments': ['5 Floors'], 'total_floors_above_base': 5}, {'block': 'Block – B', 'base_level': 'Ground', 'floor_segments': ['5 Floors'], 'total_floors_above_base': 5}]",['Kancheepuram'],Total_Dwelling_Units
V:\Project\Project_Stick\data_source\raw\TNRERA\2024\TN_1_Building_0404_2024.pdf,NCC URBAN INFRASTRUCTURE LIMITED https://rera.tn.gov.in/public-view2/building/pfirm/658baaf0-0d15-11ef-931a-33eccdf39a7b,HIGH RISE BUILDING FOR RESIDENTIAL DEVELOPMENT COMPRISING 8 BLOCKS; COMBINED EXTENDED SECOND BASEMENT FLOOR FOR BLOCK E & F; COMBINED EXTENDED FIRST BASEMENT FLOOR FOR BLOCK A & B AND C TO G (LIG); COMBINED STILT FLOOR FOR BLOCK A & B AND C TO G (LIG); COMBINED FIRST FLOOR (PARKING) FOR BLOCK A & B FOR PARKING; BLOCK-A: SINGLE BASEMENT FLOOR + STILT FLOOR + 1ST FLOOR (PARKING) + 2ND FLOOR TO 16TH FLOOR WITH 50.15M HEIGHT - RESIDENTIAL BUILDING WITH 90 DWELLING UNITS; BLOCK-B: SINGLE BASEMENT FLOOR + STILT FLOOR + 1ST FLOOR (PARKING) + 2ND FLOOR TO 16TH FLOOR WITH 50.15M HEIGHT - RESIDENTIAL BUILDING WITH 120 DWELLING UNITS; BLOCK-C: SINGLE BASEMENT FLOOR + STILT FLOOR + 17 FLOORS WITH 53.10M HEIGHT -,High Rise Building (HRB),Residential 1/13,32823,924,Not Yet Started,31/12/2028,12.951727,80.170720,874,210,0,1413227080,2726916000,156435645,4296578725,11725.02,92066.59999999999,1426.15,[53.1],"[{'block': 'BLOCK E & F; COMBINED EXTENDED FIRST BASEMENT FLOOR FOR BLOCK A & B AND C-G (LIG); COMBINED STILT FLOOR FOR BLOCK A & B AND C-G (LIG); COMBINED FIRST FLOOR (PARKING) FOR BLOCK A & B FOR PARKING; BLOCK-A', 'base_level': 'Basement', 'floor_segments': ['1ST FLOOR', '2ND FLOOR', '16TH FLOOR', '1ST FLOOR', '2ND FLOOR', '16TH FLOOR', '17 FLOORS'], 'total_floors_above_base': 23}]",['Kancheepuram'],
V:\Project\Project_Stick\data_source\raw\TNRERA\2024\TN_1_Building_0428_2024.pdf,MP KUMUDAM ENCLAVE,"Construction of Group Housing Development Residential Building with 17 Blocks, Block 1-17: Ground + 2 Floors, Block 1,2,3,4,5,6,8,9,10 & 11 with 8 Dwelling units each, Block 7,12,13,14,15,16 & 17 with 5 Dwelling units totally 115 Dwelling units situated at Plot Nos. 1,2,3,4,5,6,7,8,9,10,11,12,13,18,19,20,21,22,2 3,24,25,26,27,28,29 & 30 comprised in Survey No.143/1A, Kumudam Enclave, Kundrathur ‘B’ Village, Kundrathur Taluk, Kancheepuram District.",Non-High Rise Building (NHRB),Residential,2818.31,115,Under Construction,29/11/2028,12.9865063,80.1047573,17,4,0,84940800,130878000,6800000,222618800,-,4900.62,-,[],"[{'block': 'Block 1-17', 'base_level': 'Ground', 'floor_segments': ['2 Floors'], 'total_floors_above_base': 2}]",['Kancheepuram'],
V:\Project\Project_Stick\data_source\raw\TNRERA\2024\TN_1_Building_0440_2024.pdf,MP Petals,"Construction of Group Housing of Development Residential Building with 19 Blocks, Block 1-19: Stilt + 3 Floors, with 6 Dwelling units in each block, totally 114 Dwelling units situated at Plot no 1, 2, 3, 4, 5, 6, 7, 8, 9, 10, 11, 12, 13, 14, 15, 16, 17, 18 & 19, comprised in Survey No. 509/1C1G1C & 509/1C1G1A of Kundrathur 'B' Village, Kundrathur Taluk, Kancheepuram District, Kundrathur Municipality Limit.",Non-High Rise Building (NHRB),Residential,3422.36,114,Under Construction,30/04/2029,12.9836937,80.1138193,54,0,0,110514000,281610000,9025000,401149000,0.00,6737.25,-,[],"[{'block': 'Block 1-19', 'base_level': 'Stilt', 'floor_segments': ['3 Floors'], 'total_floors_above_base': 3}]",['Kancheepuram'],
V:\Project\Project_Stick\data_source\raw\TNRERA\2024\TN_1_Building_0442_2024.pdf,MP Greenbay,"Construction of Group Housing Development Residential Building with 8 Blocks, Block 1-8: Stilt + 3 Floors, Block 1,2,4,5,6,7 & 8, with 6 Dwelling units each, Block 3 with 8 Dwelling units totally 50 Dwelling units situated at Plot Nos. 3,4,5,6,7,8,9,10,11 &12,comprised in Survey No.60/1A1A, & 64/3A1 Moondramkattalai Village, Kundrathur Taluk, Kancheepuram District.",Non-High Rise Building (NHRB),Residential,1482.73,50,Under Construction,31/12/2028,12.998713,80.106294,21,6,0,63840000,143612000,4000000,211452000,0.00,2595.39,-,[],"[{'block': 'Block 1-8', 'base_level': 'Stilt', 'floor_segments': ['3 Floors'], 'total_floors_above_base': 3}]",['Kancheepuram'],
V:\Project\Project_Stick\data_source\raw\TNRERA\2024\TN_1_Building_0499_2024.pdf,JOHITHA'S VILLE,Block 1 & 2: Stilt + 2 Floors + 3rd Floor (Part) - Commercial cum Residential Building,Non-High Rise Building (NHRB),Mixed Development,2832.78,27,Not Yet Started,10/05/2026,30039.6,800935.6,41,2,5,80000000,180000000,20000000,280000000,-,3909.6400000000003,692.84,[],"[{'block': 'Block 1 & 2', 'base_level': 'Stilt', 'floor_segments': ['2 Floors', '3rd Floor'], 'total_floors_above_base': 3}]",['Kancheepuram'],
V:\Project\Project_Stick\data_source\raw\TNRERA\2024\TN_1_Building_0518_2024.pdf,RUBY COURTYARD,"proposed construction of residential high rise group development consists of 3 blocks with combined basement, block 1: stilt + 11 upper floors with 143 dwelling units, block 2: stilt + 11 upper floors block-3 (incidental block) with total 286 dwelling units in S.Nos. 387/1A1A1, 388,389/2,390/1B of padappai village, kundrathur Taluk, kanchipuram district.",High Rise Building (HRB),Residential,10560,286,Under Construction,05/06/2029,12.8901870874572,80.03473425037059,259,27,22,203634830,736675243,34195695,974505768,,,,[],"[{'block': 'block 1', 'base_level': 'Stilt', 'floor_segments': ['11 upper floors'], 'total_floors_above_base': 11}, {'block': 'block 2', 'base_level': 'Stilt', 'floor_segments': ['11 upper floors'], 'total_floors_above_base': 11}]",['Kancheepuram'],FSI_Other_Residential
V:\Project\Project_Stick\data_source\raw\TNRERA\2024\TN_1_Building_0595_2024.pdf,NEST CHARISMA,"S.Nos.44/2B1, 46/2A1, 46/2A2 & 46/2A3 Adhanur Road, Varadharajapuram Village. Kundrathur Taluk,",Non-High Rise Building (NHRB),Residential,3750,98,Under Construction,30/09/2026,12.889385,80.053618,40,45,7,61093500,500244100,-,561337600,0.00,10211.36,-,[],[],['Kancheepuram'],
V:\Project\Project_Stick\data_source\raw\TNRERA\2024\TN_1_Building_0605_2024.pdf,CASAGRAND MADELYN,"PROPOSED CONSTRUCTION OF HIGH RISE RESIDENTIAL BUILDING CONSISTS OF EXTENDED BASEMENT FLOOR + STILT FLOOR (PART) / GROUND FLOOR (PART) + 4 FLOORS (RESIDENTIAL WITH AMENITIES) + 5TH FLOOR TO 19TH FLOORS RESIDENTIAL – TOTALLY WITH 394 DWELLING UNITS AND OPEN SWIMMING POOL AT GROUND LEVEL COMPRISED IN SURVEY NO:236/2, 237/3B, 237/4B, 238/1B, 238/2, 238/3, 239/1A2, 239/2A, 269B/1A1, 269B/1B, 270/1A1, 270/2A, 272/1B, 272/3A, 272/3B OF THIRUMUDIVAKKAM VILLAGE, KUNDRATHUR TALUK, KANCHEEPURAM DISTRICT WITHIN THE LIMITS OF KUNDRATHUR PANCHAYAT UNION",High Rise Building (HRB),Residential,26150.00,394,Not Yet Started,01/12/2028,80.12499,12.474980,272,114,33,440000000,2150000000,-,2590000000,0.00,49785.91,1309.57,[],"[{'block': None, 'base_level': 'Ground', 'floor_segments': ['4 FLOORS', '5TH FLOOR'], 'total_floors_above_base': 5}]",['Kancheepuram'],
V:\Project\Project_Stick\data_source\raw\TNRERA\2024\TN_20_Building_0348_2024.pdf,MADHYAPURI,"Madurai District, Thiruparankundram Taluk, Madurai Corporation, S.Ward No.22, Block - 34, T.S.No.4/47, 6/5 and S.Ward No.4, Block - 49, T.S.No.7/1 at Madakulam Village – (Old R.S.No.19/1(P), 19/2(P), 19/3(P), 220/5A) Site Area of 2753.84 Sq.m by Amalgamation of Plot Nos.1 to 8 approved in L.P/MLPA No.163/2021 and Proposal of Residential Building (G.F + 5 Floors) 46 Nos. of Residential Units.",Non-High Rise Building (NHRB),Residential,2753.84,46,Not Yet Started,21/03/2029,9.912032,78.099167,43,3,5,44463000,105000000,19565291,169028291,-,6938.09,-,[],"[{'block': None, 'base_level': None, 'floor_segments': ['5 Floors'], 'total_floors_above_base': 5}]",['Madurai'],
V:\Project\Project_Stick\data_source\raw\TNRERA\2024\TN_20_Building_0358_2024.pdf,PRYME AER,"Residential cum Commercial Building with Basement Floor + Ground Floor + 9 Floors consisting 26 units located at R.S. No. 10/17B and 10/17C situated in Kannanenthal Village, Thiruppalai Group on New Natham Main Road, within the Registration Sub-district of Chettikulam, Madurai North Taluk and Registration District of Madurai within the jurisdiction of Madurai Corporation. Tamil Nadu State.",High Rise Building (HRB),Mixed Development,1377,22,Under Construction,30/04/2027,9.95909,78.13349,16,27,4,85000000,157121253,15500000,257621253,-,3285.302,525.088,[],"[{'block': None, 'base_level': 'Ground', 'floor_segments': ['9 Floors'], 'total_floors_above_base': 9}]",['Madurai'],
V:\Project\Project_Stick\data_source\raw\TNRERA\2024\TN_20_Building_0463_2024.pdf,Pryme GIO,"PROPOSED CONSTRUCTION OF RESIDENTIAL BUILDING PLOT NO:474,T.S.NO : 148, T.S.WARD- XIX,BLOCK-18, SATHAMANGALAM VILLAGE, MADURAI NORTH TALUK, MADURAI CORPORATION, MADURAI DISTRICT. (MATHICHIYAM DETAILED DEVELOPMENT PLAN PART-II)",Non-High Rise Building (NHRB),Residential,511.00,10,Not Yet Started,31/07/2026,9.918954,78.146419,7,3,1,55000000,62400000,24071600,141471600,0.00,1318.69,-,[],[],['Madurai'],
V:\Project\Project_Stick\data_source\raw\TNRERA\2024\TN_20_Building_0473_2024.pdf,Subramaniyapuram Colony sheme,construction of 396 Units at subramaniyapuram T.s.no 42&40 Block 39 Madurai corporation under HFA-AHP.,High Rise Building (HRB),Residential,5789,396,Under Construction,14/03/2025,9.9081731,78.1144952,0,0,0,0,626893000,0,626893000,0.00,0.00,-,[],[],['Madurai'],
V:\Project\Project_Stick\data_source\raw\TNRERA\2024\TN_20_Building_0539_2024.pdf,AJITA PHASE 2,"S.No.22/5A, 22/5B, 22/6, 22/7A & 22/7B, Thuvariman Village, Thiruparankundram Panchayat Union, Madurai West Taluk, Madurai District.",Non-High Rise Building (NHRB),Residential,8376.90,37,Not Yet Started,31/03/2039,9.954501,78.061761,19,55,8,82505550,155563800,2045712,240115062,0.00,6473.87,-,[],[],['Madurai'],
V:\Project\Project_Stick\data_source\raw\TNRERA\2024\TN_20_Building_0609_2024.pdf,MAX VIDHYA F BLOCK,"Ward No:XXII, Block No:6,Thiruparankundram Taluk, Madurai District, Tamilnadu.",Non-High Rise Building (NHRB),Residential,692,12,Under Construction,31/12/2026,9.916360,78.082389,12,0,2,9390000,42790000,-,52180000,0.00,1354.46,-,[],[],['Madurai'],
V:\Project\Project_Stick\data_source\raw\TNRERA\2024\TN_25_Building_0394_2024.pdf,ALAGU ACHUTHAN APARTMENTS,"Project in the Name of “ALAGU ACHUTHAN APARTMENTS” at T.S.NO.464 (OLD T.S.NO.3pt), Plot no.56 at Ward-3,Block-1, Extend of 651.50 Sq.m in Karaikudi Municipality, Karaikudi Talulk, Sivagangai District, Tamilnadu",Non-High Rise Building (NHRB),Residential,651.5,12,Not Yet Started,31/12/2028,10.072037,78.77243,10,4,2,10000000,38000000,150000,48150000,78.77243,1357.24,-,[],[],['Sivagangai'],
V:\Project\Project_Stick\data_source\raw\TNRERA\2024\TN_25_Building_0531_2024.pdf,GREEN LAKSHMI ENCLAVE,"STILT+3 FLOORS OF RESIDENTIAL BUILDING WITH 12 DWELLING UNITS AT DOOR NO 16, T S NO:38/1,WARD J,UDAYATCHI,BLOCK NO:7,LAKSHMIPURAM EAST STREET,DEVAKKOTTAI TALUK & MUNICIPALITY,SIVAGANGAI DISTRICT.",Non-High Rise Building (NHRB),Residential,520.80,12,Under Construction,31/08/2028,9.946036,78.817421,10,0,0,8409000,23801356,717698,32928054,0.00,1042.75,-,[],[],['Sivagangai'],
V:\Project\Project_Stick\data_source\raw\TNRERA\2024\TN_26_Building_0395_2024.pdf,Arun Sunthari,"Plot area of 1431 Sq.ft and Building 2808.85 Sq.ft, Located at 503/3C1, Perumalpuram",Non-High Rise Building (NHRB),Residential,1431,29,Under Construction,02/05/2028,40.741895,77.73408333333333,,,,35000000,54401800,3163397,92565197,77.73408333333333,2808.85,-,[],[],['Tirunelveli'],
V:\Project\Project_Stick\data_source\raw\TNRERA\2024\TN_26_Building_0475_2024.pdf,Dr.Ambedkar Nagar Scheme,"Construction of 408 (S+6) tenements adopting T.D No: 23/2021 including internal water supply, sanitary and electrification arrangements including development works at Dr.Ambedkar Nagar in Tirunelveli District under Vertical III, AHP of PMAY HFA.",High Rise Building (HRB),Residential,8350,408,Under Construction,23/12/2025,8.725966,77.750405,0,0,0,0,531932000,0,531932000,0.00,0.00,-,[],"[{'block': None, 'base_level': 'Stilt', 'floor_segments': ['6'], 'total_floors_above_base': 6}]",['Tirunelveli'],
V:\Project\Project_Stick\data_source\raw\TNRERA\2024\TN_26_Building_0532_2024.pdf,SUDHARMA,"T.S.NO: 62, NEW SURVEY WARD: BM, BLOCK: 6, SURVEY NO: 507/9, KULAVANIGARPURAM VILLAGE, MELAPALAYAM WARD, TIRUNELVELI CITY MUNICIPAL CORPORATION, TIRUNELVELI DISTRICT",Non-High Rise Building (NHRB),Residential,943.62,25,Under Construction,26/07/2029,8.703635,77.735208,16,9,3,17500000,8000000,6000000,31500000,77.735208,2623.03,-,[],[],['Tirunelveli'],
V:\Project\Project_Stick\data_source\raw\TNRERA\2024\TN_26_Building_0540_2024.pdf,Raja Sunthari,"Plot at 35 C in NGO C Colony, Perumalpuram",Non-High Rise Building (NHRB),Residential,606.61,12,Under Construction,10/08/2028,8.70225,77.737555,10,2,2,20000000,31600000,1047570,52647570,0.00,1308.94,-,[],[],['Tirunelveli'],
V:\Project\Project_Stick\data_source\raw\TNRERA\2024\TN_29_Building_0302_2024.pdf,ACE STARLIT,"Proposed construction of Stilt + 4 Floors office building (Commercial) at New Door No.31, Harrington Road, Chetpet, Chennai - 31. comprised in R.S.No.327/11 Block No.19, of Egmore Village.",Non-High Rise Building (NHRB),Commercial,404.00,,Completed,,13.04091,80.1412,7,5,0,60000000,25000000,10000000,95000000,-,-,713.07,[],"[{'block': None, 'base_level': 'Stilt', 'floor_segments': ['4 Floors'], 'total_floors_above_base': 4}]",['Chennai'],Total_Dwelling_Units
V:\Project\Project_Stick\data_source\raw\TNRERA\2024\TN_29_Building_0305_2024.pdf,ETICA MALAR MRC NAGAR,"Old R.S.No. 4297/8, R.S.NO.4297/24, BLOCK NO.95,MYLAPORE VILLAGE, CHENNAI - 600028",High Rise Building (HRB),Residential,1207.26,18,Not Yet Started,29/01/2032,13020911,80269512,18,12,30,227959375,255875531,0,483834906,-,3172.35,-,[],[],['Chennai'],
V:\Project\Project_Stick\data_source\raw\TNRERA\2024\TN_29_Building_0307_2024.pdf,NAVRANG FLATS,"Stilt + 3 Floors Residential Building with 15 Dwelling Units at Plot No.B, Gandhi Street, Lakshmipuram, Thiruneermalai, Chennai - 600 044, Comprised in old S.No.346, New S.No.346/2B of Thiruneermalai Village, Tambaram Taluk, Chennai District.",Non-High Rise Building (NHRB),Residential,600,15,Under Construction,21/09/2028,12.57,80.07,11,0,0,88711000,73289000,1.8,162000000,-,1197.62,-,[],"[{'block': None, 'base_level': 'Stilt', 'floor_segments': ['3 Floors'], 'total_floors_above_base': 3}]",['Chennai'],
V:\Project\Project_Stick\data_source\raw\TNRERA\2024\TN_29_Building_0308_2024.pdf,INDUS ARBOUR,"Stilt Floor + 1st Floor (Residence) + 2nd Floor to 4th Floor Office, Commerical cum Residential Building with 1 Dwelling Units at Old Door No.23, New Door No.9, Plot No.4363, X Block, 5th Street, Anna Nagar West, Chennai, Comprised in Old S.No.92 Part, R.S.No.92/2 Part, T.S.No.584, Block No.2, Ward - 1 of Mullam Village, Aminjikarai Taluk, Chennai District.",Non-High Rise Building (NHRB),Mixed Development,334.50,1,Completed,,13.05,80.12,6,2,4,30000000,10000000,35000000,75000000,-,137.01,499.8,[],"[{'block': None, 'base_level': 'Stilt', 'floor_segments': ['1st Floor', '2nd Floor', '4th Floor'], 'total_floors_above_base': 3}]",['Chennai'],
V:\Project\Project_Stick\data_source\raw\TNRERA\2024\TN_29_Building_0309_2024.pdf,ATH VALENCIA,"Stilt floor + 5 Floors (Height - 18.30m) Residential Building with 15 Dwelling Units Availing Premium FSI at Plot No.146, Defence Colony 12th Cross Street, Ekkatuthangal, Chennai 600 032, Comprised in S.No.163/28 of Nandambakkam Village within the limits of Greater Chennai Corporation",Non-High Rise Building (NHRB),Residential,585.29,15,Not Yet Started,21/12/2031,130130.20,801205.80,11,3,0,59545000,126812000,4230000,190587000,-,1511.56,-,[18.3],"[{'block': None, 'base_level': 'Stilt', 'floor_segments': ['5 Floors'], 'total_floors_above_base': 5}]",['Chennai'],
V:\Project\Project_Stick\data_source\raw\TNRERA\2024\TN_29_Building_0312_2024.pdf,-,Basement floor +,Non-High Rise Building (NHRB),Commercial,963.00,,Completed,,12.57207,80.09101,11,3,0,50000000,109166955,0,159166955,-,-,1564.64,[],"[{'block': None, 'base_level': 'Basement', 'floor_segments': [], 'total_floors_above_base': 0}]",['Chennai'],Total_Dwelling_Units
V:\Project\Project_Stick\data_source\raw\TNRERA\2024\TN_29_Building_0313_2024.pdf,ADIYOGI,"Stlit+4floors=5th floor (part) residentail building with 14 dwelling units comprised in Plot No.20 & 21,Door No.19/2,Canal Road,Kamaraj Nagar West,Thiruvanmiyur,Chennai-600041",Non-High Rise Building (NHRB),Residential,694,14,Under Construction,14/02/2027,12.9855,80.2565,16,05,1,120000000,47400000,9900000,177300000,1757.85,-,-,[],"[{'block': None, 'base_level': None, 'floor_segments': ['4floors', '5th floor'], 'total_floors_above_base': 5}]",['Chennai'],
V:\Project\Project_Stick\data_source\raw\TNRERA\2024\TN_29_Building_0314_2024.pdf,-,"Stilt Floor + 5 Floors residential building with 20 Dwelling Units at Plot No.R-99, Block No.3, Ganga Nagar, 2nd Main Road, comprised in Old.S.No.173/1Dpt, New S.No.173/1D2 & 173/5 of Maduravoyal Village, within the limits of Greater Chennai Corporation",Non-High Rise Building (NHRB),Residential,635,20,Under Construction,30/06/2025,13.053797,80.17772,6,4,2,67500000,57500000,7655000,132655000,-,1647.07,-,[],"[{'block': None, 'base_level': 'Stilt', 'floor_segments': ['5 Floors'], 'total_floors_above_base': 5}]",['Chennai'],
V:\Project\Project_Stick\data_source\raw\TNRERA\2024\TN_29_Building_0315_2024.pdf,ADORE,"Proposed construction of Stilt Floor + 5 Floors (Height - 18.0m) residential building with 15 dwelling units availing Premium FSI at Plot Plot No.5, 6 & 7 Madurakali Nagar, Karthikeyapuram 2nd Cross Street and Deivanai Nagar 4th Street, Madipakkam, Chennai - 600 091 comprised in S.No.168/20, 168/22 & 168/25 of Madipakkam Village within the limits of Greater Chennai Corporation.",Non-High Rise Building (NHRB),Residential,585.00,15,Not Yet Started,12/12/2026,12.57329,80.11368,10,4,1,40000000,50000000,9000000,99000000,-,1520.17,-,[18.0],"[{'block': None, 'base_level': 'Stilt', 'floor_segments': ['5 Floors'], 'total_floors_above_base': 5}]",['Chennai'],
V:\Project\Project_Stick\data_source\raw\TNRERA\2024\TN_29_Building_0316_2024.pdf,YES GEE VEDHA,"Stilt Floor (Parking) + 3 Floors residential building with 12 dwelling units (Height - 12.00m) avaliable premium FSI at old Door No: 8 & 5, New Door No: 15 & 9, 4th Street Mandapam Road, Kilpauk, Chennai comprised in RS No: 55/76 & 55/97, Block NO: 03 of Egmore Village, Chennai",Non-High Rise Building (NHRB),Residential,524.50,12,Under Construction,30/09/2025,13.05129,80.13564,12,0,0,123400000,0,0,123400000,-,1099.94,-,[12.0],[],['Chennai'],
V:\Project\Project_Stick\data_source\raw\TNRERA\2024\TN_29_Building_0318_2024.pdf,Megh Aarika,"Plot No.17,Chanakyan Main Road,Annamalai Avenue,Nolabur,Chennai Comprised in Ild S.No.109/1pt,109/2pt,New S.No.109/1A1 & 109/6 Of Nolambur Village within the limits of Greater Chennai Corporation",Non-High Rise Building (NHRB),Residential,1200.00,17,Under Construction,31/12/2028,13.0421,80.1021,28,2,0,50000000,250000,1200000,51450000,-,2833.22,-,[],[],['Chennai'],
V:\Project\Project_Stick\data_source\raw\TNRERA\2024\TN_29_Building_0319_2024.pdf,-,"Registration of Stilt Floor + 5 Floors Commercial building for shops at Old Door No.60, New Door No.74 Caethedral road, Mylapore, Chennai comprised in R.S.No.1206/10, Block No.22 of Mylapore Village, Chennai",Non-High Rise Building (NHRB),Commercial,417.97,,Under Construction,31/03/2025,13.046073,80.257117,11,4,0,87500000,25000000,9000000,121500000,-,-,727.7,[],"[{'block': None, 'base_level': 'Stilt', 'floor_segments': ['5 Floors'], 'total_floors_above_base': 5}]",['Chennai'],Total_Dwelling_Units
V:\Project\Project_Stick\data_source\raw\TNRERA\2024\TN_29_Building_0321_2024.pdf,INDRAPRASTH,"At Old door No.510, Old door no.276&277 New door no.6, Mint Street and Old door No,266, 277 New Door no.3/1, North wall road, Chennai-79 Comprised in Old S.No.6072, 6073, 6075 & 599/20, New S.No.602(As Per Document) R.S.No.602,599/20(As Per Patta), Block no.7, Ward-1 VOC Nagar Village, Purasawalkkam Taluk, Chennai District.",Non-High Rise Building (NHRB),Residential,1955,40,Under Construction,16/02/2028,13.104771,80.279671,48,2,5,300000000,120000000,55500000,475500000,-,6901.23,-,[],[],['Chennai'],
V:\Project\Project_Stick\data_source\raw\TNRERA\2024\TN_29_Building_0322_2024.pdf,#61,"Stilt floor ( Mechanized Puzzle Parking ) + 4 Floors Commercial Building ( 1st floor shop, 2nd to 4th floor for office ) Old No:45, New No: 61, C.P. Ramaswami Road, Abhiramapuram 4th Street, Abhiramapuram , Chennai - 600018.",Non-High Rise Building (NHRB),Commercial,670.50,,Under Construction,10/04/2028,13.030722,80.256747,17,0,0,240000000,80000000,7000000,327000000,-,-,1412.84,[],"[{'block': None, 'base_level': 'Stilt', 'floor_segments': ['4 Floors', '1st floor', '4th floor'], 'total_floors_above_base': 6}]",['Chennai'],Total_Dwelling_Units
V:\Project\Project_Stick\data_source\raw\TNRERA\2024\TN_29_Building_0323_2024.pdf,Abhirami,"Proposed CONSTRUCTION OF STILT + 4 FLOORS Residential Building - Door No:Old No.18, New No.26,Block No:72,Survey No:R.S.No.3636/11, 3rd Street, Abiramapuram 1st Street,Abiramapuram,Abiramapuram,Myl apore, Chennai, 600018",Non-High Rise Building (NHRB),Residential,549.5,12,Under Construction,31/12/2025,13.035940,80.247460,9,4,1,13000000,60000000,22500000,95500000,-,1317.96,-,[],[],['Chennai'],
V:\Project\Project_Stick\data_source\raw\TNRERA\2024\TN_29_Building_0326_2024.pdf,ARA VINESH ENCLAVE,"consisting 2 Blocks, Block A - Stilt Floor + 5 Floors with 25 dwelling units, Block B - Stift Floor + 5 Floors with 30 dwelling units totally 55 dwelling units will availing premium FSI at T Ponnambalam Salai, Kulapakkam, Chennai comprised in S.No. 116/2 of Kulapakkam village within the limits of Kundrathur Panchayat Union",Non-High Rise Building (NHRB),Residential,2225.75,55,Under Construction,31/12/2025,13.0101,80.1492,40,0,0,110000000,5000000,185000000,300000000,-,5328.9,-,[],"[{'block': None, 'base_level': 'Stilt', 'floor_segments': ['5 Floors', '5 Floors'], 'total_floors_above_base': 10}]",['Chennai'],
V:\Project\Project_Stick\data_source\raw\TNRERA\2024\TN_29_Building_0328_2024.pdf,Hive,"Old Plot no 3, new Plot nos. A,B & C, Annamalai 1st Avenue, A.N.A Annamalai Avenue III, Athipattu, Chennai – 600 058 comprised in Old S.No. 102/1A2, 102/1C, T.S.No. 5/17, 18, 19 & 20, Block No.22, Ward No:G of Athipattu village within the limits of Greater Chennai Corporation.",Non-High Rise Building (NHRB),Residential,732,9,Under Construction,31/07/2025,130502.1,800949.7,12,0,0,1566200,61379000,3528200,66473400,-,1518.46,-,[],[],['Chennai'],
V:\Project\Project_Stick\data_source\raw\TNRERA\2024\TN_29_Building_0329_2024.pdf,Construction of 80 HIG flats,"construction of 80 Super HIG flats (stilt + 5 floors) of 4 Blocks with one Amenities block (Ground + 1floors) in S.No 251/1, TS.No 50, Padikuppam Village, Ambattur Taluk, Chennai.",Non-High Rise Building (NHRB),Residential,6267.23,80,Under Construction,31/12/2030,80.189383,13.079440,70,22,22,539679200,928251000,77856360,1545786560,-,11611.84,153.75,[],"[{'block': None, 'base_level': 'Ground', 'floor_segments': ['5 floors', '1floors'], 'total_floors_above_base': 6}]",['Chennai'],
V:\Project\Project_Stick\data_source\raw\TNRERA\2024\TN_29_Building_0330_2024.pdf,LEGENDARY SUPER60,62 RESIDENTIAL UNITS,Non-High Rise Building (NHRB),Residential,2095.88,62,Under Construction,31/03/2026,13.021454,80.213989,30,8,4,180000000,180000000,12000000,372000000,-,5447.38,-,[],[],['Chennai'],
V:\Project\Project_Stick\data_source\raw\TNRERA\2024\TN_29_Building_0335_2024.pdf,-,"Door No.3/160, Plot no.A & B, Mount – Poonamallee road, Parthasarathy Nagar, Astalakshmi Avenue, Manappakkam, Comprised in Old S.No.32 Part (as per Doc.), S.No.32/1A2A2 (as per patta) of Manappakkam village, within Greater Chennai corporation",Non-High Rise Building (NHRB),Commercial,1456.86,,Completed,,13.020682,18.183851,18,12,0,200000000,4000000,45000000,249000000,18.183851,-,2804.19,[],[],['Chennai'],Total_Dwelling_Units
V:\Project\Project_Stick\data_source\raw\TNRERA\2024\TN_29_Building_0336_2024.pdf,VATSA AMAZE,"Group Housing Development consisting of 2 Blocks: Block A - Stilt Floor + 5 Floors (Height 18.30M) residential building with 20 dwelling units, Block B - Stilt Floor + 4 Floors + 5th Floorpt residential building with 87 dwelling units with GYM & Association Room (Height - 18.30M) Totally 107 dwelling units (Affordable Housing) at Vasanthapuram Main Road, Mangadu, Chennai comprised in S.no: 475/1pt (as per Document) and 475/1B (as per Patta) of Mangadu B Village, Chennai",Non-High Rise Building (NHRB),Residential,4050.00,107,Under Construction,31/03/2032,13.01520,80.07271,81,10,0,174240000,142000,3876700,178258700,-,9874.59,-,"[18.3, 18.3]",[],['Chennai'],
V:\Project\Project_Stick\data_source\raw\TNRERA\2024\TN_29_Building_0339_2024.pdf,MARUTHAM NEPTUNE PHASE - II,"SUB DIVIDED PLOT . B, NO.51, N.T.PATEL ROAD / 9.0 M WIDE ROAD, NERKUNDRAM, CHENNAI - 600107",Non-High Rise Building (NHRB),Residential,2479,49,Under Construction,30/06/2026,13.060069,80.182326,47,7,5,66710000,277280640,28245600,372236240,-,6406.61,33.81,[],[],['Chennai'],
V:\Project\Project_Stick\data_source\raw\TNRERA\2024\TN_29_Building_0340_2024.pdf,Hiliving Pristine,"G+2 Floors, total 54 Villas",Non-High Rise Building (NHRB),Mixed Development,15563,54,Under Construction,30/09/2025,13.1124,80.1561,2,0,0,93378000,77402500,22285140,193065640,-,1880.7900000000004,209.45,[],"[{'block': None, 'base_level': 'Ground', 'floor_segments': ['2 Floors'], 'total_floors_above_base': 2}]",['Chennai'],
V:\Project\Project_Stick\data_source\raw\TNRERA\2024\TN_29_Building_0342_2024.pdf,Akshardham,"Old Door No.75, New Door No.68 (earlier Door No.53), Dr.Alagappa Road (earlier known as Lauder's Gate Street), Purasawalkam, Chennai-600084, comprised in O.S.No.182 (Part), R.S.No.50/2 (Part), then R.S.No.50/5 (Part), as per Extract from Town Survey Land Register comprised in R.S.No.50/20, Block No.3 of Purasawalkam Village",Non-High Rise Building (NHRB),Residential,1538.50,25,Not Yet Started,31/12/2030,13.081445,80.251808,38,2,4,15000000,13000000,5500000,33500000,-,4888.48,-,[],[],['Chennai'],
V:\Project\Project_Stick\data_source\raw\TNRERA\2024\TN_29_Building_0347_2024.pdf,CASAGRAND UPSTAY PARSLEY,"Proposed Construction of Stilt Floor + 3 Floors Residential Building (12.0m Height) with 15 Dwelling Units at Kuberan Nagar Extn 8th Street, Madipakkam, Chennai, Comprised in Survey No: 133/2 & 133/5 (As Per Document) Survey No : 133/54 (As Per Patta) of Madipakkam Village, Sholinganallur Taluk, within The Limits of Greater Chennai Corporation.",Non-High Rise Building (NHRB),Residential,687.29,15,Not Yet Started,31/10/2025,125727.9,801227.5,17,0,0,18494973,22166520,2512205,43173698,-,1372.88,-,[],"[{'block': None, 'base_level': 'Stilt', 'floor_segments': ['3 Floors'], 'total_floors_above_base': 3}]",['Chennai'],
V:\Project\Project_Stick\data_source\raw\TNRERA\2024\TN_29_Building_0352_2024.pdf,CASAGRAND HOLA CHENNAI https://rera.tn.gov.in/public-view2/building/pfirm/cceafc10-028f-11ef-859a-25be6a0b512f,"Proposed Construction of High Rise Group Development consisting of Combined Extended Basement Floor (Block 4 to 18) with Block 1: Ground Floor + 1st Floor + 2nd Floor (Part) Row Houses Villa (4 Dwelling Unit), Block 2: Ground Floor + 1st Floor + 2nd Floor (Part) Row Houses Villa (4 Dwelling Unit), Block 3: Ground Floor + 1st Floor + 2nd Floor (Part) Row Houses Villa (14 Dwelling Unit), Block 4: Ground Floor + 9 Floor (138 Dwelling Unit), Block 5: Ground Floor + 8 Floor (36 Dwelling Unit), Block 6: Ground Floor +9 Floor (117 Dwelling Unit), Block 7 : Ground Floor + 9 Floor (209 Dwelling Unit), Block 8 : Ground Floor + 9 Floor (170 Dwelling Unit), Block 9 : Ground Floor + 9 Floor (120 Dwelling Unit), Block 10 : Ground Floor + 9 Floor (150 Dwelling Unit), Block 11: Ground Floor + 9 Floor (170 Dwelling Unit), Block12 : Ground Floor + 9 Floor",High Rise Building (HRB),Residential 1/16,121716.91,1818,Not Yet Started,17/05/2029,125325.63,80138.13,2262,502,214,3275402048,4073288500,461639363.3,7810329911,,,,[],"[{'block': 'Block 4-18) with Block 1', 'base_level': 'Ground', 'floor_segments': ['1st Floor', '2nd Floor'], 'total_floors_above_base': 2}, {'block': 'Block 2', 'base_level': 'Ground', 'floor_segments': ['1st Floor', '2nd Floor'], 'total_floors_above_base': 2}, {'block': 'Block 3', 'base_level': 'Ground', 'floor_segments': ['1st Floor', '2nd Floor'], 'total_floors_above_base': 2}, {'block': 'Block 4', 'base_level': 'Ground', 'floor_segments': ['9 Floor'], 'total_floors_above_base': 9}, {'block': 'Block 5', 'base_level': 'Ground', 'floor_segments': ['8 Floor'], 'total_floors_above_base': 8}, {'block': 'Block 6', 'base_level': 'Ground', 'floor_segments': ['9 Floor'], 'total_floors_above_base': 9}, {'block': 'Block 7', 'base_level': 'Ground', 'floor_segments': ['9 Floor'], 'total_floors_above_base': 9}, {'block': 'Block 8', 'base_level': 'Ground', 'floor_segments': ['9 Floor'], 'total_floors_above_base': 9}, {'block': 'Block 9', 'base_level': 'Ground', 'floor_segments': ['9 Floor'], 'total_floors_above_base': 9}, {'block': 'Block 10', 'base_level': 'Ground', 'floor_segments': ['9 Floor'], 'total_floors_above_base': 9}, {'block': 'Block 11', 'base_level': 'Ground', 'floor_segments': ['9 Floor', '9 Floor'], 'total_floors_above_base': 18}]",['Chennai'],FSI_Other_Residential
V:\Project\Project_Stick\data_source\raw\TNRERA\2024\TN_29_Building_0354_2024.pdf,-,"Stilt + 5 Floors with 10 dwelling units at Plot No.30 & 31, Old D.No.28 & 29, New D.No.51 &53, 28th Cross Street, Indira Nagar, Thiruvanmiyur, Chennai -20 comprised in S.No.50/3, T.S.No.27 & 28 and S.No.50/2B1A4 and 50/2B1R in Block No.13 of Thiruvanmiyur Village.",Non-High Rise Building (NHRB),Residential,520.25,10,Completed,,12.9901,80.25291,11,04,0,40000000,12171600,21000,52192600,80.25291,1349.7,-,[],"[{'block': None, 'base_level': 'Stilt', 'floor_segments': ['5 Floors'], 'total_floors_above_base': 5}]",['Chennai'],
V:\Project\Project_Stick\data_source\raw\TNRERA\2024\TN_29_Building_0356_2024.pdf,PRINCE - ELITE,"New Door No.48/52(Old Door Nos.46 & 14/1), Taylors Road, Kilpauk, Chennai comprised in Old R.S.No.140/3 Part & New R.S.No140/7, Block No.10 of Egmore Village within the limits of Greater Chennai Corporation",Non-High Rise Building (NHRB),Residential,912.50,10,Under Construction,31/03/2027,13.08110,80.23790,23,2,3,144300000,90000000,30042499,264342499,-,2533.08,-,[],[],['Chennai'],
V:\Project\Project_Stick\data_source\raw\TNRERA\2024\TN_29_Building_0357_2024.pdf,AYANA-95,"Proposed Additional 5 th Floor Construction with 38 Dwellings and Revision to the Earlier approved Basement Floor + Stilt Floor + 4 Floors Residential Building with 147 Dwelling Units availing Premium FSI (Height - 18.05m) Totally : 185 Dwelling Units with GYM and Club House, at Ambattur Vanagaram Road, Chennai, Comprised in Old S.No: 132 part, 139/1 part, T.S.No: 15/2/2, 15/4/2/2, 15/4/1, Block No: 22, Ward- G of Athipattu Village, Within the limits of Greater Chennai Corporation",Non-High Rise Building (NHRB),Residential,7902,185,Under Construction,31/12/2027,13.08,80.15,136,49,15,210897000,375200000,43359000,629456000,,,,[18.05],[],['Chennai'],FSI_Other_Residential
V:\Project\Project_Stick\data_source\raw\TNRERA\2024\TN_29_Building_0359_2024.pdf,BBCL SANSKRITI,STILT + 5 FLOORS CONSISTING 20 DWELLING UNITS,Non-High Rise Building (NHRB),Residential,890.28,20,Not Yet Started,24/08/2031,13.0435,80.2200,20,2,2,70000000,80000000,21000000,171000000,,,,[],"[{'block': None, 'base_level': 'Stilt', 'floor_segments': ['5 FLOORS'], 'total_floors_above_base': 5}]",['Chennai'],FSI_Other_Residential
V:\Project\Project_Stick\data_source\raw\TNRERA\2024\TN_29_Building_0360_2024.pdf,KCEE AARADHYAM,"STILT FLOOR + 5 FLOORS (18.30m HEIGHT) RESIDENTIAL BUILDING WITH 20 DWELLING UNITS AVAILING PREMIUM FSI AT BLOCK No.S17 & S18, DOOR Nos. 106/1, 106/2, 106/3, 106/4, 106/5 , 106/6, 106/7, 106/8, 106/9, 106/10, 106/11 & 106/12, PONNAMBALAM SALAI, K.K.NAGAR, CHENNAI-600 078, COMPRISED IN OLD SURVEY No.248/PART, T.S.No.324/4, BLOCK No.49, VIRUGAMBAKKAM VILLAGE, WITHIN THE LIMITS OF GREATER CHENNAI CORPORATION",Non-High Rise Building (NHRB),Residential,709,20,Not Yet Started,30/06/2026,13.02,80.11,20,0,0,0,78018000,0,78018000,-,1967.11,-,[],"[{'block': None, 'base_level': 'Stilt', 'floor_segments': ['5 FLOORS'], 'total_floors_above_base': 5}]",['Chennai'],
V:\Project\Project_Stick\data_source\raw\TNRERA\2024\TN_29_Building_0364_2024.pdf,Rainbow Crystal Heights,"New Door Nos:302/1, 302/2 & 304, Old Door No: 152, 152/1, & 152/2, Purasawalkkam High Road, Kilpauk, Chennai -600010, Comprised in R.S NO:3048, (Old S.NO:63) Block No:49, Purasawalkkam Village and Taluk, Greater Chennai Corporation Limit, Tamilknadu",High Rise Building (HRB),Mixed Development,6293.48,126,Under Construction,31/12/2025,13.08620,80.024807,262,67,19,1550000000,1200000000,268688700,3018688700,-,28037.17,1879.23,[],[],['Chennai'],
V:\Project\Project_Stick\data_source\raw\TNRERA\2024\TN_29_Building_0365_2024.pdf,THE ARC FLATS,"Stilt floor (Parking) + 5 Floors Residential Building (Height18.30m ) 11 Dwelling units availing Premium FSI with TOD Benefit. Plot No. 1820 & 1821, Door No: 13, I- Block,13 th Main Road, Anna Nagar West, Chennai 600040, Comprised in Old S.No. 134 Part, 140 Part, 141 Part, (As per Document) Old S.No: 141/3 Part, 14,140/2 Part, 141/1A1A Part, 141/3 Part , T.S.No. 38 & 39, (As per Patta) Block No: 42 of Villivakkam Village within the limits of Greater Chennai Corporation",Non-High Rise Building (NHRB),Residential,884.50,11,Under Construction,30/12/2027,13.094315,80.200771,19,2,2,180000000,100000000,30000000,310000000,-,2429.99,-,[18.3],[],['Chennai'],
V:\Project\Project_Stick\data_source\raw\TNRERA\2024\TN_29_Building_0366_2024.pdf,-,"Basement Floor + Stilt Floor (Part) / Ground Floor (Part) + 2 Floors office use commercial building at Plot No. 1 , New Door No. 38 , Old Door No. 15 , Mahathma Gandhi Road (MG Road) , Thiruvanmiyur , Chennai - 600 041. Comprised in Old S.No. 139/1 , T.S.No. 5 , Block No. 24 of Thiruvanmiyur Village within the limit of Greater Chennai Corporation.",Non-High Rise Building (NHRB),Commercial,962.47,,Completed,,12.99,80.25,13,1,2,185150000,59400000,15748500,260298500,-,-,1580.05,[],"[{'block': None, 'base_level': 'Ground', 'floor_segments': ['2 Floors'], 'total_floors_above_base': 2}]",['Chennai'],Total_Dwelling_Units
V:\Project\Project_Stick\data_source\raw\TNRERA\2024\TN_29_Building_0367_2024.pdf,Ramaniyam Gayatri,Residential building consisting of Stilt + 5 floors with 15 dwelling units.,Non-High Rise Building (NHRB),Residential,562.05,15,Not Yet Started,31/12/2028,12.986743613160693,80.25351679184165,10,3,1,46016000,54133195,8839945,108989140,-,1411.4,-,[],"[{'block': None, 'base_level': 'Stilt', 'floor_segments': ['5 floors'], 'total_floors_above_base': 5}]",['Chennai'],
V:\Project\Project_Stick\data_source\raw\TNRERA\2024\TN_29_Building_0368_2024.pdf,Hayagriva Apartments,"Construction of 25 dwelling units in the Land bearing Plot No. 17 & 18, Manimegalai Street, Puzhudhivakkam, Chennai – 600091, measuring an extent of 10010 sq.ft",Non-High Rise Building (NHRB),Residential,921,25,Under Construction,31/03/2027,12.968835749619696,80.19326082061434,18,4,2,85000000,90000000,0,175000000,-,2393.77,-,[],[],['Chennai'],
V:\Project\Project_Stick\data_source\raw\TNRERA\2024\TN_29_Building_0371_2024.pdf,SIS ISFAHAN,Stilt + 5 Floors,Non-High Rise Building (NHRB),Residential,1213,25,Not Yet Started,24/11/2029,130259.65,801518.96,21,17,3,109464000,101424000,47046025,257934025,-,3140.84,-,[],"[{'block': None, 'base_level': 'Stilt', 'floor_segments': ['5 Floors'], 'total_floors_above_base': 5}]",['Chennai'],
V:\Project\Project_Stick\data_source\raw\TNRERA\2024\TN_29_Building_0373_2024.pdf,MAGNOLIA,Basement plus Ground Floor plus 4 Floors,High Rise Building (HRB),Mixed Development,1042.33,36,Under Construction,28/04/2031,13.061863,80.250948,12,0,4,214937500,87647800,11474300,314059600,-,2277,404.22,[],"[{'block': None, 'base_level': 'Ground', 'floor_segments': ['4 Floors'], 'total_floors_above_base': 4}]",['Chennai'],
V:\Project\Project_Stick\data_source\raw\TNRERA\2024\TN_29_Building_0374_2024.pdf,SKYLINE KOHINOOR,"construction of Stilt Floor + 5 floors (Height 18.30m) Residential Building with 10 dwelling units availing Premium FSI with TOD Benefit at Plot No.47, Old Door No.16, New Door No.35, Masilamani Road and Hanumantha Road, Mylapore Chennai comprised in O.S.No.3952, R.S.No.629/A (As per Document), R.S.No.629/53, (As per Patta) Block No.11of Mylapore village within the limits of Greater Chennai Corporation",Non-High Rise Building (NHRB),Residential,606.37,10,Not Yet Started,31/12/2026,13.0486693,80.2664016,13,2,2,155000000,64045800,13651321,232697121,-,1696.57,-,[18.3],"[{'block': None, 'base_level': 'Stilt', 'floor_segments': ['5 floors'], 'total_floors_above_base': 5}]",['Chennai'],
V:\Project\Project_Stick\data_source\raw\TNRERA\2024\TN_29_Building_0375_2024.pdf,RAINBOW CRYSTAL,"S.No.212/2 of Madtha Nagar Main Road, Madhanandhapuram, Chennai",Non-High Rise Building (NHRB),Residential,550,15,Under Construction,04/05/2026,13.01054,80.09268,11,1,0,45000000,30000000,2600000,77600000,-,1198.27,-,[],[],['Chennai'],
V:\Project\Project_Stick\data_source\raw\TNRERA\2024\TN_29_Building_0376_2024.pdf,Bhaggyam Prakriti,"Stilt + 5 floors (height 18.30) residential building with 10 dwelling units availing premium FSI at plot no. 5 & 6, old door no. 17, 18/1, 18/2, 18/3, and 18/4, new door no. 42, 44/1, 44/2, 44/3 and 44/4, Venkataraman street, T. Nagar, Chennai - 600017.",Non-High Rise Building (NHRB),Residential,833.53,10,Under Construction,31/12/2026,13.0427,80.2414,6,14,2,143554704,69319621,44357177,257231502,-,2146.65,-,[],"[{'block': None, 'base_level': 'Stilt', 'floor_segments': ['5 floors'], 'total_floors_above_base': 5}]",['Chennai'],
V:\Project\Project_Stick\data_source\raw\TNRERA\2024\TN_29_Building_0377_2024.pdf,KHURINJI ORCHID,"Plot No.68, New No.2, Old No.43, 1st Cross Street and 2nd Main Road, Kasturibai Nagar, Adyar, Chennai 600020",Non-High Rise Building (NHRB),Residential,512.36,10,Not Yet Started,30/09/2026,13.005889,80.254477,8,3,1,140000000,67500000,7500000,215000000,-,1223.58,-,[],[],['Chennai'],
V:\Project\Project_Stick\data_source\raw\TNRERA\2024\TN_29_Building_0379_2024.pdf,RISINGTON PHASE - II,"S. No: 166/1A, 166/1B,166/2, 166/3A, 166/3B, 166/4A, 166/4B, 166/5A, 166/5B, 166/15A1, Of Karapakkam Village, Rajiv Gandhi Salai, (Old Mahabalipuram Road) within the limits of Greater Chennai Corporation.",High Rise Building (HRB),Residential,46186,1332,Not Yet Started,19/02/2032,12.914464806564359,80.22763432224207,242,43,13,2200,4500,100,6800,9869.11,29903.27,-,[],[],['Chennai'],
V:\Project\Project_Stick\data_source\raw\TNRERA\2024\TN_29_Building_0380_2024.pdf,ROYAL CIVIL TECH - DRK ROYAL ELITE RERA,"Proposed construction of Stilt Floor + 5 Floors (Height 18.30 m) Residential Building with 48 dwelling units availing Premium FSI at Noombal, Chennai, comprised in Old S.No. 111/6, 7, 8, 9, 10, 11, 12, 13 & 111/14 (Part), New S. No: 139/1O of Noombal village within the limits of Thiruverkadu Municipality",Non-High Rise Building (NHRB),Residential,1825,48,Not Yet Started,15/06/2027,13.047805,80.133694,46,2,2,20000000,132448337,20000000,172448337,-,4740.23,-,[18.3],"[{'block': None, 'base_level': 'Stilt', 'floor_segments': ['5 Floors'], 'total_floors_above_base': 5}]",['Chennai'],
V:\Project\Project_Stick\data_source\raw\TNRERA\2024\TN_29_Building_0381_2024.pdf,NITHYA AKSHAYAM,"Stilt Floor + 5 Floors Residential Building with 15 Dwelling units Availing Premium FSI at Plot No.E8, Door No.1/1, Nanganallur 42nd Street and Nanganallur 41st Street, NCBS Colony, Nanganallur, Chennai 600061",Non-High Rise Building (NHRB),Residential,676.55,15,Under Construction,01/01/2026,12.983192,80.187179,11,6,2,95000000,75322488,9677512,180000000,-,1497.43,-,[],"[{'block': None, 'base_level': 'Stilt', 'floor_segments': ['5 Floors'], 'total_floors_above_base': 5}]",['Chennai'],
V:\Project\Project_Stick\data_source\raw\TNRERA\2024\TN_29_Building_0385_2024.pdf,HERALD PRIME,"Stilt Floor + 5 Floors (18.0 m height) Residential building with 15 dwelling units availing premium FSI @ Door no. 10/31, Srinivasa Rao Road, Mylapore, Chennai 600004 - Comprised in S. No. 1745/26, Block No. 37 of Mylapore Village within the limits of Greater Chennai Corporation",Non-High Rise Building (NHRB),Residential,684.23,15,Under Construction,31/07/2025,13.041079,80.273664,13,2,2,30365895,70000000,28936400,129302295,-,1778.93,-,[],"[{'block': None, 'base_level': 'Stilt', 'floor_segments': ['5 Floors'], 'total_floors_above_base': 5}]",['Chennai'],
V:\Project\Project_Stick\data_source\raw\TNRERA\2024\TN_29_Building_0387_2024.pdf,SAI SHANTH,STILT + 5 FLOORS COMMERCIAL CUM RESIDENTIAL,Non-High Rise Building (NHRB),Mixed Development,332,2,Under Construction,31/12/2026,13.003551,80.268950,3,3,0,55000000,20000000,2000000,77000000,80.268950,241.22,433.48,[],"[{'block': None, 'base_level': 'Stilt', 'floor_segments': ['5 FLOORS'], 'total_floors_above_base': 5}]",['Chennai'],
V:\Project\Project_Stick\data_source\raw\TNRERA\2024\TN_29_Building_0390_2024.pdf,SPR Binny Highliving - Phase II,Block 4 (Tower C&D) (Residential Use): comprising in Double basement Floor (Parking)+Stilt + 1st Floor to 45th Floor (450 Dwelling Units).,High Rise Building (HRB),Residential,196201.90,1796,Under Construction,30/06/2026,13.1016,80.2522,540,270,45,45.73,91.15,28.15,164,-,34138.53,-,[],"[{'block': 'Block 4 (Tower C&D) (Residential Use)', 'base_level': 'Basement', 'floor_segments': ['1st Floor', '45th Floor'], 'total_floors_above_base': 2}]",['Chennai'],
V:\Project\Project_Stick\data_source\raw\TNRERA\2024\TN_29_Building_0392_2024.pdf,BRIGADE ICON https://rera.tn.gov.in/public-view2/building/pfirm/5e272bd0-11c1-11ef-9357-7177ddc9f308,"Extended 1st Basement floor for Block 1 & 3, Block – 1: Ground Floor + 1st Floor (Utility Block) with 11.15m height, Block – 2: Ground Floor + 1st Floor (Utility Block) with 11.15m height & Block – 3 : Extended Triple Basement Floors + Combined Ground floor (Commercial Shops, Supermarket, Retail & Restaurants in front Part & Residential Lobby with Multipurpose Hall, Indoor Games, Electrical Room, AV Room in the Residential Rear Part) + Mezzanine floor (Two Wheeler Parking) + Combined 1st floor (Commercial Retail Shops in the Commercial front part & Parking area in the Residential Rear Part) + Combined 2nd floor (Commercial Retail Shops in the Front Part & Parking are in the Residential Rear Part) + Combined 3rd floor (Multipurpose pavilion, Restaurant, Cafeteria & office space in the Commercial Front Part and 2 Residential",High Rise Building (HRB),Mixed Development 1/10,1894.91,200,Under Construction,30/06/2030,13.03327,80.15349,773,0,117,100013500,1275400,57510,101346410,-,56496.55,35401.67,[],"[{'block': 'Block 1 & 3, Block – 1', 'base_level': 'Ground', 'floor_segments': ['1st Floor'], 'total_floors_above_base': 1}, {'block': 'Block – 2', 'base_level': 'Ground', 'floor_segments': ['1st Floor'], 'total_floors_above_base': 1}, {'block': 'Block – 3', 'base_level': 'Ground', 'floor_segments': ['1st floor', '2nd floor', '3rd floor'], 'total_floors_above_base': 3}]",['Chennai'],
V:\Project\Project_Stick\data_source\raw\TNRERA\2024\TN_29_Building_0396_2024.pdf,SPR BINNY SKY - PHASE I (THE CAPITAL DISTRICT),"Block No.7 (residential + commercial): Double Basement Floor (parking) + Ground Floor (partly shops & partly parking) 1st & 2nd Floor (partly shops, partly parking & partly residential) + 3rd Floor (partly office, partly club house & partly residential) + 4th Floor to 45th Floor residential (651 dwelling units);",High Rise Building (HRB),Mixed Development,196201.90,1796,Not Yet Started,30/03/2029,13.1016,80.2522,651,0,65,125,90,8.30,223,-,74586.67,10335.8,[],"[{'block': 'Block No.7 (residential + commercial)', 'base_level': 'Ground', 'floor_segments': ['2nd Floor', '3rd Floor', '4th Floor', '45th Floor'], 'total_floors_above_base': 4}]",['Chennai'],
V:\Project\Project_Stick\data_source\raw\TNRERA\2024\TN_29_Building_0399_2024.pdf,GRANDEZZA,Stilt + 5 floors with 53 dwelling units and 5 duplex dwelling units TOTALLING 58 units,Non-High Rise Building (NHRB),Residential,3314,58,Under Construction,31/10/2025,13.074521814697368,80.18978628042893,55,8,8,160000000,180000000,79641500,419641500,-,8720.02,-,[],"[{'block': None, 'base_level': 'Stilt', 'floor_segments': ['5 floors'], 'total_floors_above_base': 5}]",['Chennai'],
V:\Project\Project_Stick\data_source\raw\TNRERA\2024\TN_29_Building_0401_2024.pdf,Orion,"S+5 floors , Plot No. 27& 28, Old Door 2&3, New Door No. 3 &5, 2nd Street, Bakathavatchalam Nagar, Adyar, Chennai 20.",Non-High Rise Building (NHRB),Residential,642.50,15,Not Yet Started,31/12/2028,13.003300,86.254290,15,0,2,37250000,88000000,25000000,150250000,-,1798.88,-,[],"[{'block': None, 'base_level': 'Stilt', 'floor_segments': ['5 floors'], 'total_floors_above_base': 5}]",['Chennai'],
V:\Project\Project_Stick\data_source\raw\TNRERA\2024\TN_29_Building_0402_2024.pdf,PATRIA CASTLE,"STILT FLOOR + 5 FLOORS WITH 20 DWELLING UNITS AT PLOT NO. 7 & 10, RAJAJI STREET, SENTHIL NAGAR, THIRUMULLAIVOYAL, CHENNAI IN T.S.NO. 19/4 & 19/5, BLOCK NO. 106, WARD – D OF THIRUMULLAIVOYAL VILLAGE.",Non-High Rise Building (NHRB),Residential,555.37,20,Under Construction,31/12/2024,13.116952,80.137986,12,2,0,30000000,74177500,11000000,115177500,-,1500.64,-,[],"[{'block': None, 'base_level': 'Stilt', 'floor_segments': ['5 FLOORS'], 'total_floors_above_base': 5}]",['Chennai'],
V:\Project\Project_Stick\data_source\raw\TNRERA\2024\TN_29_Building_0403_2024.pdf,AVANTHIKA,"Project AVANTHIKA is being developed on land extent of 504.50 sq.m and is Stilt plus 5 floors structure. The Project developed on JV basis comprises of 10 apartments. Developer share of 5 apartments (ie) 1B, 2B, 3A, 3B, 5A are being sold and Landowner share of 5 apartments (ie) 1A, 2A, 4A, 4B, 5B are retained & not for Sale",Non-High Rise Building (NHRB),Residential,504.50,10,Not Yet Started,30/06/2026,13.04877612949665,80.18833113681568,9,3,2,27160000,48871000,7600000,83631000,-,1311.23,-,[],"[{'block': None, 'base_level': 'Stilt', 'floor_segments': ['5 floors'], 'total_floors_above_base': 5}]",['Chennai'],
V:\Project\Project_Stick\data_source\raw\TNRERA\2024\TN_29_Building_0408_2024.pdf,NEST EUPHORIA,NEST EUPHORIA,Non-High Rise Building (NHRB),Residential,5609.84,143,Not Yet Started,30/06/2026,12.874105,80.203460,90,23,14,59000000,821568685,10000000,890568685,0.00,14732.02,-,[],[],['Chennai'],
V:\Project\Project_Stick\data_source\raw\TNRERA\2024\TN_29_Building_0411_2024.pdf,Bhaggyam Vriddhi,"Stilt floor +5 floors (18.25m Height) Residential Building with 40 dwelling units Availing Premium FSI at Plot B, New Giri Road, T. Nagar, Chennai",Non-High Rise Building (NHRB),Residential,2641,40,Under Construction,31/12/2027,13.04774,80.24120,62,6,6,227429715,252858469.5,129135005,609423189,0.00,6711.75,-,[],"[{'block': None, 'base_level': 'Stilt', 'floor_segments': ['5 floors'], 'total_floors_above_base': 5}]",['Chennai'],
V:\Project\Project_Stick\data_source\raw\TNRERA\2024\TN_29_Building_0412_2024.pdf,RAMMIYAM KRITHIK,"Door No.13-A, First Main Road, Kovalan Nagar, Pallikaranai, Chennai-600 100.",Non-High Rise Building (NHRB),Residential,607.58,12,Under Construction,31/12/2027,12.931777,80.204790,9,0,1,35000000,40000000,1950700,76950700,-,1183.36,-,[],[],['Chennai'],
V:\Project\Project_Stick\data_source\raw\TNRERA\2024\TN_29_Building_0415_2024.pdf,PEARL ISHAAN,"Proposed project PEARL ISHAAN to be set up at Door No.2, Anna Main road and 1st Sector 1st Street, K.K.Nagar, Chennai - 600 078 comprised in Old S.No. 394/1 Part, T.S. No:256/10, Block No. 104 of Kodambakkam village. Total Floor Area: 1854.30 sqm Total FSI Area: 1713.90 sqm No of Car parking: 22",Non-High Rise Building (NHRB),Residential,723.96,10,Not Yet Started,30/06/2026,13.036094,80.203591,11,9,2,70200000,60000000,13027700,143227700,0.00,1713.90,-,[],[],['Chennai'],
V:\Project\Project_Stick\data_source\raw\TNRERA\2024\TN_29_Building_0416_2024.pdf,SPR CITY Market of India - Phase I,"Block No.6 (commercial Market & retail): Triple Basement Floor (1st basement partly shops & partly parking; 2nd & 3rd basement parking use) + Ground Floor + 1st Floor to 4th Floor (Shops, Food Court & Multiplex) + 5th Floor (Parking, Food court & Multiplex) + 6th Floor to 9th Floor (partly shops & partly parking) + 10th Floor (Shops) + 11th Floor part to 15th Floor part (Office use);",High Rise Building (HRB),Commercial,196201.90,,Under Construction,31/12/2025,13.1023,80.25383,431,0,0,313.07,580.21,62.39,955,-,-,60117,[],"[{'block': 'Block No.6 (commercial Market & retail)', 'base_level': 'Ground', 'floor_segments': ['1st Floor', '4th Floor', '5th Floor', '6th Floor', '9th Floor', '10th Floor', '11th Floor', '15th Floor'], 'total_floors_above_base': 8}]",['Chennai'],Total_Dwelling_Units
V:\Project\Project_Stick\data_source\raw\TNRERA\2024\TN_29_Building_0417_2024.pdf,BRINDAVAN,"Proposed construction of Stilt floor + 5 floors (Height – 18.30m) Residential Building with 10 dwelling units Availing Premium FSI with TOD benifit New Door No.14, Old Door No.5, Hanumantha Road andBalaji Nagar 4th Street, Royapettah, Chennai 600014Comprised in R.S.No.629/29, Block No.11 of Mylapore Village within the limits of Greater Chennai Corporation",Non-High Rise Building (NHRB),Residential,643.16,10,Under Construction,31/12/2027,13.048722,80.267806,13,4,0,123000000,52000000,15000000,190000000,0.00,1662.16,-,[18.3],"[{'block': None, 'base_level': 'Stilt', 'floor_segments': ['5 floors'], 'total_floors_above_base': 5}]",['Chennai'],
V:\Project\Project_Stick\data_source\raw\TNRERA\2024\TN_29_Building_0419_2024.pdf,CASAGRAND AVENUE PARK https://rera.tn.gov.in/public-view2/building/pfirm/6ee52b50-3234-11ef-9135-9db0870569d0,"Proposed Construction of Residential Group Development comprising 4 Blocks and combined Basement; Block 1: Basement Floor + Ground Floor + 5 Floors (18.15m Height) Residential Building with 95 Dwelling Units, Block 2: Basement Floor + Ground Floor + 4 Floors + 5th Floor Part (18.15m Height) Residential Building with 54 Dwelling Units and Swimming Pool, Indoor Games Room, Association Room, Video Games Room & Kids Play Room; Block 3: Basement Floor + Ground Floor + 5 Floors (18.15m Height) Residential Building With 36 Dwelling Units; Block 4: Basement Floor + Ground Floor + 5 Floors (18.15m Height) Residential Building with 24 Dwelling Units; Totally 209 Dwelling Units Availing Premium FSI in S.Nos. 10/1, 10/5, 10/6, 10/7, 10/8, 10/11A, 11/7A, 11/8A1A, 11/8B, 11/8C1A, 11/8C1B, 11/8C2, 11/8C3, 11/8C4, 11/9A,",Non-High Rise Building (NHRB),Residential 1/10,16266.00,209,Not Yet Started,08/06/2028,80.145398,12.57647,297,9,29,810000000,1610000000,440000000,2860000000,0.00,33257.54,783.66,[],"[{'block': 'Block 1', 'base_level': 'Ground', 'floor_segments': ['5 Floors'], 'total_floors_above_base': 5}, {'block': 'Block 2', 'base_level': 'Ground', 'floor_segments': ['4 Floors', '5th Floor'], 'total_floors_above_base': 5}, {'block': 'Block 3', 'base_level': 'Ground', 'floor_segments': ['5 Floors'], 'total_floors_above_base': 5}, {'block': 'Block 4', 'base_level': 'Ground', 'floor_segments': ['5 Floors'], 'total_floors_above_base': 5}]",['Chennai'],
V:\Project\Project_Stick\data_source\raw\TNRERA\2024\TN_29_Building_0420_2024.pdf,Construction of 450 EWS tenements at NN Nagar and Chindadripet Scheme in Corporation Division 62 Zon V Of Greater Chennai Corporation Under PMAY HFA,Construction of 450 EWS tenements at NN Nagar and Chindadripet Scheme in Corporation Division 62 Zon V Of Greater Chennai Corporation Under PMAY HFA,Non-High Rise Building (NHRB),Residential,9063.25,450,Under Construction,31/12/2025,130435.2,801623.2,0,0,0,0,7687.45,0,7687,-,18546.98,-,[],[],['Chennai'],
V:\Project\Project_Stick\data_source\raw\TNRERA\2024\TN_29_Building_0421_2024.pdf,"Construction of 65 EWS Tenements at Ellispuram Scheme in corporation Division 59, Zone V of GCC","Construction of 65 EWS Tenements at Ellispuram Scheme in corporation Division 59, Zone V of GCC",Non-High Rise Building (NHRB),Residential,1861.19,65,Not Yet Started,30/09/2026,13.066470982286528,80.27184226256057,0,0,0,0,110484000,0,110484000,-,3178.14,-,[],[],['Chennai'],
V:\Project\Project_Stick\data_source\raw\TNRERA\2024\TN_29_Building_0423_2024.pdf,Construction of 78 EWS Tenements at Cox colony scheme in corp dn 62 zone V of GCC,Construction of 78 EWS Tenements at Cox colony scheme in corp dn 62 zone V of GCC,Non-High Rise Building (NHRB),Residential,1703.25,78,Not Yet Started,31/07/2026,130445.1,801610.2,0,0,0,0,142002000,0,142002000,-,3235.66,-,[],[],['Chennai'],
V:\Project\Project_Stick\data_source\raw\TNRERA\2024\TN_29_Building_0425_2024.pdf,NEST MOJO,NEST MOJO,Non-High Rise Building (NHRB),Residential,4950,123,Not Yet Started,30/06/2026,12.809646,80.232718,104,19,5,85249600,754500000,10000000,849749600,0.00,15770.86,-,[],[],['Chennai'],
V:\Project\Project_Stick\data_source\raw\TNRERA\2024\TN_29_Building_0426_2024.pdf,Sreerosh Petunia,"Door No.67 (28), Block No.13, Old S.No.272, Old R.S.No.154/16, T.S.No.154/183, Taylors Road, Kilpauk, Chennai 600010",Non-High Rise Building (NHRB),Residential,500.37,10,Under Construction,31/03/2026,13.07786,80.23900,8,3,1,14400000,40000000,3100000,57500000,0.00,1063.00,-,[],[],['Chennai'],
V:\Project\Project_Stick\data_source\raw\TNRERA\2024\TN_29_Building_0427_2024.pdf,-,"proposed project Commercial building at plot No 4617 at Door No 217 Y Block second avenue, Anna nagar Chennai 600040 comprised in old survey No 94/1B part , of Mullam Village , (as per document ) Old S.NO:51part,T.S.NO:4 Block No:1-A of Naduvakkarai Village in greater Chennai corporation",Non-High Rise Building (NHRB),Commercial,566.70,,Completed,,13.05,80.12,2,8,2,137200000,56600000,1355500,195155500,80.12,0.00,840.14,[],[],['Chennai'],Total_Dwelling_Units
V:\Project\Project_Stick\data_source\raw\TNRERA\2024\TN_29_Building_0430_2024.pdf,AMARA AHAANA,"Old Door No. 1, 2 & 2A, New Door No. 1, 3 & 3/1, Taylors Road, Kilpauk, Chennai - 600 010. Comprised in T.S.No.143/1, Block No.11, Egmore Village, Egmore Taluk, Chennai District.",High Rise Building (HRB),Residential,2616.50,23,Under Construction,31/12/2028,13.0829063,80.2388387,64,28,10,675932695,492740000,35000000,1203672695,0.00,9155.34,-,[],[],['Chennai'],
V:\Project\Project_Stick\data_source\raw\TNRERA\2024\TN_29_Building_0433_2024.pdf,"construction of 192 tenements (S+6) R.S.No 4834/3Pt Block No.111 of T.nagar Village, North Giriappa Road, in Greater Chennai Corporation.","construction of 192 tenements (S+6) R.S.No 4834/3Pt Block No.111 of T.nagar Village, North Giriappa Road, in Greater Chennai Corporation.",High Rise Building (HRB),Residential,3166.04,192,Not Yet Started,12/09/2025,132352716,3014485008,0,0,0,0,340550000,0,340550000,7466.02,0.00,7466.02,[],"[{'block': None, 'base_level': 'Stilt', 'floor_segments': ['6'], 'total_floors_above_base': 6}]",['Chennai'],
V:\Project\Project_Stick\data_source\raw\TNRERA\2024\TN_29_Building_0435_2024.pdf,Construction of 68 EWS Tenements at Appasamy Mudali Street Scheme in corp DN no 109 Zone IX,Construction of 68 EWS Tenements at Appasamy Mudali Street Scheme in corp DN no 109 Zone IX,Non-High Rise Building (NHRB),Residential,1849,68,Not Yet Started,10/06/2025,13.066876,80.236849,0,0,0,0,128307000,0,128307000,2751.51,59.11,-,[],[],['Chennai'],
V:\Project\Project_Stick\data_source\raw\TNRERA\2024\TN_29_Building_0439_2024.pdf,ANIRUDH ANJANEYA,"Stilt Floor + 5 Floors (Height 18.0 m) Residential Building with 12 dwelling units availing Premium FSI at New Door No. 4/F5, Old Door No. C/F5, 56th Street, Ashok Nagar, Chennai – 600 083, comprised in Old S.No. 223/3 Part, 223/4 Part & 223/5 Part, as per patta T.S. No:50, Block No. 72 of Kodambakkam village within the limits of Greater Chennai Corporation, Chennai District",Non-High Rise Building (NHRB),Residential,573.50,12,Not Yet Started,14/06/2028,12.54,79.63,12,0,0,15600000,106100000,3100000,124800000,0.00,1522.72,0.00,[18.0],"[{'block': None, 'base_level': 'Stilt', 'floor_segments': ['5 Floors'], 'total_floors_above_base': 5}]",['Chennai'],
V:\Project\Project_Stick\data_source\raw\TNRERA\2024\TN_29_Building_0443_2024.pdf,Elevender,"9,10,11, Greenways Road, Dr.D.G.S. Dinakaran salai, R.A. Puram Chennai -600 028",High Rise Building (HRB),Residential,2365.5,28,Under Construction,31/12/2027,13.01916,80.26415,44,28,0,275000000,450000000,75000000,800000000,0.00,8068.07,-,[],[],['Chennai'],
V:\Project\Project_Stick\data_source\raw\TNRERA\2024\TN_29_Building_0447_2024.pdf,TEMPLE RESIDENCY,"Proposed construction of Stilt+8 floors residential building with 32 dwelling units of High Rise Building at Block No:371, Temple colony, 15th main road, anna nagar, chennai-60040, comprised in S.No:207 part of Thirumangalam Village, now Resurveyed and assigned T.S.No:20/2, Block No:10 of Koaymbedu Village, Aminjikarai Taluk, Chennai District",High Rise Building (HRB),Residential,1616.96,32,Not Yet Started,31/05/2032,13.087576,80.203873,19,19,2,208860000,123648000,0,332508000,0.00,4541.15,0.00,[],[],['Chennai'],
V:\Project\Project_Stick\data_source\raw\TNRERA\2024\TN_29_Building_0449_2024.pdf,VINOTH VENYA,"Proposed construction of Residential apartments in Stilt +3 storied building at Plot no:8, Samuel Colony, Balwadi street extension, Nerkundrum, Chennai 600107",Non-High Rise Building (NHRB),Residential,505.48,9,Under Construction,31/03/2029,13.068553,80.185302,13,0,0,26000000,32500000,3000000,61500000,0.00,927.15,0.00,[],"[{'block': None, 'base_level': 'Stilt', 'floor_segments': ['3'], 'total_floors_above_base': 3}]",['Chennai'],
V:\Project\Project_Stick\data_source\raw\TNRERA\2024\TN_29_Building_0451_2024.pdf,POLESTAR,STLIT +3 Appartments,Non-High Rise Building (NHRB),Residential,550,9,Not Yet Started,01/07/2029,12.922712,80.251545,9,1,1,40000000,46284000,5000000,91284000,0.00,1092.47,-,[],[],['Chennai'],
V:\Project\Project_Stick\data_source\raw\TNRERA\2024\TN_29_Building_0452_2024.pdf,Excellence Phase 1 by Urban Tree,"125 dwelling units in Survey No 429 & 456 of Manapakkam Village, Chennai District",Non-High Rise Building (NHRB),Residential,5972.51,125,Under Construction,30/09/2027,13.013909,80.167851,181,15,13,263581200,504140000,80000000,847721200,0.00,15451.72,-,[],[],['Chennai'],
V:\Project\Project_Stick\data_source\raw\TNRERA\2024\TN_29_Building_0453_2024.pdf,LUXE,"“LUXE” Proposed Construction of Stilt Floor + 4 floors +5th Floor part Residential Building (Height – 18.30m) with 18 Dwelling Units Availing Premium FSI at Plot No.5(Part), 6 & 7, 4th Cross Street, Logaiah Colony, Saligramam, Chennai comprised in T.S.No.29/1, Block No.36 of Saligramam Village, Within the Limits of Greater Chennai Corporation Zone - 10, Division 129.",Non-High Rise Building (NHRB),Residential,700.37,18,Under Construction,31/12/2026,13.058410,80.167209,12,6,2,120000000,94928000,14446500,229374500,0.00,1820.20,-,[18.3],"[{'block': None, 'base_level': 'Stilt', 'floor_segments': ['4 floors', '5th Floor'], 'total_floors_above_base': 5}]",['Chennai'],
V:\Project\Project_Stick\data_source\raw\TNRERA\2024\TN_29_Building_0454_2024.pdf,KARGIL NAGAR SCHEME,"Construction of (stilt + 15 floors) with 300 Ews dwelling units totally1200 Ews (1192+8) units used for refuge area dewelling units abutting manali high ways bye pass road old S.no.618 G/3 Part T.S NO 1/1 & 3/1 , Block no.08, of thiruvottiyur Village, Greater Chennai coporation .",High Rise Building (HRB),Residential,52480.58,1200,Completed,,13.174678333333334,80.29278,0,0,0,0,1908800000,0,1908800000,0.00,0.00,0.00,[],"[{'block': None, 'base_level': 'Stilt', 'floor_segments': ['15 floors'], 'total_floors_above_base': 15}]",['Chennai'],
V:\Project\Project_Stick\data_source\raw\TNRERA\2024\TN_29_Building_0455_2024.pdf,Construction of 32 EWS tenement at Periyapalaiyathamman scheme in within the limit of Greater chennai corporation,Construction of 32 EWS tenement at Periyapalaiyathamman scheme in within the limit of Greater chennai corporation,Non-High Rise Building (NHRB),Residential,565.31,32,Not Yet Started,28/02/2025,13.053933,80.261285,0,0,0,0,56961000,0,56961000,72.84,1253.74,-,[],[],['Chennai'],
V:\Project\Project_Stick\data_source\raw\TNRERA\2024\TN_29_Building_0456_2024.pdf,AMARA AANYA,"Old Door No. 121 & 122, New Door No. 187 & 191, St.Mary’s Road, Alwarpet, Chennai - 600 018. Comprised in R.S.No.3925/5, 3925/22, 3926/1, 3926/4, Block No.86, Mylapore Village, Mylapore Taluk, Chennai District. Within the limits of Greater Chennai Corporation.",High Rise Building (HRB),Residential,3389.50,39,Under Construction,31/01/2029,13.0287865,80.2523331,149,5,15,2194900000,1420400000,99500000,3714800000,0.00,15781.26,-,[],[],['Chennai'],
V:\Project\Project_Stick\data_source\raw\TNRERA\2024\TN_29_Building_0457_2024.pdf,KCEE NIVEDITHAM,"47/27 & 48A/28A, Babu Rajendra Prasad Street, West Mambalam, Chennai- 600033",High Rise Building (HRB),Residential,1504.08,15,Under Construction,30/06/2026,130212.5,13.03679980226436,17,0,2,0,65152500,0,65152500,0.00,1504.08,-,[],[],['Chennai'],
V:\Project\Project_Stick\data_source\raw\TNRERA\2024\TN_29_Building_0458_2024.pdf,Navin's RP Enclave,"Stilt floor + 5 Floors Residential Building with 30 Dwelling units, Old Door No: 24/25, New Door No: 64, Arathoon Road, Royapuram.",Non-High Rise Building (NHRB),Residential,1808.53,30,Not Yet Started,31/12/2026,13.112301,80.293889,25,19,4,160000000,126712239,15189000,301901239,0.00,4226.49,-,[],"[{'block': None, 'base_level': 'Stilt', 'floor_segments': ['5 Floors'], 'total_floors_above_base': 5}]",['Chennai'],
V:\Project\Project_Stick\data_source\raw\TNRERA\2024\TN_29_Building_0460_2024.pdf,MANASA RAMANIYAM,SINGLE BLOCK OF EXTENDED BASEMENT PLUS 9 FLOORS CONSISTING OF 54 FLATS,High Rise Building (HRB),Residential,2354.52,54,Under Construction,31/07/2032,13.08551,80.20377,49,16,5,402969600,302940000,42561374,748470974,0.00,8528.22,-,[],"[{'block': None, 'base_level': 'Basement', 'floor_segments': ['9 FLOORS'], 'total_floors_above_base': 9}]",['Chennai'],
V:\Project\Project_Stick\data_source\raw\TNRERA\2024\TN_29_Building_0462_2024.pdf,Vembuliamman Kovil Street,"Re-Construction of 188 Nos of Tenements at Vembuliamman Kovil Street T.S. No. 238 part, Block No. 16 in Chennai Corporation Division No. 108, Zone – VIII under PMAY-Housing for All - Vertical III (AHP)",High Rise Building (HRB),Residential,2815.64,188,Under Construction,17/06/2025,13.0723718,80.2316801,0,0,0,22525120,161280000,96506000,280311120,55.47,7257.21,-,[],[],['Chennai'],
V:\Project\Project_Stick\data_source\raw\TNRERA\2024\TN_29_Building_0464_2024.pdf,"Construction of 120 EWS units at Goyyathoppe scheme in corporation division 63, Zone V of Greater Chennai Corporation under PMAY-HFA- AHP","Construction of 120 EWS units at Goyyathoppe scheme in corporation division 63, Zone V of Greater Chennai Corporation under PMAY-HFA- AHP",Non-High Rise Building (NHRB),Residential,23458,120,Not Yet Started,31/12/2025,13049,801554.7,0,0,0,800000,612000000,0,612800000,0.00,4967.64,0.00,[],[],['Chennai'],
V:\Project\Project_Stick\data_source\raw\TNRERA\2024\TN_29_Building_0465_2024.pdf,GATALA MAHADEV,"PROPOSED CONSTRUCTION OF STILT FLOOR + 5 FLOORS RESIDENTIAL BUILDING WITH 15 DWELLING UNITS (WITH HEIGHT 18.30M) AVAILING PREMIUM FSI WITH TOD BENEFIT AT PLOT NO. 05, OLD DOOR NO:46 & 46/1 NEW NO: 89 & 89/1, BAZULLAH ROAD, THEYAGARAYA NAGAR, CHENNAI- 600017 AND COMPRISED IN T.S. NO. 7991/11 IN BLOCK NO. 106 OF THEYAGARAYA NAGAR VILLAGE, GUINDY TALUK AND WITHIN THE LIMITS OF GREATER CHENNAI CORPORATION. ZONE:- X DIVISION 136.",Non-High Rise Building (NHRB),Residential,916,15,Not Yet Started,31/12/2026,13.0475,80.232,19,4,0,0,102000000,61700000,163700000,0.00,2174.27,-,[18.3],[],['Chennai'],
V:\Project\Project_Stick\data_source\raw\TNRERA\2024\TN_29_Building_0469_2024.pdf,BBCL ESHANA,"Plot No. 154A, 154B, 156,158,160A(PART), 160B (PART), Ram Nagar, south extension 7th main road, Pallikaranai, Chennai comprised Old S.No. 10&11 and New S.No. 10/1B4A2, 10/1C2A2, 10/1B4A1, 10/1C2A1, 10/1B4B, 10/1C2B, 11/1A1D, 11/2B1C,11/20 & 22",Non-High Rise Building (NHRB),Residential,1635.08,38,Under Construction,29/05/2032,12.9525556,80.2053889,38,5,5,51500000,125000000,16296874,192796874,0.00,4054.29,-,[],[],['Chennai'],
V:\Project\Project_Stick\data_source\raw\TNRERA\2024\TN_29_Building_0470_2024.pdf,Rajathottam Scheme,"RECONSTRUCTION OF STILT FLOOR + 9 FLOORS HIGH RISE RESIDENTIAL BUILDING WITH 162 EWS TENEMENTS (1 UNIT AS REFUGE AREA) AND ICDS & SHOP IN STILT FLOOR (AFTER DEMOLITION OF EXISTING RESIDENTIAL TENEMENTS) AT PAPER MILLS ROAD, CHENNAI, COMPRISED AT T.S.NO.1 & 3, BLOCK NO. 19833, PERAVALLUR VILLAGE, PERAMBUR TALUK, GREATER CHENNAI CORPORATION",High Rise Building (HRB),Residential,2979.51,162,Under Construction,12/03/2025,13.1179279,80.2272635,0,0,0,17877060,182895000,87074000,287846060,0.00,0.00,-,[],"[{'block': None, 'base_level': 'Stilt', 'floor_segments': ['9 FLOORS'], 'total_floors_above_base': 9}]",['Chennai'],
V:\Project\Project_Stick\data_source\raw\TNRERA\2024\TN_29_Building_0471_2024.pdf,"Construction of 216 EWS Tenements at Vanniyapuram Scheme in corporation Division 123, Zone IX of GCC","Construction of 216 EWS Tenements at Vanniyapuram Scheme in corporation Division 123, Zone IX of GCC",High Rise Building (HRB),Residential,3535.84,216,Under Construction,26/12/2024,13020998,80150679,0,0,0,0,369162000,0,369162000,188.93,8272.08,8461.01,[],[],['Chennai'],
V:\Project\Project_Stick\data_source\raw\TNRERA\2024\TN_29_Building_0472_2024.pdf,"construction of(S+ 9) floors 360 dwelling units at KB Dasan Salai, Baruva Nagar, Mylapore, Chennai 600018 in T.S.No.3760pt, Block No. 74 of Mylapore Village within the limit of GCC","construction of(S+ 9) floors 360 dwelling units at KB Dasan Salai, Baruva Nagar, Mylapore, Chennai 600018 in T.S.No.3760pt, Block No. 74 of Mylapore Village within the limit of GCC",Non-High Rise Building (NHRB),Residential,4667,360,Under Construction,08/02/2026,13.0349885,80.2496563,0,0,0,0,611300000,0,611300000,14674.03,0.00,14676.03,[],"[{'block': None, 'base_level': 'Stilt', 'floor_segments': ['9'], 'total_floors_above_base': 9}]",['Chennai'],
V:\Project\Project_Stick\data_source\raw\TNRERA\2024\TN_29_Building_0476_2024.pdf,-,Basement Floor +Stilt Floor + 5 Floor,Non-High Rise Building (NHRB),Residential,2120.55,64,Under Construction,04/01/2032,13.154137,80.235648,50,6,3,34985500,160000000,8200000,203185500,0.00,5201.78,-,[],"[{'block': None, 'base_level': 'Basement', 'floor_segments': ['5 Floor'], 'total_floors_above_base': 5}]",['Chennai'],
V:\Project\Project_Stick\data_source\raw\TNRERA\2024\TN_29_Building_0480_2024.pdf,LANCOR BAGYA,"“Lancor – Bagya” Residential Building with 10 dwelling units at B5, 10th Cross Street, Besant Nagar, Chennai – 600 090 comprised in Town Survey No. 8/13 of Block No.40, Urur Village, Velachery Taluk, Chennai District, Tamil Nadu",Non-High Rise Building (NHRB),Residential,563.36,10,Not Yet Started,30/06/2029,12.999596,80.266786,16,2,2,40000000,55000000,5000000,100000000,0.00,1575.84,0.00,[],[],['Chennai'],
V:\Project\Project_Stick\data_source\raw\TNRERA\2024\TN_29_Building_0483_2024.pdf,THE MASTER PIECE,"RESIDENTIAL BUILDING WITH 10 DWELLING UNITS AT NEW DOOR NO. 8, OLD DOOR NO. 34, PLOT NO. 25, NEELAKANDA MEHTA STREET, T.NAGAR, CHENNAI - 600 017, COMPRISED IN OLD S.NO. 126/2 PART, 127/6 PART, 127/7 PART, T.S. NO.6618, BLOCK NO. 142 OF T.NAGAR VILLAGE WITHIN THE LIMITS OF GREATER CHENNAI CORPORATION",Non-High Rise Building (NHRB),Residential,892,10,Not Yet Started,31/03/2027,13.036899,80.242156,9,13,2,193477110,95000000,37500000,325977110,0.00,2316.63,-,[],[],['Chennai'],
V:\Project\Project_Stick\data_source\raw\TNRERA\2024\TN_29_Building_0484_2024.pdf,Firm's DejaVu,Stilt + 5,Non-High Rise Building (NHRB),Residential,521.18,10,Not Yet Started,28/02/2026,130506.6,801322.2,10,0,2,112200000,47117000,10365000,169682000,0.00,1300.60,-,[],"[{'block': None, 'base_level': 'Stilt', 'floor_segments': ['5'], 'total_floors_above_base': 5}]",['Chennai'],
V:\Project\Project_Stick\data_source\raw\TNRERA\2024\TN_29_Building_0485_2024.pdf,SEA CREST,STILT FLOOR + 5 FLOORS,Non-High Rise Building (NHRB),Residential,1472.32,40,Under Construction,30/06/2029,13.170332,80.305027,17,3,2,121000000,111000000,28945000,260945000,0.00,3472.52,-,[],"[{'block': None, 'base_level': 'Stilt', 'floor_segments': ['5 FLOORS'], 'total_floors_above_base': 5}]",['Chennai'],
V:\Project\Project_Stick\data_source\raw\TNRERA\2024\TN_29_Building_0486_2024.pdf,ELANZA,"“ELANZA” Proposed Construction of Stilt +5 Floors (Height 18.00M) Residential Building with 35 Dwelling Unit, Affordable Housing at Door No.35/2, Seemathamman Nagar, Mettukuppam Road, Maduravoyal, Chennai comprised in Old S.No.265/1A & 266 Part, New S.No.266/6A1 & 266/6A2 of Maduravoyal Village, Within the Limits of Greater Chennai Corporation.",Non-High Rise Building (NHRB),Residential,891.87,35,Under Construction,31/03/2027,13.058323,80.167251,15,0,2,80000000,114384000,9391700,203775700,0.00,2255.58,-,[18.0],"[{'block': None, 'base_level': 'Stilt', 'floor_segments': ['5 Floors'], 'total_floors_above_base': 5}]",['Chennai'],
V:\Project\Project_Stick\data_source\raw\TNRERA\2024\TN_29_Building_0487_2024.pdf,VIJYALAKSHMI COMPLEX,"PLOT NO :7, ARCOT ROAD, SAPTHAGIRI NAGAR,PORUR,CHENNAI-600087",Non-High Rise Building (NHRB),Commercial,743.38,,Under Construction,30/06/2027,12.971252,80.183248,5,5,2,25344000,40000000,1500000,66844000,80.183248,0.00,1344.76,[],[],['Chennai'],Total_Dwelling_Units
V:\Project\Project_Stick\data_source\raw\TNRERA\2024\TN_29_Building_0488_2024.pdf,SUPRABHATH,"DOOR NO:9/6, VAIGAI STREET AND KRISHNA STREET,BARATHI NAGAR, ADAMBAKKAM,CHENNAI-600088.",Non-High Rise Building (NHRB),Residential,741,17,Not Yet Started,30/06/2029,12.985644,801200.6,13,3,2,31120000,67782000,6993000,105895000,801200.6,1909.36,-,[],[],['Chennai'],
V:\Project\Project_Stick\data_source\raw\TNRERA\2024\TN_29_Building_0493_2024.pdf,THAI PARTHA,"Stilt Floor + 5 Floors Residential Building with 24 Dwelling units Availing Premium FSI at Plot No.25 & 26, New Door No.3 & 5, Old Door No.2 & 3, Parthasarathi Nagar 2nd Street, Adambakkam, Chennai 600088 comprised in Old S.No.212 (part), T.S.No.72 & 73, Block No.2, Ward - F of Adambakkam Village.",Non-High Rise Building (NHRB),Residential,783.67,24,Under Construction,31/12/2025,12.989827,80.200547,20,9,2,50000000,65000000,10000000,125000000,0.00,2037.14,-,[],"[{'block': None, 'base_level': 'Stilt', 'floor_segments': ['5 Floors'], 'total_floors_above_base': 5}]",['Chennai'],
V:\Project\Project_Stick\data_source\raw\TNRERA\2024\TN_29_Building_0497_2024.pdf,VILASA,"Plot No.64, Sakthi Garden, Okkiam Thoraipakkam, Chennai-600097",Non-High Rise Building (NHRB),Residential,570,9,Not Yet Started,31/03/2026,12.922827,80.235913,10,10,0,4,6,1,11,0.00,1129.02,-,[],[],['Chennai'],
V:\Project\Project_Stick\data_source\raw\TNRERA\2024\TN_29_Building_0501_2024.pdf,UPPER HOUSE https://rera.tn.gov.in/public-view2/building/pfirm/64d86390-61e9-11ef-b52b-9947962ba9a2,"REVISED PROPOSED CONSTRUCTION OF REGISTRATION OF BASEMENT FLOOR (PARKING) + STILT FLOOR (PART) / GROUND FLOOR (PART) + 4 FLOORS (HEIGHT – 18.30 M) RESIDENTIAL BUILDING WITH 09 DWELLING UNITS AND SWIMMING POOL, AVAILING PREMIUM FSI WITH TOD BENEFIT AT NEW DOOR NO 5, OLD DOOR NO 4, SATHYANARAYANA AVENUE, BOAT CLUB, RAJA ANNAMALAIPURAM, CHENNAI – 600028 COMPRISED IN R S NO 3900/4, BLOCK NO 84, OF MYLAPORE VILLAGE, WITHIN THE LIMITS OF GREATER CHENNAI CORPORATION.",Non-High Rise Building (NHRB),Residential 1/9,1832.50,9,Under Construction,31/12/2027,13.024965,80.251597,51,0,4,970000000,390000000,20000000,1380000000,0.00,4517.84,-,[18.3],"[{'block': None, 'base_level': 'Ground', 'floor_segments': ['4 FLOORS'], 'total_floors_above_base': 4}]",['Chennai'],
V:\Project\Project_Stick\data_source\raw\TNRERA\2024\TN_29_Building_0502_2024.pdf,AMARA AASTHA,"Old Door No. 8&9, New Door No.12, Appa Garden Road, Kilpauk, Chennai - 600 010, Comprised in R.S. No. 138, T.S.No. 138/27 & 138/28, Block No. 10 of Egmore Village Within the limit of Greater Chennai Corporation.",Non-High Rise Building (NHRB),Residential,782.50,10,Under Construction,31/12/2025,13.081611,80.237500,11,9,2,82850000,180000000,7500000,270350000,0.00,1949.86,-,[],[],['Chennai'],
V:\Project\Project_Stick\data_source\raw\TNRERA\2024\TN_29_Building_0503_2024.pdf,Lavanya... Residences by RMS Infra,17 Residential Units,Non-High Rise Building (NHRB),Residential,1421.50,17,Under Construction,31/12/2027,13.083055,80.239728,35,2,0,0,180000000,0,180000000,0.00,3643.67,-,[],[],['Chennai'],
V:\Project\Project_Stick\data_source\raw\TNRERA\2024\TN_29_Building_0508_2024.pdf,BRINDAVAN,STILT + 5 FLOORS,Non-High Rise Building (NHRB),Residential,1011.50,15,Not Yet Started,31/08/2027,13.003735,80.255498,19,9,0,160000000,920000000,16736000.00,1096736000,0.00,2828.58,-,[],"[{'block': None, 'base_level': 'Stilt', 'floor_segments': ['5 FLOORS'], 'total_floors_above_base': 5}]",['Chennai'],
V:\Project\Project_Stick\data_source\raw\TNRERA\2024\TN_29_Building_0510_2024.pdf,SEYON APARTMENTS,"STILT+4 FLOORS OF RESIDENTIAL BUILDING WITH 12 DWELLING UNITS AT PLOT NO 159 PART ,3 & 4,DEVARAJ STREET,VGN LAKSHMI NAGAR,MUGALIVAKKAM,CHENNAI 600 128 COMPRISED IN S.NO:30/48 MUGALIVAKKAM VILLAGE,ALANDUR TALUK, AND S.NO 14/2A2A,14/2A2B OF KOLAPAKKAM VILLAGE WITH IN THE LIMIT OF KUNDRATHUR PANCHAYAT UNION ,KUNDRATHUR TALUK,KANCHIPURAM DISTRICT.",Non-High Rise Building (NHRB),Residential,610.00,12,Not Yet Started,30/06/2026,130054.4,800932.8,12,0,1,30000000,45590000,2962500,78552500,0.00,1349.24,-,[],"[{'block': None, 'base_level': 'Stilt', 'floor_segments': ['4 FLOORS'], 'total_floors_above_base': 4}]",['Chennai'],
V:\Project\Project_Stick\data_source\raw\TNRERA\2024\TN_29_Building_0513_2024.pdf,DHURA SANAM,"S.No. 56/1, T.S.No. 2/20, Ward :001 of Urur Village, Urur Town Panchayat, Velachery Taluk,",Non-High Rise Building (NHRB),Residential,561.41,10,Under Construction,23/03/2027,13.006657,80.262769,8,12,0,90000000,90000000,15000000,195000000,0.00,1570.44,-,[],[],['Chennai'],
V:\Project\Project_Stick\data_source\raw\TNRERA\2024\TN_29_Building_0514_2024.pdf,JAINS AADHYA,"Single block, Block – 1 – Extended Basement Floor + Stilt Floor Part + Ground floor part + 1st floor parking + 2nd floor parking & Club House + 3rd floor to 18th floor + 19th floor part residential Building with 468 Dwelling Units Affordable Housing",High Rise Building (HRB),Residential,8093.65,468,Not Yet Started,31/10/2029,12.878717,80.2134509,258,27,28,185000000,825600000,86446000,1097046000,38212.56,0.00,259.36,[],"[{'block': None, 'base_level': 'Ground', 'floor_segments': ['1st floor', '2nd floor', '3rd floor', '18th floor', '19th floor'], 'total_floors_above_base': 5}]",['Chennai'],
V:\Project\Project_Stick\data_source\raw\TNRERA\2024\TN_29_Building_0521_2024.pdf,ACE PLATINA,"“ACE PLATINA” Commercial (Office) Building at Plot No.A, Old No.97, New No.72, G N Chetty Road, T Ngar, Chennai – 600 017, comprised in T.S.No.9382/2, Block No.109 of T Nagar Village, Chennai District, Tamil Nadu",Non-High Rise Building (NHRB),Commercial,446.00,,Under Construction,31/12/2025,13.02448,80.14278,7,1,1,80000000,25000000,10000000,115000000,80.14278,0.00,866.92,[],[],['Chennai'],Total_Dwelling_Units
V:\Project\Project_Stick\data_source\raw\TNRERA\2024\TN_29_Building_0522_2024.pdf,DCC ADANYA,"Proposed construction of Stilt Floor (Parking) + 5 Floors Residential Building (18.30m Height) with 35 dwelling units availing Premium FSI with TOD Benefits at TNHB Block No. SH:47, SH:48 and SH:49, 25th Street, Korattur, Chennai – 600080 comprised in Old S.No. 1302/1A Part, 2B Part, 1323/1A1 Part, T.S.No. 17/ 47-6, Ward E, Block No: 46 of Korattur Village within the limits of Greater Chennai Corporation",Non-High Rise Building (NHRB),Residential,872.00,35,Not Yet Started,25/12/2027,13.1092480,80.1876275,13,1,1,89168235,81382500,16204173,186754908,0.00,2326.33,-,[],[],['Chennai'],
V:\Project\Project_Stick\data_source\raw\TNRERA\2024\TN_29_Building_0524_2024.pdf,Sreshta Sree Ganesh,Stilt + 5 Floors,Non-High Rise Building (NHRB),Residential,721.85,19,Under Construction,02/07/2032,13.03542,880.25894,22,0,0,111089192,53312500,17620016,182021708,0.00,1866.18,-,[],"[{'block': None, 'base_level': 'Stilt', 'floor_segments': ['5 Floors'], 'total_floors_above_base': 5}]",['Chennai'],
V:\Project\Project_Stick\data_source\raw\TNRERA\2024\TN_29_Building_0527_2024.pdf,MALKOHA,"High Rise building Extended Double Basement Floor + Stilt Floor(Part) Cum Ground floor (Part)+12 Floors +13 th Floors (Part) Consisting of 74 Dwelling Units and Multi-Function Hall, Gym & Swmming Pool in 13th floor (part) Residential Builidng availing with Premium FSI at New Door No.34 (part), Velachery Road, Guindy, Chennai comprised in R. S. No.76/2 (part) and 77 (part) and T.S.Nos.9/1 Block No:16 Velachery Village and At Velachery Road, Guindy Velachery Taluk, Chennai-600032. Within the Limit of Greater Chennai Corporation Division 174, Zone XIII",High Rise Building (HRB),Mixed Development,5004.5,74,Under Construction,31/12/2026,125955.98,801300.27,176,30,19,630000000,769000000,43814000,1442814000,0.00,21611.01,-,[],[],['Chennai'],
V:\Project\Project_Stick\data_source\raw\TNRERA\2024\TN_29_Building_0529_2024.pdf,ANANTHA LAKSHMI,"TNHB Flat Nos. 7 to 12, Block No.68, Lakshmi Apartments, Ambathur Industrial Estate Road, Anna Nagar West Extension Scheme, Chennai - 600 101.",Non-High Rise Building (NHRB),Residential,580.25,10,Under Construction,21/07/2025,13.082046,80.1983310000001,8,2,1,56214000,41500250,13867550,111581800,0.00,1402.46,0.00,[],[],['Chennai'],
V:\Project\Project_Stick\data_source\raw\TNRERA\2024\TN_29_Building_0533_2024.pdf,DRA POLARIS,"Comprised in Old Survey No.1110/Part, Town Survey Nos. 3/1,3/3,5/6 and 5/8, Ward No.D, Block No;115, Madhavaram Village,",High Rise Building (HRB),Residential,3234.41,96,Not Yet Started,03/10/2032,13128937,80241453,59,48,9,162781819,447754521,41666500,652202840,0.00,12160.59,354.57,[],[],['Chennai'],
V:\Project\Project_Stick\data_source\raw\TNRERA\2024\TN_29_Building_0535_2024.pdf,CHANDANA TOWER,EXTENDED BASEMENT FLOOR(PARKING)+STILT FLOOR(PARKING) +10FLOORS+11TH FLOOR PART,High Rise Building (HRB),Residential,2226.22,63,Under Construction,31/08/2030,13.132139,80.192600,46,23,6,150000000,315000000,13560300,478560300,0.00,7351.54,-,[],"[{'block': None, 'base_level': 'Basement', 'floor_segments': ['10FLOORS', '11TH FLOOR'], 'total_floors_above_base': 11}]",['Chennai'],
V:\Project\Project_Stick\data_source\raw\TNRERA\2024\TN_29_Building_0536_2024.pdf,SWATHI'S GAYATHRI,"THE PROPOSED CONSTRUCTION OF STILT FLOOR + 5 FLOORS (18.30M HEIGHT) RESIDENTIAL BUILDING WITH 20 DWELLING UNITS, AT PLOT NO: 59, OLD DOOR NO: 32 & NEW DOOR NO:74, 2ND MAIN ROAD, RAJA ANNAMALAIPURAM, CHENNAI - 600028, COMPRISED IN R.S.NO:3927/41 BLOCK NO:86 OF MYLAPORE VILLAGE WITH IN THE LIMIT OF GREATER CHENNAI CORPORATION",Non-High Rise Building (NHRB),Residential,826.50,20,Not Yet Started,31/08/2029,13.009519,80.261256,7,13,2,0,87000000,39200000,126200000,0.00,2318.04,-,[],[],['Chennai'],
V:\Project\Project_Stick\data_source\raw\TNRERA\2024\TN_29_Building_0543_2024.pdf,SHYAMALA,"Proposed Construction of Stilt + 5 Floors Residential Building with 10 Dwelling units at Plot No.397, Door No.81/39, First Avenue, Indira Nagar, Adyar, Chennai 600 020, Comprised in R.S No. 5/2Part (As per Document), As per Patta New R.S.No.3, Block No.15 situated at Kalikundram Village, Velachery Taluk, Chennai District, Within the Limits of Greater Chennai Coporation, Zone:13 & Division No:173 , Tamilnadu State.",Non-High Rise Building (NHRB),Residential,557.41,10,Under Construction,03/10/2029,12.997073454377729,80.25192515220637,12,2,1,59400000,75880000,-,135280000,,,,[],[],['Chennai'],FSI_Other_Residential
V:\Project\Project_Stick\data_source\raw\TNRERA\2024\TN_29_Building_0545_2024.pdf,RAMANIYAM AKSHAYAM,SINGLE BLOCK OF 5 FLOORS CONSISTING OF 20 FLATS,Non-High Rise Building (NHRB),Residential,673.71,20,Under Construction,25/07/2032,13.04082,80.19755,12,3,2,51851015,75124300,18284079,145259394,0.00,1749.29,1823.67,[],"[{'block': None, 'base_level': None, 'floor_segments': ['5 FLOORS'], 'total_floors_above_base': 5}]",['Chennai'],
V:\Project\Project_Stick\data_source\raw\TNRERA\2024\TN_29_Building_0546_2024.pdf,MANGHALAM SRISHTI,RESIDENTIAL BUILDING OF STILT FLOOR+5 FLOORS WITH 10 DWELLING UNITS,Non-High Rise Building (NHRB),Residential,1386.48,10,Not Yet Started,31/03/2026,13.08296,80.20947,10,0,1,150000000,57600000,15375000,222975000,80.20947,1386.48,-,[],"[{'block': None, 'base_level': 'Stilt', 'floor_segments': ['5 FLOORS'], 'total_floors_above_base': 5}]",['Chennai'],
V:\Project\Project_Stick\data_source\raw\TNRERA\2024\TN_29_Building_0547_2024.pdf,PARAMOUNTREALTY,S+5,Non-High Rise Building (NHRB),Residential,713.50,15,Under Construction,06/04/2027,13.11862,80.29353,14,1,2,23040000,39936000,25000,63001000,-,1853.48,0.00,[],"[{'block': None, 'base_level': 'Stilt', 'floor_segments': ['5'], 'total_floors_above_base': 5}]",['Chennai'],
V:\Project\Project_Stick\data_source\raw\TNRERA\2024\TN_29_Building_0548_2024.pdf,Nutech Gardens Of Gaia,Proposed New construction of Residential Building At Plot No 1 2 3 4 5 6 7 8 9 10 11 12 13 14 15 17 18 22 24 25 27 Of Kalaigar Karunanithi Salai Sholinganallur Chennai 600 119 Comprised In S.No.180/ 1C2A 2E2 2F2 181/3A1 3A2 3B 3C 3D,Non-High Rise Building (NHRB),Residential,10107,20,Under Construction,30/06/2028,12897635,80244297,34,5,00,64585,75403542,2851350,78319477,3335.81,0.00,166.77,[],[],['Chennai'],
V:\Project\Project_Stick\data_source\raw\TNRERA\2024\TN_29_Building_0549_2024.pdf,"Block A, E & F of VGN Fairmont","Block A, E & F of Residential Project” VGN Fairmont” located at Town Survey Nos.22/5, 23/4, 24/4, 25/2, 29/2, 30/1, 30/4, 31/2, 32/2, 33/2, 34/2, Block no:2, in Alandur Village, Thiru. Vi.Ka Industrial Estate , Guindy, Chennai 600032.",High Rise Building (HRB),Residential,42232.15,756,Not Yet Started,25/01/2030,130112.64,801240.65,756,0,35,1450000000,2600000000,450000000,4500000000,0.00,66051.72,-,[],[],['Chennai'],
V:\Project\Project_Stick\data_source\raw\TNRERA\2024\TN_29_Building_0551_2024.pdf,RAJ SHRI,"NEW DOOR NO: 13, OLD DOOR NO: 5, NAGESWARA RAO ROAD, NUGAMBAKKAM, CHENNAI -600 034. COMPRISED IN R.S.NO: 141, 142 & 143, NEW T.S.NO: 142/4, BLOCK NO: 21 OF NUNGAMBAKKAM VILLAGE WITHIN THE LIMITS OF GREATER CHENNAI CORPORATION",Non-High Rise Building (NHRB),Residential,653.00,9,Not Yet Started,31/08/2027,13.058960,80.245753,4,8,0,100000000,70080000,4000000,174080000,0.00,1655.91,-,[],[],['Chennai'],
V:\Project\Project_Stick\data_source\raw\TNRERA\2024\TN_29_Building_0552_2024.pdf,PUSHKAR’s KALPATARU,"Stilt + Five Floors with 15 dwelling units at Block No. H–68, East Avenue, Korattur, Chennai – 600 080, comprised in old Survey No. 1191/1A part, 1215/1 part, situated at KORATTUR Village, Ambattur Taluk, Chennai District,",Non-High Rise Building (NHRB),Residential,974,15,Under Construction,31/12/2025,13.102982107,80.18726949714,14,1,1,13500000,81300000,7600000,102400000,0.00,2077.15,-,[],"[{'block': None, 'base_level': 'Stilt', 'floor_segments': ['Five Floors'], 'total_floors_above_base': 5}]",['Chennai'],
V:\Project\Project_Stick\data_source\raw\TNRERA\2024\TN_29_Building_0554_2024.pdf,BELMONT RESIDENCES,"Construction of High Rise Building Consisting of 2 Blocks Combined Extended Double Basement Floor (Tower –A & B) ; Tower –A: Stilt Floor +8 Floors (8 Dwellings units); Tower-B: Stilt Floor + 12 Floors (35 Dwelling Units) - Totally 43 Dwelling units Indoor Games, Gym, Home theatre, Party Hall in 12th Floor and Swimming Pool at Terrace Floor Level at Door No.3/1,196/1,196/2 and 2/3D, Arcot Road (N.S.K. Salai), Vadapalani, Chennai-600 026, Comprising in old S.No.5/11 (Part), New T.S.NO.5/49,and old S.No.177 and 177/1A New T.S.No.5/13, Block No.5, Saligramam Village, Mambalam Taluk, within the limits of Greater Chennai Corporation.",High Rise Building (HRB),Mixed Development,3389.62,43,Under Construction,31/03/2027,13.025998,80.124095,129,24,11,320000000,405376500,10000000,735376500,0.00,11335.60,-,[],"[{'block': None, 'base_level': 'Basement', 'floor_segments': ['8 Floors', '12 Floors', '12th Floor', 'Terrace Floor'], 'total_floors_above_base': 22}]",['Chennai'],
V:\Project\Project_Stick\data_source\raw\TNRERA\2024\TN_29_Building_0556_2024.pdf,Construction of office complex,"Construction of HRB with Stilt floor (Meant for parking) + floor (Meant for parking) + 2nd floor to 10th floor (9 floors) Commercial (office) use building Plot No: 586, 587 & 588, at Avenue & 2nd Avenue Anna Nagar East, Old S.nos. 47 part, 2/1A, 1B, 5, 6, 7 & 8 part, T.s No. 37/1, Block no. 5 of Periyakudal, Chennai,",High Rise Building (HRB),Commercial,1765.87,,Completed,,13.085541024286124,80.22405422710138,22,20,2,351644757,424330500,-,775975257,0.00,0.00,5212.09,[],"[{'block': None, 'base_level': 'Stilt', 'floor_segments': ['2nd floor', '10th floor', '9 floors'], 'total_floors_above_base': 11}]",['Chennai'],Total_Dwelling_Units
V:\Project\Project_Stick\data_source\raw\TNRERA\2024\TN_29_Building_0557_2024.pdf,SREEROSH KARUNA,"PLOT NO 91, DOOR NO 7(91), gill nagar 3rd street, chennai 94",Non-High Rise Building (NHRB),Residential,615.94,15,Under Construction,30/09/2026,13.063709,80.223608,5,10,1,12000000,63000000,15000000,90000000,0.00,1593.04,-,[],[],['Chennai'],
V:\Project\Project_Stick\data_source\raw\TNRERA\2024\TN_29_Building_0558_2024.pdf,GPB’s NIDHULAN PARK VIEW CASTLE,"SURVEY NO. 58/1A1A (as per patta) SURVEY NO. 58/1, 58/2, 58/3 (as per Document), KOLAPAKKAM VILLAGE, KUNDRATHUR PANCHAYAT UNION, CHENNAI",Non-High Rise Building (NHRB),Residential,1802,50,Under Construction,12/02/2031,13.013144,80.156786,23,0,0,55000000,202000000,-,257000000,0.00,4679.67,-,[],[],['Chennai'],
V:\Project\Project_Stick\data_source\raw\TNRERA\2024\TN_29_Building_0560_2024.pdf,Arihant Vivriti,"Plot No.606, VOC Street Off Old Mahabalipuram Road, Kottivakkam, Chennai – 600041",Non-High Rise Building (NHRB),Residential,1069.12,12,Under Construction,31/12/2027,12.972692,80.251312,0,0,26,145000000,81000000,4427086,230427086,0.00,2096.40,-,[],[],['Chennai'],
V:\Project\Project_Stick\data_source\raw\TNRERA\2024\TN_29_Building_0561_2024.pdf,S.L.ANANDAN TOWERS,"PLAN SHOWING THE PROPOSED CONSTRUCTION OF A STILT FLOOR (PARKING) +3 FLOORS (OFFICE ) COMMERCIAL BUILDING( HEIGHT -14.93M) AVAILING PREMIUM FSI WITH TOD BENEFIT AT OLD DOOR NO:336 to 344, NEW DOOR NO:336,POONAMALLEE HIGH ROAD, AMINJIKARAI, CHENNAI - 600029. COMPRISED IN OLD.S.NO:70/1 PART, T.S.NO: 2/8, BLOCK NO: 23 ,WARD -1 OF AMINJIKARAI VILLAGE WITHIN THE LIMIT OF GREATER CHENNAI CORPORATION DIVISION NO: 102 ZONE :08.",Non-High Rise Building (NHRB),Commercial,714,,Under Construction,31/08/2025,13.074174,80.222763,9,3,1,70000000,60000000,20000000,150000000,0.00,0.00,1453.64,[14.93],[],['Chennai'],Total_Dwelling_Units
V:\Project\Project_Stick\data_source\raw\TNRERA\2024\TN_29_Building_0562_2024.pdf,DRA DOWNTOWN,"Comprised in T.S No.1633/8Part,Block No;52, Dr.P.V Cherian Road, Egmore village,Egmore,Chennai – 600 008.",Non-High Rise Building (NHRB),Commercial,4296.83,,Not Yet Started,11/09/2032,13.345225,80.1529833,65,6,0,693766172,138701670,71920500,904388342,0.00,0.00,8365.31,[],[],['Chennai'],Total_Dwelling_Units
V:\Project\Project_Stick\data_source\raw\TNRERA\2024\TN_29_Building_0563_2024.pdf,GP HOMES ELANZA PHASE 2,"PROPOSED CONSTRUCTION OF GROUP DEVELOPMENT WITH 2 BLOCKS; BLOCK – 1: EXISTING STILT FLOOR + 5 FLOORS (HEIGHT - 18.0M) RESIDENTIAL BUILDING WITH 35 DWELLING UNITS AND BLOCK – 2: PROPOSED GROUND FLOOR (PART) / STILT FLOOR (PART) + 4 FLOORS + 5TH FLOOR PART (HEIGHT - 18.30M) RESIDENTIAL WITH 34 DWELLING UNITS CUM COMMERCIAL (SHOP) BUILDING, TOTAL – 69 DWELLING UNITS AVAILING PREMIUM FSI AT LAKSHMI NAGAR MAIN ROAD, MADHANANDAPURAM, CHENNAI – 600 125, COMPRISED IN S. NOS. 218/2A & 218/2B OF MADHANANDAPURAM VILLAGE WITHIN THE LIMITS OF GREATER CHENNAI CORPORATION. ZONE - XII,",Non-High Rise Building (NHRB),Mixed Development,2250.00,,Under Construction,30/11/2026,130059.9,800930.3,49,5,0,92000000,102500000,5500000,200000000,0.00,3090.17,106.34,"[18.0, 18.3]","[{'block': 'BLOCK – 1', 'base_level': 'Stilt', 'floor_segments': ['5 FLOORS'], 'total_floors_above_base': 5}, {'block': 'BLOCK – 2', 'base_level': 'Ground', 'floor_segments': ['4 FLOORS', '5TH FLOOR'], 'total_floors_above_base': 5}]",['Chennai'],Total_Dwelling_Units
V:\Project\Project_Stick\data_source\raw\TNRERA\2024\TN_29_Building_0567_2024.pdf,NARAIN PANDAVAAS,""" NARAIN PANDAVAAS"" situated at Door No.9, plot No.133, 134, 135, 136,137 Rajaji Street, Ramakrishna Nagar, Valasaravakkam, Chennai comprised Old Survey No.116/2, New Survey No.116/672, 116/673, 116/756, 116/757 & 116/758 of Valasaravakkam Village, Within the limits of greater chennai corporation.",Non-High Rise Building (NHRB),Residential,1300,30,Not Yet Started,06/08/2032,13.048137,80.182805,16,19,3,55972800,108000000,20000000,183972800,80.182805,3340.56,0.00,[],[],['Chennai'],
V:\Project\Project_Stick\data_source\raw\TNRERA\2024\TN_29_Building_0570_2024.pdf,MERIDIAN,"Plot No. 2, 3, 4 & 5, MMRD Road, Kovilambakkam, Chennai Comprised in Survey Number 45/2A2, 45/2A3, 45/5A1, 45/5A2, 45/5A3, 45/5A4, 45/5B, 45/6B1B, 45/7B & 46/1B of Kovilambakkam Village with in the limit of St.Thomas Mount Panchayat Union.",Non-High Rise Building (NHRB),Commercial,1389,,Under Construction,30/09/2025,12.948276,80.191704,13,8,2,112339470,132316142,-,244655612,0.00,0.00,2732.37,[],[],['Chennai'],Total_Dwelling_Units
V:\Project\Project_Stick\data_source\raw\TNRERA\2024\TN_29_Building_0571_2024.pdf,KB COURTYARD,"Construction of Stilt Floor + 5 Floors Residential Building with 15 Dwelling Units Availing Premium FSI (Height 18.00m) at Plot No. 25 & 26, Old Door No.2, New Door No.4/5, Thangavelu Street, T. Nagar, Chennai Comprised In Old S.No.4739 part, T.S.No.8175, 8176, Block No.107 of T. Nagar Village Within Greater Chennai Corporation Limit",Non-High Rise Building (NHRB),Residential,744.33,15,Under Construction,31/12/2025,13.045709,80.240914,13,4,2,52859400,58377500,4670200,115907100,0.00,1920.28,-,[18.0],"[{'block': None, 'base_level': 'Stilt', 'floor_segments': ['5 Floors'], 'total_floors_above_base': 5}]",['Chennai'],
V:\Project\Project_Stick\data_source\raw\TNRERA\2024\TN_29_Building_0572_2024.pdf,RAMANIYAM PURNA KRISHNA,"Old Door No.16, New Door No.26, New Bangaru Colony 1st Street, K.K.Nagar West, Chennai-600 078, Comprised in Survey No.217, 217/1 Part as per document and T.S.No.97, 98/1 & 98/2 as per Patta, Block No.35, Virugambakkam Village, Mamabalam Taluk, Chennai District",Non-High Rise Building (NHRB),Residential,797.10,15,Not Yet Started,27/08/2032,13.043566,80.191479,13,2,2,99526500,90045079,-,189571579,0.00,2006.14,0.00,[],[],['Chennai'],
V:\Project\Project_Stick\data_source\raw\TNRERA\2024\TN_29_Building_0573_2024.pdf,VEDANTA,"No. Units : 40, Site Address : Old No 8, New No.1, Nowroji Road, Chetpet, Chennai – 600031 comprised in R.S.No.376/67, 68 and 85, Block No 23 of Egmore Village within the limits of Greater Chennai Corporation",Non-High Rise Building (NHRB),Residential,2565.42,40,Under Construction,30/06/2027,13.074673,80.237482,60,0,6,414210000,305892750,10000000,730102750,0.00,6659.74,-,[],[],['Chennai'],
V:\Project\Project_Stick\data_source\raw\TNRERA\2024\TN_29_Building_0576_2024.pdf,KAIZEN VEENA,Proposed Construction of Stilt +5 Floors Residential Building with 30 Dwelling Unit,Non-High Rise Building (NHRB),Residential,1537.79,30,Under Construction,31/07/2026,13.027210,80.161196,30,2,1,71005000,225242000,-,296247000,0.00,3994.16,-,[],"[{'block': None, 'base_level': 'Stilt', 'floor_segments': ['5 Floors'], 'total_floors_above_base': 5}]",['Chennai'],
V:\Project\Project_Stick\data_source\raw\TNRERA\2024\TN_29_Building_0577_2024.pdf,NUTECH CENTRAL PARK https://rera.tn.gov.in/public-view2/building/pfirm/5b48fb40-6fff-11ef-9d7c-73e9d4fe8158,"The proposed construction of Group Development comprising 17 Blocks; Combined Basement floor with 5 Blocks; Commercial Block - Combined Basement floor + Ground floor + 2 Floors (Height – 13.26m) Commercial Building; Block A to D – Combined Basement floor + Stilt floor + 5 Floors (Height – 18.30m) Residential Building with 55 dwelling units (Each Block); and Block E – Stilt floor + 5 Floors (Height – 18.30m) Residential Building with 50 dwelling units; Block F, G & H –Stilt floor + 5 Floors (Height – 18.30m) Residential Building with 20 dwelling units (Each Block); Block J & K –Stilt floor + 5 Floors (Height – 18.30m) Residential Building with 50 dwelling units (Each Block); Block L – Stilt floor + 5 Floors (Height – 18.30m) Residential Building with 35 dwelling units; Block M, N & P –Stilt floor + 5 Floors (Height – 18.30m) Residential",Non-High Rise Building (NHRB),Residential 1/15,43100,655,Not Yet Started,31/12/2031,13025280,80133421,785,00,00,17765,1846216523,32973111,1879207399,0.00,78261.11,7497.74,"[13.26, 18.3, 18.3, 18.3, 18.3, 18.3, 18.3]","[{'block': None, 'base_level': 'Ground', 'floor_segments': ['2 Floors', '5 Floors', '5 Floors', '5 Floors', '5 Floors', '5 Floors', '5 Floors'], 'total_floors_above_base': 32}]",['Chennai'],
V:\Project\Project_Stick\data_source\raw\TNRERA\2024\TN_29_Building_0578_2024.pdf,Gandhi Nagar scheme,"Construction of 500 Tenements at Gandhi Nagar Scheme TS.NO 4&4A Block No 7&8 Ayanavaram Village in corporation Division 96, Zone VIII of GCC.",Non-High Rise Building (NHRB),Residential,15725.68,500,Under Construction,20/08/2025,13.0977506,80.2160968,0,0,0,00,00,-,855470000,0.00,0.00,-,[],[],['Chennai'],
V:\Project\Project_Stick\data_source\raw\TNRERA\2024\TN_29_Building_0579_2024.pdf,ELEMENTS SATTVA,RESIDENTIAL,Non-High Rise Building (NHRB),Residential,1338,49,Under Construction,31/12/2026,13.01621,80.140831,19,1,0,57600000,70000000.,-,127600000,0.00,3477.40,-,[],[],['Chennai'],
V:\Project\Project_Stick\data_source\raw\TNRERA\2024\TN_29_Building_0580_2024.pdf,Kaizen Mangal,"THE PROPOSED CONSTRUCTION OF STILT FLOOR + 5 FLOORS RESIDENTIAL BUILDING WITH 15 DWELLING UNITS, AT PLOT NO.237&238, ERODE JAGANNATHAN STREET, GOLDEN GEORGE NAGAR, COMPRISED IN SURVEY NO.420 , T.S.91/2 &92 BLOCK 73 OF MOGAPPAIR VILLAGE WITHIN THE LIMITS OF GREATER CHENNAI CORPORATION",Non-High Rise Building (NHRB),Residential,666,15,Under Construction,31/07/2026,13.075627,80.187240,1,14,2,51120000,99470000,-,150590000,0.00,1731.45,-,[],"[{'block': None, 'base_level': 'Stilt', 'floor_segments': ['5 FLOORS'], 'total_floors_above_base': 5}]",['Chennai'],
V:\Project\Project_Stick\data_source\raw\TNRERA\2024\TN_29_Building_0581_2024.pdf,TURYA,"Stilt Floor + 4 Floors Residential Building with 12 Dwelling Units availing Premium FSI at Plot No.A-53, Hindu Colony, Nanganallur, Chennai 600061.",Non-High Rise Building (NHRB),Residential,558.50,12,Under Construction,31/12/2027,12.979192,80.184278,11,0,1,100000000,40000000,3000000,143000000,0.00,1180.88,-,[],"[{'block': None, 'base_level': 'Stilt', 'floor_segments': ['4 Floors'], 'total_floors_above_base': 4}]",['Chennai'],
V:\Project\Project_Stick\data_source\raw\TNRERA\2024\TN_29_Building_0583_2024.pdf,“The Summit”,"Residential Building with 42 dwelling units at Plot Nos. 1A, 2A, 3A, 4A, Clasic Farms 1st Main Road, Sholinganallur, Chennai – 600 119, comprised in Old Survey Nos. 602/2L Part and 602/2K Part, New Survey Nos. 602/212B, 602/2B1F, 602/2B1G and 602/2B1J, Sholinganallur Village, Sholinganallur Taluk, Chennai District, Tamil Nadu",High Rise Building (HRB),Residential,2750,42,Not Yet Started,24/10/2029,12.5346,80.1308,47,19,6,250000000,250000000,-,500000000,0.00,7564.81,90.61,[],[],['Chennai'],
V:\Project\Project_Stick\data_source\raw\TNRERA\2024\TN_29_Building_0587_2024.pdf,KANNAN ADITYA,"Plot No.17, Door No.1, B.Ramachandra Adithyanar Road, Gandhi Nagar 4th main Road, 1st Crecent park Road, Gandhi Nagar, Adyar, Chennai-600020 comprised in T.S.No.49/2 of Kottur Village, Greater Chennai Corporation Limit",Non-High Rise Building (NHRB),Mixed Development,1224.92,1,Completed,,13.009503,80.25412,15,3,0,20000000,30000000,-,50000000,0.00,458.96,1445.39,[],[],['Chennai'],
V:\Project\Project_Stick\data_source\raw\TNRERA\2024\TN_29_Building_0589_2024.pdf,SKYLON,"High Rise Building (HRB) consisting of Extended Double Basement Floor + Stilt Floor + 1st Floor + 2nd Floor + 3rd Floor to 17th Floor + 18th Floor (part) Residential Building with 122 Dwelling Units and Open Swimming Pool, Gym, Indoor Games, Home Theater Room & Party Hall At 18th Floor Level at Jawaharlal Nehru Road, Koyambedu, Aminjikarai Taluk, Chennai – 600 107, Comprised in T.S Nos. 1/4, 1/5, 1/17, 1/18, 1/19,1/20,1/21,1/23,1/24,1/25,1/31 and 1/32, Block No.64, Koyambedu Village, Within the Limits of Greater Chennai Corporation.",High Rise Building (HRB),Mixed Development,4624.24,122,Under Construction,31/12/2027,130415.94,801208.28,196,61,13,1650000000,806301000,0,2456301000,0.00,24969.09,-,[],"[{'block': None, 'base_level': 'Basement', 'floor_segments': ['1st Floor', '2nd Floor', '3rd Floor', '17th Floor', '18th Floor', '18th Floor'], 'total_floors_above_base': 6}]",['Chennai'],
V:\Project\Project_Stick\data_source\raw\TNRERA\2024\TN_29_Building_0591_2024.pdf,AQUILA,"proposed construction of Stilt floor + 4 floors + 5th floor (Part) (Height – 18.30m) Residential Building with 10 dwelling units Availing Premium FSI with TOD Benefit at Plot No.2 & 3, New Door No.3, Old Door No.1, Judge Jumbulingam Road, Mylapore,Chennai 600004, comprised in R.S.No.1063/23 (As per Document), R.S.No.1063/60 (As per Patta), Block No.22 of Mylapore Village within the limit of Greater Chennai Corporation",Non-High Rise Building (NHRB),Residential,818,10,Not Yet Started,30/06/2030,13.04629,80.27074,14,8,2,80000000,40000000,-,120000000,0.00,2124.06,-,[18.3],"[{'block': None, 'base_level': 'Stilt', 'floor_segments': ['4 floors', '5th floor'], 'total_floors_above_base': 5}]",['Chennai'],
V:\Project\Project_Stick\data_source\raw\TNRERA\2024\TN_29_Building_0592_2024.pdf,SREEROSH AURELIA,STILT PLUS 5FLOORS,Non-High Rise Building (NHRB),Residential,2338.07,53,Not Yet Started,30/06/2027,13.050731,80.263998,50,8,7,100000000,250000000,-,350000000,0.00,6811.22,-,[],"[{'block': None, 'base_level': 'Stilt', 'floor_segments': ['5FLOORS'], 'total_floors_above_base': 5}]",['Chennai'],
V:\Project\Project_Stick\data_source\raw\TNRERA\2024\TN_29_Building_0593_2024.pdf,SIVA SANKARA GANAPATHY,"Door No.3/75-A, Ashok Nagar 1st Avenue, Chennai-600083.",Non-High Rise Building (NHRB),Residential,557.41,10,Under Construction,31/12/2026,13.032554,84.211593,9,3,2,137500000,43200000,1061500,181761500,0.00,1099.83,-,[],[],['Chennai'],
V:\Project\Project_Stick\data_source\raw\TNRERA\2024\TN_29_Building_0596_2024.pdf,Hansa Emerald,"Stilt floor + 5 floors residential building with 50 dwelling units at Plot No.1, T S No.7/12, Old Survey Nos.276,277,278 and 279, Tiruvottiyur, Chennai-600 019",Non-High Rise Building (NHRB),Residential,1430.80,50,Under Construction,31/03/2026,13.164604,80.296506,16,1,0,30790000,129310000,10000000,170100000,2785.05,0.00,-,[],"[{'block': None, 'base_level': 'Stilt', 'floor_segments': ['5 floors'], 'total_floors_above_base': 5}]",['Chennai'],
V:\Project\Project_Stick\data_source\raw\TNRERA\2024\TN_29_Building_0604_2024.pdf,Commercial Shop,"Planning Permission for the Proposed construction of Ground Floor Commercial (Shop) Building (Height – 4.80m) at GNT Road, Madhavaram, Chennai-600060 Comprised in Plot no A,B,C(part), D(part), E, F(part) & G(part) in Old S.No: 830/1 part, 831 part, T.S.No. 33/14, 33/15, 33/16, 33/17, 33/18, 33/19, 33/20 Ward -C, Block No: 35 of Madhavaram Village, within the limits of Greater Chennai Corporation",Non-High Rise Building (NHRB),Commercial,9940,,Completed,,13.07178,80.15117,0,70,0,130000000,20000000,-,150000000,0.00,0.00,4484.98,[4.8],[],['Chennai'],Total_Dwelling_Units
V:\Project\Project_Stick\data_source\raw\TNRERA\2024\TN_29_Building_0608_2024.pdf,CK ENCLAVE,"Stilt floor + 5 floors (Height – 18.0m) Residential Building with 20 dwellings units, Plot No.30 & 31, Dream Park Layout, Sithalapakkam, Chennai 600126 comprised in Old S.No.43/3A, 43/3B1A, 43/3B1B, 43/5B & 44/1, New Patta S.No.43/3 & 43/4 of Sithalapakkam Village within the limit of St.Thomas Mount Panchayat Union.",Non-High Rise Building (NHRB),Residential,540,20,Not Yet Started,31/12/2027,125238.8,801121.8,10,3,2,17500000,50000000,1500000,69000000,-,1510.81,-,[18.0],"[{'block': None, 'base_level': 'Stilt', 'floor_segments': ['5 floors'], 'total_floors_above_base': 5}]",['Chennai'],
V:\Project\Project_Stick\data_source\raw\TNRERA\2024\TN_29_Building_0610_2024.pdf,GOLDEN TOWERS,"NEW KUMARAN NAGAR MAIN ROAD, SHOLINGANALLUR, CHENNAI - 600097. SURVEY NO. 270/1 OF SHOLINGANALLUR VILLAGE.",Non-High Rise Building (NHRB),Residential,10167.68,105,Not Yet Started,15/05/2029,12.901799,80.236275,52,44,10,270000000,385000000,67550000,722550000,0.00,10167.68,-,[],[],['Chennai'],
V:\Project\Project_Stick\data_source\raw\TNRERA\2024\TN_29_Building_0611_2024.pdf,MEERA VASANTHAM,"Plot No.1,2 & 3 in Sabari Nagar Layout, Plot No.37 in Manohar Nagar Layout, VGP Shanthi Nagar Main Road, VGP Shanthi Nagar 4th Street, Sabari Nagar Chellamuthu Street, Varadarajan Nagar 2nd Street, Pallikaranai, Chennai-600100.",Non-High Rise Building (NHRB),Residential,916.01,20,Under Construction,31/12/2026,12.936378,80.211595,16,6,2,60000000,67600000,13937900,141537900,0.00,2298.87,-,[],[],['Chennai'],
V:\Project\Project_Stick\data_source\raw\TNRERA\2024\TN_29_Building_0612_2024.pdf,Office cum Shopping Complex,"Office cum Shopping Complex Stilt cum Ground Floor + 4 Floors Office Building at Plot No. 3641 to 3643, 3rd Avenue, Arignar Anna Nagar, Chennai-600040 comprised in T.S.No. 263, 264 & 268, Block No.3 of Mullam Village with Greater Chennai Corporation Limit",High Rise Building (HRB),Commercial,1654.26,,Completed,,80.21,13.09,14,15,3,338329500,230559500,-,568889000,0.00,0.00,3288.73,[],"[{'block': None, 'base_level': 'Ground', 'floor_segments': ['4 Floors'], 'total_floors_above_base': 4}]",['Chennai'],Total_Dwelling_Units
V:\Project\Project_Stick\data_source\raw\TNRERA\2024\TN_29_Building_0613_2024.pdf,Dr. Thomas Road Phase I Scheme,"Construction of 470 (S+10) tenements (Block 1 : 199+1 Units, Block 2 : 139+1 Units and Block 3 : 129+1 Units including internal water supply, sanitary and electrification arrangements including development works at Dr. Thomas Road Phase I Scheme in Chennai District under HFA /PMAY/AHP in Corpn.Dn.117, Zone – IX.",High Rise Building (HRB),Residential,7351.65,470,Under Construction,31/03/2026,130213.2,8014400,00,00,00,0,777429000,-,777429000,0.00,0.00,-,[],[],['Chennai'],
V:\Project\Project_Stick\data_source\raw\TNRERA\2024\TN_2_Building_0310_2024.pdf,MAGNUM,"Stilt Floor + 3 Floors Residential Building with 15 Dwelling Units (Height 12.00 m) at Plot No. 11, Sri Balaji Avenue, Ayanambakkam comprised in S.No.441/1A2 & 441/1B of Ayanambakkam village within the limits of Tiruverkadu Municipality",Non-High Rise Building (NHRB),Residential,800,15,Under Construction,01/02/2026,13.086698,80.146207,16,0,2,17222000,34444000,3500000,55166000,-,1586.85,-,[12.0],"[{'block': None, 'base_level': 'Stilt', 'floor_segments': ['3 Floors'], 'total_floors_above_base': 3}]",['Tiruvallur'],
V:\Project\Project_Stick\data_source\raw\TNRERA\2024\TN_2_Building_0405_2024.pdf,LML LEAGUE ONE,"LEAGUE ONE Located at Goparasanallur village, Kattupakkam offers green homes for the first time home buyer as well as 2, 3 BHK premium apartments. These apartment are well planned, Vaasthu compliant, well ventilated with green and pollution free environment. Adequate parking facilities, vast green spaces and world class amenities make life comfortable at LEAGUE ONE Apart from the contemporary living spaces, LEAGUE ONE offers fabulous features, dynamic amenities and exclusive facilities to meet your leisure and fitness routines. Proximity to major schools, colleges, hospitals, IT parks, railway stations, the airport and bus stops makes your home ideal for family living. LEAGUE ONE is a home that brings you complete peace of mind in all aspects",Non-High Rise Building (NHRB),Residential,4947.21,125,Not Yet Started,07/02/2029,13.04883901946183,80.12233851534481,102,0,0,278125000,379058845,23563000,680746845,-,12805.61,-,[],[],['Tiruvallur'],
V:\Project\Project_Stick\data_source\raw\TNRERA\2024\TN_2_Building_0410_2024.pdf,Hansa Pooram,"Stilt + 5 Floors Residential Building with 20 Dwelling Units at Plot No. D & E, Old Survey No.687/2, T S No.20/2,3 as per Patta No.761, New Survay No. 687/2A Part of Periyakuppam Village, Tiruvallur Municipality, Tiruvallur Taluk, Tiruvallur District.",Non-High Rise Building (NHRB),Residential,567,20,Under Construction,30/06/2025,300736.8,795500.6,10,0,0,9150000,58415000,4000000,71565000,1457.96,-,-,[],"[{'block': None, 'base_level': 'Stilt', 'floor_segments': ['5 Floors'], 'total_floors_above_base': 5}]",['Tiruvallur'],
V:\Project\Project_Stick\data_source\raw\TNRERA\2024\TN_2_Building_0448_2024.pdf,Bliss by Urban Tree,"31 Dwelling Units in S+4 Floors+5th floor part in Survey Numbers 213/2A1A1B1 & 218/1B2A of Rajas Garden Main Road, Vanagaram, Villivakkam Panchayat Union Limit",Non-High Rise Building (NHRB),Residential,1388.33,31,Under Construction,30/09/2027,13.044658,80.148298,33,0,3,35000000,12000000,9300000,56300000,0.00,3554.45,-,[],"[{'block': None, 'base_level': 'Stilt', 'floor_segments': ['4 Floors', '5th floor'], 'total_floors_above_base': 5}]",['Tiruvallur'],
V:\Project\Project_Stick\data_source\raw\TNRERA\2024\TN_2_Building_0482_2024.pdf,NATWEST VAIBHAVAM,STILT + 5 FLOORS,Non-High Rise Building (NHRB),Residential,1389,45,Not Yet Started,24/03/2029,13.0490506,80.1304922,20,0,2,38878110,116895000,6642908,162416018,0.00,3666.49,-,[],"[{'block': None, 'base_level': 'Stilt', 'floor_segments': ['5 FLOORS'], 'total_floors_above_base': 5}]",['Tiruvallur'],
V:\Project\Project_Stick\data_source\raw\TNRERA\2024\TN_30_Building_0338_2024.pdf,-,"SF + 5 Floors residential building at Ward - B, Block - 39, Thally Road comprised in S.No.245/1B, New T.S.No.35/1 of Hosur Village, Hosur City Municipal Corporation, Krishnagiri District.",Non-High Rise Building (NHRB),Residential,3755.73,80,Under Construction,30/06/2025,12.425510,77.493930,92,3,12,111089000,150230150,25566539,286885689,77.493930,9624.45,-,[],"[{'block': None, 'base_level': None, 'floor_segments': ['5 Floors'], 'total_floors_above_base': 5}]",['Krishnagiri'],
V:\Project\Project_Stick\data_source\raw\TNRERA\2024\TN_30_Building_0393_2024.pdf,PRIM AVENUE,PROPOSED RESIDENTIAL APPARTEMEN TO BE SALE PURPOSE,Non-High Rise Building (NHRB),Residential,2500,24,Not Yet Started,31/12/2026,12.588215,78.143447,3,0,32,100000000,88630000,1370000,190000000,78.143447,2729.28,-,[],[],['Krishnagiri'],
V:\Project\Project_Stick\data_source\raw\TNRERA\2024\TN_30_Building_0406_2024.pdf,Jacpels Residences,"Ward A, Block 25, TS No. 4/2B, 4/2C and 4/5, Brindavan Nagar, Hosur",Non-High Rise Building (NHRB),Residential,1295.6,35,Not Yet Started,31/01/2032,124437.6,774949.4,23,3,3,55736000,99772100,11753527,167261627,-,2795,-,[],[],['Krishnagiri'],
V:\Project\Project_Stick\data_source\raw\TNRERA\2024\TN_30_Building_0490_2024.pdf,AGASTHYA AVENUE,"SF NO 445/3B2,MOOKONDAPALLI,HOSUR,KRIS HNAGIRI DT-635109",Non-High Rise Building (NHRB),Residential,1312.12,32,Not Yet Started,01/08/2025,12.728305,77.803617,29,3,0,24375000,42000000,7500000,73875000,0.00,2869.08,-,[],[],['Krishnagiri'],
V:\Project\Project_Stick\data_source\raw\TNRERA\2024\TN_32_Building_0389_2024.pdf,POLARIS GREY,RESIDENTIAL APARTMENT BUILDING,Non-High Rise Building (NHRB),Residential,3645,35,Under Construction,31/05/2026,11.096323,77.318419,80,9,0,5000000,50000000,20000000,75000000,-,8908.73,-,[],[],['Tiruppur'],
V:\Project\Project_Stick\data_source\raw\TNRERA\2024\TN_35_Building_0304_2024.pdf,VINAYAGGAS - SAI NANDANA,"Stilt Floor + 5 Floors (Height – 18.00m) Residential Building with 20 Dwelling Units (Affordable Housing) at Door No.23 & 26, Plot No.23 & 26, Thennanthoppe 2nd Street (Now St.Mary’s Street) and Sarojini Street, Rajaji Nagar, Pallavaram, Chennai 600 043 comprised in S.No.365/3A1A1A1 Part, T.S.No.42/3 & 42/3-2 , Block No.4, Ward D of Zamin Pallavaram Village, Within the Limit of Tambaram Municipal Corporation",Non-High Rise Building (NHRB),Residential,735.00,20,Under Construction,06/11/2031,125747.0,800859.60,0,17,2,59545000,126812000,4230000,190587000,-,1884.6,-,[18.0],"[{'block': None, 'base_level': 'Stilt', 'floor_segments': ['5 Floors'], 'total_floors_above_base': 5}]",['Chengalpattu'],
V:\Project\Project_Stick\data_source\raw\TNRERA\2024\TN_35_Building_0317_2024.pdf,BRIGADE TECH BOULEVARD https://rera.tn.gov.in/public-view2/building/pfirm/c3724860-dfc6-11ee-b028-8b0615382a2d,"High rise Group Development with consisting of Extended combined double Basement floor comprising with 2 Blocks: Block 1: Group floor (Retail shop, cafeteria) + 12 floors, Block 2: Ground floor (Retail shop, cafeteria) + 12 floors and Block 3 (MLCP): Basement + 6 level + Terrace level(Two wheeler parking) with IT/ITES Building at Pallavaram – Thoraipakkam 200 feet Radial Road(MMRD Road), Pallavaram Chennai- 600043 comprised in Old S.No.109/1A1, 1A2, 1A3, 1B, 2A1, 2B, 3, 3A2, 3A3, 114/5C, 115/2C, 116/3, 116/4B, 116/4B2, 116/5, 116/8A, 116/8B, 116/11, 116/12A, 116/12B, T.S.No. 5/1, 6/1, 9/1, 9/2, 10, 11/1, 11/2, 13, 15, 17, 18, 19, 20, 21/1, 21/2, 21/3, 21/4, 21/5, 21/6, 21/7, 21/8, 21/9, 21/10, 21/11, 21/12, 21/13, 21/14, 21/15, 22, 23, 35/1, 35/2, 36, Block No.26, Ward No.C of Zamin Pallavaram Village, Pallavaram",High Rise Building (HRB),Commercial 1/8,20525,,Under Construction,29/12/2029,12.570,80.102,1060,111,0,1000000000,1260000000,200000000,2460000000,-,-,74659.7,[],"[{'block': 'Block 1', 'base_level': None, 'floor_segments': ['12 floors'], 'total_floors_above_base': 12}, {'block': 'Block 2', 'base_level': 'Ground', 'floor_segments': ['12 floors'], 'total_floors_above_base': 12}, {'block': 'Block 3 (MLCP)', 'base_level': 'Basement', 'floor_segments': ['6'], 'total_floors_above_base': 6}]",['Chengalpattu'],Total_Dwelling_Units
V:\Project\Project_Stick\data_source\raw\TNRERA\2024\TN_35_Building_0325_2024.pdf,VGK SAI HARDIK,"Old Door No. 19, New Door No. 36/48, Ganapathi Colony, East Tambaram, Chennai – 600 059 Comprised in Old S.No. 91/3, New T.S. No. 41, Block – 20, Ward – G of Selaiyur Village within the limits of Tambaram Municipal Corporation, Chengalpattu District",Non-High Rise Building (NHRB),Residential,775,19,Under Construction,11/12/2031,12.928817,80.134313,3,17,0,40500000,50000000,4500000,95000000,-,1987.25,-,[],[],['Chengalpattu'],
V:\Project\Project_Stick\data_source\raw\TNRERA\2024\TN_35_Building_0327_2024.pdf,TVS EMERALD AARANYA PHASE III,"Plot Nos. 101, 102, 104, 105, 106, 107, 108, 110EWS, 111EWS AND 112EWS, comprised in S.No209/1B, 1C, 3A, 3B, 5, 6, 7 and 8 in Vengaivasal village, St. Thomas Mount Panchayat Union, Tambaram Taluk, Chengalpattu District",Non-High Rise Building (NHRB),Residential,1283.62,10,Under Construction,31/03/2027,12.54,80.10,17,0,0,42300000,58700000,5700000,106700000,-,1663.64,-,[],[],['Chengalpattu'],
V:\Project\Project_Stick\data_source\raw\TNRERA\2024\TN_35_Building_0332_2024.pdf,ZIVA CHARUKESI,"Total No. of Blocks- 3, Stilt + 5, Each Block - 55 Dwelling Units, Total - 165 Dwelling Units",Non-High Rise Building (NHRB),Residential,8397,165,Not Yet Started,31/12/2029,12.61895,80.15830,73,2,6,39779000,439226811,3586650,482592461,-,14796.119999999999,-,[],"[{'block': None, 'base_level': 'Stilt', 'floor_segments': ['5'], 'total_floors_above_base': 5}]",['Chengalpattu'],
V:\Project\Project_Stick\data_source\raw\TNRERA\2024\TN_35_Building_0333_2024.pdf,NEST ACCOLADE,NEST ACCOLADE,Non-High Rise Building (NHRB),Residential,2428.08,59,Not Yet Started,31/01/2026,12.876738,80.107855,38,21,1,75000000,400000000,20000000,495000000,-,6273.36,-,[],[],['Chengalpattu'],
V:\Project\Project_Stick\data_source\raw\TNRERA\2024\TN_35_Building_0334_2024.pdf,SPYKA CYGNUS,"Stilt + 5 Floors Residential Building with 29 dwelling units comprised in S.No. 365/100 (Old S.No. 365/4A2A1A1), Padur Village, Thiruporur Taluk, Chengalpattu District",Non-High Rise Building (NHRB),Residential,890.33,29,Not Yet Started,28/01/2032,12.811696,80.232934,14,0,1,40000000,89974800,3628413,133603213,80.232934,2312.82,-,[],"[{'block': None, 'base_level': 'Stilt', 'floor_segments': ['5 Floors'], 'total_floors_above_base': 5}]",['Chengalpattu'],
V:\Project\Project_Stick\data_source\raw\TNRERA\2024\TN_35_Building_0337_2024.pdf,CASAGRAND FRENCH TOWN https://rera.tn.gov.in/public-view2/building/pfirm/fa5b5d00-fa8f-11ee-b3aa-1770c582e2c9,"Proposed Construction of Group Housing Development Comprising 3 Blocks with Combined Basement Floor (Block 1, 2 & 3); Block 1 – Combined Basement Floor + Ground Floor+ 4 Floors (18.30m Height) Residential Building with 59 Dwelling Units; Block 2 – Combined Basement Floor + Ground Floor + 5 Floors (18.15m Height) Residential Building with 324 Dwelling Units; Block 3 – Combined Basement Floor + Ground Floor+ 5 Floors (18.15m Height) Residential Building with 256 Dwelling Units; Totally 639 Dwelling Units and Open Swimming Pool, Kids Play Area, Indoor Games Room, Association Room, Gym, Availing Premium FSI at Kovilancheri, Chennai Comprised In S.No.108 of Kovilancheri Village within the Limits of St.Thomas Mount Panchayat Union.",Non-High Rise Building (NHRB),Residential 1/9,43542.49,639,Not Yet Started,03/10/2027,801014.26,125233.43,694,0,63,69900000,1410900000,159800000,1640600000,,,,[],"[{'block': None, 'base_level': 'Ground', 'floor_segments': ['4 Floors', '5 Floors', '5 Floors'], 'total_floors_above_base': 14}]",['Chengalpattu'],FSI_Other_Residential
V:\Project\Project_Stick\data_source\raw\TNRERA\2024\TN_35_Building_0343_2024.pdf,ALLIANCE VILLAS PVT LTD,"Thaiyur B Village , Thiruporur Taluk , Chengalpet District , Tamil Nadu.",Non-High Rise Building (NHRB),Residential,7203.40,35,Not Yet Started,30/06/2025,12463987,80123996,32,11,4,414046512,63035697,0,477082209,-,4873.67,-,[],[],['Chengalpattu'],
V:\Project\Project_Stick\data_source\raw\TNRERA\2024\TN_35_Building_0345_2024.pdf,CASAGRAND SELENIA,"Proposed Construction of Non High Rise Group Development Consists of 28 Blocks, Block 1 to 27, : Ground Floor + First Floor, Totally 221 D/U, Clubhouse Block 28 : Ground Floor + First Floor + Second Floor with Swimming Pool, Change Room & Shower Room on the Ground Floor Comprised in S.Nos. 267/17, 267/18, 267/19, 267/20, 267/21, & 267/22 of Sathankuppam Village (Hamlet of Pudhupakkam), Vandalur Taluk, Chengalpet District.",Non-High Rise Building (NHRB),Residential,68950.00,221,Not Yet Started,10/03/2027,801149.64,124656.11,220,205,26,374400000,716000000,81200000,1171600000,-,16973.449999999997,1133.66,[],"[{'block': 'Block 1-27,', 'base_level': 'Ground', 'floor_segments': ['First Floor'], 'total_floors_above_base': 1}, {'block': 'Block 28', 'base_level': 'Ground', 'floor_segments': ['First Floor', 'Second Floor'], 'total_floors_above_base': 2}]",['Chengalpattu'],
V:\Project\Project_Stick\data_source\raw\TNRERA\2024\TN_35_Building_0355_2024.pdf,“ISHA SYMPHONY VILLA”,"“ISHA SYMPHONY VILLA” to be set up at S.No.157/13, 158/5 of Pudupakkam Village, Vandalur Taluk, Chengalpattu District - 603103, Tamilnadu State.",Non-High Rise Building (NHRB),Residential,20300,96,Under Construction,19/02/2027,124858.7,801239.4,96,16,0,104000000,340037120,5300000,449337120,-,13413.62,792.12,[],[],['Chengalpattu'],
V:\Project\Project_Stick\data_source\raw\TNRERA\2024\TN_35_Building_0369_2024.pdf,CASAGRAND SELENIA II,"Proposed Construction of Non High Rise Group Development Consists of 28 Blocks, Block 1 to 27, : Ground Floor + First Floor, Totally 221 D/U, Clubhouse Block 28 : Ground Floor + First Floor + Second Floor with Swimming Pool, Change Room & Shower Room on the Ground Floor Comprised in S.Nos. 267/17, 267/18, 267/19, 267/20, 267/21, & 267/22 of Sathankuppam Village (Hamlet of Pudhupakkam), Vandalur Taluk, Chengalpet District.",Non-High Rise Building (NHRB),Residential,68950.00,221,Not Yet Started,10/03/2027,801149.64,124658.11,220,205,26,374400000,716000000,81200000,1171600000,-,26241,202.26,[],"[{'block': 'Block 1-27,', 'base_level': 'Ground', 'floor_segments': ['First Floor'], 'total_floors_above_base': 1}, {'block': 'Block 28', 'base_level': 'Ground', 'floor_segments': ['First Floor', 'Second Floor'], 'total_floors_above_base': 2}]",['Chengalpattu'],
V:\Project\Project_Stick\data_source\raw\TNRERA\2024\TN_35_Building_0383_2024.pdf,DAC MIDTOWN,"S.No: 41/4, 41/5, Potheri Village, Chengalpattu Taluk, Chengalpattu Village, Within the Limit of Maraimalainagar Municipality",Non-High Rise Building (NHRB),Residential,3600,91,Not Yet Started,30/04/2029,12.826472,80.044359,92,0,0,67670000,297058800,0,364728800,-,9154.72,201.15,[],[],['Chengalpattu'],
V:\Project\Project_Stick\data_source\raw\TNRERA\2024\TN_35_Building_0384_2024.pdf,ROYAL OAK,"Plot Nos. 50, 51 & 52 in Approved Layout LP/DTCP No.174/2020 - S.No. 244/3A1 Part of Karanaipuducheri Village, Kattankulathur Panchayat Union, Vandalur Taluk, Chengalpattu District. (File No. TNRERA/4448/2022, TN/01/LAYOUT/5056/2022, dated 24.06.2022)",Non-High Rise Building (NHRB),Residential,549.00,20,Not Yet Started,31/05/2026,12.850254810395844,80.08328101044073,8,4,0,7272300,16927680,300000,24499980,-,1404.65,-,[],[],['Chengalpattu'],
V:\Project\Project_Stick\data_source\raw\TNRERA\2024\TN_35_Building_0386_2024.pdf,DAC MARSHAL,Stilt Floor + Five Floors of 114 Dwelling Units,Non-High Rise Building (NHRB),Residential,5482.08,114,Not Yet Started,31/03/2029,12.912352,80.138872,109,5,9,236000000,430000000,0,666000000,-,13581.02,-,[],"[{'block': None, 'base_level': 'Stilt', 'floor_segments': ['Five Floors'], 'total_floors_above_base': 5}]",['Chengalpattu'],
V:\Project\Project_Stick\data_source\raw\TNRERA\2024\TN_35_Building_0413_2024.pdf,CASAGRAND SOUTHBROOKE II,"Proposed Additional Construction of Non-High Rise Group Development Consists of 3 Blocks with Basement of Block 3 & Combined Basement of Blocks 4 & 5, Block 3 : Ground + 5 Upper Floors with 124 Dwelling Units, Block 4: Ground (Partly) + 5 Upper Floors with 208 Dwelling Units, with Clubhouse :Ground (Partly) + 4 Upper Floors & Swimming Pool on the Ground Floor, Block 5 : Ground + 5 Upper Floors with 192 Dwelling Units, Totally 524 Dwelling Units",Non-High Rise Building (NHRB),Residential,53458.53,524,Not Yet Started,10/03/2028,80.115289,12.435731,258,0,23,165100000,904800000,102500000,1172400000,-,54293.380000000005,1747.98,[],"[{'block': 'Block 3 & Combined Basement of Blocks 4 & 5, Block 3', 'base_level': 'Ground', 'floor_segments': ['5 Upper Floors'], 'total_floors_above_base': 5}, {'block': 'Block 4', 'base_level': 'Ground', 'floor_segments': ['5 Upper Floors', '4 Upper Floors'], 'total_floors_above_base': 9}, {'block': 'Block 5', 'base_level': 'Ground', 'floor_segments': ['5 Upper Floors'], 'total_floors_above_base': 5}]",['Chengalpattu'],
V:\Project\Project_Stick\data_source\raw\TNRERA\2024\TN_35_Building_0414_2024.pdf,VNR Tira,"Group Development, Villa, S.No. 28/11B & 32/9 Thalambur Village taulk, Chengalpet district",Non-High Rise Building (NHRB),Residential,2200,17,Under Construction,08/07/2026,12.891230,80.069600,17,0,2,70000000,92500000,17578873,180078873,-,2257.84,86.1,[],[],['Chengalpattu'],
V:\Project\Project_Stick\data_source\raw\TNRERA\2024\TN_35_Building_0431_2024.pdf,JONES CASSIA VIII https://rera.tn.gov.in/public-view2/building/pfirm/6c9a2b30-2332-11ef-9ff3-5b8108659a7c,"S.NO284/1A, 285/1, 285/2A, 285/2B, 285/2C1A, 285/2C1B, 285/2C2 & 285/2D Group Housing Development with 11 Blocks; Block A, B & C – Stilt floor (part) /Ground floor (Part) + First floor + Second floor (Part) Residential Building with 7 Dwelling Units (Duplex Type Houses in each block); Block D & E – Stilt floor (part) / Ground floor (Part) + First floor + Second floor (Part) Residential Building with 8 Dwelling Units (Duplex Type Houses in each block); Block F – Stilt floor (part) / Ground floor (Part) + First floor + Second floor (Part) (Height – 10.50m) Residential Building with 9 Dwelling Units (Duplex Type House); Block G, H, I, J & K –Stilt floor (part) / Ground floor (Part) + First floor + Second floor (Part) (Height – 10.50m) Residential Building with 4 Dwelling Units(Duplex Type Houses in each block); totally 66 dwelling units at",Non-High Rise Building (NHRB),Residential 1/12,15146,66,Not Yet Started,31/05/2026,12.868747,80.194823,131,10,13,85000000,448332500,65705684,599038184,,,,"[10.5, 10.5]","[{'block': None, 'base_level': 'Ground', 'floor_segments': ['First floor', 'Second floor', 'First floor', 'Second floor', 'First floor', 'Second floor', 'First floor', 'Second floor'], 'total_floors_above_base': 8}]",['Chengalpattu'],FSI_Other_Residential
V:\Project\Project_Stick\data_source\raw\TNRERA\2024\TN_35_Building_0432_2024.pdf,ZIVA AMRITAVARSHINI,"BLOCK A & B, GROUND+ FIRST FLOOR, 32 VILLA UNITS",Non-High Rise Building (NHRB),Residential,8240,32,Not Yet Started,31/12/2027,12.618358,80.158905,32,32,0,43339467,225072000,0,268411467,0.00,5843.70,-,[],"[{'block': None, 'base_level': 'Ground', 'floor_segments': ['FIRST FLOOR'], 'total_floors_above_base': 1}]",['Chengalpattu'],
V:\Project\Project_Stick\data_source\raw\TNRERA\2024\TN_35_Building_0436_2024.pdf,CERULEAN,"District Town and Country Planning- Mamallapuram Local Planning Authority - Chengalpattu District - Thiruporur Taluk and Panchayat Union – Muttukadu Panchayat and Village - S.F.No: 99/6C1A2B - Site area of - 1230.00 sq.m, Stilt floor + 5 floors of Total FSI Area – 2633.75 Sq.m (10 dwelling) for Proposed Construction of Residential Building",Non-High Rise Building (NHRB),Residential,1230,10,Under Construction,10/01/2032,12.83308,80.24099,16,6,2,33048000,104077216.34,11486239,148611455,-,2633.75,-,[],"[{'block': None, 'base_level': 'Stilt', 'floor_segments': ['5 floors'], 'total_floors_above_base': 5}]",['Chengalpattu'],
V:\Project\Project_Stick\data_source\raw\TNRERA\2024\TN_35_Building_0438_2024.pdf,DRA INARA (PHASE - 1),"Plot Nos;3,4,5,6,7,8,9,10,11,12,13,14,15,16,17,20, comprised in Survey numbers 47/3A,4A,5,6A,7A,8 & 47/10A of Plot Thazhambur Panchayat and within the limit of Karanai Village, Thiruporur Panchayat Union, Vandalur Taluk, Chengalpattu District, Tamil Nadu State.",Non-High Rise Building (NHRB),Residential,4091,16,Not Yet Started,21/06/2029,12.862174,80.199654,32,0,0,15000000,149618152,1230226,165848378,0.00,3449.55,-,[],[],['Chengalpattu'],
V:\Project\Project_Stick\data_source\raw\TNRERA\2024\TN_35_Building_0441_2024.pdf,VGN PRIDE DE' VILLA,PADUR VILLAGE - SURVEY NO. 225/1,Non-High Rise Building (NHRB),Residential,4672.75,32,Under Construction,27/02/2032,12482334,8013693,40,7,4,150891000,150891000,0,301782000,0.00,4672.75,0.00,[],[],['Chengalpattu'],
V:\Project\Project_Stick\data_source\raw\TNRERA\2024\TN_35_Building_0444_2024.pdf,DAC AEROPOLIS,"Basement Floor (Parking and Pump room) + Stilt Floor + 4 Floors + 5th Floor (Part) (Height - 18.30m) Residential Building with 137 Dwelling units for Affordable Housing with Gym, Association Room, & Indoor Games Room at Shankar Nagar 32nd Street, Pammal, Chennai comprised in S.Nos.167/9A and 167/9B of Pammal Village within the limits of Tambaram Municipal Corporation.",Non-High Rise Building (NHRB),Residential,5050,137,Not Yet Started,31/07/2029,12.964847,80.123711,148,0,0,141494244,487000000,0,628494244,0.00,13493.31,0.00,[18.3],"[{'block': None, 'base_level': 'Basement', 'floor_segments': ['4 Floors', '5th Floor'], 'total_floors_above_base': 5}]",['Chengalpattu'],
V:\Project\Project_Stick\data_source\raw\TNRERA\2024\TN_35_Building_0450_2024.pdf,ATH ROYAL QUEEN,"SHANKAR NAGAR 8TH STREET, 9TH STREET & 10TH STREET, PAMMAL, CHENNAI - 600075, COMPRISED IN OLD S.No.143/604, T.S.No.1, BLOCK No.8",Non-High Rise Building (NHRB),Residential,1145.48,32,Under Construction,31/12/2027,12.967474,80.128725,27,3,0,100000000,100000000,10000000,210000000,0.00,2913.21,0.00,[],[],['Chengalpattu'],
V:\Project\Project_Stick\data_source\raw\TNRERA\2024\TN_35_Building_0459_2024.pdf,DRA BEENA CLOVER,"comprised in Old Survey Nos. 771/1A & 771/2A (Old Survey Nos.771/1&771/2), as per Patta No.5295,New Survey No.771/2A1 situated at Madambakkam Village, Tambaram Taluk, Chengalpattu District, Tamil Nadu State.",Non-High Rise Building (NHRB),Residential,9580,217,Not Yet Started,30/06/2032,12.897799,80.14614,220,0,0,226862100,684489000,56474100,967825200,0.00,24501.18,-,[],[],['Chengalpattu'],
V:\Project\Project_Stick\data_source\raw\TNRERA\2024\TN_35_Building_0461_2024.pdf,PROVIDENT BAYSCAPE https://rera.tn.gov.in/public-view2/building/pfirm/b912a450-3ef1-11ef-aa66-694613e73bfb,"The Promoter has legal title to the land on which the development of the project is proposed at S. NO. 299/1A1, 299/1B, 299/2A1, 299/2B1, 299/3B1, 299/3C1, 299/4B, 301/1A, 301/2A, 301/3A OF SATTAN KUPPAM VILLAGE (HAMLET OF PUDUPAKKAM), VANDALUR TALUK ,CHENGALPATTU DISTRICT AND 612B/2 OF PADUR VILLAGE, THIRUPORUR TALUK, CHENGALPATTU DISTRICT.” 1. The details of encumbrances in relation to such land on which the project is proposed to be carried out, including any dues or litigation, details of any rights, title, interest or name of any party in or over such land on which the project is proposed to be developed is attached to the application for registration. 2. That the time period within which the project shall be completed by the Promoter is 05.08.2028. 3. That seventy per cent of the amounts to be realized the promoter",High Rise Building (HRB),Residential 1/11,23371,676,completed,05/08/2028,12.793268,80.211168,676,9,27,781119237,3690223848,803190713,5274533798,0.00,76982.35,2653.59,[],[],['Chengalpattu'],
V:\Project\Project_Stick\data_source\raw\TNRERA\2024\TN_35_Building_0481_2024.pdf,ACCESS SAI EMPIRE QUBE,RESIDENTIAL APARTMENTS,Non-High Rise Building (NHRB),Residential,1702,64,Not Yet Started,25/07/2029,12.824322,80.079024,15,0,1,30785436,142500000,7500000,180785436,0.00,4425.45,-,[],[],['Chengalpattu'],
V:\Project\Project_Stick\data_source\raw\TNRERA\2024\TN_35_Building_0491_2024.pdf,ENCANTO https://rera.tn.gov.in/public-view2/building/pfirm/06de6220-4d88-11ef-907e-4fd3ae7d44ab,"Residential cum Commercial building , Group Development consisting of 9 Blocks: 1. Block – A: Ground Floor + 2 Floors Commercial (Office) building, 2. Block – B: Ground Floor + First floor Residential building with 7 dwelling units, 3. Block – C: Ground Floor + First floor Residential building with 3 dwelling units, 4. Block – D: Ground Floor + First floor Residential building with 4 dwelling units, 5. Block – E: Partly Ground Floor + First floor with 5 dwelling units and Partly Ground Floor + 2 Floors Club House (Association Room, Play Station, GYM, Games Room), 6. Block – F: Ground Floor + First Floor Residential building with 11 dwelling units, 7. Block – G: Ground Floor + First Floor Residential building with 14 dwelling units, 8. Block – H: Ground Floor + First Floor Residential building with 4 dwelling units, 9. Block – I: Ground Floor + First Floor Residential",Non-High Rise Building (NHRB),Mixed Development 1/12,10785.67,59,Not Yet Started,31/07/2029,50.2,50.0,112,3,0,98676094,130384748,30855601,259916443,-,8996.73,321.07,[],"[{'block': 'Block – A', 'base_level': 'Ground', 'floor_segments': ['2 Floors'], 'total_floors_above_base': 2}, {'block': 'Block – B', 'base_level': 'Ground', 'floor_segments': ['First floor'], 'total_floors_above_base': 1}, {'block': 'Block – C', 'base_level': 'Ground', 'floor_segments': ['First floor'], 'total_floors_above_base': 1}, {'block': 'Block – D', 'base_level': 'Ground', 'floor_segments': ['First floor'], 'total_floors_above_base': 1}, {'block': 'Block – E', 'base_level': 'Ground', 'floor_segments': ['First floor', '2 Floors'], 'total_floors_above_base': 3}, {'block': 'Block – F', 'base_level': 'Ground', 'floor_segments': ['First Floor'], 'total_floors_above_base': 1}, {'block': 'Block – G', 'base_level': 'Ground', 'floor_segments': ['First Floor'], 'total_floors_above_base': 1}, {'block': 'Block – H', 'base_level': 'Ground', 'floor_segments': ['First Floor'], 'total_floors_above_base': 1}, {'block': 'Block – I', 'base_level': 'Ground', 'floor_segments': ['First Floor'], 'total_floors_above_base': 1}]",['Chengalpattu'],
V:\Project\Project_Stick\data_source\raw\TNRERA\2024\TN_35_Building_0494_2024.pdf,JOEL VIRUKSHAM,"PLOT NO:21&21A, KATTABOMMAN STREET, RADHA NAGAR, CHROMPET,ZAMIN PALLAVARAM VILLAGE,CHENNAI.",Non-High Rise Building (NHRB),Residential,652.00,15,Under Construction,31/12/2028,125710.1,800841.5,11,4,2,45000000,59415000,2150000,106565000,0.00,1666.49,-,[],[],['Chengalpattu'],
V:\Project\Project_Stick\data_source\raw\TNRERA\2024\TN_35_Building_0504_2024.pdf,NEST BONSAI,NEST BONSAI,Non-High Rise Building (NHRB),Residential,4928.00,128,Not Yet Started,30/09/2026,12.871206,80.192032,68,40,12,82440000,744837100,10000000,837277100,0.00,13624.18,-,[],[],['Chengalpattu'],
V:\Project\Project_Stick\data_source\raw\TNRERA\2024\TN_35_Building_0511_2024.pdf,ASN SERENITY,"STILT FLOOR + 5 FLOORS (HEIGHT 18.30M) RESIDENTIAL BUILDING WITH 20 DWELLING UNITS AVAILING PREMIUM FSI AT PLOT NO.2, DOOR NO.4, SANTHANAKRISHNA STREET, NEHRU NAGAR, CHROMPET, CHENNAI COMPRISED IN PYMASH NO.230, S.NO.6/3B, T.S.NO.41, BLOCK NO.3, WARD NO. F OF HASTHINAPURAM VILLAGE WITHIN IN THE LIMIT OF TAMBARAM CITY MUNICIPAL CORPORATION",Non-High Rise Building (NHRB),Residential,887,20,Not Yet Started,31/01/2028,12.9467889,80.139792,18,4,2,50000000,86500000,15471960,151971960,0.00,2481.85,-,[18.3],"[{'block': None, 'base_level': 'Stilt', 'floor_segments': ['5 FLOORS'], 'total_floors_above_base': 5}]",['Chengalpattu'],
V:\Project\Project_Stick\data_source\raw\TNRERA\2024\TN_35_Building_0512_2024.pdf,Sivarams Kamalalayam,"Promoters share of flats First Floor - 101,104,105,106, Second Floor - 201,202,203,204,205,206, Third Floor - 301,302,303 & 304 Which is consist of Stilt floor +3 floors with 16 dwelling units at No 18&33, Budhar street, East Thambaram, Chennai 600059 comprised in Old survey number 94/2A3B1C1A1B(Part) and 94/2A3B1C1A2(Part), Ward no G, block no 22, Town surway no 20, at selaiyur village, tambaram taluk, Chengalpat district",Non-High Rise Building (NHRB),Residential,704.58,16,Under Construction,05/03/2027,12.92777,80.13264,16,0,2,20856000,54816604.8,3500000,79172604,0.00,1409.05,-,[],"[{'block': None, 'base_level': 'Stilt', 'floor_segments': ['First Floor', 'Second Floor', 'Third Floor', '3 floors'], 'total_floors_above_base': 6}]",['Chengalpattu'],
V:\Project\Project_Stick\data_source\raw\TNRERA\2024\TN_35_Building_0523_2024.pdf,Republic of Nature Phase 1,Residential,Non-High Rise Building (NHRB),Residential,33903.56,85,Not Yet Started,31/12/2026,12.749808,80.237332,63,0,6,31500000,301100000,1000000,333600000,0.00,11189.26,-,[],[],['Chengalpattu'],
V:\Project\Project_Stick\data_source\raw\TNRERA\2024\TN_35_Building_0537_2024.pdf,Vedesh Vivaan,"Stilt floor + 5 floors, Residential building with 83 dwelling units and GYM for Affordable Housing at Plot No.MSB- 12,New S.No.100/1A1A1 (Pt), 100/1B1A2 (Pt), 100/3B1A1 (Pt), 101/3A (Pt), 101/3B1B (Pt), 101/2B2 (Pt), 102/4A (Pt), 102/5B2 (Pt), 102/5C3 (Pt) & 102/5D3 (Pt) of Vengambakkam Village, St.Thomas Mount Panchayat Union, Chennai 600127.",Non-High Rise Building (NHRB),Residential,1885.50,83,Under Construction,31/08/2025,12.871382,80.12704,35,0,0,50319200,117000000,3000000,170319200,5432.37,0.00,-,[],"[{'block': None, 'base_level': 'Stilt', 'floor_segments': ['5 floors'], 'total_floors_above_base': 5}]",['Chengalpattu'],
V:\Project\Project_Stick\data_source\raw\TNRERA\2024\TN_35_Building_0542_2024.pdf,ARUSH ENCLAVE,"Comprised in Old S.No. 17/1, 17/2 & 17/3, T.S. No. 54/3, Block No – 56, Ward – G of Selaiyur Village, Tambaram Taluk within the limits of Tambaram Municipal Corporation, Chengalpattu District",Non-High Rise Building (NHRB),Residential,548.00,12,Under Construction,03/04/2026,12.926449,80.142319,12,0,1,40000000,25000000,5000000,70000000,0.00,1093.84,-,[],[],['Chengalpattu'],
V:\Project\Project_Stick\data_source\raw\TNRERA\2024\TN_35_Building_0555_2024.pdf,ALPHA SIGNATURE,"STILT FLOOR (PART)/GROUND (PART)+4 FLOOR + 5TH FLOOR (PART) (HEIGHT - 18.30M) COMMERCIAL CUM RESIDENTIAL BUILDING WITH 26 DWELLING UNIT AT RAVI MAIN ROAD, MEDAVAKKAM, CHENNAI 600100. COMPARISED IN S.NO. 153/5, 154/1A2,155/1A1A, 155/1A1B, 155/1A1B,155/1A1C & 155/1A2",Non-High Rise Building (NHRB),Residential,1432.39,26,Under Construction,31/12/2028,12.926123,80.18956,17,14,3,100000000,120000000,20000000,240000000,0.00,3410.34,247.86,[18.3],"[{'block': None, 'base_level': 'Ground', 'floor_segments': ['4 FLOOR', '5TH FLOOR'], 'total_floors_above_base': 5}]",['Chengalpattu'],
V:\Project\Project_Stick\data_source\raw\TNRERA\2024\TN_35_Building_0559_2024.pdf,TVS EMERALD AARANYA PHASE III - 7 VILLAS,Self Development,Non-High Rise Building (NHRB),Residential,993.57,7,Under Construction,30/09/2027,125411.30,801019.84,13,0,0,30100000,41800000,4100000,76000000,0.00,1192.53,0.00,[],[],['Chengalpattu'],
V:\Project\Project_Stick\data_source\raw\TNRERA\2024\TN_35_Building_0565_2024.pdf,ELEMENT 4,Residential project,Non-High Rise Building (NHRB),Residential,2092,110,Not Yet Started,30/12/2026,12.829145,80.125429,0,0,0,30399300,45036000,1000000,76435300,0.00,5426.31,-,[],[],['Chengalpattu'],
V:\Project\Project_Stick\data_source\raw\TNRERA\2024\TN_35_Building_0568_2024.pdf,HANU HOME- ESHA,"PROPOSED CONSTRUCTION OF STILT FLOOR+5 FLOORS (HEIGHT-18.0M) RESIDENTIAL BUILDING WITH 15 DWELLING UNITS AVAILING AFFORDABLE HOUSING BENEFIT AT PERUBAKKAM, CHENNAI COMPRISED IN S.NO.344/2PART (DOCUMENT), S.NOS. 344/2A, 344/2B(PATTA) OF PERUMBAKKAM VILLAGE WITHIN THE LIMITS OF ST.THOMAS MOUNT PANCHAYAT UNION.",Non-High Rise Building (NHRB),Residential,648.08,15,Under Construction,31/12/2028,12.890999,80.198550,9,3,12,22500000,50000000,1400000,73900000,0.00,1653.56,-,[18.0],"[{'block': None, 'base_level': 'Stilt', 'floor_segments': ['5 FLOORS'], 'total_floors_above_base': 5}]",['Chengalpattu'],
V:\Project\Project_Stick\data_source\raw\TNRERA\2024\TN_35_Building_0585_2024.pdf,Chiron Villa,"STILT + 3, VILLA FLATS",Non-High Rise Building (NHRB),Residential,1750,13,Under Construction,31/08/2029,12.853961,80.243958,30,0,0,63171900,73669500,28993000,165834400,0.00,2945.17,27.09,[],"[{'block': None, 'base_level': 'Stilt', 'floor_segments': ['3'], 'total_floors_above_base': 3}]",['Chengalpattu'],
V:\Project\Project_Stick\data_source\raw\TNRERA\2024\TN_35_Building_0594_2024.pdf,PODIGAI,"2. Project PODIGAI is being developed as Group Development Residential Building in Mambakkam Village comprising of 22 dwelling Units in G + 1 Structure with Block A – E in S.Nos 136 & 137 on site extent of 4330 sq.m , FSI area 3279.05 Sq.m",Non-High Rise Building (NHRB),Residential,3602.98,22,Not Yet Started,31/03/2027,12.838553,79.168497,19,8,5,16011300,118600000,3627000,138238300,0.00,3206.79,72.26,[],"[{'block': None, 'base_level': 'Ground', 'floor_segments': ['1'], 'total_floors_above_base': 1}]",['Chengalpattu'],
V:\Project\Project_Stick\data_source\raw\TNRERA\2024\TN_35_Building_0599_2024.pdf,TVS EMERALD SERENE SPRINGS,"HRB, Block 01 & 02, No of floors 16, Total FSI area 24476.78 sq.m",High Rise Building (HRB),Residential,7429.74,237,Not Yet Started,01/10/2029,12.782308,80.218584,109,0,0,235000000,1020000000,0,1255000000,2599.00,21877.78,0.00,[],[],['Chengalpattu'],
V:\Project\Project_Stick\data_source\raw\TNRERA\2024\TN_35_Building_0607_2024.pdf,URBANDO EVORISE https://rera.tn.gov.in/public-view2/building/pfirm/037f4b20-b793-11ef-a28a-4d34ad51b3ee,"Proposed Construction of High-Rise Building with Basement Floor (Part) + Stilt Floor (for parking) + 10th Floor affordable Housing, residential Building with 100 dwelling units + 11th Floor part (Multi-Purpose Hall, Indoor Games, Gym & Spa) at Gandhi Nagar 3rd cross street, Perumbakkam, Chennai – 600 100. Comprised in old s.no: 310/2A3,310/2B,310/3,311/1 & 311/1B, as per patta new S.no:310/2A3A,310/2B1,310/3B,311/1A,311 /1B1 & 311/1B2, of Perumbakkam Village, Tambaram Taluk, Chengalpattu District, within the limits of St.Thomas Mount Panchayat Union:-",High Rise Building (HRB),Residential 1/12,4095.36,100,Not Yet Started,31/12/2032,125328.0,801207.6,41,64,0,100000000,470000000,-,570000000,0.00,12185.00,321.08,[],"[{'block': None, 'base_level': 'Basement', 'floor_segments': ['10th Floor', '11th Floor'], 'total_floors_above_base': 2}]",['Chengalpattu'],
V:\Project\Project_Stick\data_source\raw\TNRERA\2024\TN_37_Building_0418_2024.pdf,AMBUR PROPERTIES LLP,"M/S. AMBUR PROPERTIES LLP of my layout project comprised in Ward – B, Block – 2, T.SNos.10/1part of Ambur Municipality, Ambur Taluk, Tirupattur District.",Non-High Rise Building (NHRB),Mixed Development,15293.7,305,Under Construction,12/08/2025,124611.0,784326.1,0,6,0,50000000,150000000,20000000,220000000,9801.19,-,374,[],[],['Tirupathur'],
V:\Project\Project_Stick\data_source\raw\TNRERA\2024\TN_5_Building_0509_2024.pdf,The Enigma,"Development of 0.43 acres situated at SF.No.603/4A & 604/ 1B2B , Katpadi Village, Katpadi Taluk, Vellore Dist. Tamil Nadu. The Project comprises of 36 Dwelling units.",Non-High Rise Building (NHRB),Residential,1703,31,Under Construction,31/03/2026,125806,790912,37,13,5,150000000,325536561,18670750,494207311,790912,4141.70,845.65,[],[],['Vellore'],
V:\Project\Project_Stick\data_source\raw\TNRERA\2024\TN_5_Building_0528_2024.pdf,-,RESIDENTIAL APARTMENT,Non-High Rise Building (NHRB),Residential,688.90,18,Under Construction,15/12/2025,12.955240,79.138893,5,4,2,50000000,40000000,10000000,100000000,79.138893,787.1,-,[],[],['Vellore'],
V:\Project\Project_Stick\data_source\raw\TNRERA\2024\TN_6_Building_0530_2024.pdf,Annamalaiyar flower market,"S. No: 7/1, 7/8. Building No: 330/2024. Kilanaikarai Village, Melathikkan Panchayat , Tiruvannamalai Taluk, Tiruvannamalai District, Tamil Nadu State .",Non-High Rise Building (NHRB),Commercial,12200.00,,Not Yet Started,25/07/2025,12.205081,79.072097,0,67,0,10870600,51842350,44180000,106892950,0.00,0.00,4957.83,[],[],['Tiruvannamalai'],Total_Dwelling_Units
V:\Project\Project_Stick\data_source\raw\TNRERA\2024\TN_7_Building_0370_2024.pdf,RR TOWER,40 DWELLING APARTMENT,Non-High Rise Building (NHRB),Residential,1700.50,40,Under Construction,31/12/2026,11.6285,78.14663889,37,3,0,27500000.00,112403000,20716692,160619692,-,4398.44,-,[],[],['Salem'],
V:\Project\Project_Stick\data_source\raw\TNRERA\2024\TN_7_Building_0468_2024.pdf,SUNDARAM TIRUMALA TOWER,STILT+ 5 FLOOR APARTMENT OF 13 DWELLING UNITS,Non-High Rise Building (NHRB),Residential,589,13,Under Construction,29/08/2026,11.644417,78.150139,10,4,2,4217000,37860000,4872925,46949925,78.150139,1520.29,0.00,[],"[{'block': None, 'base_level': 'Stilt', 'floor_segments': ['5 FLOOR'], 'total_floors_above_base': 5}]",['Salem'],
V:\Project\Project_Stick\data_source\raw\TNRERA\2024\TN_7_Building_0505_2024.pdf,NAAVAL PARADISE,"SF.No: 9/1B,10/2A1B,&13/1A,At Kannankurichi Village, and Town Panchayat, Salem Taluk, & District.",Non-High Rise Building (NHRB),Mixed Development,36205,92,Under Construction,31/12/2028,11.7076440,781714170,368,15,10,132518850,530000000,726500000,1389018850,0.00,29818.14,1518.68,[],[],['Salem'],
V:\Project\Project_Stick\data_source\raw\TNRERA\2024\TN_7_Building_0575_2024.pdf,Amirtha Varsha,"Ward-AC,Block-28,T.S.No.27/2,Ward- AC,Block-19,T.S.No.42/2,(Old Ward- D,Block-19,T.S.No.4/3,7/1 and 7/2) at Periyeri Village, Salem Corporation,Salem Tk, Salem Dt.",Non-High Rise Building (NHRB),Residential,3077.00,55,Under Construction,22/07/2029,11.659561,78.148858,60,0,6,65555485,254653003,30960911,351169399,0.00,7995.96,-,[],[],['Salem'],
V:\Project\Project_Stick\data_source\raw\TNRERA\2024\TN_7_Building_0582_2024.pdf,NAAVAL SUNSHINE,"Sf no - 65/10A, Murungapatty Panchayat/Village , Veerapandi Panchayat Union, salem west taluk, salem - 636307",Non-High Rise Building (NHRB),Mixed Development,17253.80,58,Under Construction,31/12/2028,11.638163,78.039603,116,15,21,6600000,580000000,-,586600000,0.00,11306.43,484.16,[],[],['Salem'],
V:\Project\Project_Stick\data_source\raw\TNRERA\2025\TNRERA_10_BLG_0384_2025.pdf,White Elephant,S.F.No. 1385/1A2,Non-High Rise Building (NHRB),Residential,562,16,Under Construction,31/07/2027,11.322352,77.743228,12,12,2,2980800,32000000,-,34980800,0.00,1303.88,-,[],[],['Erode'],
V:\Project\Project_Stick\data_source\raw\TNRERA\2025\TNRERA_11_BLG_0327_2025.pdf,EKAYA BY SRIVARI,8 Luxury Villas with one Exclusive Club house,Non-High Rise Building (NHRB),Residential,2958,9,Not Yet Started,17/07/2030,11.00544,77.01571,24,16,4,53495500,324100000,-,377595500,0.00,3584.83,262.36,[],[],['Coimbatore'],
V:\Project\Project_Stick\data_source\raw\TNRERA\2025\TNRERA_11_BLG_0331_2025.pdf,Aria Square,"PROPOSED CONSTRUCTION OF RESIDENTIAL BUILDING AFFORTABLE HOUSING ( GYM, INDOOR PLAY AREA, YOGA ROOM, ASSOCIATION ROOM, MULTI PURPOSE HALL) COMPRISED IN S F NO 47/2A1, KALAPATTI (WEST) VILLAGE, COIMBATORE NORTH TALUK, COIMBATORE DISTRICT AND CORPORATION EAST ZONE",Non-High Rise Building (NHRB),Residential,1659.27,58,Not Yet Started,30/06/2030,11.095835,77.026041,23,0,2,82857710,167500000,-,250357710,0.00,4594.51,230.69,[],[],['Coimbatore'],
V:\Project\Project_Stick\data_source\raw\TNRERA\2025\TNRERA_11_BLG_0335_2025.pdf,Sanbrix Stany Towers,Proposed constructions of basement + stilt + 4 floors office building,Non-High Rise Building (NHRB),Commercial,1424.38,,Not Yet Started,01/10/2028,11.02337,76.9902,40,0,4,49062400,171640722,-,220703122,0.00,0.00,3617.50,[],"[{'block': None, 'base_level': 'Basement', 'floor_segments': ['4 floors'], 'total_floors_above_base': 4}]",['Coimbatore'],Total_Dwelling_Units
V:\Project\Project_Stick\data_source\raw\TNRERA\2025\TNRERA_11_BLG_0351_2025.pdf,JAINS AASHNA,"a Residential Building, with Basement + Stilt + 14 Floors + Part 15th Floor comprised in S.F.No. 139/2, (S.F.No. 139/2C as per Patta) situated at Vilankurchi Village, Coimbatore Corporation, Coimbatore North Taluk, Coimbatore District",Non-High Rise Building (NHRB),Residential,4046.82,140,Under Construction,31/08/2030,11.065663,77.015124,84,34,9,1200000000,1345486000,-,2545486000,0.00,14102.08,403.89,[],"[{'block': None, 'base_level': 'Basement', 'floor_segments': ['14 Floors', '15th Floor'], 'total_floors_above_base': 15}]",['Coimbatore'],
V:\Project\Project_Stick\data_source\raw\TNRERA\2025\TNRERA_11_BLG_0356_2025.pdf,AMBER,RESIDENTIAL APARTMENTS,Non-High Rise Building (NHRB),Residential,1726.5,30,Not Yet Started,10/04/2030,10.988976,76.946609,30,0,21,130000000,146655000,-,276655000,4200.33,4200.33,4200.33,[],[],['Coimbatore'],
V:\Project\Project_Stick\data_source\raw\TNRERA\2025\TNRERA_11_BLG_0362_2025.pdf,WILLA 25,"Group HousingDevelopment- District Town and Country planning office, Coimbatore - Local Planning Authority - Coimbatore District and Coimbatore Corporation- - Ward: B- 049.Kavundampalayam Village - Block No:81- T.S. No’s.2/1,2/2,2/4,2/5-Site area: 2989.00- Proposed Group Housing Development with 16 villasfor anFSI Area:3127.56 sqm",Non-High Rise Building (NHRB),Residential,2989,16,Not Yet Started,07/10/2030,11.045812,76.923316,15,24,0,110000000,130000000,-,240000000,0.00,3127.56,0.00,[],[],['Coimbatore'],
V:\Project\Project_Stick\data_source\raw\TNRERA\2025\TNRERA_11_BLG_0372_2025.pdf,VAIBHAV,"S.F. Nos. 411/2, 411/3, 411/4, 411/5, 411/6, 411/7, 411/8, 411/9, 411/10, 412/1A2, 412/1A3 (Site No: F8, F9, F10, G8, G9, G10, G11, G12, G13) at Saravanampatti Village, Coimbatore North taluk, Coimbatore Corporation North Zone, Coimbatore District.",Non-High Rise Building (NHRB),Residential,1477,38,Under Construction,06/10/2031,11.091421,76.985714,27,0,4,70000000,132500000,-,202500000,0.00,3823.83,0.00,[],[],['Coimbatore'],
V:\Project\Project_Stick\data_source\raw\TNRERA\2025\TNRERA_11_BLG_0375_2025.pdf,Dhiya`s Skanda Samriddi,"Ward No:K(11), Block No:14, T.S.No:279,280 Sanganur village, Central Zone, Coimbatore Corporation",Non-High Rise Building (NHRB),Residential,1110,19,Not Yet Started,30/09/2028,11.021262,76.958825,9,12,3,205700000,107532000,-,313232000,0.00,3107.07,-,[],[],['Coimbatore'],
V:\Project\Project_Stick\data_source\raw\TNRERA\2025\TNRERA_11_BLG_0382_2025.pdf,GOLOKA,"Block 1 - Basement, Stilt + 5 Floors, Block 2 - Basement, Stilt + 5 Floors Block 1 - 20 Dwellings and Block 2 - 25 Dwellings",Non-High Rise Building (NHRB),Residential,2773,45,Not Yet Started,30/09/2029,11.041572,77.030094,54,0,9,74621430,302991300,-,377612730,0.00,7071.40,-,[],"[{'block': None, 'base_level': 'Basement', 'floor_segments': ['5 Floors', '5 Floors'], 'total_floors_above_base': 10}]",['Coimbatore'],
V:\Project\Project_Stick\data_source\raw\TNRERA\2025\TNRERA_11_BLG_0414_2025.pdf,SRREE KRISHNAA’S ARANYA,"Site No: 9 & 10 In S.F.No:232/1B4 At Balaji Nagar Of Vadavalli Village, West Zone, Perur Taluk, Coimbatore Corporation",Non-High Rise Building (NHRB),Residential,557.00,10,Not Yet Started,13/07/2031,11.025528,76.887333,10,0,1,4020000,42466600,-,46486600,0.00,1445.11,-,[],[],['Coimbatore'],
V:\Project\Project_Stick\data_source\raw\TNRERA\2025\TNRERA_11_BLG_0417_2025.pdf,RAVIMURUGAA'S WISTERIAA PARK,"S.F.NO:296/2B3A ,KALAPATTI VILLGE",Non-High Rise Building (NHRB),Residential,4260,16,Not Yet Started,10/06/2033,110328.7,770150.3,24,21,5,18000000,60000000,-,78000000,,,,[],[],['Coimbatore'],FSI_Other_Residential
V:\Project\Project_Stick\data_source\raw\TNRERA\2025\TNRERA_16_BLG_0358_2025.pdf,RC EMERALD CASTLE,"Stilt + 9 floors with 18 Residential flats at New Door no: 23, (Old Door No: 62), Crawford colony Main Road, land comprised in T.S. No. 24 (24/1 & 24/2), Block No.0002, Ward: AK, Survey No. 136/1, land situated at Crawford Colony Majara, K.Abishekapuram Village, Tiruchirappalli City Corp. Ko.Abhisekapuram Zone Town, Tiruchirappalli West Taluk, Tiruchirappalli District of Zone – 4.",High Rise Building (HRB),Residential,1294.56,18,Not Yet Started,30/06/2028,10.782705,78.678399,3,14,13,90000000,260000000,-,350000000,0.00,3614.00,-,[],[],['Tiruchirappalli'],
V:\Project\Project_Stick\data_source\raw\TNRERA\2025\TNRERA_16_BLG_0368_2025.pdf,TVH Elanza,"T.S.No: 27, Block No:12, Ward: Y, Puthur Village, Zone – V, Tiruchirappalli District/ Corporation",Non-High Rise Building (NHRB),Residential,1589.51,35,Under Construction,31/03/2026,10.81424,78.679153,35,35,0,102657000,105251000,-,207908000,0.00,4456.55,-,[],[],['Tiruchirappalli'],
V:\Project\Project_Stick\data_source\raw\TNRERA\2025\TNRERA_16_BLG_0370_2025.pdf,Navarathna Saroja Residency,"Navarathna Saroja Residency, in T S NO: 9 /2, (old Ward : B) , New Ward - G , Block : 19, At Konakarai Road, Chinthamani Village, K.Abishekapuram Zone, Zone-V, Thiruchirapalli.",Non-High Rise Building (NHRB),Residential,768.11,16,Under Construction,30/08/2030,10.835694,78.684430,2,12,0,7441200,69006892,-,76448092,0.00,1534.23,-,[],[],['Tiruchirappalli'],
V:\Project\Project_Stick\data_source\raw\TNRERA\2025\TNRERA_16_BLG_0371_2025.pdf,OXINA ELYSIAN,RESIDENTIAL BUILDING OF STILT FLOOR+5 FLOORS WITH 60 DWELLING UNITS,High Rise Building (HRB),Residential,2723.43,60,Not Yet Started,31/03/2028,10.757406,78.693780,68,0,1,207000000,163000000,-,370000000,0.00,7868.10,-,[],"[{'block': None, 'base_level': 'Stilt', 'floor_segments': ['5 FLOORS'], 'total_floors_above_base': 5}]",['Tiruchirappalli'],
V:\Project\Project_Stick\data_source\raw\TNRERA\2025\TNRERA_16_BLG_0377_2025.pdf,SHRI SHAKTHI MARI AVENUE,"S.No: 204/2B2 204/3B2 & 205/6A of Madavaperumal Koil Village, Manachanellur Taluk, Tiruchirappalli District.",Non-High Rise Building (NHRB),Residential,1127,30,Under Construction,25/06/2027,105314.7,784158.5,30,0,0,8000000,50000000,-,58000000,0.00,3060.00,-,[],[],['Tiruchirappalli'],
V:\Project\Project_Stick\data_source\raw\TNRERA\2025\TNRERA_16_BLG_0383_2025.pdf,VAIRAM SKYLINE,"“VAIRAM SKYLINE” Stilt Parking plus Four Floors Total 20 Residential dwelling units to be set up Residential Apartment Building at Plot no: 18,19,23&24, Ward:K, Block: 4, T.S.No:19/4 at Puthur Village, K.Abishekapuram Zone,Tiruchirappalli District,620003",Non-High Rise Building (NHRB),Residential,762.98,20,Not Yet Started,31/10/2031,108206.3,786688.5,18,0,0,9781631,72965849,-,82747480,0.00,1899.00,-,[],"[{'block': None, 'base_level': 'Stilt', 'floor_segments': ['Four Floors'], 'total_floors_above_base': 4}]",['Tiruchirappalli'],
V:\Project\Project_Stick\data_source\raw\TNRERA\2025\TNRERA_16_BLG_0404_2025.pdf,MITHA RANGASTHALAM,Ground Floor + 2 Floors,Non-High Rise Building (NHRB),Residential,1070.55,15,Not Yet Started,31/07/2028,10.10852059,78.685696,15,0,1,57500000,62500000,-,120000000,0.00,2124.69,-,[],"[{'block': None, 'base_level': 'Ground', 'floor_segments': ['2 Floors'], 'total_floors_above_base': 2}]",['Tiruchirappalli'],
V:\Project\Project_Stick\data_source\raw\TNRERA\2025\TNRERA_16_BLG_0418_2025.pdf,ROHINI RAMJI,FLAT PROMETERS OF RESIDENTIAL APARTMENTS,High Rise Building (HRB),Residential,1897.77,45,Under Construction,31/07/2033,10.8260344,78.6741602,45,0,5,40860000,203904000,-,244764000,0.00,6210.88,-,[],[],['Tiruchirappalli'],
V:\Project\Project_Stick\data_source\raw\TNRERA\2025\TNRERA_1_BLG_0397_2025.pdf,PARK VILLE,"PLAN SHOWING THE PROPOSED AFFORDABLE HOUSING BLOCK (STILT + 13 FLOORS) COMPRISED IN SURVEY NUMBERS 53/1A1,59/1E,59/2B4,59/2C,59/3E,59/6A, 60/2E1,64/1C AT VADAKKUPATTU ""A"" VILLAGE , KUNDRATHUR TALUK , KANCHEEPURAM DISTRICT",High Rise Building (HRB),Residential,5725.88,180,Not Yet Started,31/01/2029,79.953566,12.811126,72,32,10,13050000,553400000,-,566450000,0.00,16420.68,237.39,[],"[{'block': None, 'base_level': 'Stilt', 'floor_segments': ['13 FLOORS'], 'total_floors_above_base': 13}]",['Kancheepuram'],
V:\Project\Project_Stick\data_source\raw\TNRERA\2025\TNRERA_1_BLG_0400_2025.pdf,NEST FASCINO,NEST FASCINO,Non-High Rise Building (NHRB),Residential,3864.72,93,Under Construction,31/12/2027,12.53198,80.03107,64,32,8,74885943,508603657,-,583489600,0.00,10585.06,-,[],[],['Kancheepuram'],
V:\Project\Project_Stick\data_source\raw\TNRERA\2025\TNRERA_1_BLG_0411_2025.pdf,ATH MERLION Phase I,"Comprised in Old S.No: 238/1 238/2 & 238/3A (Document), New S.No. 238/1B, 238/2E, 238/2D, 238/2C, 238/3A5, 238/2B, 238/3A4 & 238/3A3 (Patta) of Rendamkattalai Village, within the limit of Kundrathur Panchayat Union; Project Name:- “ATH MERLION Phase I”",Non-High Rise Building (NHRB),Residential,958.00,33,Under Construction,30/12/2028,12.996224,80.115966,19,3,2,26800000,98325000,-,125125000,0.00,2490.57,-,[],[],['Kancheepuram'],
V:\Project\Project_Stick\data_source\raw\TNRERA\2025\TNRERA_20_BLG_0369_2025.pdf,AAKASH ENCLAVE,"Aakash Enclave situated in Madurai Town Survey No.9, Ward No. 14 Block No.5, Door No.112 A, Lal Bahadur Shastri Street, Bibikulam, Madurai – 625002, Madurai District. Stilt + 4 Floors - Total Area 3878.78 Sq. M out of that FSI area 2978.92 Sq.M -",Non-High Rise Building (NHRB),Residential,1238.37,32,Under Construction,30/11/2026,9.944618,78.127906,21,10,0,46600000,103400000,-,150000000,0.00,2978.92,0.00,[],"[{'block': None, 'base_level': 'Stilt', 'floor_segments': ['4 Floors'], 'total_floors_above_base': 4}]",['Madurai'],
V:\Project\Project_Stick\data_source\raw\TNRERA\2025\TNRERA_20_BLG_0376_2025.pdf,Nandalala,Stilt + 5 Floors with 30 Dwelling units,Non-High Rise Building (NHRB),Residential,1296,30,Not Yet Started,30/09/2027,95639.8,780740.8,18,12,3,10458750,87185170,-,97643920,0.00,3354.44,-,[],"[{'block': None, 'base_level': 'Stilt', 'floor_segments': ['5 Floors'], 'total_floors_above_base': 5}]",['Madurai'],
V:\Project\Project_Stick\data_source\raw\TNRERA\2025\TNRERA_24_BLG_0345_2025.pdf,VIVAN,Stilt floor + 5 Typical Floors,Non-High Rise Building (NHRB),Residential,593.67,15,Not Yet Started,03/12/2027,9.5716060,77.9463340,15,1,1,17500000,51500000,-,69000000,0.00,1326.30,-,[],"[{'block': None, 'base_level': 'Stilt', 'floor_segments': [], 'total_floors_above_base': 0}]",['Virudhunagar'],
V:\Project\Project_Stick\data_source\raw\TNRERA\2025\TNRERA_26_BLG_0405_2025.pdf,Kalaignar Nagar Scheme,"Construction of 468 tenements (G+5 Storied) infrastructure works at Kalaignar Nagar Scheme in Panagudi TP ,Radhapuram Taluk,Tirunelveli District",Non-High Rise Building (NHRB),Residential,20200,468,Under Construction,30/09/2030,8.333059,77.54688,0,0,0,0,5301202095,-,5301202095,0.00,0.00,-,[],"[{'block': None, 'base_level': 'Ground', 'floor_segments': ['5'], 'total_floors_above_base': 5}]",['Tirunelveli'],
V:\Project\Project_Stick\data_source\raw\TNRERA\2025\TNRERA_26_BLG_0408_2025.pdf,SREE MEENAKSHI,"T.S.NO: 54/1 & 54/2, TOWN SURVEY WARD: BS, BLOCK: 12, OLD SURVEY NO: 264/4 & 264/8, VM CHATHIRAM VILLAGE, HIGH GROUND DD PLAN, PALAYAMKOTTAI WARD, TIRUNELVELI CITY MUNICIPAL CORPORATION, TIRUNELVELI DISTRICT",Non-High Rise Building (NHRB),Residential,1040.50,30,Under Construction,23/07/2033,8.708363,77.753998,26,4,3,21020000,125245000,-,146265000,0.00,3022.84,-,[],"[{'block': None, 'base_level': 'Ground', 'floor_segments': [], 'total_floors_above_base': 0}]",['Tirunelveli'],
V:\Project\Project_Stick\data_source\raw\TNRERA\2025\TNRERA_26_BLG_0427_2025.pdf,Periyar Nagar Phase I (periyar nagar West),"Construction of 504 (G+5) Ttenements at Periyar Nagar Phase I in S.No 1677/6,1691/5 of Vadakku Valliyur Village ,Valliyur Town panchayat , Radhapuram Taluk of Tirunelveli District under HFA – AHP",Non-High Rise Building (NHRB),Residential,20258.00,504,Under Construction,01/09/2031,8.400137,77.597420,0,0,0,0,565068010,-,565068010,0.00,0.00,-,[],"[{'block': None, 'base_level': 'Ground', 'floor_segments': ['5'], 'total_floors_above_base': 5}]",['Tirunelveli'],
V:\Project\Project_Stick\data_source\raw\TNRERA\2025\TNRERA_29_BLG_0328_2025.pdf,THE CITEDAL,"Survey No - 165/30 & 165/31 Of Prasanth colony west main road, Rajakilpakkam Village, Tambaram Municipal Corporation, Chennai District",Non-High Rise Building (NHRB),Residential,2400,64,Not Yet Started,19/08/2027,125438.6,800911.2,49,2,5,200000000,500000000,-,700000000,0.00,6238.55,-,[],[],['Chennai'],
V:\Project\Project_Stick\data_source\raw\TNRERA\2025\TNRERA_29_BLG_0330_2025.pdf,ENDEE EDEN,"No.12/14, 4th Cross Street, United India Colony, Kodambakkam, Chennai - 600024",Non-High Rise Building (NHRB),Residential,517.19,10,Under Construction,31/12/2026,13.051115,80.226125,10,2,2,69562500,62040000,-,131602500,0.00,1412.70,0.00,[],[],['Chennai'],
V:\Project\Project_Stick\data_source\raw\TNRERA\2025\TNRERA_29_BLG_0333_2025.pdf,AMARA ANTARA,"New Door No.1/4, Old Door No.9, Kothari Road, Nungambakkam, Chennai 600034, Comprised in Old R.S.No.537/1 and R.S.No.537/15, Block No.30 of Nungambakkam Village, within the limit of Greater Chennai Corporation.",Non-High Rise Building (NHRB),Residential,1236,15,Under Construction,01/08/2027,13.06442,80.23938,13,17,3,360000000,213500000,-,573500000,0.00,3309.67,-,[],[],['Chennai'],
V:\Project\Project_Stick\data_source\raw\TNRERA\2025\TNRERA_29_BLG_0334_2025.pdf,SRI VIDYA,"Stilt + Five Floors with 10 Dwelling units at Plot No.15 & 16, Door No.18, Friends Avenue, Arumbakkam, Chennai 600106, Comprised in T.S.No: 23/24, Block No: 15, Ward-1 of Arumbakkam Village within the limits of Greater Chennai Corporation",Non-High Rise Building (NHRB),Residential,524.50,10,Under Construction,10/07/2027,13.073232,80.21467,8,3,1,50000000,80000000,-,130000000,0.00,1359.14,-,[],[],['Chennai'],
V:\Project\Project_Stick\data_source\raw\TNRERA\2025\TNRERA_29_BLG_0336_2025.pdf,KG BLISS ON THE BAY,"Residential Development at New Beach Road,Thiruvanmiyur.",Non-High Rise Building (NHRB),Residential,1145.48,10,Not Yet Started,29/05/2033,12.975732,80.264470,19,1,2,156097800,90654345,-,246752145,0.00,1715.82,0.00,[],[],['Chennai'],
V:\Project\Project_Stick\data_source\raw\TNRERA\2025\TNRERA_29_BLG_0338_2025.pdf,VESTAS DIMENSIONS,"The proposed construction of Stilt floor + 4 floors (Height – 16.0m) Residential with 12 Dwelling units Availing Premium FSI with TOD Benefit at Plot No.155/4, 155/5 & 155/6, Balaji Street, Srinivasa Nagar II, Madipakkam, Chennai 600091 comprised in Old S.No.91 (Pt) and New S.No.91/75A, 91/75B & 91/100 of Madipakkam Village within the limits of Greater Chennai Corporation",Non-High Rise Building (NHRB),Residential,566.70,12,Under Construction,20/07/2033,12.966887,80.212735,1,10,1,45000000,55000000,-,100000000,0.00,1237.24,-,[16.0],"[{'block': None, 'base_level': 'Stilt', 'floor_segments': ['4 floors'], 'total_floors_above_base': 4}]",['Chennai'],
V:\Project\Project_Stick\data_source\raw\TNRERA\2025\TNRERA_29_BLG_0339_2025.pdf,-,"construction of Stilt floor + 5floors (Height – 18.30 m Height) Commercial (Office – 325.90 Sq.m) cum Residential Building with 3 dwelling units (1st & 2nd floor – Office + 3rd, 4th & 5th floor – Residential) at New Door No.62, Old Door No.47,Thambaiah Reddy Street and New Door No.44, Old Door No.28-A, Jubilee Road, West Mambalam, Chennai 600033, Comprised in T.S.No.56, Block No.47 of Puliyur Village within the limits of Greater Chennai Corporation",Non-High Rise Building (NHRB),Mixed Development,544,3,Under Construction,31/10/2026,13.041054,80.2244509,0,5,2,50000000,25000000,-,75000000,0.00,487.53,325.02,[18.3],"[{'block': None, 'base_level': 'Stilt', 'floor_segments': ['5floors', '2nd floor', '5th floor'], 'total_floors_above_base': 7}]",['Chennai'],
V:\Project\Project_Stick\data_source\raw\TNRERA\2025\TNRERA_29_BLG_0340_2025.pdf,NOVA PLATINUM 64,"NOVA PLATINUM 64, AMBATTUR ROAD",Non-High Rise Building (NHRB),Residential,810,10,Not Yet Started,31/08/2025,13.08838,80.18818,10,0,1,150000000,50000000,-,200000000,0.00,1616.85,-,[],[],['Chennai'],
V:\Project\Project_Stick\data_source\raw\TNRERA\2025\TNRERA_29_BLG_0341_2025.pdf,KCEE SRINIVASAM,"OLD NO.12, NEW NO.25, RAMACHANDRA STREET, T.NAGAR, CHENNAI - 600017",Non-High Rise Building (NHRB),Residential,523,10,Under Construction,30/12/2030,13.045082,80.230175,9,1,1,86250000,57652000,-,143902000,0.00,1311.26,-,[],[],['Chennai'],
V:\Project\Project_Stick\data_source\raw\TNRERA\2025\TNRERA_29_BLG_0343_2025.pdf,OCEAN BREEZE,"construction of Ground floor + 2 floor commercial Building at plot No.1 & Residential Building Plot No.2 to 43 comprised in S.No.224/1B, 224/2A, 224/2B2, 232/1B, 232/2B, 232/3B, 232/5, 232/6, 232/7, 232/9 of Kamarajar Street, Okkiyam Thoraipakkam Village, Sholinganallur Taluk, Greater Chennai Corporation, Chennai District",Non-High Rise Building (NHRB),Mixed Development,8950,43,Under Construction,31/03/2027,125629.9,801401.0,89,3,0,470000000,490000000,-,960000000,0.00,11057.77,167.54,[],"[{'block': None, 'base_level': 'Ground', 'floor_segments': ['2 floor'], 'total_floors_above_base': 2}]",['Chennai'],
V:\Project\Project_Stick\data_source\raw\TNRERA\2025\TNRERA_29_BLG_0346_2025.pdf,SKYLINE HARMONY,"PLAN SHOWING THE PROPOSED CONSTRUCTION OF STILT FLOOR + 5 FLOORS RESIDENTIAL BUILDING (HEIGHT- 18.30M) WITH 14 DWELLING UNITS AVAILING PREMIUM FSI AT OLD DOOR NO.5, NEW DOOR NO.9, THIRUMOORTHY STREET, T.NAGAR, CHENNAI COMPRISED IN T.S.NO.6974, BLOCK NO.108-B OF T.NAGAR VILLAGE WITHIN THE LIMITS OF GREATER CHENNAI CORPORATION.",Non-High Rise Building (NHRB),Residential,602,14,Under Construction,30/11/2026,13.047358,80.238158,10,4,2,115000000,115164209,-,230164209,0.00,1640.90,-,[18.3],"[{'block': None, 'base_level': 'Stilt', 'floor_segments': ['5 FLOORS'], 'total_floors_above_base': 5}]",['Chennai'],
V:\Project\Project_Stick\data_source\raw\TNRERA\2025\TNRERA_29_BLG_0347_2025.pdf,Badrikarai Scheme,"Reconstruction of 2 Blocks viz. Block 1: Stilt+6 floors residential building with 96 DU's (Height- 20.60m) and Block 2: Stilt+6 floors residential building with 78 DU's (Height-20.60m) totally 168 DU's (Affordable Housing) at Prakasam Salai / Valluvar kottam, Badrikarai, Chennai comprised in T.S. No. 4828/3pt, 4830/4pt & 4830/9pt, Block No. 110 of T.Nagar, Guindy Taluk within the limit of Greater Chennai Corporation.",High Rise Building (HRB),Residential,3173.55,168,Under Construction,23/09/2029,130303.7,801446.1,0,0,0,0,251225000,-,251225000,0.00,0.00,-,"[20.6, 20.6]","[{'block': 'Block 1', 'base_level': 'Stilt', 'floor_segments': ['6 floors'], 'total_floors_above_base': 6}, {'block': 'Block 2', 'base_level': 'Stilt', 'floor_segments': ['6 floors'], 'total_floors_above_base': 6}]",['Chennai'],
V:\Project\Project_Stick\data_source\raw\TNRERA\2025\TNRERA_29_BLG_0350_2025.pdf,"SALMA “PANACHE RESIDENCES""","Old Door No: 16, 16/1, 17, New Door No: 24/67, Halls Road, Kilpauk, Chennai – 600 010, comprised in Old R.S. No: 139 part, T.S. No: 139/2,139/7, and 139/8, Block No: 10 of Egmore Village and Taluk, Chennai District and Tamil Nadu State.",Non-High Rise Building (NHRB),Residential,903.984,12,Under Construction,21/06/2028,13.080434315899039,80.2361132448449,20,2,2,145957350,77006646,-,222963996,0.00,2340.61,-,[],[],['Chennai'],
V:\Project\Project_Stick\data_source\raw\TNRERA\2025\TNRERA_29_BLG_0352_2025.pdf,ASHWANTH ELITE FLATS,"Plot Nos.2 & 3, Veera Raghavalu Nagar, Kathirvedu, Chennai-600066, comprised in Old Survey No.36/7A, as per Patta Survey No.36/7A3, 36/7A4, Situated at Kathirvedu Village, Madhavaram Taluk, Chennai District",Non-High Rise Building (NHRB),Residential,580.27,15,Not Yet Started,30/06/2028,13.142831,80.201308,10,0,5,14365800,24950592,-,39316392,0.00,1160.00,-,[],[],['Chennai'],
V:\Project\Project_Stick\data_source\raw\TNRERA\2025\TNRERA_29_BLG_0353_2025.pdf,SULAIMAN MANZIL,"Plot No.316A, New Door No.27, Old Door No.10, 1st Avenue and 2nd Main Road, Indira Nagar, Adayar, Chennai 600020 in Old T.S.No.47 to 49 (Pt), New R.S.Nos.39, 40/1, 40/2, 40/3 & 41/2, Block No.13 of Kalikundram Village within the limit of Greater Chennai Corporation",Non-High Rise Building (NHRB),Commercial,359,,Under Construction,31/12/2026,12.5957,80.1512,4,2,1,27720000,19246000,-,46966000,0.00,0.00,715.20,[],[],['Chennai'],Total_Dwelling_Units
V:\Project\Project_Stick\data_source\raw\TNRERA\2025\TNRERA_29_BLG_0359_2025.pdf,PUSHKAR'S GETTU APARTMENTS,"Stilt + Five Floors with 15 Dwelling units at Old Door No: 4, New Door No: 9, Venkatapathy Street, Kilpauk, Chennai- 600010, Comprised in T.S. No: 3140/3, Block No: 53, Ward -1 of Purusawalkam Village, within the limits of Greater Chennai Corporation",Non-High Rise Building (NHRB),Residential,722.30,15,Under Construction,31/12/2026,13.084138,80.242819,12,3,2,60000000,100000000,-,160000000,0.00,1976.25,-,[],[],['Chennai'],
V:\Project\Project_Stick\data_source\raw\TNRERA\2025\TNRERA_29_BLG_0360_2025.pdf,THOLLOL ENTERPRISES,"Proposed construction of Basement Floor(mechanized car parking and Lumber room) + Ground floor (Part) + Stilt Floor(part) + 3 Floors Commercial Building (Office-Height-17.90m) at Old Door No.45 & 45A, New Door No.165 & 166, North Usman Road, T.Nagar, Chennai Comprised in Old S.No.101/1 Part, T.S.No.5254, Block no.18 (As per Document), Block No.119 (As per Patta) of T.Nagar Village Within the Limits of Greater Chennai Corporation.",Non-High Rise Building (NHRB),Commercial,891.87,,Under Construction,31/12/2026,13.047012,80.233032,16,1,1,200000000,55000000,-,255000000,0.00,0.00,1702.71,[17.9],"[{'block': None, 'base_level': 'Ground', 'floor_segments': ['3 Floors'], 'total_floors_above_base': 3}]",['Chennai'],Total_Dwelling_Units
V:\Project\Project_Stick\data_source\raw\TNRERA\2025\TNRERA_29_BLG_0361_2025.pdf,-,"Stilt Floor + 1st Floor (Shop) + 2nd To 4th Floors (Office) Commercial Building (16.00m Height) Availing Premium FSI At Plot No.273, Door No. F13/17, Second Main Road, Anna Nagar East, Chennai- 600 102, Comprised In Old R.S.No.46 Part, T.S.No.5, Block No.3 Of Periyakudal Village Within The Limits Of Greater Chennai Corporation",Non-High Rise Building (NHRB),Commercial,945.48,,Completed,,130511.3,801313.8,6,7,2,63000000,30000000,-,93000000,0.00,0.00,945.48,[],"[{'block': None, 'base_level': 'Stilt', 'floor_segments': ['1st Floor'], 'total_floors_above_base': 1}]",['Chennai'],Total_Dwelling_Units
V:\Project\Project_Stick\data_source\raw\TNRERA\2025\TNRERA_29_BLG_0364_2025.pdf,ALTITUDE 9 https://rera.tn.gov.in/public-view2/building/pfirm/4ab42970-8750-11f0-be32-4164828f041c,"CONSTRUCTION OF HIGH RISE BUILDING (HRB) CONSISTING OF 2 BLOCKS, BLOCK 1: EXTENDED BASEMENT FLOOR + STILT FLOOR PART/GROUND FLOOR PART ( PARKING, RESIDENTIAL, KIDS PLAY AREA, CLUB HOUSE RECEPTION, ASSOCIATION ROOM, ELECTRICAL SWITCH GEAR ROOM, METER ROOM,) + 1ST FLOOR TO 9 FLOORS – 75 DWELLING UNITS WITH 30.0M HEIGHT RESIDENTIAL BUILDING, BLOCK 2: GROUND FLOOR +2 FLOORS WITH 9.45M HEIGHT COMMERCIAL BUILDING(SHOP) AVAILING WITH PREMIUM FSI AT PLOT NO: 1 & 2, DOOR NO.18/35, 37 & 230/2, JAWAHARLAL NEHRU SALAI, ( INNER RING ROAD ) SCHOOL STREET, THIRUVEEDHI AMMAN KOIL STREET, KOYEMBEDU, CHENNAI – 600 107, COMPRISED IN TS.NO.47, 48, 65/1, 65/2, 66, 68/2, BLOCK NO.56 OF",High Rise Building (HRB),Residential 1/9,3324.50,75,Not Yet Started,31/12/2030,13.07398280200628,13.07430580201263,47,37,84,620000000,700000000,-,1320000000,0.00,10989.42,294.00,[9.45],"[{'block': 'BLOCK 1', 'base_level': 'Ground', 'floor_segments': ['1ST FLOOR', '9 FLOORS'], 'total_floors_above_base': 10}, {'block': 'BLOCK 2', 'base_level': 'Ground', 'floor_segments': ['2 FLOORS'], 'total_floors_above_base': 2}]",['Chennai'],
V:\Project\Project_Stick\data_source\raw\TNRERA\2025\TNRERA_29_BLG_0367_2025.pdf,PAWAN'S FORTUNE VILLAS,"1-30 Plots at Vetri Nagar, Comprised in (As per patta old S.No: 598/1B1A Part, 1B1A2, 1B1A3, 1B1A4, 2B Part & 598/1A1B), As per patta New T.S.No:3/16, Block No: 21, Ward: E, Korattur Village, Ambattur Taluk, Greater Chennai Corporation Chennai District",Non-High Rise Building (NHRB),Residential,2520.37,30,Under Construction,31/03/2026,13.129374,80.194463,30,0,0,120000000,260000000,-,380000000,0.00,3320.18,-,[],[],['Chennai'],
V:\Project\Project_Stick\data_source\raw\TNRERA\2025\TNRERA_29_BLG_0374_2025.pdf,THE BLOOMINGDALE,"Construction of Stilt Floor (Parking) + 1st To 5th Floor Residential Building (Height -18.30m) With 15 Dwelling Units Availing Premium FSI With TOD Benefit at Old Door No:72(96), New Door No: 96/3, MC.Nichols Road, Chetpet, Egmore Taluk, Chennai District - 600031, Comprised In Old S.No: 133 Part, R.S.No:381/ 1 Part And T.S.No: 381/4, Block No: 24 of Egmore Village, Egmore Taluk, Chennai District Within the Limits of Greater Chennai Corporation",Non-High Rise Building (NHRB),Residential,947.50,15,Under Construction,30/06/2028,13.075872,80.238593,20,0,2,190000000,120000000,-,310000000,0.00,2651.05,-,[18.3],[],['Chennai'],
V:\Project\Project_Stick\data_source\raw\TNRERA\2025\TNRERA_29_BLG_0378_2025.pdf,SRI GURUVAYURAPPAN APARTMENT,S+5 FLOORS,Non-High Rise Building (NHRB),Residential,812.89,26,Under Construction,01/07/2033,12.984248988061434,80.19297855296422,18,2,2,45000000,70000000,-,115000000,0.00,2269.70,-,[],"[{'block': None, 'base_level': 'Stilt', 'floor_segments': ['5 FLOORS'], 'total_floors_above_base': 5}]",['Chennai'],
V:\Project\Project_Stick\data_source\raw\TNRERA\2025\TNRERA_29_BLG_0381_2025.pdf,BLACK DIAMOND,"Stilt floor + 4 floors with 18.30m height IT/ITES use Building at Shed No.L-6 & L- 7, Thiru-Vi-Ka Industrial Estate, Guindy, Chennai 600032 in S.No.35 (pt), 37 (Pt), 38 (Pt) & 58 (Pt), Block No.6 of Alandur Village within the limit of Greater Chennai Corporation",Non-High Rise Building (NHRB),Commercial,576.18,,Completed,,130040,801229,18,0,0,55000000,40313650,-,95313650,0.00,0.00,1198.63,[],"[{'block': None, 'base_level': 'Stilt', 'floor_segments': ['4 floors'], 'total_floors_above_base': 4}]",['Chennai'],Total_Dwelling_Units
V:\Project\Project_Stick\data_source\raw\TNRERA\2025\TNRERA_29_BLG_0385_2025.pdf,AANIRUDH ANNAPOORNA KAMAKSHI,STILT + 5 FLOORS,Non-High Rise Building (NHRB),Residential,833.79,20,Under Construction,22/09/2030,130345.0,801157.7,19,3,2,160000000,105000000,-,265000000,0.00,2288.76,0.00,[],"[{'block': None, 'base_level': 'Stilt', 'floor_segments': ['5 FLOORS'], 'total_floors_above_base': 5}]",['Chennai'],
V:\Project\Project_Stick\data_source\raw\TNRERA\2025\TNRERA_29_BLG_0386_2025.pdf,AANIRUDH'S NARMADA,STILT + 5 FLOORS,Non-High Rise Building (NHRB),Residential,669.35,19,Under Construction,22/09/2029,13.036402,80.231799,13,3,1,120000000,118000000,-,238000000,0.00,1736.36,-,[],"[{'block': None, 'base_level': 'Stilt', 'floor_segments': ['5 FLOORS'], 'total_floors_above_base': 5}]",['Chennai'],
V:\Project\Project_Stick\data_source\raw\TNRERA\2025\TNRERA_29_BLG_0387_2025.pdf,THE EDGE,"High Rise Building (HRB) with 41.20M height consisting of Extended Double Basement Floor (Parking) + Stilt floor part (Parking) / Ground Floor part (Double height lobby, Waiting Room, Meter room + 1st floor (Residential + Multipurpose Hall & Indoor Games) + 2nd Floor to 9th Floor + 10th Floor Part (Gym & Dress Change Room) & Open Swimming Pool at Terrace Floor level of Residential Building with 15 Dwelling Units availing premium FSI with TOD benefit at Plot No.1A, 1B & 1C, Old Door No.30, New Door No.14, Padmavathy Thayar Street, Gopalapuram, Chennai – 600 086 comprised in R.S. No.67/130, Block No.4, of Mylapore Village, Mylapore Taluk within the limits of Greater Chennai Corporation",High Rise Building (HRB),Mixed Development,2785.57,,Not Yet Started,03/09/2033,13.052168,80.254609,95,0,12,440000000,804357000,-,1244357000,0.00,7589.92,205.54,[],"[{'block': None, 'base_level': 'Ground', 'floor_segments': ['1st floor', '2nd Floor', '9th Floor', '10th Floor', 'Terrace Floor'], 'total_floors_above_base': 5}]",['Chennai'],Total_Dwelling_Units
V:\Project\Project_Stick\data_source\raw\TNRERA\2025\TNRERA_29_BLG_0388_2025.pdf,MP MAVIS,"CONSTRUCTION OF STILT FLOOR (PARKING) + 5 FLOORS(HEIGHT -18.30M) RESIDENTIAL BUILDING WITH 70 DWELLING UNITS (INDOOR GAMES AT 1ST FLOOR, YOGA & GYM AT 2ND FLOOR ) AVAILING PREMIUM FSI WITH AFFORDABLE HOUSING BENEFIT AT 12.00 M WIDE 3RD MAIN ROAD EXTENSION, KURINJI NAGAR, PERUNGALATHUR, CHENNAI – 600 063 COMPRISED IN OLD S.NO. 97 & 99/1B AND AS PER PATTA S.NOS. 97/1, 97/2, 97/3 & 99/1B1B OF PERUNGALATHUR VILLAGE WITHIN THE LIMITS OF TAMBARAM MUNICIPAL CORPORATION",Non-High Rise Building (NHRB),Residential,2974.55,70,Under Construction,20/08/2033,12.9149297,80.087548,69,1,9,120000000,228034400,-,348034400,0.00,7731.00,-,[18.3],"[{'block': None, 'base_level': 'Stilt', 'floor_segments': ['5 FLOORS', '1ST FLOOR', '2ND FLOOR'], 'total_floors_above_base': 7}]",['Chennai'],
V:\Project\Project_Stick\data_source\raw\TNRERA\2025\TNRERA_29_BLG_0389_2025.pdf,Whispers of sky,"740/1 & 742/1A of Sholinganallur Village, Sholinganallur Taluk within the Limits of Greater Chennai Corporation.",High Rise Building (HRB),Mixed Development,24845,623,Not Yet Started,30/09/2030,125253.57,801257.39,626,46,46,1025800000,3833700000,-,4859500000,,,,[],[],['Chennai'],FSI_Other_Residential
V:\Project\Project_Stick\data_source\raw\TNRERA\2025\TNRERA_29_BLG_0390_2025.pdf,MERIDIAN,"Revised Approval for Proposed Additional construction of (Esclator) to the Existing Earlier Approved Basement floor + Ground floor + 3 floors (Height- 18.30m) Commercial Building (Office) at Plot No.2, 3, 4 & 5 (in CMDA Approved Sub-division PPD/L.O.No.37/2022), MMRD Road, Kovilambakkam, Chennai Comprised in S.Nos.45/2A2, 45/2A3, 45/5A1, 45/5A2, 45/5A3, 45/5A4, 45/5B, 45/6B1B, 45/7B & 46/1B of Kovilambakkam Village within the limit of St. Thomas Mount Panchayat Union.",Non-High Rise Building (NHRB),Commercial,1389,,Under Construction,31/03/2026,12.948276,80.191704,15,10,3,112339470,134316142,-,246655612,,,,[18.3],"[{'block': None, 'base_level': 'Ground', 'floor_segments': ['3 floors'], 'total_floors_above_base': 3}]",['Chennai'],"Total_Dwelling_Units, FSI_Other_Residential"
V:\Project\Project_Stick\data_source\raw\TNRERA\2025\TNRERA_29_BLG_0391_2025.pdf,SILVERSKY-MADHAVARAM-THE SPRINGS COURTYARD,"Stilt Floor Parking/ Ground Floor Part Indoor Games + 5 Floors Residential Building, 18.30m-Height with (314 Dwelling units) Availing Premium FSI (1st Floor - 61 Dwelling units, Swimming pool, Kids Play Area, Indoor Games, Video Games, Association Room and Meditation Room + 2 nd Floor- 61 Dwelling units, Home Theatre, GYM, Kids Play Area, Yoga, AV Room, and Association Room + 3rd to 5th Floor - Each floor 64 Dwelling units ) at Puzhal Village, Chennai, Comprised in S.No.31, 32, 33, and S. No: 34 of Puzhal Village",Non-High Rise Building (NHRB),Residential,18777.26,314,Under Construction,31/08/2030,13.165744,80.221480,332,0,38,301300000,25091000,-,326391000,0.00,41129.95,255.17,[],"[{'block': None, 'base_level': 'Ground', 'floor_segments': ['5 Floors', '1st Floor', '5th Floor'], 'total_floors_above_base': 7}]",['Chennai'],
V:\Project\Project_Stick\data_source\raw\TNRERA\2025\TNRERA_29_BLG_0392_2025.pdf,GREEN SAI NIVAS,"The proposed construction of Stilt floor + 4 floors + 5th floor (part) (Height - 18.30m) Residential Building with 20 dwelling units Availing Premium FSI with TOD Benefit at Plot No.22 & 23, Joseph 2nd Street, Nehru Nagar (Joseph Nagar), Pazhavanthangal, Chennai 600114 Comprised in Old.S.No.51/6 and T.S.No.52/3 & 52/4, Block No.5, Ward-B of Nanganallur Village, Alandur Taluk within the Limits of Greater Chennai Corporation",Non-High Rise Building (NHRB),Residential,686,20,Under Construction,31/08/2030,12.98451,80.18238,10,7,2,100000000,70000000,-,170000000,0.00,1782.79,-,[18.3],"[{'block': None, 'base_level': 'Stilt', 'floor_segments': ['4 floors', '5th floor'], 'total_floors_above_base': 5}]",['Chennai'],
V:\Project\Project_Stick\data_source\raw\TNRERA\2025\TNRERA_29_BLG_0393_2025.pdf,Ascendant Realty LLP,"Stilt Floor + 5 Floors (Height - 18.30m) Residential Building with 15 Dwelling units at New Door No.16, Old Door No.39, Bheemanna Garden Street, Alwarpet, Chennai – 600 018, comprised in R.S.No.3631/17, Block No.72, Mylapore (Part 2) Village within the Limits of Greater Chennai Corporation",Non-High Rise Building (NHRB),Residential,684.69,15,Under Construction,30/09/2027,13.03358644154456,80.25452035908798,0,15,2,200000000,70000000,-,270000000,0.00,1778.86,-,[18.3],"[{'block': None, 'base_level': 'Stilt', 'floor_segments': ['5 Floors'], 'total_floors_above_base': 5}]",['Chennai'],
V:\Project\Project_Stick\data_source\raw\TNRERA\2025\TNRERA_29_BLG_0395_2025.pdf,THULIR BY NIRAI,"The proposed construction of Stilt Floor (parking) + 5 Floors Residential building (18.30m Height) with 10 Dwelling units availing with Premium FSI at Plot No.2936, AL Block, 14th Main Road comprised in Old S.No.114/2pt, T.S.No,213, Block No. 9-B, Ward No.1, of Naduvakkarai Village within the limits of Greater Chennai Corporation",Non-High Rise Building (NHRB),Residential,501.50,10,Under Construction,31/12/2033,130447.5,801214.4,8,3,1,80000000,100000000,-,180000000,0.00,1264.83,-,[],"[{'block': None, 'base_level': 'Stilt', 'floor_segments': ['5 Floors'], 'total_floors_above_base': 5}]",['Chennai'],
V:\Project\Project_Stick\data_source\raw\TNRERA\2025\TNRERA_29_BLG_0399_2025.pdf,Innovative's 3 Block,"Door No. 3A, 3B. 3C, 3D, 3E & 3F, P.T.Raman Salai, Kalinga Colony, K K. Nagar, Chennai, comprised in S No 56/1 Part, 57 Part (Document) and T.S. No:2/16, Block No. 98 (Patta) of Kodambakkam (Part — 2) village within the limits of Greater Chennai Corporation",Non-High Rise Building (NHRB),Residential,630,10,Not Yet Started,30/04/2028,13.039828,80.205068,10,2,2,93000000,60000000,-,153000000,0.00,1585.96,-,[],[],['Chennai'],
V:\Project\Project_Stick\data_source\raw\TNRERA\2025\TNRERA_29_BLG_0401_2025.pdf,CUBE LUXOR,"Proposed construction of Stilt Floor + 4 Floors + 5th Floor Part (Height 18.30 m) Residential Building with 13 dwelling units,Located at Plot No.1, Door No.12/8, Sankarapuram 2nd Street, Sankara Nagar, Choolaimedu, Chennai 600094, comprised in Paimash No.512 & 513, and T.S.No.134/1 (Part) (Document) and T.S.No.134/1 & 134/3 (Patta), Block No.14 of Puliyur Village within the limits of Greater Chennai Corporation",Non-High Rise Building (NHRB),Residential,529.50,13,Under Construction,30/06/2027,13.0637011,80.2268809,13,0,1,70000000,130984744,-,200984744,0.00,1376.19,-,[18.3],"[{'block': None, 'base_level': 'Stilt', 'floor_segments': ['4 Floors', '5th Floor'], 'total_floors_above_base': 5}]",['Chennai'],
V:\Project\Project_Stick\data_source\raw\TNRERA\2025\TNRERA_29_BLG_0402_2025.pdf,G square Pristine Icon 1,"Residential Building (Apartment) in Sf no 309/38 & 309/39, Plot no 61 & 62 with 16 Dewiling Units in approved layout",Non-High Rise Building (NHRB),Residential,736.60,16,Not Yet Started,20/12/2027,12.689907,77.817204,8,0,2,244981050,51051837,-,296032887,0.00,1471.29,-,[],[],['Chennai'],
V:\Project\Project_Stick\data_source\raw\TNRERA\2025\TNRERA_29_BLG_0403_2025.pdf,NAVIN’S MAYURA GARDENS,"proposed project name of “ NAVIN’S MAYURA GARDENS ” Residential Apartments with Basement Floor +Stilt Floor + First Floor part to 5th Floor part, situated at on the land bearing Survey Nos. (i) S.No.47/2A and as per patta S.No.47/2A2 (ii) S.No.47/1 and as per patta S.No.47/1B, (iii) S.No.47/2A and as per patta S.No.47/2A3 of Sridevikuppam Road, Valasaravkkam village, Maduravoyal Taluk, Chennai – 600 087, within the limits of Greater Chennai Corporation.",Non-High Rise Building (NHRB),Residential,2650,59,Not Yet Started,31/12/2028,13.045691,80.176454,105,2,7,272073600,33234000,-,305307600,0.00,7417.13,-,[],"[{'block': None, 'base_level': 'Basement', 'floor_segments': ['First Floor', '5th Floor'], 'total_floors_above_base': 2}]",['Chennai'],
V:\Project\Project_Stick\data_source\raw\TNRERA\2025\TNRERA_29_BLG_0406_2025.pdf,"SREESAI BUILDERS "" HIRAN MAYI ""","Planning Permission for the proposed construction of Stilt floor + 5 floors (Height – 18.30m) Residential Building with 20 dwelling units For Affordable Housing at Plot No.2, New Door No.38, Old Door No.6, Raman Street, Maragatham Chandrasekar Nagar (M.C. Nagar), Hasthinapuram, Chennai 600064, Comprised in S.No.23/1A1A3 (Document), and T.S.No.23, Block No.37, WardF of Hasthinapuram Village within the limit of Tambaram Municipal Corporation",Non-High Rise Building (NHRB),Residential,637,20,Under Construction,31/12/2030,1256220,8008377,4,13,2,70000000,100000000,-,170000000,0.00,1653.33,-,[18.3],"[{'block': None, 'base_level': 'Stilt', 'floor_segments': ['5 floors'], 'total_floors_above_base': 5}]",['Chennai'],
V:\Project\Project_Stick\data_source\raw\TNRERA\2025\TNRERA_29_BLG_0407_2025.pdf,-,STILT FLOOR WITH MACHANIZED PIT PUZZLE PARKING +5 FLOORS,Non-High Rise Building (NHRB),Commercial,522,,Under Construction,31/12/2026,13.0303,80.1359,9,2,0,100000000,5000000,-,105000000,0.00,0.00,1315.88,[],"[{'block': None, 'base_level': 'Stilt', 'floor_segments': ['5 FLOORS'], 'total_floors_above_base': 5}]",['Chennai'],Total_Dwelling_Units
V:\Project\Project_Stick\data_source\raw\TNRERA\2025\TNRERA_29_BLG_0409_2025.pdf,AMARA ANEJA,"Plot No.8, New Door No.23, Old Door No.12, Chevalier Shivaji Ganesan Road (South Boag Road), T.Nagar, Chennai 600017, comprised in Old S.No.122/2, 123/1, 123/2, 123/3, 123/4 & 124/2 (Pt) (Document) and T.S.No.6553/1 & 6553/2, Block No.141 of T.Nagar Village, within the limit of Greater Chennai Corporation",Non-High Rise Building (NHRB),Residential,1293.43,15,Under Construction,31/10/2027,13.038381,80.243345,31,12,4,240000000,140000000,-,380000000,0.00,3614.08,-,[],[],['Chennai'],
V:\Project\Project_Stick\data_source\raw\TNRERA\2025\TNRERA_29_BLG_0410_2025.pdf,NPSH NIVASAM,STILT FLOOR + 3 FLOORS,Non-High Rise Building (NHRB),Residential,930.50,16,Under Construction,31/12/2026,13.069493,80.216585,16,0,2,66448798,52064607,-,118513405,0.00,1860.29,-,[],"[{'block': None, 'base_level': 'Stilt', 'floor_segments': ['3 FLOORS'], 'total_floors_above_base': 3}]",['Chennai'],
V:\Project\Project_Stick\data_source\raw\TNRERA\2025\TNRERA_29_BLG_0412_2025.pdf,AL KALIMA,"Proposed Construction of Commercial (Office) Cum Residential Apartment Building with 5 dwelling units (1st & 2nd Floors - Office; 3rd, 4th & 5th Floors – Residential) at Plot No.B180, 54th Street, Ashok Nagar, Chennai 600 083, Comprised in T.S No. 60, Block No.70 situated at Kodambakkam Village, Mambalam Taluk, Chennai District, Within the Limits of Greater Chennai Corporation, Zone:10 & Division No:131,Tamilnadu State.",Non-High Rise Building (NHRB),Mixed Development,651,5,Completed,,13.03312,80.21305,4,7,1,88200000,38694669,-,126894669,0.00,748.83,498.62,[],[],['Chennai'],
V:\Project\Project_Stick\data_source\raw\TNRERA\2025\TNRERA_29_BLG_0415_2025.pdf,BBCL ANUGRAHA,Revised Planning Permission for the Proposed construction of Stilt floor (part) /Ground floor(part) + 5 floors (height - 18.30m) residential building with 10 dwelling units (with mechanized parking) Availing Premium FSI with TOD Benefit,Non-High Rise Building (NHRB),Residential,711.50,10,Under Construction,12/08/2033,13.020500492061043,80.25863415849564,20,0,2,130000000,93200000,-,223200000,0.00,1847.62,-,[18.3],"[{'block': None, 'base_level': 'Ground', 'floor_segments': ['5 floors'], 'total_floors_above_base': 5}]",['Chennai'],
V:\Project\Project_Stick\data_source\raw\TNRERA\2025\TNRERA_29_BLG_0420_2025.pdf,G RADHAKRISHNAN,"PLOT NO 1229, NEW DOOR NO. 55, 18TH MAIN ROAD, ANNA NAGAR, VILLIVAKKAM VILLAGE, CHENNAI – 600040",Non-High Rise Building (NHRB),Commercial,455.22,,Completed,,13.08784,80.27847,5,2,1,73350000,27670546,-,101020546,0.00,0.00,728.92,[],[],['Chennai'],Total_Dwelling_Units
V:\Project\Project_Stick\data_source\raw\TNRERA\2025\TNRERA_29_BLG_0422_2025.pdf,RIVERA,"The proposed construction of Stilt floor+ 5 floors Residential Building with 15 Dwelling units (Height-18.30m) Availing Premium FSI at Plot No.215, Door No.215, Defence Officers Colony, Nandambakkam, Chennai comprised in Old Survey No. 160/2, New Survey No. 160/46 of Nandambakkam village Within the Limits of Greater Chennai Corporation",Non-High Rise Building (NHRB),Residential,683,15,Under Construction,31/12/2030,130141.0,801201.3,14,3,2,11000000000,100000000,-,11100000000,0.00,1773.95,-,[18.3],"[{'block': None, 'base_level': 'Stilt', 'floor_segments': ['5 floors'], 'total_floors_above_base': 5}]",['Chennai'],
V:\Project\Project_Stick\data_source\raw\TNRERA\2025\TNRERA_29_BLG_0423_2025.pdf,Legendary Bliss,9 Residential Units,Non-High Rise Building (NHRB),Residential,600,9,Under Construction,31/12/2026,13.0354722,80.23433333333334,9,0,1,85219200,35000000,-,120219200,0.00,1298.27,-,[],[],['Chennai'],
V:\Project\Project_Stick\data_source\raw\TNRERA\2025\TNRERA_29_BLG_0424_2025.pdf,-,"constructlon of Basement Floor (Parking) + Ground Floor (Shops) + 2 Floors (Office) Commercial Building at Arcot Road, Kamala Nagar, Porur, Chennai -600 116, comprised in S. No:123/10A2A1, 123/10B1 & 125/2 of Porur village within the limits of Greater Chennai Corporation",Non-High Rise Building (NHRB),Commercial,2529.15,,Completed,,13.037957,80.162657,19,7,7,202800000,70000000,-,272800000,0.00,0.00,2529.15,[],"[{'block': None, 'base_level': 'Ground', 'floor_segments': ['2 Floors'], 'total_floors_above_base': 2}]",['Chennai'],Total_Dwelling_Units
V:\Project\Project_Stick\data_source\raw\TNRERA\2025\TNRERA_29_BLG_0425_2025.pdf,-,BASEMENT FLOOR + STILT FLOOR +7 FLOORS IT / ITES OFFICE BUILDING,High Rise Building (HRB),Commercial,2404,07,Under Construction,31/03/2030,12.958762,80.247589,106,27,0,202539122,345625623,-,548164745,0.00,-,6689.77,[],"[{'block': None, 'base_level': 'Basement', 'floor_segments': ['7 FLOORS'], 'total_floors_above_base': 7}]",['Chennai'],
V:\Project\Project_Stick\data_source\raw\TNRERA\2025\TNRERA_2_BLG_0349_2025.pdf,SRI HARI HOMES KINGS COURT,Basement floor + stilt floor + 5 floors residential building with 75 dwelling units,Non-High Rise Building (NHRB),Residential,3075.61,75,Under Construction,31/12/2028,13.086698,80.146207,61,2,0,95629248,74181467,-,169810715,0.00,7255.50,-,[],"[{'block': None, 'base_level': 'Basement', 'floor_segments': ['5 floors'], 'total_floors_above_base': 5}]",['Tiruvallur'],
V:\Project\Project_Stick\data_source\raw\TNRERA\2025\TNRERA_2_BLG_0379_2025.pdf,MP VARAM,"CONSTRUCTION OF STILT FLOOR + 1ST FLOOR PART TO 5TH FLOOR PART RESIDENTIAL BUILDING WITH 60 DWELLING UNITS(AFFORDABLE HOUSING WITH HEIGHT-18.30M) AT VANAGARAM MAIN ROAD, VANAGARAM, CHENNAI COMPRISED IN OLD S.NO.285/2 AT PRESENT S.NO.285/2A2 &285/2B OF VANAGARAM VILLAGE, POONAMALLEE TALUK WITHIN THE LIMITS OF VILLIVAKKAM PANCHAYAT UNION",Non-High Rise Building (NHRB),Residential,2239.90,60,Not Yet Started,16/06/2033,13.0500803,80.1546298,10,50,2,190000000,173038800,-,363038800,0.00,5818.69,-,[18.3],"[{'block': None, 'base_level': 'Stilt', 'floor_segments': ['1ST FLOOR', '5TH FLOOR'], 'total_floors_above_base': 2}]",['Tiruvallur'],
V:\Project\Project_Stick\data_source\raw\TNRERA\2025\TNRERA_30_BLG_0357_2025.pdf,AMPLE TOWER,AMPLE TOWER,Non-High Rise Building (NHRB),Residential,999,32,Not Yet Started,20/08/2027,124227.4,774950.4,7,6,0,11900000,48200000,-,60100000,0.00,2682.00,-,[],[],['Krishnagiri'],
V:\Project\Project_Stick\data_source\raw\TNRERA\2025\TNRERA_32_BLG_0365_2025.pdf,TVH CREST,"Residential Apartment located in S.F.NO: 463/3A1A16B, Sri Vignesh Nagar, Palangarai Village & Panchayat, Avinashi Taluk ,Tiruppur District - Site area of 892 Sq.m (As per approved)- Block-1 RB (consist of 24 Residential dwelling units of Stilt + 4 floors)- FSI area of 2265.76 Sq.m",Non-High Rise Building (NHRB),Residential,892,24,Completed,,11.18595,77.281904,26,0,0,27000000,70000000,-,97000000,0.00,2265.76,-,[],"[{'block': None, 'base_level': 'Stilt', 'floor_segments': ['4 floors'], 'total_floors_above_base': 4}]",['Tiruppur'],
V:\Project\Project_Stick\data_source\raw\TNRERA\2025\TNRERA_32_BLG_0366_2025.pdf,TVH SERENITY,"Survey No: 462/1C2B, & 462/1C2C Layout Approved No:308/2001, AT "" SRI VIGNESH NAGAR "" Palangarai Village & Panchayat, Avinashi Taluk , Tiruppur District, Site area of 520 Sq.m (As per approved)- Construction of Stilt, First, Second ,Third & Head Room (consist of 12 Residential dwelling units of Stilt + 3 floors)- FSI area of 1036.20 Sq.m",Non-High Rise Building (NHRB),Residential,520,12,Under Construction,31/03/2026,11.185102,77.282626,13,0,0,16062500,33425500,-,49488000,0.00,1036.20,-,[],"[{'block': None, 'base_level': 'Stilt', 'floor_segments': ['3 floors'], 'total_floors_above_base': 3}]",['Tiruppur'],
V:\Project\Project_Stick\data_source\raw\TNRERA\2025\TNRERA_35_BLG_0332_2025.pdf,JONES IKON https://rera.tn.gov.in/public-view2/building/pfirm/59832aa0-87d1-11f0-b55e-2d3fff3d4bfa,"CONSTRUCTION OF HIGH RISE BUILDING (HRB) GROUP DEVELOPMENT CONSISTING OF EXTENDED COMBINED DOUBLE BASEMENT FLOORS (PARKING) COMPRISING BLOCK A & BLOCK B, COMBINED STILT FLOOR (PARKING) COMPRISING BLOCK A & BLOCK B, BLOCK A (78 DU): STILT FLOOR (PARKING) + 1ST FLOOR TO 13 FLOORS (RESDENTIAL), BLOCK B (78 DU): STILT FLOOR (PARKING) + 1ST FLOOR TO 13 FLOORS (RESDENTIAL) FOR RESIDENTIAL PURPOSE - TOTALLY 156 DWELLING UNITS & BLOCK C - AMENITY BUILDING: BASEMENT FLOOR (PARKING) + GROUND FLOOR + 3 FLOORS (AMENITY) AND OPEN SWIMMING POOL AT TERRACE FLOOR AT PALLAVARAM - THURAIPAKKAM 200 FEET RADIAL ROAD (MMRD ROAD), PALLAVARAM, CHENNAI-600 043 COMPRISED IN OLD SURVEY NOS. 138/4, 139/1, 139/2A, 2B,",High Rise Building (HRB),Residential 1/9,9850.00,156,Under Construction,01/08/2030,125709.5,800958.3,369,42,33,736748000,1036198600,-,1772946600,0.00,35724.57,2400.75,[],"[{'block': 'BLOCK A & BLOCK B, COMBINED STILT FLOOR (PARKING) COMPRISING BLOCK A & BLOCK B, BLOCK A (78 DU)', 'base_level': 'Stilt', 'floor_segments': ['1ST FLOOR', '13 FLOORS'], 'total_floors_above_base': 14}, {'block': 'BLOCK B (78 DU)', 'base_level': 'Stilt', 'floor_segments': ['1ST FLOOR', '13 FLOORS'], 'total_floors_above_base': 14}, {'block': 'BLOCK C - AMENITY BUILDING', 'base_level': 'Ground', 'floor_segments': ['3 FLOORS', 'TERRACE FLOOR'], 'total_floors_above_base': 4}]",['Chengalpattu'],
V:\Project\Project_Stick\data_source\raw\TNRERA\2025\TNRERA_35_BLG_0337_2025.pdf,SANTA CLARA by DAC,"S.No. 112/1A1, 112/2, 112/3B, 112/4 & 121/1A of Arasankazhani Village, Tambaram Taluk, Chengalpattu District.",Non-High Rise Building (NHRB),Residential,8920,61,Not Yet Started,29/09/2030,12.876897,80.202060,66,0,0,255887470,307813700,-,563701170,0.00,9028.09,-,[],[],['Chengalpattu'],
V:\Project\Project_Stick\data_source\raw\TNRERA\2025\TNRERA_35_BLG_0342_2025.pdf,VIGNESH NRD GALLERY,"proposed construction of High Rise Building (HRB) with 29.55m height consisting of Extended Basement Floor + Ground Floor + 7 Floors - Commercial Office building at Plot No. 48 (Part), 69 (Part) & 70 (Part), Old Door No. 8 & 70 New Door No : 27, Grand Southern Trunk (GST) Road, Pallavaram, Chennai-600 044 comprised in Old S.No. 508/64 (Part) & 66 (Part), T.S. No. 73, Block No. 21, Ward- E of Zamin Pallavaram Village within the Limits of Pallavaram Municipality",High Rise Building (HRB),Commercial,1516.62,,Not Yet Started,31/12/2031,12.949762,80.138671,21,13,3,25000000,170000000,-,195000000,0.00,0.00,4146.26,[],"[{'block': None, 'base_level': 'Ground', 'floor_segments': ['7 Floors'], 'total_floors_above_base': 7}]",['Chengalpattu'],Total_Dwelling_Units
V:\Project\Project_Stick\data_source\raw\TNRERA\2025\TNRERA_35_BLG_0348_2025.pdf,-,"Survey no. 87/15A1B (Old S.no. 87/3pt) of Kanathur Reddykuppam Village, Thiruporur Taluk & Chengalpattu District.",Non-High Rise Building (NHRB),Residential,1793,18,Not Yet Started,25/06/2028,125107.1,801445.0,20,0,0,6500000,35000000,-,41500000,0.00,3376.17,-,[],[],['Chengalpattu'],
V:\Project\Project_Stick\data_source\raw\TNRERA\2025\TNRERA_35_BLG_0354_2025.pdf,Godrej Azure,"Survey Number's 282,283/1,284/1,284/24,281/1B1A, 281/1B2, 283/2, 284/2B Padur & Kazhipattur Village, Survey Numbers 222/2, 224/1, 224/2227/1A, 227/18, 227/10, 227/2A, 227/2B, 227/2C, 227/3, 225/1, 225/2, 226/1, 226/2.",High Rise Building (HRB),Residential,13371.32,435,Not Yet Started,31/12/2027,12.807599318525353,80.2286993298545,296,148,20,481400000,2313500000,-,2794900000,0.00,53255.00,-,[],[],['Chengalpattu'],
V:\Project\Project_Stick\data_source\raw\TNRERA\2025\TNRERA_35_BLG_0373_2025.pdf,ANORA ATELIER,STILT + 4 FLOORS RESIDENTIAL BUILDING,Non-High Rise Building (NHRB),Residential,1050.00,44,Under Construction,30/09/2026,122443.5,800608.4,0,8,0,4000000,55000000,-,59000000,1962.86,0.00,-,[],"[{'block': None, 'base_level': 'Stilt', 'floor_segments': ['4 FLOORS'], 'total_floors_above_base': 4}]",['Chengalpattu'],
V:\Project\Project_Stick\data_source\raw\TNRERA\2025\TNRERA_35_BLG_0396_2025.pdf,Sai Harmony,Construction of Residential Building 19 Dwelling units Stilt + 5 Floor,Non-High Rise Building (NHRB),Residential,748.05,19,Under Construction,31/08/2028,125615.7,801102.2,17,2,1,70000000,77000000,-,147000000,0.00,1944.52,-,[],"[{'block': None, 'base_level': 'Stilt', 'floor_segments': ['5 Floor'], 'total_floors_above_base': 5}]",['Chengalpattu'],
V:\Project\Project_Stick\data_source\raw\TNRERA\2025\TNRERA_35_BLG_0398_2025.pdf,ASHIANA SWARANG PHASE III,We are developing the whole project in the name of Ashiana Swarang in Phase wise manner.,Non-High Rise Building (NHRB),Residential,9683.74,451,Under Construction,15/06/2029,12.727091,80.226955,114,271,22,99400000,701600000,-,801000000,0.00,14677.79,-,[],[],['Chengalpattu'],
V:\Project\Project_Stick\data_source\raw\TNRERA\2025\TNRERA_35_BLG_0416_2025.pdf,VISTA VILLAS,"S.NO 1483/3B1,3B2, THAIYUR A VILLAGE THIRUPORUR TALUK, CHENGALPATTU DISTRICT",Non-High Rise Building (NHRB),Residential,2000,16,Not Yet Started,31/12/2027,12.780868,80.220687,16,0,0,42500000,102500000,-,145000000,0.00,2180.50,0.00,[],[],['Chengalpattu'],
V:\Project\Project_Stick\data_source\raw\TNRERA\2025\TNRERA_35_BLG_0419_2025.pdf,AANIRUDH SHREE PALACE,AANIAANIRUDH SHREE PALACE,Non-High Rise Building (NHRB),Residential,664.81,10,Not Yet Started,01/05/2027,12.982141,80.190716,19,0,0,80000000,45000000,-,125000000,0.00,1860.91,-,[],[],['Chengalpattu'],
V:\Project\Project_Stick\data_source\raw\TNRERA\2025\TNRERA_35_BLG_0421_2025.pdf,FELIXA SKY MILANO PHASE - II,"Ground + 1 Floor (G+1) building consisting of 15 villas. (Promoter’s share Villa Nos. 1, 2, 3, 4, 5, 6, 7, 7A, 9, 10, 11, 12, 12A, 14, and 15). The development is situated in Survey Nos. 13/35, 13/34, 13/33, 13/32, 13/38 and 13/39, 13/40, 13/41 and 13/47, 13/48, 13/49, 13/50, 13/54, 13/53, 13/44 and 13/51, 13/43, and 13/42, Thazhambur Panchayat, Karanai Village, Vandalur Taluk, Chengalpattu District.",Non-High Rise Building (NHRB),Residential,1698.21,15,Not Yet Started,31/03/2028,12.859971,80.206173,15,10,0,50700000,90000000,-,140700000,0.00,2373.17,0.00,[],"[{'block': None, 'base_level': 'Ground', 'floor_segments': ['1 Floor', '1'], 'total_floors_above_base': 2}]",['Chengalpattu'],
V:\Project\Project_Stick\data_source\raw\TNRERA\2025\TNRERA_35_BLG_0426_2025.pdf,CSK NITISH APARTMENTS,NO.3&4 GOPAL NAGAR VEDHANARAYANAPURAM CHENGALPATTU,Non-High Rise Building (NHRB),Residential,965.31,12,Not Yet Started,30/10/2027,12.656845,79.968333,06,0,0,21568000,40000000,-,61568000,965.31,965.31,-,[],[],['Chengalpattu'],
V:\Project\Project_Stick\data_source\raw\TNRERA\2025\TNRERA_35_BLG_0428_2025.pdf,PALLADIUM,"Proposed Construction of Commercial Building Situated at Survey Number - 465/3A2C2, Padur Village and Panchayat, Thiruporur Taluk and Panchayat Union, Chengalpattu District, Tamilnadu.",Non-High Rise Building (NHRB),Commercial,1497,,Under Construction,22/10/2027,12.79694,80.223835,0,16,1,109000000,49314733,-,158314733,0.00,0.00,1629.66,[],[],['Chengalpattu'],Total_Dwelling_Units
V:\Project\Project_Stick\data_source\raw\TNRERA\2025\TNRERA_36_BLG_0344_2025.pdf,Sarojini green park,Residential,Non-High Rise Building (NHRB),Residential,19850.00,416,Under Construction,31/05/2027,125529.6,791917.2,,,,14900000,426700000.00,-,441600000,18030.88,0.00,97.50,[],[],['Ranipet'],
V:\Project\Project_Stick\data_source\raw\TNRERA\2025\TNRERA_7_BLG_0329_2025.pdf,CHONA KRISHNA APARTMENT,"WARD-U,BLOCK-14,T.S.NO- 22,23,24/1,25/1 AND 26 AT SURAMANGALAM, BODINAYAKKENPATTI, SALEM CORPORATION,SALEM WEST TALUK,SALEM TOWN,SALEM DISTRICT.",Non-High Rise Building (NHRB),Residential,2370.10,50,Under Construction,21/04/2030,11.666686,78.120344,55,4,6,60540372,284439608,-,344979980,0.00,6631.97,-,[],[],['Salem'],
V:\Project\Project_Stick\data_source\raw\TNRERA\2025\TNRERA_7_BLG_0355_2025.pdf,THE MOUNT,Office of the Salem District Town and Country Planning – Salem Local Planning Authority -Salem District – Salem West Taluk – Salem Corporation – Jagir Ammapalayam Village –Ward-A –Block- 12- T.S.No.15/26 (Old S.No.194/3pt at,Non-High Rise Building (NHRB),Residential,1973.56,35,Under Construction,20/09/2029,11.694419,78.120674,32,3,4,4990000,17586466.00,-,22576466,0.00,4702.20,-,[],[],['Salem'],
V:\Project\Project_Stick\data_source\raw\TNRERA\2025\TNRERA_7_BLG_0363_2025.pdf,KAVERI,"Plot No.60,61,62,63,80,81,82,83,SF No.5/55,5/56,5/57,5/58,5/75,5/76,5/77,5/ 78 at Kondappanaickenpatti Village & Panchayat, Salem Panchayat Union, Salem Tk & Dt.",Non-High Rise Building (NHRB),Residential,1110.00,30,Not Yet Started,10/07/2030,11.732901,78.171182,14,3,2,8957700,101264620,-,110222320,0.00,2871.91,-,[],[],['Salem'],
V:\Project\Project_Stick\data_source\raw\TNRERA\2025\TNRERA_7_BLG_0394_2025.pdf,KING PALACE APARTMENT,"Address : Stilt + 5 floors Residential apartments, T.S.No.4/2B, 4/3, 4/4, 4/5, 4/6, 4/7, Ward J, Block 39, Kumarasamipatti Village, Salem Town, Salem Taulk, Salem District, Tamil Nadu - 636007 No. of Units : 135 No. of Blocks : 2 (A & B) No. of Floors : Stilt + 5 Floors",Non-High Rise Building (NHRB),Residential,5488.80,135,Not Yet Started,30/09/2030,11.671117,78.165353,75,45,12,96628500,599700000,-,696328500,0.00,18547.66,-,[],"[{'block': 'Block 39, Kumarasamipatti Village, Salem Town, Salem Taulk, Salem District, Tamil Nadu - 636007 No. of Units', 'base_level': 'Stilt', 'floor_segments': ['5 Floors'], 'total_floors_above_base': 5}]",['Salem'],
V:\Project\Project_Stick\data_source\raw\TNRERA\2025\TNRERA_7_BLG_0413_2025.pdf,Metropole - Krishna,Apartment Building,Non-High Rise Building (NHRB),Residential,511,10,Under Construction,22/05/2030,11.678381,78.141299,5,6,1,12342000,43994500,-,56336500,0.00,1245.81,-,[],[],['Salem'],
V:\Project\Project_Stick\data_source\raw\TNRERA\2025\TNRERA_8_BLG_0380_2025.pdf,SENDHUR VILLA APARTMENT,Stilt + 5 Floors,Non-High Rise Building (NHRB),Residential,1954.7,38,Not Yet Started,08/06/2030,11.216284,78.141765,48,3,5,14728280,169533000,-,184261280,0.00,5071.50,1.00,[],"[{'block': None, 'base_level': 'Stilt', 'floor_segments': ['5 Floors'], 'total_floors_above_base': 5}]",['Namakkal'],
V:\Project\Project_Stick\data_source\raw\TNRERA\2025\TN_10_Building_0275_2025.pdf,ROCK MOOUNT CLASSIC APARTMENT,"Development Residential Building in 2,053 Sq.m of land situated at SF No.145/3A1, 145/3A3, 145/4A1A, 145/4A1B1, 145/4A1C1, 145/4A1C2, 145/4A1C3, 146/2A5A, 146/2A5B, 146/2A5C, 146/2A5D, (Site Nos. 73, 74, 75, 76, 77, 78 & 79), Kavundachipalayam Village , Kavundachipalayam Panchayat, Perundurai Taluk, Erode Dist. Tamil Nadu. PIN Code - 638 112. The project comprises of 32 Dwelling Units.",Non-High Rise Building (NHRB),Residential,2053,32,Under Construction,30/11/2027,11.293872,77.673504,46,0,2,4420000,185500000,-,189920000,0.00,5087.24,-,[],[],['Erode'],
V:\Project\Project_Stick\data_source\raw\TNRERA\2025\TN_10_Building_0282_2025.pdf,The Gardenia,2 Block ( Stilt+5Floors),Non-High Rise Building (NHRB),Residential,3239,70,Not Yet Started,31/03/2033,11.31175,77.661423,63,17,8,3802465,350000000,-,353802465,0.00,7984.60,-,[],"[{'block': None, 'base_level': 'Stilt', 'floor_segments': ['5Floors'], 'total_floors_above_base': 5}]",['Erode'],
V:\Project\Project_Stick\data_source\raw\TNRERA\2025\TN_11_Building_0002_2025.pdf,Dhiya's Sai Anandham,"Ward No:D, Block No:33, T.S.No:2, (S.F.No:121/3B pt), Koundampalayam village, Coimbatore North Taluk, Coimbatore Corporation",Non-High Rise Building (NHRB),Residential,1214.05,25,Not Yet Started,31/12/2027,11.039835,76.932998,20,2,2,50000000,114000000,-,164000000,0.00,2902.25,-,[],[],['Coimbatore'],
V:\Project\Project_Stick\data_source\raw\TNRERA\2025\TN_11_Building_0025_2025.pdf,-,"S.F.No. 390/4A2, 4A3, 4A4,4A5,4A6,4B, 391/5A,5B,5C, 395/2A, 396/4A, 1A1A, 1A1B, 1B, 1C, 2A, 2B, 2C, 397/2A1, 2B1, 2B2, 2A2A, 2B3A,2A2B,2A3D, 2B3B, 2B4A, 2C1, 2C2A, 2A3C, 2A3A, 2A3B, 2B4B, 398/2 & 398/3A",Non-High Rise Building (NHRB),Residential,26755.9311,45,Not Yet Started,29/02/2028,11.047354,77.036961,97,60,0,500000000,645665300,30000000,1175665300,0.00,18296.66,1059.79,[],[],['Coimbatore'],
V:\Project\Project_Stick\data_source\raw\TNRERA\2025\TN_11_Building_0030_2025.pdf,CASAGRAND ORCHARDS PHASE II,"Proposed additional Construction of Phase – II Non High Rise Residential Group Development Building Consists of 9 Blocks, Block- C to I: Ground +First Floor , Block- J : Ground +First Floor +Second Floor (Partly),Block- K: (Amenity Block) - Ground +First Floor, Totally 115 D/U Comprised in S.Nos : 150/1A2B1, 150/1A2B3 & 150/1A2B5, of Kannampalayam Village, Sulur Taluk, Coimbatore District. OSR & Link Road Gifted Vide Gift Deed No : 11226/2024, Dated: 03.08.2024 Comprised In S.No:150/1A2B2 & 150/1A2B4.",Non-High Rise Building (NHRB),Residential,38525.75,115,Not Yet Started,30/12/2029,11.00271,77.06183,115,19,13,360000000,980000000,-,1340000000,0.00,22569.20,728.84,[],"[{'block': None, 'base_level': 'Ground', 'floor_segments': ['First Floor', 'First Floor', 'Second Floor', 'First Floor'], 'total_floors_above_base': 4}]",['Coimbatore'],
V:\Project\Project_Stick\data_source\raw\TNRERA\2025\TN_11_Building_0040_2025.pdf,SREE DAKSHA'S DIORA,Coimbatore District - Coimbatore North Taluk - Kurudampalayam Village/ Panchayat - S.F.Nos: 94/3B & 94/6,Non-High Rise Building (NHRB),Residential,8094,105,Not Yet Started,31/10/2030,11.08161,76.937465,130,11,11,66500000,766030700,-,832530700,0.00,15224.81,740.55,[],[],['Coimbatore'],
V:\Project\Project_Stick\data_source\raw\TNRERA\2025\TN_11_Building_0042_2025.pdf,RADIANCE IMPERIA,"The Proposed Construction of Non-High Rise Residential Building Consists of 80 Villas (Ground Floor + 2 Floors) with Club House (Ground Floor +3 Floors) and Swimming Pool Comprised in S.Nos.164/2B, 165 & 167/2, Veerakeralam Village, Perur Taluk, Coimbatore District.",Non-High Rise Building (NHRB),Residential,33069,80,Not Yet Started,31/10/2029,11.00634,76.90210,113,209,28,28187000,645040000,-,673227000,0.00,27318.42,1594.56,[],"[{'block': None, 'base_level': 'Ground', 'floor_segments': ['2 Floors', '3 Floors'], 'total_floors_above_base': 5}]",['Coimbatore'],
V:\Project\Project_Stick\data_source\raw\TNRERA\2025\TN_11_Building_0047_2025.pdf,SREE DAKSHA 'S ELSRIA,"Coimbatore District - Coimbatore North Taluk - Coimbatore Corporation - Chinnavedampatti Village - S.F.Nos: 202/2H, 202/2I, 205/2A1A2 AND 206/5A",Non-High Rise Building (NHRB),Residential,19917.09,50,Not Yet Started,31/10/2030,11.04341,76.58099,85,55,13,112700000,657000000,-,769700000,0.00,12175.26,743.56,[],[],['Coimbatore'],
V:\Project\Project_Stick\data_source\raw\TNRERA\2025\TN_11_Building_0056_2025.pdf,THULIR BY DAC,"S.F.No.557/1B2B, 557/1B3B & 557/1B4B Thudiyalur Village, Coimbatore North Taluk, Coimbatore District, Within The Limit Coimbatore Corporation, Tamil Nadu.",Non-High Rise Building (NHRB),Residential,2360,54,Not Yet Started,28/02/2030,11.057773,76.939644,37,23,5,56163277,200800000,-,256963277,0.00,6131.50,-,[],[],['Coimbatore'],
V:\Project\Project_Stick\data_source\raw\TNRERA\2025\TN_11_Building_0058_2025.pdf,CASAGRAND CELEST,"Proposed Construction Of Residential Non High Rise Group Development Building Consists Of 2 Blocks With Combined Basement, Block 1: Ground Floor + 5 Upper Floors, (87 D/U) Block 2: Ground Floor (Part) + 5 Upper Floors, (136 D/U) Amenity Block (Part) Ground Floor + 4 Upper Floors With Swimming Pool On The Ground Floor Level, Totally 223 D/U Comprised In S.No. 524/2A & 524/2B Of Sulur Village, Sulur Taluk, Coimbatore District.",Non-High Rise Building (NHRB),Residential,10750.00,223,Not Yet Started,03/02/2030,11.021755,78.12983,100,0,10,210000000,960000000,-,1170000000,0.00,20937.25,690.31,[],"[{'block': 'Block 1', 'base_level': 'Ground', 'floor_segments': ['5 Upper Floors'], 'total_floors_above_base': 5}, {'block': 'Block 2', 'base_level': 'Ground', 'floor_segments': ['5 Upper Floors', '4 Upper Floors'], 'total_floors_above_base': 9}]",['Coimbatore'],
V:\Project\Project_Stick\data_source\raw\TNRERA\2025\TN_11_Building_0072_2025.pdf,CAPITAL CITY,"Basement+S+5 floor Combination of Precast load bearing Shear walls , non load bearing precast walls , and columns of 1bhk,2bhk and 3bhk type units",Non-High Rise Building (NHRB),Residential,4046,150,Not Yet Started,25/01/2030,11.069556,77.035861,112,0,7,146062710,404925519,-,550988229,0.00,11257.02,-,[],"[{'block': None, 'base_level': 'Basement', 'floor_segments': ['5 floor'], 'total_floors_above_base': 5}]",['Coimbatore'],
V:\Project\Project_Stick\data_source\raw\TNRERA\2025\TN_11_Building_0117_2025.pdf,GRAND CITY,"Basement+Stilt+5 floor Combination of conventional framed structure, walls and columns of 1BHK,2BHK and 3BHK type units",Non-High Rise Building (NHRB),Residential,2732.81,90,Not Yet Started,09/03/2030,11.04346578,76.98194853,53,0,5,123189311,240479479,-,363668790,0.00,7073.12,-,[],"[{'block': None, 'base_level': 'Basement', 'floor_segments': ['5 floor'], 'total_floors_above_base': 5}]",['Coimbatore'],
V:\Project\Project_Stick\data_source\raw\TNRERA\2025\TN_11_Building_0121_2025.pdf,Lavendar,"S.F.No.251/2B,252/2B,Lavendar,Era.Moha n Nagar,KalapattiWest,Near Green Field Tuilp Garden, Coimbatore -641048.",Non-High Rise Building (NHRB),Residential,8050,52,Not Yet Started,26/11/2029,11.066767,77.02708,115,66,15,97351499,389564308,-,486915807,0.00,11999.30,345.10,[],[],['Coimbatore'],
V:\Project\Project_Stick\data_source\raw\TNRERA\2025\TN_11_Building_0133_2025.pdf,EESHANYA'S SYNCHRONY,"S.F. Nos. 92/1B2, 92/1C1B, 92/2B, Vellakinar village, Coimbatore North Taluk, Coimbatore District",Non-High Rise Building (NHRB),Residential,4400.92,90,Not Yet Started,31/08/2027,11.080153,76.959387,90,0,10,52000000,327300000,-,379300000,0.00,10972.65,-,[],[],['Coimbatore'],
V:\Project\Project_Stick\data_source\raw\TNRERA\2025\TN_11_Building_0135_2025.pdf,ELITE COURTYARD,RESIDENTIAL BUILDING,Non-High Rise Building (NHRB),Residential,1614.00,32,Under Construction,24/06/2027,11.0516389,77.0428870,32,0,4,40000000,87000000,-,127000000,0.00,4145.01,-,[],[],['Coimbatore'],
V:\Project\Project_Stick\data_source\raw\TNRERA\2025\TN_11_Building_0136_2025.pdf,M/s. Prince Property Management Services,"PLAN SHOWING THE PROPOSED CONSTRUCTION OF (18.25m HEIGHT) COMPRISED IN S.NO. 4 / 4 , 5 & 6, RESIDENTIAL BUILDING STILT FLOOR + 5 FLOORS MYLAMPATTI VILLAGE , SULUR TALUK , COIMBATORE DISTRICT.",Non-High Rise Building (NHRB),Residential,21250,240,Not Yet Started,31/12/2028,110457.7,770500.9,152,0,3,210000000,482400000,-,692400000,0.00,18355.75,-,[],"[{'block': None, 'base_level': 'Stilt', 'floor_segments': ['5 FLOORS'], 'total_floors_above_base': 5}]",['Coimbatore'],
V:\Project\Project_Stick\data_source\raw\TNRERA\2025\TN_11_Building_0143_2025.pdf,Sri Sundaramm Gardens,"S.F.NO. 132/ 3B2, 4, 5 AND 6B, SARAVANAMPATTI VILLAGE , COIMBATORE NORTH TALUK AND DISTRICT.",Non-High Rise Building (NHRB),Residential,2390.09,10,Under Construction,30/03/2025,11.0710,77.0068,19,10,4,8141048.00,112300000,-,120441048,0.00,2430.48,-,[],[],['Coimbatore'],
V:\Project\Project_Stick\data_source\raw\TNRERA\2025\TN_11_Building_0155_2025.pdf,Cresendo,Residential Apartment building Stilt + 5 Floors,Non-High Rise Building (NHRB),Residential,3035,55,Not Yet Started,07/02/2032,11.066192,76.936728,69,0,8,35935614,394139360,-,430074974,0.00,7879.05,-,[],"[{'block': None, 'base_level': 'Stilt', 'floor_segments': ['5 Floors'], 'total_floors_above_base': 5}]",['Coimbatore'],
V:\Project\Project_Stick\data_source\raw\TNRERA\2025\TN_11_Building_0163_2025.pdf,CINCO AARANYA,BLOCK A G+5 FLOOR AND BLOCK B G+5 FLOOR +CLUBHOUSE,Non-High Rise Building (NHRB),Residential,4189,109,Under Construction,25/11/2029,11.09727,77.005461,105,14,24,12365362,213652364,-,226017726,0.00,10772.80,122.20,[],"[{'block': None, 'base_level': 'Ground', 'floor_segments': ['5 FLOOR', '5 FLOOR'], 'total_floors_above_base': 10}]",['Coimbatore'],
V:\Project\Project_Stick\data_source\raw\TNRERA\2025\TN_11_Building_0168_2025.pdf,VRINDHAVANA ADHIRA,35 unit residential complex,Non-High Rise Building (NHRB),Residential,1445,35,Not Yet Started,17/06/2032,11.05,76.56,35,0,0,27000000,147000000,-,174000000,0.00,3524.85,-,[],[],['Coimbatore'],
V:\Project\Project_Stick\data_source\raw\TNRERA\2025\TN_11_Building_0173_2025.pdf,ADVIKA,Residential apartment,Non-High Rise Building (NHRB),Residential,594.38,14,Under Construction,15/02/2029,11.0637156,77.0235422,9,0,1,22035000,49280600,-,71315600,0.00,1257.19,-,[],[],['Coimbatore'],
V:\Project\Project_Stick\data_source\raw\TNRERA\2025\TN_11_Building_0182_2025.pdf,SASHTI,"Old S.F.No:474/1A1pt, T.S.No.30, Block 23, Ward – Y (25) , Vilankuruchi Village, Coimbatore Corporation",Non-High Rise Building (NHRB),Residential,7020,25,Not Yet Started,31/12/2027,11.028304,77.013368,50,34,8,212500000,361707646,-,574207646,0.00,8417.64,517.98,[],[],['Coimbatore'],
V:\Project\Project_Stick\data_source\raw\TNRERA\2025\TN_11_Building_0184_2025.pdf,PROZONE PALMS PHASE IC,Tower C named Florenza with basement floor + stilt floor+ 18 floors. Each floor consists of 10 DUs of which 4 x 3 BHK and 6 x 2 BHK units.,High Rise Building (HRB),Residential,99550.00,540,Under Construction,21/02/2027,11.05608,76.99277,180,3,0,221200000,1274100000,622900000,2118200000,0.00,19026.36,-,[],"[{'block': None, 'base_level': 'Basement', 'floor_segments': ['18 floors'], 'total_floors_above_base': 18}]",['Coimbatore'],
V:\Project\Project_Stick\data_source\raw\TNRERA\2025\TN_11_Building_0186_2025.pdf,SANKALP,Residential Aparatment,Non-High Rise Building (NHRB),Residential,826.30,10,Under Construction,31/12/2028,11.012536,76.946722,20,0,2,105000000,100000000,0,205000000,0.00,1989.25,-,[],[],['Coimbatore'],
V:\Project\Project_Stick\data_source\raw\TNRERA\2025\TN_11_Building_0198_2025.pdf,Dhiya's Rajashree,"Ward No:K(11), Block No:45, T.S.No:1799, Site no.43, Sanganur village, Central Zone, Coimbatore Corporation",Non-High Rise Building (NHRB),Residential,522.30,10,Not Yet Started,30/04/2028,11.022777,76.956009,6,4,1,76500000,58500000,-,135000000,0.00,1305.96,-,[],[],['Coimbatore'],
V:\Project\Project_Stick\data_source\raw\TNRERA\2025\TN_11_Building_0200_2025.pdf,CUPT TOWERS,"SITE NO: 17,18 & 19 IN T.S.NO:129,130 &132 AT SRI RAGAVENDRA NAGAR OF VILANKURICHI VILLAGE, EAST ZONE, COIMBATORE NORTH TALUK, COIMBATORE CORPORATION AND DISTRICT-641 035",Non-High Rise Building (NHRB),Residential,637.00,19,Not Yet Started,17/09/2032,11.03388,77.01160,11,1,2,6870381.33,10140390.00,-,17010771.33,0.00,1636.70,-,[],[],['Coimbatore'],
V:\Project\Project_Stick\data_source\raw\TNRERA\2025\TN_11_Building_0201_2025.pdf,THE GARNET,"Ground + 2 Floors , 24 Blocks, with 24 Units of Residential Group Housing Development building, S.F.Nos: 1074/1A2, 1074/2A1, 1074/2A2C, 1074/2A2D, 1074/2B1A and 1074/2B3A, East Zone Kalapatti (East) Village ,Coimbatore North Taluk, Coimbatore Corporation , Coimbatore District.",Non-High Rise Building (NHRB),Residential,8272.58,24,Not Yet Started,27/10/2030,11.10035,77.035299,96,0,12,120000000,460000000,-,580000000,0.00,10350.00,-,[],"[{'block': None, 'base_level': 'Ground', 'floor_segments': ['2 Floors'], 'total_floors_above_base': 2}]",['Coimbatore'],
V:\Project\Project_Stick\data_source\raw\TNRERA\2025\TN_11_Building_0202_2025.pdf,Varam,"Construction of 144 Nos of Apartment units in Old S.F.Nos: 31/3B1B, 3C1 & 4B, New S.F.Nos. 31/3B1B3, 3C1C & 4B, Vilankurichi Village, Coimbatore Corporation, Coimbatore District",High Rise Building (HRB),Residential,6248.04,144,Under Construction,30/04/2028,11.086480,77.022945,144,44,15,150000000,700000000,-,850000000,,,,[],[],['Coimbatore'],FSI_Other_Residential
V:\Project\Project_Stick\data_source\raw\TNRERA\2025\TN_11_Building_0220_2025.pdf,BROOKLYN BY DAC,"WARD.NO:H(8), BLOCK.NO:40, TS.NO: 1594 & 1595 AT ANNUPPERPALAYAM VILLAGE, COIMBATORE NORTH TALUK, COIMBATORE DISTRICT/ CORPORATION",Non-High Rise Building (NHRB),Residential,927.815,15,Not Yet Started,30/06/2030,11.012914960900742,76.95630146708822,17,0,0,50000000,70000000,-,120000000,0.00,1854.11,0.00,[],[],['Coimbatore'],
V:\Project\Project_Stick\data_source\raw\TNRERA\2025\TN_11_Building_0222_2025.pdf,Dhiya’s Urbanite,"Ward No:V(22), Block No:46, T.S.No:93/2,3,4, Site No.37,38,39, Ganapathy village, North Zone, Coimbatore Corporation",Non-High Rise Building (NHRB),Residential,612.90,10,Not Yet Started,30/04/2028,11.044613,76.981919,6,4,1,66500000,68900000,-,135400000,0.00,1593.24,-,[],[],['Coimbatore'],
V:\Project\Project_Stick\data_source\raw\TNRERA\2025\TN_11_Building_0223_2025.pdf,VSK's AARA Apartment,"Block No.45 - Ward D(49) - kavundampalayam Village - T.S.No.2/1 - Old SF No.145/2B , Coimbatore District and Coimbatore Corporation - North Taluk",Non-High Rise Building (NHRB),Residential,1976,45,Under Construction,20/03/2033,110222.1,765600.7,45,0,0,300000000,130000000,-,430000000,0.00,5106.30,-,[],[],['Coimbatore'],
V:\Project\Project_Stick\data_source\raw\TNRERA\2025\TN_11_Building_0226_2025.pdf,MAYFLOWER EAST GATE PHASE II,"OLD S.F.No.418/2PT NEW T.S.No.5/4,5/5,BLOCK No.7 WARD No.Z(26) VILLANKURICHI VILLAGE",High Rise Building (HRB),Residential,1809.20,26,Not Yet Started,15/05/2030,110218.5,770113.4,48,0,0,65000000,197500000,-,262500000,0.00,5016.15,147.98,[],[],['Coimbatore'],
V:\Project\Project_Stick\data_source\raw\TNRERA\2025\TN_11_Building_0234_2025.pdf,M/s.Gujan's Paripalana Phase III,"S.F No:411/2E14C, 411/2E14D, 411/2E14E, 411/2E14F Site Nos : 3, 4, 5,6 in approved layout LP/CLP : 323/2022",Non-High Rise Building (NHRB),Residential,765,40,Under Construction,26/06/2029,11.0048988,76.8861038,0,0,0,250000000,70000000,-,320000000,0.00,1981.15,-,[],[],['Coimbatore'],
V:\Project\Project_Stick\data_source\raw\TNRERA\2025\TN_11_Building_0235_2025.pdf,NAVANEETHA RR RAGHAVENDRA,"Silt + 5 Floors with 28 Dwellimg unit T. S. No. 169,170,171 , Ward No: F , Block No. 5, Coimbatore old Town and Village, Coimbatore South, Coimbatore Corporation, Coimbatore District.",Non-High Rise Building (NHRB),Residential,1183,28,Not Yet Started,27/10/2029,10.995759,76.950759,22,4,0,51000000,105000000,-,156000000,0.00,2961.92,-,[],"[{'block': None, 'base_level': None, 'floor_segments': ['5 Floors'], 'total_floors_above_base': 5}]",['Coimbatore'],
V:\Project\Project_Stick\data_source\raw\TNRERA\2025\TN_11_Building_0239_2025.pdf,ORCHID AARNA,Basement+Stilt+5 Floors of Residential Apartment building.,Non-High Rise Building (NHRB),Residential,4046.86,68,Not Yet Started,29/04/2030,11.073344,76.943870,84,2,8,108900000,362742750,-,471642750,0.00,10515.80,0.00,[],"[{'block': None, 'base_level': 'Basement', 'floor_segments': ['5 Floors'], 'total_floors_above_base': 5}]",['Coimbatore'],
V:\Project\Project_Stick\data_source\raw\TNRERA\2025\TN_11_Building_0241_2025.pdf,INFINIUM LOTUS MEADOWS,"Proposed Group House Residential Building - Stilt+5 Floors Apartment Block (65 Dwelling Units), Ground+1 Floor Villas (39 Dwelling Units) & Club House totalling 104 Dwelling Units in SF No 633, Keeranatham Village and Panchayat, Annur Taluk, Coimbatore District",Non-High Rise Building (NHRB),Residential,17038.65,104,Not Yet Started,26/04/2030,11.097712,76.983487,104,24,0,340000000,860000000,-,1200000000,0.00,16684.71,661.80,[],"[{'block': None, 'base_level': 'Ground', 'floor_segments': ['5 Floors', '1 Floor'], 'total_floors_above_base': 6}]",['Coimbatore'],
V:\Project\Project_Stick\data_source\raw\TNRERA\2025\TN_11_Building_0245_2025.pdf,AURA,"Door No.90, 91, 146 & 147, Rajaji Road, Sarojini Street, Ram nagar, Coimbatore - 641 009. Stilt + Five Floors with 16 Dwelling units at Availing Premium FSI In Old S.F.NO.33, T.S.No.9/282 (OLD), Block No.14, Ward No. Ward –I(9) Anupperpalayam, Site No.21 Part & 28, Present T.S.No.331/1, 331/2, 331/4 & 331/5 of Anupperpalayam Village, Coimbatore (N) Taluk, Coimbatore District and Corporation.",Non-High Rise Building (NHRB),Residential,810,16,Not Yet Started,31/07/2028,11.011912,76.963291,14,2,2,95000000,19521650,-,114521650,0.00,2098.45,-,[],"[{'block': None, 'base_level': 'Stilt', 'floor_segments': ['Five Floors'], 'total_floors_above_base': 5}]",['Coimbatore'],
V:\Project\Project_Stick\data_source\raw\TNRERA\2025\TN_11_Building_0246_2025.pdf,Dhiya's Sai Sree Lakshmi,"Ward No:Q(17), Block No:15, T.S.No:34,35,36, Site No.1,2, Sanganur village, West Zone, Coimbatore Corporation",Non-High Rise Building (NHRB),Residential,777.50,20,Not Yet Started,30/06/2028,11.03012,76.941437,2,13,2,91500000,82000000,-,173500000,0.00,2002.17,-,[],[],['Coimbatore'],
V:\Project\Project_Stick\data_source\raw\TNRERA\2025\TN_11_Building_0247_2025.pdf,ACROSS ORIGIN,"SITE NO.10, SF.No. 3/3C1A2 & 3/3C1A3, VKV NANJAPPA GOUNDER LAYOUT, SARAVANAMPATTI, VILANKURICHI VILLAGE,COIMBATORE NORTH TALUK,COIMBATORE CORPORATION - 641035",Non-High Rise Building (NHRB),Residential,529,13,Not Yet Started,30/06/2028,11.097096,77.01432,10,1,2,26003400,51353669,-,77357069,0.00,1634.39,-,[],[],['Coimbatore'],
V:\Project\Project_Stick\data_source\raw\TNRERA\2025\TN_11_Building_0260_2025.pdf,NITHYA CLOVER,"(S+5 FLOORS) 2 BLOCK, AFFORDABLE HOUSING RESIDENTIAL APARTMENT BUILDING",Non-High Rise Building (NHRB),Residential,3487,90,Under Construction,15/11/2027,11.006417,76.997611,88,12,9,56301102,251714849,-,308015951,0.00,9074.95,-,[],"[{'block': None, 'base_level': 'Stilt', 'floor_segments': ['5 FLOORS'], 'total_floors_above_base': 5}]",['Coimbatore'],
V:\Project\Project_Stick\data_source\raw\TNRERA\2025\TN_11_Building_0271_2025.pdf,INDRAPRASTHA,"T.S. Nos. 9/1B2, 9/1B3 & 9/1B4 (S.F. No:364/ 1 Part) of Vilankurichi Village, Coimbatore North Taluk, Coimbatore - 641035",Non-High Rise Building (NHRB),Residential,4050,14,Under Construction,31/07/2031,11.048478,77.103959,28,3,0,20000000,140000000,-,160000000,0.00,3780.77,305.64,[],[],['Coimbatore'],
V:\Project\Project_Stick\data_source\raw\TNRERA\2025\TN_11_Building_0274_2025.pdf,SRINIVASA PALMS -2,"S.F.No:304/2B, Vadakkipalayam Village,Pollachi Taluk, Coimbatore Dist",Non-High Rise Building (NHRB),Mixed Development,4745,160,Not Yet Started,25/06/2030,104346.08,765715.22,31,3,3,50000000,300000000,-,350000000,0.00,11327.12,934.49,[],[],['Coimbatore'],
V:\Project\Project_Stick\data_source\raw\TNRERA\2025\TN_11_Building_0284_2025.pdf,WILLA 25,"Group House Building- District Town and Country planning office, Coimbatore - Local Planning Authority - Coimbatore District and Coimbatore Corporation– Kavundampalayam Village - Ward:B(049) - Block No:81- T.S.No’s.2/3, 2/6, 2/7, 2/8, 2/9 - Site area: 2796.00 (As per TSLR) - Proposed Group House Building with Ground + 1 floor for an FSI Area:2741.14 sqm-TVS Nagar-Coimbatore-Thadagam Road",Non-High Rise Building (NHRB),Residential,2796.00,14,Under Construction,15/06/2033,11.04565000,76.92283000,14,14,0,70000000,113500000,-,183500000,,,,[],"[{'block': 'Block No', 'base_level': 'Ground', 'floor_segments': ['1 floor'], 'total_floors_above_base': 1}]",['Coimbatore'],FSI_Other_Residential
V:\Project\Project_Stick\data_source\raw\TNRERA\2025\TN_11_Building_0285_2025.pdf,Ananyas Nana Nani Homes Phase 8,Construction of Residential Building,Non-High Rise Building (NHRB),Residential,41750,510,Not Yet Started,09/07/2030,10.999958,76.846958,584,25,0,397250000,2100000000,-,2497250000,0.00,73447.20,5879.09,[],[],['Coimbatore'],
V:\Project\Project_Stick\data_source\raw\TNRERA\2025\TN_11_Building_0294_2025.pdf,RR MILIR,"2ND STREET, ARYAN SOAP COLONY, RAMANATHAPURAM, COIMBATORE",Non-High Rise Building (NHRB),Residential,4425.30,55,Not Yet Started,30/03/2027,76.9909628,76.9907788,32,0,0,55000000,122398614,-,177398614,0.00,4425.30,-,[],[],['Coimbatore'],
V:\Project\Project_Stick\data_source\raw\TNRERA\2025\TN_11_Building_0297_2025.pdf,-,"127/2A, 127/2B1 & 127/2B2 of Kalapatti west Village",Non-High Rise Building (NHRB),Residential,2428,40,Not Yet Started,30/06/2027,11.082994,77.033803,60,0,6,78480000,255600000,-,334080000,0.00,6286.86,-,[],[],['Coimbatore'],
V:\Project\Project_Stick\data_source\raw\TNRERA\2025\TN_11_Building_0300_2025.pdf,PROMAG ARANYA,"Sf.No 514/1A1,518/2B,519/2B at Vadavalli Village, West Zone, Perur Taluk ,Coimbatore District",Non-High Rise Building (NHRB),Residential,4726.84,9,Not Yet Started,16/06/2033,11.023734,76.879069,8,14,3,26026000,93741300,-,119767300,0.00,2233.37,18.24,[],[],['Coimbatore'],
V:\Project\Project_Stick\data_source\raw\TNRERA\2025\TN_11_Building_0302_2025.pdf,""" GlobusArima Luminare """,Basement - 2 + Ground Floor + 8 Floors High rise Residential Building,High Rise Building (HRB),Residential,5847.76,97,Not Yet Started,30/05/2030,110231.00,770051.40,178,50,15,500000000,800000000,-,1300000000,0.00,17386.56,-,[],"[{'block': None, 'base_level': 'Ground', 'floor_segments': ['8 Floors'], 'total_floors_above_base': 8}]",['Coimbatore'],
V:\Project\Project_Stick\data_source\raw\TNRERA\2025\TN_11_Building_0308_2025.pdf,WELLINGTON VILLAGE,"S.F No: 194 / A1, 195 / 2A, 4B & 4D, KALAPATTY (WEST) VILLAGE, COIMBATORE NORTH TALUK, COIMBATORE CORPORATION.",Non-High Rise Building (NHRB),Residential,17247,47,Under Construction,30/12/2030,11.073490,77.029903,71,101,20,23706000,410000000,-,433706000,0.00,16855.92,437.00,[],[],['Coimbatore'],
V:\Project\Project_Stick\data_source\raw\TNRERA\2025\TN_11_Building_0311_2025.pdf,MAHAABAGAVATH APARTMENTS,"Plot No.2,3,4, and 5 , RR VEL AVENUE Old SF No.225/1C New SF No.225/1B, Vadavalli Village , Perur Taluk, Coimbatore District",Non-High Rise Building (NHRB),Residential,735.32,16,Under Construction,01/05/2031,11.027654,76.884019,18,0,2,26900000,67500000,-,94400000,0.00,1819.93,-,[],[],['Coimbatore'],
V:\Project\Project_Stick\data_source\raw\TNRERA\2025\TN_11_Building_0317_2025.pdf,Royal Kalpataru Phase II,"T. S. No. 8/2 (Old S. F. No. 162), Block No. 25, Ward – U(21) & T. S. No. 42 (Old S. F. No. 156/1 (Part)), Block 23, Ward –U(21), Ganapathy Nagar 3rd Street Extn.,Coimbatore Corporation (North Zone), Ganapathy Village, Coimbatore District, Tamil Nadu state.",Non-High Rise Building (NHRB),Mixed Development,12019.16,44,Not Yet Started,30/11/2027,110158.3,765858.9,70,43,4,32363200,198305965,-,230669165,0.00,3794.75,905.46,[],[],['Coimbatore'],
V:\Project\Project_Stick\data_source\raw\TNRERA\2025\TN_11_Building_0318_2025.pdf,UPTOWN,"NEW S.F No : 629 / 10A & 10C, KURUCHI VILLAGE, MADUKKARAI TALUK, COIMBATORE DISTRICT",Non-High Rise Building (NHRB),Residential,4100,110,Under Construction,30/06/2027,10.928727,76.984340,62,18,6,15000000,250000000,-,265000000,0.00,7287.25,-,[],[],['Coimbatore'],
V:\Project\Project_Stick\data_source\raw\TNRERA\2025\TN_11_Building_0319_2025.pdf,Sukra's FRENCH CASTLE,STILT+5,Non-High Rise Building (NHRB),Residential,602.50,15,Not Yet Started,31/05/2027,11.03260,76.94095,12,0,2,12500000,72700640,-,85200640,0.00,1533.41,-,[],"[{'block': None, 'base_level': 'Stilt', 'floor_segments': ['5'], 'total_floors_above_base': 5}]",['Coimbatore'],
V:\Project\Project_Stick\data_source\raw\TNRERA\2025\TN_11_Building_0322_2025.pdf,SAARA HOMES,PREMIUM 2 & 3 BHK APARTMENTS,Non-High Rise Building (NHRB),Residential,1174,24,Not Yet Started,30/04/2028,11.0499306,76.9187302,22,5,0,40000000,70000000,-,110000000,0.00,2344.48,0.00,[],[],['Coimbatore'],
V:\Project\Project_Stick\data_source\raw\TNRERA\2025\TN_12_Building_0017_2025.pdf,ATULIT Business Centre,"The project is held at The Nilgiris District, Coonoor Municipality / Taluk - Ward B - Block - 6 bearing T.S No. 1/5.",Non-High Rise Building (NHRB),Commercial,8306,,Not Yet Started,01/11/2027,11.351756,76.79532,0,79,17,75000000,125000000,-,200000000,0.00,0.00,5268.42,[],[],['Nilgiris'],Total_Dwelling_Units
V:\Project\Project_Stick\data_source\raw\TNRERA\2025\TN_13_Building_0062_2025.pdf,KRISHNA TOWERS,"Plot No 81, Natarajapuram South, 6th Cross,Medical College Road,Thanjavur - 613007",Non-High Rise Building (NHRB),Residential,525.50,12,Under Construction,30/07/2025,10.765952,79.115814,14,0,2,7583000,28000000,-,35583000,0.00,1125.15,-,[],[],['Thanjavur'],
V:\Project\Project_Stick\data_source\raw\TNRERA\2025\TN_16_Building_0016_2025.pdf,ABC TULIP,"“ABC TULIP” Stilt Parking plus Five Floors Total 20 Residential dwelling units to be set up At Affordable Residential Apartment Building In Ward:I, Block No:24, T.S.No:72/2 At Pandamangalam Village, K.Abishekapuram Zone Trichy 620003",Non-High Rise Building (NHRB),Residential,865.57,20,Not Yet Started,14/10/2032,104935.6,783958.6,13,3,0,13202189,73500181,-,86702370,0.00,2079.46,-,[],[],['Tiruchirappalli'],
V:\Project\Project_Stick\data_source\raw\TNRERA\2025\TN_16_Building_0045_2025.pdf,ARENYA TOWERS,"The Residential Building ""ARENYA TOWERS "" at DOOR NO.65& 65/1, (Old D.NO.65&65A) T.S NO.47/1,2,3,4 & 5 Block:13 ward : y (old ward :E) Officers Colony Rengarajapuram, Puthur, K.Abishekapuram Zone, Trichy District",Non-High Rise Building (NHRB),Residential,1091,24,Under Construction,13/02/2028,10.812502,78.680954,14,1,15,85600000,56714430,-,142314430,0.00,2059.52,0.00,[],[],['Tiruchirappalli'],
V:\Project\Project_Stick\data_source\raw\TNRERA\2025\TN_16_Building_0103_2025.pdf,BHARATH GREEN ENCLAVE,"BASEMENT PLUS THREE FLOOR BUILDING, WITH 44 NOS OF 2 , 3 BHK FLATS. LOCATED AT MELUR ROAD , SRIRANGAM.",Non-High Rise Building (NHRB),Residential,2211.72,44,Not Yet Started,31/12/2026,10.8693445,78.6806113,44,0,0,15475957,209176273,-,224652230,0.00,4691.03,-,[],"[{'block': None, 'base_level': 'Basement', 'floor_segments': ['THREE FLOOR'], 'total_floors_above_base': 3}]",['Tiruchirappalli'],
V:\Project\Project_Stick\data_source\raw\TNRERA\2025\TN_16_Building_0116_2025.pdf,ATULYA HOMES,"PROJECT NAME : ATULYA HOMES ,Situated at T.S No.65/2, Old T.S No.315/1, 315/2,315/3, & 316/2 of Kottapattu Village,Majara,Ward -V, Block No.11,Raja Nagar Extension - II, Ponamalai Zone, Tirchy Distrct - 620019.",Non-High Rise Building (NHRB),Residential,6498,152,Not Yet Started,27/12/2025,10.741454,78.69937,45,0,0,141633000,380867000,-,522500000,0.00,11493.44,-,[],[],['Tiruchirappalli'],
V:\Project\Project_Stick\data_source\raw\TNRERA\2025\TN_16_Building_0122_2025.pdf,Vincent Philomena Enclave (VP Enclave),"Residential Apartment Building project "" Vincent Philomena Enclave “to be set up at New Ward AK, New Block No.4, New T.S.No.31 in Arokiasamy Pillai Street , Bearing Door No.13A/21, K.Abishekapuram Village, Crawford,Trichy, Tamil Nadu-620012",Non-High Rise Building (NHRB),Residential,666.65,16,Not Yet Started,22/01/2029,104652.22,784047.5,12,5,0,10509017,59622980,1227897,71359894,0.00,1679.44,-,[],[],['Tiruchirappalli'],
V:\Project\Project_Stick\data_source\raw\TNRERA\2025\TN_16_Building_0131_2025.pdf,VISAKA'S KN CASTEL,"""VISAKA'S KN CASTEL ""Stilt + 5 floors,15 Dwelling Unit, in T.S. No:145/88,89, Block No: 14, Ward: AF, Plot.No:13,14, Kottapattu Village , Tiruchirappalli East Taluk , Tiruchirappalli District, Tamil Nadu-620012",Non-High Rise Building (NHRB),Residential,524.48,15,Not Yet Started,01/08/2029,104522.8,784158.6,16,0,0,4930339,45112450,-,50042789,0.00,1353.71,-,[],[],['Tiruchirappalli'],
V:\Project\Project_Stick\data_source\raw\TNRERA\2025\TN_16_Building_0139_2025.pdf,RJ SKY,"“ RJ SKY” Stilt Parking plus five floors total 50 residential dwelling units to be constructed at Plot No:26,27&28 in Viswas Nagar at T.S.No:18/76 (OLD S.F.No:46/6c),Ward – Q,Block No:2,Tharanallur Village, Ariyamangalam Zone,Trichy City Corporation.",Non-High Rise Building (NHRB),Residential,1912.66,50,Not Yet Started,31/03/2027,104858.2,784230.1,51,4,0,29624892,182090962,-,211715854,0.00,5321.45,-,[],[],['Tiruchirappalli'],
V:\Project\Project_Stick\data_source\raw\TNRERA\2025\TN_16_Building_0153_2025.pdf,SBRR Subhiksham,"Ground + 2 Floors, 10 Dwelling units, T.S. No. 1041/27, 53 Block, No:30, Ward - A, Vellithirumutham, Melur Road, Srirangam, Zone - I, Tiruchirapalli City Corporation, Tamilnadu - 620003",Non-High Rise Building (NHRB),Residential,632.06,10,Under Construction,06/10/2029,10.867683,78.67979,11,0,0,55000000,40000000,-,95000000,0.00,1162.06,-,[],"[{'block': None, 'base_level': 'Ground', 'floor_segments': ['2 Floors'], 'total_floors_above_base': 2}]",['Tiruchirappalli'],
V:\Project\Project_Stick\data_source\raw\TNRERA\2025\TN_16_Building_0199_2025.pdf,PRIYANKA TOWERS,"Stilt +4 floors in T.S.No.27/28,Ward I, Block No.6, Panadmanagalam Village, K.Abishekapuram, Trichy, Tamil Nadu- 620102.",Non-High Rise Building (NHRB),Residential,982,40,Not Yet Started,30/04/2029,105020,783943,18,4,0,15128268,67240610,2329138,84698016,0.00,2553.13,0.00,[],"[{'block': None, 'base_level': 'Stilt', 'floor_segments': ['4 floors'], 'total_floors_above_base': 4}]",['Tiruchirappalli'],
V:\Project\Project_Stick\data_source\raw\TNRERA\2025\TN_16_Building_0214_2025.pdf,VIGNESH AVANTHIKA,"“VIGNESH AVANTHIKA”Stilt Parking plus Five Floors Total 14 Residential dwelling units to be set up at Consulting Office Cum Residential Apartment Building In Ward: M, Block No:5, T.S.No:28, 29 At Old Door No:5, New Door No:C3, 3rd Cross West Extension, Thillai Nagar, Zone- V, Tiruchirappalli District.",Non-High Rise Building (NHRB),Mixed Development,921.90,14,Not Yet Started,21/11/2029,10.825412,78.681365,17,2,0,48238168,87102818,-,135340986,0.00,2205.63,190.29,[],[],['Tiruchirappalli'],
V:\Project\Project_Stick\data_source\raw\TNRERA\2025\TN_16_Building_0250_2025.pdf,Navaneetha’s Vairam,"Silt Floor + 5 Floors with 25 Dwelling Units , T. S. No. 13/1,13/2,13/3,13/4 , Ward No: AB , Block No. 7, (old Ward : K ) at Marees Avenue, Collectors office Road, K.Abishekapuram Village, Ponmalai Zone, ( Zone IV ) Thiruchirapalli Corporation, Tamil Nadu state.",Non-High Rise Building (NHRB),Residential,886.62,25,Not Yet Started,06/02/2030,10.80335,78.674113,19,4,0,47700000,117500000,-,165200000,0.00,2992.37,-,[],[],['Tiruchirappalli'],
V:\Project\Project_Stick\data_source\raw\TNRERA\2025\TN_1_Building_0003_2025.pdf,CREEK RESIDENCES,"Construction of 18Residential Villasviz., 1, 2, 3, 4, 5, 6, 7, 8, 9, 10, 11, 12, 13, 14, 15, 16, 17, 18, comprised in Plot Numbers 1 to 12 inSurvey No.119/2 & 120/2Bbearing Patta No. 1264, Building Plans approved by CMDA, KundrathurPanchayat Union & BDO, Erendamkattalaisituated in Erendamkattalai Village, KundrathurTaluk, Kancheepuram District, and within the Registration District of South Chennai and sub-registration District of Pammal.",Non-High Rise Building (NHRB),Residential,2318.95,18,Not Yet Started,31/10/2029,12.282690,76.589360,0,18,0,87363500,108150000,-,195513500,0.00,2009.44,0.00,[],[],['Kancheepuram'],
V:\Project\Project_Stick\data_source\raw\TNRERA\2025\TN_1_Building_0012_2025.pdf,THE BANYAN,"The planning permission for the proposed construction of Group housing development with combined stilt Floor with 2 Blocks- Block A- Stilt Floor+5 Residential Building ( Height 18.30m) with 39 dweling units with association roomn and block – B stilt floor+5 floors residential building ( height 18.30m) with 50 dwelling units totally 89 dwelling units ( affordable Housing) at Plot no. 24,25,26,27&28, T.Ponnambalam salai, Aleya Garden, Kolapakkam, Chennai comprised in S.No.132/9 of Kolapakkam village Kundrathur taluk within the limits of Kundrathur panchayat Union",Non-High Rise Building (NHRB),Residential,3450,89,Under Construction,31/01/2028,13.016274,80.147828,39,51,1,162100000,330000000,-,492100000,0.00,9585.45,-,"[18.3, 18.3]","[{'block': None, 'base_level': 'Stilt', 'floor_segments': ['5 floors'], 'total_floors_above_base': 5}]",['Kancheepuram'],
V:\Project\Project_Stick\data_source\raw\TNRERA\2025\TN_1_Building_0080_2025.pdf,MP MERLIN,"Construction of Residential Building Stilt + 5 Floors, with 50 Dwelling units situated at Plot Nos. 1 ,comprised in Survey No.60/1A1A, & 64/3A1 Moondramkattalai Village, Kundrathur Taluk, Kancheepuram District.",Non-High Rise Building (NHRB),Residential,1693.16,50,Under Construction,30/11/2029,12.9978987,80.1072635,25,3,0,82012500,152776800,-,234789300,0.00,4379.73,-,[],"[{'block': None, 'base_level': 'Stilt', 'floor_segments': ['5 Floors'], 'total_floors_above_base': 5}]",['Kancheepuram'],
V:\Project\Project_Stick\data_source\raw\TNRERA\2025\TN_1_Building_0081_2025.pdf,MP MAGNUS,"Construction of Residential Building , Stilt + 5 Floors with 20 Dwelling units situated at Plot Nos. 2,comprised in Survey No. 64/3A1 Moondramkattalai Village, Kundrathur Taluk, Kancheepuram District.",Non-High Rise Building (NHRB),Residential,628.95,20,Under Construction,30/11/2029,12.9978987,80.1072635,6,5,0,30465000,56767500,-,87232500,0.00,1634.03,-,[],"[{'block': None, 'base_level': 'Stilt', 'floor_segments': ['5 Floors'], 'total_floors_above_base': 5}]",['Kancheepuram'],
V:\Project\Project_Stick\data_source\raw\TNRERA\2025\TN_1_Building_0113_2025.pdf,LE-PALAIS,"Project at Jothi Nagar Road connecting to Kundrathur Main Road, comprised in S.No.29/4, 29/5A, 29/5B, 29/5C & 29/5D of Moulivakkam Village, Kundrathur Taluk, Kancheepuram District, Kundrathur Panchayat Union Limit, Tamilnadu State.",Non-High Rise Building (NHRB),Residential,5199.77,116,Not Yet Started,31/12/2030,13.018157,80.139806,109,0,7,220000000,510000000,-,730000000,0.00,12968.16,-,[],[],['Kancheepuram'],
V:\Project\Project_Stick\data_source\raw\TNRERA\2025\TN_1_Building_0125_2025.pdf,PROSPERA BY DAC,"S.F.No.182/6C, 183/5A, 183/6, 183/7A, 183/7B, 183/8, 183/9A, 184 & 185 of Ayyappanthangal Village, Kundrathur Taluk, Within the Limit of Kundrathur Panchayat Union.",Non-High Rise Building (NHRB),Residential,6738,165,Not Yet Started,30/04/2030,13.043498,80.138824,149,35,0,368000000,616247550,-,984247550,0.00,18846.73,-,[],[],['Kancheepuram'],
V:\Project\Project_Stick\data_source\raw\TNRERA\2025\TN_1_Building_0137_2025.pdf,Tower 4B - Rainbow Heights,"Construction of Basement Floor for Tower 4B, Tower 4B – Ground floor + 19 floors with 272 dwelling units comprised in S.No.765/29B2c, 29B1, 389/2 part, 384, 398/2 part, 397/2, 390 part, 391, 380, 379, 392 of Mangadu Village, Poonamallee, Kundrathur Main Road, Pallavaram Taluk, Kancheepuram District.",High Rise Building (HRB),Residential,108816.72,2614,Under Construction,31/12/2027,130134.6,800649.9,0,0,0,200000000.00,530000000.00,-,730000000,25619.10,0.00,274.71,[],"[{'block': None, 'base_level': 'Ground', 'floor_segments': ['19 floors'], 'total_floors_above_base': 19}]",['Kancheepuram'],
V:\Project\Project_Stick\data_source\raw\TNRERA\2025\TN_1_Building_0167_2025.pdf,THE WHITE HOUSE – TOWER A,"Construction of Stilt Floor + 3 Floors (Height -13.40 M) Residential Building with 18 Dwelling Units at Plot Nos. 1, 2, 3, 4, 5, 6, 7, 8, 9, 10 & 11, Manapakkam Main Road, Kolapakam, Chennai 600116 Comprised In Old S.No.26/2, Patta No.4074 as per Patta Old S.No.26/2A1, now New Sub-Division S.Nos.26/2A1B, 26/2A1C, 26/2A1D, 26/2A1L, 26/2A1R, 26/2A1S, 26/2A1T, 26/2A1U 26/2A1V, 26/2A1W & 26/2A1X of Kolapakkam Village, within the limit of Kundrathur Panchayat Union.",Non-High Rise Building (NHRB),Residential,1040,18,Under Construction,06/03/2033,13.0112897,80.1601398,19,1,2,58941675,95539500,-,154481175,0.00,2444.19,-,[13.4],"[{'block': None, 'base_level': 'Stilt', 'floor_segments': ['3 Floors'], 'total_floors_above_base': 3}]",['Kancheepuram'],
V:\Project\Project_Stick\data_source\raw\TNRERA\2025\TN_1_Building_0177_2025.pdf,CASAGRAND HIGHCLERE,"Proposed Construction of Residential Building High Rise Group Development Consisting of Extended Combined Basement Floor with 3 Blocks, Block 1 : Stilt Floor + 15 Floors (165 Dwelling Units), Block 2 : Stilt Floor + 15 Floors (165 Dwelling Units), Block 3 : G+2 Floors Club House Building- (GF - Change Room, FF – Indoor Games / Kids Play Area / Av Room, SF – Gym / Kids Play Area / Association Room) and Swimming Pool (Partly Covered in Block-3 and Partly Open), Totally 330 Dwelling Units) at Kundrathur Main Road, Chennai - 600 069 Comprised in Survey Nos: 3/2, 4, 5/1, 5/2, 42/3, 43/1B & 43/3 of Kollacheri Village, Kundrathur Taluk, Kancheepuram District within The Limits of Kundrathur Panchayat Union.",High Rise Building (HRB),Residential,12480,,Not Yet Started,25/10/2028,13.005044,80.102013,195,69,28,390000000,1750000000,-,2140000000,0.00,37286.35,796.69,[],"[{'block': 'Block 1', 'base_level': 'Stilt', 'floor_segments': ['15 Floors'], 'total_floors_above_base': 15}, {'block': 'Block 2', 'base_level': 'Stilt', 'floor_segments': ['15 Floors'], 'total_floors_above_base': 15}, {'block': 'Block 3', 'base_level': 'Ground', 'floor_segments': ['2 Floors'], 'total_floors_above_base': 2}]",['Kancheepuram'],Total_Dwelling_Units
V:\Project\Project_Stick\data_source\raw\TNRERA\2025\TN_1_Building_0179_2025.pdf,CASAGRAND REVA https://rera.tn.gov.in/public-view2/building/pfirm/2a34b590-2cda-11f0-a6b1-7da4c2f2b79b,"Proposed Construction of High Rise Building (HRB) Group Development Consisting of Extended Combined Basement Floor (Block-1 & Block-2), Block 1: Ground Floor + 12 Floors with 39.75M Height (230 Dwelling Unit) (Amenities in GF - Kids Play Area, FF- Indoor Games, Pool Room & TT Room, SF - GYM, AV Room & Yoga), Block 2: Ground Floor + 12 Floor with 39.75M Height - 220 Dwelling Unit and Open Swimming Pool (Totally 450 Dwelling Units) Residential Building at Pallavaram - Kundrathur Road (Jawaharlal Nehru Road), S.Nos: 7/1, 7/2 & 513/1A1B of Kundrathur “B” Village, Kundrathur Taluk, Kancheepuram District within The Limits of Kundrathur Town Panchayat.",Non-High Rise Building (NHRB),Residential 1/9,20274.76,450,Not Yet Started,08/05/2030,12.986547,80.119005,291,0,30,570000000,2710000000,-,3280000000,0.00,55448.97,1308.02,[],"[{'block': 'Block 1', 'base_level': 'Ground', 'floor_segments': ['12 Floors'], 'total_floors_above_base': 12}, {'block': 'Block 2', 'base_level': 'Ground', 'floor_segments': ['12 Floor'], 'total_floors_above_base': 12}]",['Kancheepuram'],
V:\Project\Project_Stick\data_source\raw\TNRERA\2025\TN_1_Building_0240_2025.pdf,BEACH BOULEVARD PHASE 3,"Group development, Residential villa, S. no.69/7s, Semmancheri Village, Thiruporur union, Thiruporu Taulk,",Non-High Rise Building (NHRB),Residential,1133,7,Not Yet Started,20/08/2029,12.725710,80.188320,0,7,1,33536250,42682500,6467500,82686250,0.00,956.99,0.00,[],[],['Kancheepuram'],
V:\Project\Project_Stick\data_source\raw\TNRERA\2025\TN_1_Building_0243_2025.pdf,CASAGRAND OSAKA https://rera.tn.gov.in/public-view2/building/pfirm/15042910-30df-11f0-9b28-a96b4c9a7a8d,"Proposed Construction of Group Housing Development with Combined Basement Consisting of 3 Blocks; Block A – Basement Floor + Ground Floor + 1st Floor Part + 2nd Floor Part + 3rd Floor Part + 4th Floor Part + 5th Floor Part (Height – 18.15 M) Residential Building with 119 Dwelling Units; Block B – Basement Floor + Ground Floor + 1st Floor Part + 2nd Floor Part + 3rd Floor Part + 4th Floor Part +5th Floor Part (Height – 18.15 M) Residential Building with 216 Dwelling Units with (Kids Play, Indoor Games Room, Gym & Yoga Room) with Swimming Pool; Block C – Basement Floor + Ground Floor + 1st Floor Part + 2nd Floor Part + 3rd Floor Part + 4th Floor Part +5th Floor Part (Height – 18.15 M) Residential Building with 66 Dwelling Units – Totally 401 Dwelling Units at Dhanalakshmi Nagar, Moulivakkam, Chennai Comprised In S.Nos.1/1A1B,",Non-High Rise Building (NHRB),Residential 1/11,27560,401,Not Yet Started,13/05/2030,13.02482,80.139392,365,0,35,820000000,2340000000,-,3160000000,0.00,53179.29,954.63,"[18.15, 18.15, 18.15]","[{'block': None, 'base_level': 'Ground', 'floor_segments': ['1st Floor', '2nd Floor', '3rd Floor', '4th Floor', '5th Floor', '1st Floor', '2nd Floor', '3rd Floor', '4th Floor', '5th Floor', '1st Floor', '2nd Floor', '3rd Floor', '4th Floor', '5th Floor'], 'total_floors_above_base': 15}]",['Kancheepuram'],
V:\Project\Project_Stick\data_source\raw\TNRERA\2025\TN_1_Building_0289_2025.pdf,MILLENNIUM BY DAC,"S.NO: 52/1A2, 52/2A & 52/3 of Gerugambakkam Village within the Kundrathur Panchayat Union Limit",Non-High Rise Building (NHRB),Residential,3947.97,138,Not Yet Started,31/07/2030,13.014812,80.140969,78,0,0,10000000,325400000,-,335400000,0.00,10244.89,-,[],[],['Kancheepuram'],
V:\Project\Project_Stick\data_source\raw\TNRERA\2025\TN_1_Building_0299_2025.pdf,“HARMONIA PAVILION”,"“HARMONIA PAVILION”, Plot Nos.1,2, 17, 18 and 19, Town and Country, Comprised in Old Survey Nos. 1288/2, 1314/1, 1314/2 and New Survey Nos.1288/2A Part, 1334/1A1(Part) and 1314/2A1(Part), Sriperumbudur “C” Village, Sriperumbudur Taluk, Kancheepuram District, Tamil Nadu",Non-High Rise Building (NHRB),Residential,4109.90,110,Not Yet Started,31/12/2030,12.975931230921855,79.92638689428314,65,1,0,64150000,352120000,-,416270000,0.00,9467.40,-,[],[],['Kancheepuram'],
V:\Project\Project_Stick\data_source\raw\TNRERA\2025\TN_1_Building_0307_2025.pdf,RISING PALMS PHASE 1,RESIDENTIAL,Non-High Rise Building (NHRB),Residential,12660,105,Not Yet Started,31/12/2029,13.008776,79.980528,91,0,8,34117000,410107500,-,444224500,0.00,12308.06,2549.38,[],[],['Kancheepuram'],
V:\Project\Project_Stick\data_source\raw\TNRERA\2025\TN_20_Building_0021_2025.pdf,DHANALAKSHMI RESIDENCY,"Dhanalakshmi Residency situated in Madurai Town Survey No..12/1, 12/2 (Old S.No. 2741/4, 2742/5) Ward No. 10 Block No.73, Door No.1, Vijayalakshmi Theatre Road, Bibikulam, Madurai – 625002, Madurai District",Non-High Rise Building (NHRB),Residential,1634.50,30,Under Construction,31/10/2026,9.950923,78.128369,22,8,3,28321000,114400000,-,142721000,0.00,3413.06,-,[],[],['Madurai'],
V:\Project\Project_Stick\data_source\raw\TNRERA\2025\TN_20_Building_0046_2025.pdf,TWIN TOWER,"Madurai District, Madurai East Taluk, Madurai Corporation, Mangalakudi Village, New S.NO: 25/7 (Old S.NO : 25/7&25/8B) Site Area of 2500.00 SQ.M , Proposed Affordable Housing Building ( Stilt +5 Floors) for FSI Area of 6389.55 SQ.M (70 Dwelling Units)",Non-High Rise Building (NHRB),Residential,2500,70,Not Yet Started,01/12/2029,9.58,78.10,53,0,5,19445184,128243598,-,147688782,0.00,6389.55,-,[],"[{'block': None, 'base_level': 'Stilt', 'floor_segments': ['5 Floors'], 'total_floors_above_base': 5}]",['Madurai'],
V:\Project\Project_Stick\data_source\raw\TNRERA\2025\TN_20_Building_0061_2025.pdf,VIDHATRI,"T.S Nos.5, 7/5, 7/6, 7/7, 7/8, 13/2, 13/3 - (At Ponmeni Village Old S.No.147/1, 2, 3, 4, 7, 8A, 8B, 9, 10)",Non-High Rise Building (NHRB),Residential,4876.39,69,Not Yet Started,31/03/2029,9.922200,78.088750,58,10,10,86618447,230000000,-,316618447,0.00,8922.36,-,[],[],['Madurai'],
V:\Project\Project_Stick\data_source\raw\TNRERA\2025\TN_20_Building_0149_2025.pdf,"Shree Meenakshi Apartments, Block (A- 12 & A-13)",T.S No-22/5 and 22/6 (old S No-10pt) extent of 997.50 Sq.m - Stilt Floor + 5 Floors,Non-High Rise Building (NHRB),Residential,997.50,20,Not Yet Started,01/01/2028,9.924932,78.148437,18,4,0,99800000,90384050,-,190184050,0.00,2411.60,-,[],"[{'block': None, 'base_level': 'Stilt', 'floor_segments': ['5 Floors'], 'total_floors_above_base': 5}]",['Madurai'],
V:\Project\Project_Stick\data_source\raw\TNRERA\2025\TN_20_Building_0215_2025.pdf,ANANYA APARTMENT,"“ANANYA APARTMENT” Comprised in C.Ward:08, Old Natham S.No:130/2(part), 130/3 New Natham Sub-division S.No:218/9 of Uthangudi Village, Madurai East Taluk, Madurai East Zone-1 & Madurai District.",Non-High Rise Building (NHRB),Mixed Development,1500.00,31,Not Yet Started,25/05/2028,95654.5,781001.6,35,0,4,26754220,126255000,-,153009220,0.00,3429.85,445.91,[],[],['Madurai'],
V:\Project\Project_Stick\data_source\raw\TNRERA\2025\TN_20_Building_0254_2025.pdf,MAX MADHAV,"S.No. 73/1B,73/1C,99/5A2,99/5B2 & 99/5B3, Thiruppalai Village, Madurai North Taluk, Madurai",High Rise Building (HRB),Residential,2816.11,35,Not Yet Started,31/03/2030,9.973269,78.138005,27,7,3,13000000,81000000,-,94000000,0.00,3631.87,-,[],[],['Madurai'],
V:\Project\Project_Stick\data_source\raw\TNRERA\2025\TN_20_Building_0257_2025.pdf,Quality Towers,A Residential Apartment with 30 Flats with Car parking,Non-High Rise Building (NHRB),Residential,982.25,30,Not Yet Started,01/05/2028,9.906222,78.127944,8,4,2,50000000,100000000,-,150000000,0.00,2198.25,-,[],[],['Madurai'],
V:\Project\Project_Stick\data_source\raw\TNRERA\2025\TN_20_Building_0268_2025.pdf,ELANZA,"Madurai District - Madurai North Taluk- Madurai West Panchayat Union-in Chettikulam Village/Panchayat, R.S.No:37/1A1 an extent of 1416.39 Sqm – Approval of The Proposed Construction Of Residential Apartment Building (40 Dwellings)-Stilt + 5 Floors-Total FSI area of 3675.23 Sqm",Non-High Rise Building (NHRB),Residential,1416.39,40,Not Yet Started,15/05/2030,10.001783,78.147952,24,2,2,3581485,79090950,-,82672435,0.00,3675.23,-,[],"[{'block': None, 'base_level': 'Stilt', 'floor_segments': ['5 Floors'], 'total_floors_above_base': 5}]",['Madurai'],
V:\Project\Project_Stick\data_source\raw\TNRERA\2025\TN_20_Building_0321_2025.pdf,YASIN MUNOOR,"THE PROPOSED RESIDENTIAL APPARTMENT BUILDING IN PLOT NO:1&2,T.S.NO:1&2,(OLD T.S NO:2482/1A1PT,2482/1A2PT),BLOCK NO:68,S.WARD:X,THALLAKULAM VILLAGE,VISWANATHAPURAM,MADURA I NORTH TALUK,MADURAI CORPORATION.",Non-High Rise Building (NHRB),Residential,903.50,25,Under Construction,31/03/2028,9.954891,78.126856,22,0,2,12000000,104000000,-,116000000,0.00,2278.05,-,[],[],['Madurai'],
V:\Project\Project_Stick\data_source\raw\TNRERA\2025\TN_21_Building_0326_2025.pdf,Pottalkalam Ph I (Twin Houses),"CONSTRUCTION OF 432 TENEMENTS IN ANNA NAGAR SCHEME IN Ward B, Block: 7, T.S.Nos: 2/1Apt, 2/1B2pt, 2/4Bpt, 3/3B, 3/4, 3/5B, 3/6A1pt, 3/6A2Apt, 3/6B, 3/8, 3/9, 3/10 & 3/11 (Old.S.Nos.1459/3, 1463, 1465/1Bpt, 1465/2pt, 1465/3pt, 1465/4pt, 1465/5,1466/1, 1466/2, 1466/3Apt & 1466/3Bpt ) & Block: 13, T.S.Nos: 3/2A, 4/2B, 5/1, 5/2A, 5/3 & 6/2 (Old.S.Nos. 2047/2pt, 2048, 2049/1, 2049/2, 2050pt, 2050/2pt & 2052 pt ) Theni - Allingaram Muncipality, Theni Taluk, Theni District.",Non-High Rise Building (NHRB),Residential,63395.61,476,Completed,,10.027682,77.460309,0,0,0,0,549200000,-,549200000,0.00,-,0.00,[],[],['Theni'],
V:\Project\Project_Stick\data_source\raw\TNRERA\2025\TN_22_Building_0249_2025.pdf,Anna Nagar in Keeranur TP scheme TNUHDB,"Construction of 432 tenements adopting T.D.No.01/2024 (G+3 storied ) with internal sanitary, water supply and electrification arrangements at Anna Nagar in Keeranur TP of Dindigul District under HFA - AHP",Non-High Rise Building (NHRB),Residential,19455.30,432,Not Yet Started,30/05/2030,103458.7,773035.0,0,0,0,0,570441000,-,570441000,0.00,0.00,-,[],"[{'block': None, 'base_level': 'Ground', 'floor_segments': ['3'], 'total_floors_above_base': 3}]",['Dindigul'],
V:\Project\Project_Stick\data_source\raw\TNRERA\2025\TN_22_Building_0251_2025.pdf,Oddanchatram scheme 480 (G+3 storied ),"Construction of 480 tenements adopting T.D.No.01/2024 (G+3 storied ) 12 BLOCKS 40 units per block s.no 726 block no 58 with internal sanitary, water supply and electrification arrangements at Acharya Vinoba Bhave Nagar in Oddanchatram Municipality of Dindigul District under HFA Vertical III (AHP) of PMAY",Non-High Rise Building (NHRB),Residential,30500.00,480,Under Construction,04/03/2030,104737.7,773025.0,0,0,0,0,662400000,-,662400000,,,,[],"[{'block': None, 'base_level': 'Ground', 'floor_segments': ['3'], 'total_floors_above_base': 3}]",['Dindigul'],FSI_Other_Residential
V:\Project\Project_Stick\data_source\raw\TNRERA\2025\TN_22_Building_0253_2025.pdf,THE HEARTY,Ground + 2 Floors with 26 Dwelling units,Non-High Rise Building (NHRB),Residential,765,26,Not Yet Started,31/07/2026,10.22558,77.47006,7,7,2,6340180,27350000,-,33690180,0.00,764.18,-,[],"[{'block': None, 'base_level': 'Ground', 'floor_segments': ['2 Floors'], 'total_floors_above_base': 2}]",['Dindigul'],
V:\Project\Project_Stick\data_source\raw\TNRERA\2025\TN_25_Building_0048_2025.pdf,ALAGU FLATS,"Stilt Floor + 3floors (Height 13.28m) Residential Building with 16 dwelling units at WARD:G,BLOCK NO:1, TS.No.37/1,37/2, 38/5,38/6,Devakottai Town, Sivagangai District.",Non-High Rise Building (NHRB),Residential,735.63,16,Not Yet Started,30/06/2026,9.945154,78.826589,15,0,0,3959000,28422000,600000,32981000,0.00,1467.00,-,[13.28],[],['Sivagangai'],
V:\Project\Project_Stick\data_source\raw\TNRERA\2025\TN_26_Building_0094_2025.pdf,Ruby Ashok Manor,"PLAN SHOWING THE PROPOSED CONSTRUCTION OF 30 DWELLING UNITS HOUSE BUILDING IN NEW T.S.NO : 3/11 , T.S.WARD : BS BLOCK : 06 , ( OLD T.S.NO : 3/7 PART , T.S.WARD : BS , BLOCK : 06 ) OLD S.NO : 287/3A PART , V.M CHATRAM VILLAGE , SIVANTHIPATTI ROAD HIGHGROUND D.D PLAN , PALAYAMKOTTAI WARD OFFICE , TIRUNELVELI CITY MUNICIPAL CORPORATION",Non-High Rise Building (NHRB),Residential,1698.32,30,Not Yet Started,01/08/2032,8.709353245862681,77.74653366865306,26,4,3,34041560,70249832,-,104291392,0.00,3160.96,-,[],[],['Tirunelveli'],
V:\Project\Project_Stick\data_source\raw\TNRERA\2025\TN_26_Building_0138_2025.pdf,JOHN LAKE BREEZE,"OLD SURVEY NO. 990/1, 990/2 & 990/1A1, T. S. SURVEY NO. 29/3A & 29/3B of WARD: AU, BLOCK: 7, KULAVANIGARPURAM VILLAGE, MELAPALAYAM WARD, MELAPALAYAM DETAILED DEVELOPMENT PLAN NO. 2, TIRUNELVELI CITY MUNICIPAL CORPORATION",Non-High Rise Building (NHRB),Residential,1715,40,Under Construction,13/11/2029,8.700823,77.725003,31,7,4,4369600,117500000,-,121869600,0.00,4261.25,-,[],[],['Tirunelveli'],
V:\Project\Project_Stick\data_source\raw\TNRERA\2025\TN_26_Building_0301_2025.pdf,Asir Ark III,"Plot No. A-72, Maharaja Nagar Colony, 5th Cross Street, Palayamkottai, Tirunelveli – 627 011, [being Plot No. A- 72 in Maharaja Nagar, approved Lay-out No L.P.H./D.T.P. No. 56/62], comprised in Old S.No.318 & 339/2 Part of Vijayaraghava Mudaliar Chathiram Village, Present Corporation ward 39, As per TSLR extract, Old T.S. No. 88, New T.S.No.22, Block No.9, Ward B.S, Palayamkottai Taluk, Tirunelveli District",Non-High Rise Building (NHRB),Residential,1037,30,Under Construction,13/11/2029,8.4218,77.4516,18,13,3,22901405,81300000,-,104201405,0.00,3109.72,-,[],[],['Tirunelveli'],
V:\Project\Project_Stick\data_source\raw\TNRERA\2025\TN_29_Building_0001_2025.pdf,ETICA MALAR AURUM,"Thiru Vi Ka Industrial Estate, Guindy",Non-High Rise Building (NHRB),Commercial,745.26,,Under Construction,25/09/2032,13.010987,80.209005,23,2,0,73000000,70000000,5000000,148000000,0.00,0.00,1648.67,[],[],['Chennai'],Total_Dwelling_Units
V:\Project\Project_Stick\data_source\raw\TNRERA\2025\TN_29_Building_0005_2025.pdf,SHARON ROSE,"STILT FLOOR +5 FLOORS(18.30M HEIGHT) RESIDENTIAL BUILDING WITH 10 DWELLING UNITS AVAILING PREMIUM FSI WITH TOD BENEFIT AT D.NO:15, ZAKARIYA COLONY 1ST STREET, VARADARAJANPET, CHOOLAIMEDU, CHENNAI-600094.",Non-High Rise Building (NHRB),Residential,569,10,Under Construction,31/12/2027,13.055013,80.229788,13,1,1,75000000,45000000,1800000,121800000,0.00,1143.70,-,[],"[{'block': None, 'base_level': 'Stilt', 'floor_segments': ['5 FLOORS'], 'total_floors_above_base': 5}]",['Chennai'],
V:\Project\Project_Stick\data_source\raw\TNRERA\2025\TN_29_Building_0007_2025.pdf,IT/ITES,It is a 13000 sft (approx) building with basement+stilit+4 floors,Non-High Rise Building (NHRB),Commercial,694.50,,Completed,,12.981512,80.251932,0,16,0,53140000,95000000,-,148140000,0.00,0.00,1066.51,[],"[{'block': None, 'base_level': 'Basement', 'floor_segments': ['4 floors'], 'total_floors_above_base': 4}]",['Chennai'],Total_Dwelling_Units
V:\Project\Project_Stick\data_source\raw\TNRERA\2025\TN_29_Building_0008_2025.pdf,RAMANIYAM PREMA SARASWATHI,SINGLE BLOCK OF 5 FLOORS CONSISTING OF 25 FLATS,Non-High Rise Building (NHRB),Residential,1382.85,25,Not Yet Started,13/08/2032,13.042935007576036,80.26669295847933,29,1,3,208390000,130762500,33442329,372594829,0.00,3681.30,-,[],"[{'block': None, 'base_level': None, 'floor_segments': ['5 FLOORS'], 'total_floors_above_base': 5}]",['Chennai'],
V:\Project\Project_Stick\data_source\raw\TNRERA\2025\TN_29_Building_0010_2025.pdf,-,"Stilt Floor + 4 Floors + 5th Floor (Part) (Height - 18.30m) Residential Building with 18 dwelling units Availing Premium FSI with TOD Benefit at Plot No.43, 44 & 45 (CMDA Approved Layout vide P.P.D/L.O-205/1988) at 4th Street and Narayanaswamy Main Road, Shollinganallur, Chennai – 600 119 Comprised in Old.S.No. 631/2 & 632/2, New.S.Nos. 631/2A2 & 632/11 of Shollinganallur Village within the limits of Greater Chennai Corporation",Non-High Rise Building (NHRB),Residential,804,18,Under Construction,31/03/2027,12.890460,80.230847,12,9,0,60000000,50000000,-,110000000,0.00,1997.04,-,[18.3],"[{'block': None, 'base_level': 'Stilt', 'floor_segments': ['4 Floors', '5th Floor'], 'total_floors_above_base': 5}]",['Chennai'],
V:\Project\Project_Stick\data_source\raw\TNRERA\2025\TN_29_Building_0011_2025.pdf,Bhaggyam Anugraha,"Plot No.24, Old Door No.26, New Door No.51, IVth Trust Cross Street, Mandavelipakkam,Chennai-600028 comprised in (No.51/1,26/1), R.S.No.4311/22, Block No.97 of Mylapore village within the limit of Greater Chennai Corporation",Non-High Rise Building (NHRB),Residential,551.50,10,Under Construction,31/12/2026,13.0265,80.267,9,2,1,26236056,55432016,-,81668072,0.00,1471.36,-,[],[],['Chennai'],
V:\Project\Project_Stick\data_source\raw\TNRERA\2025\TN_29_Building_0013_2025.pdf,EVERRIZE VEDHA,"THE PROPOSED CONSTRUCTION OF STILT + 4 FLOORS + 5TH FLOOR PART RESIDENTIAL BUILDING WITH 15 DWELLING UNITS. PLOT NOS. 15 AND 16A , DOOR NO. 15, PASUMPON MUTHURAMALINGAM STREET, RAJAJI COLONY, SALIGRAMMAM, CHENNAI 600 093 COMPRISED IN OLD S.NO. 101/1A PART, T.S.NO. 3/2, BLOCK NO. 34 OF SALIGRAMMAM VILLAGE WITHIN THE LIMITS OF GREATER CHENNAI CORPORATION.",Non-High Rise Building (NHRB),Residential,643.44,15,Under Construction,31/12/2029,13.054910,80.198810,4,11,2,55000000,79913900,-,134913900,0.00,1613.58,-,[],"[{'block': None, 'base_level': 'Stilt', 'floor_segments': ['4 FLOORS', '5TH FLOOR'], 'total_floors_above_base': 5}]",['Chennai'],
V:\Project\Project_Stick\data_source\raw\TNRERA\2025\TN_29_Building_0018_2025.pdf,DRA ASTRA,"Comprised in Old S.Nos. 1075/1A1 part, 1075/1A2 part and 1075/1B, Old T.S.No.20 (As per Document), New T.S. No.20/1 (As per Patta),",High Rise Building (HRB),Residential,4965,132,Not Yet Started,28/11/2032,13.1488,80.2306,83,80,10,180000000,450000000,-,630000000,0.00,16429.27,0.00,[],[],['Chennai'],
V:\Project\Project_Stick\data_source\raw\TNRERA\2025\TN_29_Building_0019_2025.pdf,PRINCE SHANTIVEER,"OLD DOOR NO. 19 & 20, NEW DOOR NO.14&16, RAJA ANNAMALAI ROAD PURASAIWALKKAM, CHENNAI - 600084 IN R.S.NO. 20/26 & 20/2, BLOCK NO.2 OF PURASAIWALKKAM VILLAGE, CHENNAI DISTRICT, WITHIN THE LIMITS OF GREATER CHENNAI CORPORATION",High Rise Building (HRB),Mixed Development,1642.63,30,Not Yet Started,31/12/2028,13.079501,80.254567,54,17,4,427310407,258000000,-,685310407,-,5850.82,659.16,[],[],['Chennai'],
V:\Project\Project_Stick\data_source\raw\TNRERA\2025\TN_29_Building_0020_2025.pdf,BRIGADE ALTIUS https://rera.tn.gov.in/public-view2/building/pfirm/03a60fd0-c479-11ef-9cae-bfea0d7c92ed,"High-Rise Building(South) – Planning Permission Application is for the Proposed construction of High Rise Group Development with 3 Towers consisting of Extended Combined Double Basement Floor (for Parking) + Combined Stilt Floor (for Parking) + Combined 1st floor to 3rd floor (for Parking) + Combined 4th floor at Tower 1: Residential (2 dwelling units), Gym, Spa, Association Room, Tower 2 : Incidental activities (Business center, Change Rooms) & Tower 3: Residential (2 dwelling units), TT Room, Shop, Billiards, Indoor games with A.V.Room, Banquet hall, Badminton court, squash court, Open swimming pool at open terrace + Combined 5th floor at Tower 1: Residential (2 dwelling units), Tower 2: Double floor height incidental activities & Tower 3: Residential (2 dwelling units) + Combined 6th floor with open Podium",High Rise Building (HRB),Residential 1/10,26487,662,Not Yet Started,31/12/2031,7.8787,8.78740,1328,0,84,7000000000,8600000,-,7008600000,0.00,128978.94,95,[],"[{'block': None, 'base_level': 'Basement', 'floor_segments': ['1st floor', '3rd floor', '4th floor', '5th floor', '6th floor'], 'total_floors_above_base': 5}]",['Chennai'],
V:\Project\Project_Stick\data_source\raw\TNRERA\2025\TN_29_Building_0022_2025.pdf,KCEE ABINAVAM,"Plot No.11C & 11D, Door No.13 & 15, Murugesan Street, Rangarajapuram, Kodambakkam, Chennai-600 024",High Rise Building (HRB),Residential,571.34,10,Under Construction,31/03/2027,13.04722280450872,80.22001448696962,7,3,1,12500,48000000,0,48012500,0.00,1271.87,-,[],[],['Chennai'],
V:\Project\Project_Stick\data_source\raw\TNRERA\2025\TN_29_Building_0024_2025.pdf,-,"PLOT NO: A-43, HINDU COLONY 5TH CROSS STREET, HINDU CO-OPERATIVE BUILDING SCHEME, NANGANALLUR, CHENNAI - 600061",Non-High Rise Building (NHRB),Residential,638.70,12,Under Construction,17/06/2027,12.978800186150314,80.18328519139286,13,0,2,110000000,50000000,-,160000000,0.00,1276.70,-,[],[],['Chennai'],
V:\Project\Project_Stick\data_source\raw\TNRERA\2025\TN_29_Building_0026_2025.pdf,-,SRI GUHA RESIDENCE,Non-High Rise Building (NHRB),Residential,669.15,12,Completed,,13.045033,80.185519,8,4,1,21708000,25000000,0,46708000,0.00,984.57,-,[],[],['Chennai'],
V:\Project\Project_Stick\data_source\raw\TNRERA\2025\TN_29_Building_0027_2025.pdf,JCT Complex,"shop building at Door No.8, Sir Thyagaraya Road and Chevalier Shivaji Ganesan Road comprised in T.S.No.6542/1. Block no:140, T.Nagar Village, Greater Chennai Corporation, Zone 10, Division no.136.",Non-High Rise Building (NHRB),Commercial,1534.95,,Completed,,13.0397,80.2433,37,0,4,350000000,61085700,-,411085700,0.00,0.00,2270.99,[],[],['Chennai'],Total_Dwelling_Units
V:\Project\Project_Stick\data_source\raw\TNRERA\2025\TN_29_Building_0028_2025.pdf,RADIANCE SOLITAIRE https://rera.tn.gov.in/public-view2/building/pfirm/64e5fe50-ccf4-11ef-9755-15463a2c1e20,"The Proposed Construction of High Rise Group Development Building for Residential Cum Commercial Use consisting of 4 Blocks with Combined & Extended Double Basement Floor (parking use) for Block A, B & D (Club house), in Block A : Stilt floor (parking use) + 1st Floor to 17th floors with 269 dwelling units; Block B : Stilt floor (parking use) + 1st Floor to 17th floors with 269 dwelling units; Block C (LIG Block) : Stilt floor (parking use) + 1st Floor to 14th floors with 122 dwelling units, Block D (Club house) – Ground floor part (Shop, Cafe & ATM) cum stilt floor part (Parking use) + 1st floor (Multipurpose hall, Crèche, AV Room, Association room, Co-working space & Lego Room) + 2nd floor (Gym, Indoor games, Table Tennis room, VR/Video games room, Squash court and Aerobics) + 3rd floor part (open Swimming pool",High Rise Building (HRB),Residential 1/10,21740,660,Not Yet Started,31/12/2029,13.143897,80.238301,684,178,58,850000000,1314314000,-,2164314000,,,,[],"[{'block': 'Block A, B & D (Club house), in Block A', 'base_level': 'Stilt', 'floor_segments': ['1st Floor'], 'total_floors_above_base': 1}, {'block': 'Block B', 'base_level': 'Stilt', 'floor_segments': ['1st Floor'], 'total_floors_above_base': 1}, {'block': 'Block C (LIG Block)', 'base_level': 'Ground', 'floor_segments': ['1st Floor', '1st floor', '2nd floor', '3rd floor'], 'total_floors_above_base': 4}]",['Chennai'],FSI_Other_Residential
V:\Project\Project_Stick\data_source\raw\TNRERA\2025\TN_29_Building_0032_2025.pdf,KCEE SREEKARAM,"STILT FLOOR + 5 FLOORS RESIDENTIAL BUILDING WITH 10 DWELLING UNITS AT Plot Nos.18 & 19, Kamatchipuram 1st Street, Postal Colony, West Mambalam, Chennai - 600033.",Non-High Rise Building (NHRB),Residential,664.96,10,Not Yet Started,04/06/2027,13.037313259816942,80.21727784103663,8,2,1,107370900,61000000,-,168370900,0.00,1488.95,-,[],"[{'block': None, 'base_level': 'Stilt', 'floor_segments': ['5 FLOORS'], 'total_floors_above_base': 5}]",['Chennai'],
V:\Project\Project_Stick\data_source\raw\TNRERA\2025\TN_29_Building_0033_2025.pdf,Sai Ganga Apartments,19 Residential Units proposed to be built on Stilt+5 Floors,Non-High Rise Building (NHRB),Residential,753,19,Under Construction,31/03/2027,12.971528,80.214944,15,2,2,82400000,72000000,-,154400000,0.00,1955.52,-,[],"[{'block': None, 'base_level': 'Stilt', 'floor_segments': ['5 Floors'], 'total_floors_above_base': 5}]",['Chennai'],
V:\Project\Project_Stick\data_source\raw\TNRERA\2025\TN_29_Building_0037_2025.pdf,THE EDGE,"NHRB (North) – Planning Permission for the Proposed construction of Group Housing Development with 4 Blocks - Block : A- Stilt Floor + 5 Floors Residential Building with 30 Dwelling units, Block : B- Stilt Floor + 5 Floors Residential Building with 30 Dwelling units, Block : C - Stilt Floor + 5 Floors Residential Building with 30 Dwelling units, Block : D - Stilt Floor + 5 Floors Residential Building with 30 Dwelling units (Totally 120 Dwelling Units and Gym & Association room at GF only) availing Premium FSI (Height -18.30m) at Chennai Byepass Service Road, Srinivasa Nagar, Kathirvedu, Chennai, Comprised in S.No:107/4A1,107/4A2, 107/4B1, 107/4B2 and 107/6B of Kathirvedu Village,",Non-High Rise Building (NHRB),Residential,4807,,Under Construction,31/12/2029,13.08366,80.11482,103,6,9,100000000,20000000,-,120000000,0.00,11335.31,-,[18.3],"[{'block': None, 'base_level': 'Stilt', 'floor_segments': ['5 Floors', '5 Floors', '5 Floors', '5 Floors'], 'total_floors_above_base': 20}]",['Chennai'],Total_Dwelling_Units
V:\Project\Project_Stick\data_source\raw\TNRERA\2025\TN_29_Building_0038_2025.pdf,ALDA AYAN,"PROPOSED CONSTRUCTION OF STILT FLOOR + 4 FLOORS (HEIGHT - 16.0M) RESIDENTIAL BUILDING WITH 16 DWELLING UNITS AVAILING PREMIUM FSI AT PLOT NO.3, THIRUVALLUVAR NAGAR 7TH MAIN ROAD, THIRUVANMIYUR, CHENNAI - 600 041 COMPRISED IN OLD S.NO.219/2B(PT), NEW S.NO.219/2B2, T.S.NO.24/7, BLOCK NO.38 OF THIRUVANMIYUR VILLAGE WITHIN THE LIMITS OF GREATER CHENNAI CORPORATION.",Non-High Rise Building (NHRB),Residential,899.94,16,Not Yet Started,30/07/2028,12.975833,80.260111,16,4,4,75120500,145000000,-,220120500,0.00,2312.37,-,[16.0],"[{'block': None, 'base_level': 'Stilt', 'floor_segments': ['4 FLOORS'], 'total_floors_above_base': 4}]",['Chennai'],
V:\Project\Project_Stick\data_source\raw\TNRERA\2025\TN_29_Building_0041_2025.pdf,Lifestyle Housing & Infrastructure - BALFORT,"Door No. 13, Balfour Road, Kilpauk, Chennai - 600 010, Comprised in Old S No. 8, R.S. No. 3132/1 Part (as per Doc), R.S. No. 3132/5 (as per Patta), Block No. 52, Ward -I of Purasawalkam Village, within the limits of Greater Chennai Corporation",Non-High Rise Building (NHRB),Commercial,769.23,,Not Yet Started,31/03/2025,13.084285628120034,80.24453465461612,7,11,0,66090960,57017500,16498400,139606860,-,-,2118.83,[],[],['Chennai'],Total_Dwelling_Units
V:\Project\Project_Stick\data_source\raw\TNRERA\2025\TN_29_Building_0043_2025.pdf,SWATHI'S VARUN,PROPOSED CONSTRUCTION OF STILT + 5 FLOORS (18.30 M) HEIGHT RESIDENTIAL BUILDING WITH 13 DWELLING UNITS AT PLOT NO 85 NEW DOOR NO 53 OLD DOOR NO 24 2ND MAIN ROAD RAJA ANNAMALAI PURAM CHENNAI -600028 COMPRISED IN IN R S NO 3950/16 BLOCK NO 86 OF MYLAPORE VILLAGE WITHIN THE LIMIT OF GREATER CHENNAI CORPORATION,Non-High Rise Building (NHRB),Residential,624.50,13,Not Yet Started,31/12/2029,13.0270990,80.2550990,9,8,4,50000000,93200000,-,143200000,0.00,1611.78,-,[],"[{'block': None, 'base_level': 'Stilt', 'floor_segments': ['5 FLOORS'], 'total_floors_above_base': 5}]",['Chennai'],
V:\Project\Project_Stick\data_source\raw\TNRERA\2025\TN_29_Building_0049_2025.pdf,AYYAN ACHYUT,"Stilt Floor + 4Floors + 5th Floor (Part) (Height - 18.30m) Residential Building with 39 Dwelling at Selvaganapathy Nagar, Medavakkam, Chennai , comprised in Old.S.Nos.32/1B & 32/2B (Document), S.Nos.32/1B1B1, 32/2B2A, 32/2B2B & 32/3 (Patta) of Medavakkam Village within the Limits of St.Thomas Mount Panchayat Union.",Non-High Rise Building (NHRB),Residential,1416.38,39,Under Construction,31/12/2029,12.931817,80.190863,22,3,2,125000000,125000000,-,250000000,0.00,3672.13,-,[18.3],"[{'block': None, 'base_level': 'Stilt', 'floor_segments': ['4Floors', '5th Floor'], 'total_floors_above_base': 5}]",['Chennai'],
V:\Project\Project_Stick\data_source\raw\TNRERA\2025\TN_29_Building_0050_2025.pdf,ANUSHREE,"Single block, with Basement floor (Parking) + Stilt Floor (Parking) + 19 floors Residential Building with 244 Dwelling Units, of flats covering 14731.63 sq.m. Carpet area and total area of 22248.25 sq.m (Comprising of Carpet Area 14731.63 sq.m + Balcony 1097.52 sq.m + Proportionate share in Common area 4093.83 sq.m) with provisions of 159 nos. of car parking.",High Rise Building (HRB),Residential,5655.885,244,Not Yet Started,30/01/2029,12.8388339,80.2197043,127,159,14,150000000,504559774,-,654559774,0.00,21897.45,-,[],"[{'block': None, 'base_level': 'Basement', 'floor_segments': ['19 floors'], 'total_floors_above_base': 19}]",['Chennai'],
V:\Project\Project_Stick\data_source\raw\TNRERA\2025\TN_29_Building_0051_2025.pdf,ANKUR ARALIAS,"High Rise Residential cum Commercial Building with 36.0m height consisting of Extended Basement Floor (Meant for parking) + Stilt Floor (Meant for parking) + 11 Floors (Office room & Association Room at 1st Floor,Association Room at 2nd Floor, Party Terrace at 4th Floor, Indoor Games at 6th Floor, Childrens Play area at 8th Floor, Gym at 10th Floor and Open Swimming Pool at Terrace Floor) – 88 dwelling units.at Plot No. P.P.6, abutting TNHB Main Road, Neighbourhood Scheme Phase-III, TNHB Block PP No.6, Sholinganallur, Chennai – 600 119. Comprised in Survey Nos. 347/1B2, 347/1C2, 347/1D2, 347/1E2, 347/2A2, 347/2B2, 348/3B2, 348/3C and 348/4B of Sholinganallur Village, Sholinganallur Taluk, Within the limits of Greater Chennai Corporation, Tamil Nadu",High Rise Building (HRB),Mixed Development,3130,88,Not Yet Started,28/10/2029,12.8851,80.2363,59,55,0,131397400,250000000,-,381397400,0.00,12447.12,130.47,[],"[{'block': None, 'base_level': 'Basement', 'floor_segments': ['11 Floors', '1st Floor', '2nd Floor', '4th Floor', '6th Floor', '8th Floor', '10th Floor', 'Terrace Floor'], 'total_floors_above_base': 18}]",['Chennai'],
V:\Project\Project_Stick\data_source\raw\TNRERA\2025\TN_29_Building_0052_2025.pdf,NEWRY ALTURA,"Two Towers Tower 1 +14 floors, Tower 2 1+14 Floors, paruthipattu village, avadi corporation",High Rise Building (HRB),Residential,11150,387,Not Yet Started,19/12/2029,13.052280,80.06269,318,33,13,6920995,1828034199,-,1834955194,0.00,39972.54,0.00,[],"[{'block': None, 'base_level': None, 'floor_segments': ['14 floors', '14 Floors'], 'total_floors_above_base': 28}]",['Chennai'],
V:\Project\Project_Stick\data_source\raw\TNRERA\2025\TN_29_Building_0054_2025.pdf,Enchanted https://rera.tn.gov.in/public-view2/building/pfirm/a1b9ea10-da0f-11ef-84c5-6d80246990e1,"High Rise Group development building with Extended Double Basement floor (Meant for parking) + Combined Stilt Floor (Part) (meant for parking)/ Ground Floor (Part) (Shops & Creche) over & above 6 Towers with Combined first floor for Podium & Club House use (Swimming pool along with dressing room, Gym, Indoor games, Badminton Court, Mini Theatre, Guest room, Kitchen, Multi- purpose hall and Dining) and Residential use (at Tower-01: 5 Dwelling units, Tower- 02: 5 Dwelling units, Tower-03: 5 Dwelling units, Tower-04: Nil Dwelling units, Tower-05 & 06: 6 Dwelling units) with 21 Dwelling units + Combined 2nd Floor (Tower-01: 5 Dwelling units, Tower- 02: 5 units, Tower-03: 5 units, Tower-04: Nil Dwelling Units, Tower-05 & 06: 8 Dwelling units) with 23 dwelling units + Combined 3rd Floor (Tower-01: 5 Dwelling units, Tower-02: 5 Dwelling",High Rise Building (HRB),Mixed Development 1/11,40745.10,904,Not Yet Started,09/09/2032,12.948497,80.244304,1506,224,192,1750000000,7653644845,-,9403644845,0.00,185874.91,12238.87,[],"[{'block': None, 'base_level': 'Ground', 'floor_segments': ['first floor', '2nd Floor', '3rd Floor'], 'total_floors_above_base': 3}]",['Chennai'],
V:\Project\Project_Stick\data_source\raw\TNRERA\2025\TN_29_Building_0055_2025.pdf,JKB GANPATH,"Door No.71, 71/2 Ganapathy Street, West Mambalam, Chennai-33, Comprised in Old T.S.No.30/1, New T.S.No.30/5 & 30/9, Block No.48 of Puliyur Village",Non-High Rise Building (NHRB),Residential,935.00,25,Under Construction,31/03/2027,13.04315,80.22492,12,8,2,85000000,83000000,-,168000000,0.00,2425.54,-,[],[],['Chennai'],
V:\Project\Project_Stick\data_source\raw\TNRERA\2025\TN_29_Building_0060_2025.pdf,ATH THE PALLADIUM,"Plot No. 158, Defence Officers Colony, 12th Cross Street, Nandambakkam, Chennai – 600 032. Comprised in S.No. 163/13, Nandambakkam Village, Alandur Taluk, Within the Limits of Greater Chennai Corporation",Non-High Rise Building (NHRB),Residential,550,10,Under Construction,01/09/2027,13.025053,80.201401,12,5,2,67035310,65988390,-,133023700,0.00,1428.74,-,[],[],['Chennai'],
V:\Project\Project_Stick\data_source\raw\TNRERA\2025\TN_29_Building_0065_2025.pdf,-,"Plot No.134, Old Survey no. 592/1B part, 589/2 part, 589/3 part, 593/1C part, 592/1A part, 593/1B part & New Survey no: 592/1A2 & 593/1B2 of Sholinganallur Village within the limit of Greater Chennai Corporation",Non-High Rise Building (NHRB),Residential,550,15,Not Yet Started,12/12/2026,125353.3,801256.7,11,6,0,25070000,64500000,-,89570000,0.00,1430.00,-,[],[],['Chennai'],
V:\Project\Project_Stick\data_source\raw\TNRERA\2025\TN_29_Building_0066_2025.pdf,CASAGRAND WESLEY,"T.S No.23, panchaliamman kovil street, Arumbakkam village, chennai - 600106",Non-High Rise Building (NHRB),Residential,893.72,12,Not Yet Started,30/11/2026,13.075814,80.210581,19,2,2,87500000,71941158,-,159441158,0.00,1786.86,-,[],[],['Chennai'],
V:\Project\Project_Stick\data_source\raw\TNRERA\2025\TN_29_Building_0068_2025.pdf,KCEE KAMALALAYAM,"Plot No.12, Old Door No.10, New Door No.21, Ramachandra Street, T.Nagar, Chennai-600017.",Non-High Rise Building (NHRB),Residential,534.19,10,Not Yet Started,31/05/2027,13.044934529442672,80.23047146932295,7,3,1,37415400,69700000,-,107115400,0.00,1312.06,-,[],[],['Chennai'],
V:\Project\Project_Stick\data_source\raw\TNRERA\2025\TN_29_Building_0069_2025.pdf,-,STILT FLOOR + F.F (SHOW ROOM & OFFICE) + SF ( SERVICE AREA) + T.F (1 DEWLLING UNIT) + F.F ( 1 DWELLING UNIT),Non-High Rise Building (NHRB),Mixed Development,545.71,2,Completed,,13.09,80.20,8,3,1,80000000,25000000,-,105000000,0.00,382.26,499.39,[],"[{'block': None, 'base_level': 'Stilt', 'floor_segments': [], 'total_floors_above_base': 0}]",['Chennai'],
V:\Project\Project_Stick\data_source\raw\TNRERA\2025\TN_29_Building_0071_2025.pdf,RAMANIYAM SRIDEVI,"New Door No.6, Old Door No.5/2, 4th Trust Cross Street, Mandavelipakkam, Chennai – 600 028 Comprised in R.S.No. 4311/2A Part as per Document and R.S.No.4311/224 as per Patta, Block No.97 of Mylapore Village (Part -2), Mylapore Taluk, Greater Chennai Corporation, Zone – IX, Division No – 126",Non-High Rise Building (NHRB),Residential,784.80,10,Not Yet Started,25/11/2032,13.02636,80.26875,18,2,2,107652000,92871527,-,200523527,0.00,2085.70,-,[],[],['Chennai'],
V:\Project\Project_Stick\data_source\raw\TNRERA\2025\TN_29_Building_0073_2025.pdf,Bhaggyam Komala,"Plot no.11, old door no.15 &16, new door no.5&7, Visweswarapuram street, Mylapore, Chennai-600004 comprised in r.s.no.1648/26 & 1648/12, block no.34 of Mylapore village within the limits of Greater Chennai Corporation. Division 123, Zone -9",Non-High Rise Building (NHRB),Residential,625.5,9,Under Construction,31/12/2027,13.0363,80.2589,9,3,1,200000000,85056435,-,285056435,0.00,1587.27,-,[],[],['Chennai'],
V:\Project\Project_Stick\data_source\raw\TNRERA\2025\TN_29_Building_0074_2025.pdf,RC ROSE WOOD,Stilt + 5 floors with 50 nos of Dwelling units at vilangadupakkam village within puzhal panachayat union limits,Non-High Rise Building (NHRB),Residential,1906,50,Not Yet Started,31/05/2028,13.384276,81.507023,22,5,1,24000000,212700000,-,236700000,0.00,3968.80,-,[],"[{'block': None, 'base_level': 'Stilt', 'floor_segments': ['5 floors'], 'total_floors_above_base': 5}]",['Chennai'],
V:\Project\Project_Stick\data_source\raw\TNRERA\2025\TN_29_Building_0076_2025.pdf,ADMIRALTY ESTATES,"""Proposed construction of Group Housing Development comprising 2 Blocks; Combined Double Basement floor for 2 Blocks; Block 1 – Combined Double Basement Floor + Ground Floor + 3 Floors + 4th Floor Part (Height 18.30 m) Residential Building with 9 dwelling units with Gym, Games Room and Swimming Pool in Fourth Floor Part; Block 2 – Combined Double Basement Floor + Ground Floor + 3 Floors + 4th Floor Part (Height 18.30 m) Residential Building with 5 dwelling units; Totally 14 Dwelling Units availing Premium FSI with TOD Benefit at Door No. 5/11, Rutland Gate 4th Street, Nungambakkam, Chennai, comprised in Old S.No. 330 and T.S. No:58/28, 58/117 & 58/118, Block No. 12 of Nungambakkam village within the limits of Greater Chennai Corporation""",Non-High Rise Building (NHRB),Residential,2318.50,14,Under Construction,05/01/2033,13.058918,80.250799,66,0,7,309454400,232900000,-,542354400,0.00,5984.15,0.00,"[18.3, 18.3]",[],['Chennai'],
V:\Project\Project_Stick\data_source\raw\TNRERA\2025\TN_29_Building_0077_2025.pdf,ANANTI GURU KRIPA,"STILT +3 FLOORS RESIDENTIAL BUILDING WITH 11 DWELLING UNITS IN T.S.NO.68, MAMBALAM VILLAGE",Non-High Rise Building (NHRB),Residential,557,11,Under Construction,31/01/2029,13.030126224839421,80.22132281905598,10,0,1,47500000,54055600,-,101555600,0.00,1106.92,0.00,[],"[{'block': None, 'base_level': 'Stilt', 'floor_segments': ['3 FLOORS'], 'total_floors_above_base': 3}]",['Chennai'],
V:\Project\Project_Stick\data_source\raw\TNRERA\2025\TN_29_Building_0078_2025.pdf,Pillaiyar Koil Thottam Scheme (S+11),"Construction of 306+2 (S+11) tenements adopting T.D No : 92/2022 including internal water supply, sanitary and electrification arrangements including development works at Pillaiyarkoil thottam Scheme in Chennai District under HFA /PMAY/AHP in Corpn.Dn.119, Zone – IX.",High Rise Building (HRB),Residential,4722.33,308,Not Yet Started,20/11/2026,13.029945,80.266023,0,0,0,0,545921000,-,545921000,0.00,0.00,-,[],"[{'block': None, 'base_level': 'Stilt', 'floor_segments': ['11'], 'total_floors_above_base': 11}]",['Chennai'],
V:\Project\Project_Stick\data_source\raw\TNRERA\2025\TN_29_Building_0079_2025.pdf,"Reconstruction of 242 tenements plus one unit for refuge area (Silt+9) at Chetty Thottam Scheme in Greater Chennai Corporation Division No. 52, Zone - V under HFA vertical-III (AHP) of PMAY","Reconstruction of 242 tenements plus one unit for refuge area (Silt+9) adopting Type design No.29(R1)/2021 including internal water supply and electrification arrangements with development works at Chetty Thottam Scheme in Greater Chennai Corporation Division No. 52, Zone - V under HFA vertical-III (AHP) of PMAY.",Non-High Rise Building (NHRB),Residential,4099.10,243,Under Construction,31/08/2026,13.106402,80.291482,0,0,0,183842,453625000,-,453808842,0.00,9042.39,-,[],[],['Chennai'],
V:\Project\Project_Stick\data_source\raw\TNRERA\2025\TN_29_Building_0082_2025.pdf,Powerkuppam Scheme 64 ( G+3 Floors),"64 TENEMENTS AT POWERKUPPAM SCHEME IN R.S.NO.3524 PART, 3527/1 and 2part, 3528/1 and 5, BLOCK.NO 52 OF TONDIARPET VILLAGE IN CHENNAI CORPORATION DIVISION 43 OF GCC ZONE-IV.",Non-High Rise Building (NHRB),Residential,10543,64,Not Yet Started,31/03/2026,13733.32,801743.30,0,0,0,,,,,0.00,-,-,[],[],['Chennai'],"Land_Cost, Construction_Cost, Total_Project_Cost"
V:\Project\Project_Stick\data_source\raw\TNRERA\2025\TN_29_Building_0083_2025.pdf,Urbanrise Maheshwari The Lakes Edge,Madhavaram Village Madhavaram Taluk and Chennai District.,High Rise Building (HRB),Mixed Development,19789.13,556,Not Yet Started,30/09/2028,13.8,80.13,545,121,46,68000000,976345000,-,1044345000,0.00,55909.05,9041.16,[],[],['Chennai'],
V:\Project\Project_Stick\data_source\raw\TNRERA\2025\TN_29_Building_0085_2025.pdf,A E APARTMENT REDEVELOPMENT,REDEVELOPMENT OF AE APARTMENT VALASARAVAKKAM,Non-High Rise Building (NHRB),Residential,724,20,Under Construction,31/12/2026,13.039689,80.180572,17,5,2,38600100,76000000,-,114600100,0.00,2022.54,0.00,[],[],['Chennai'],
V:\Project\Project_Stick\data_source\raw\TNRERA\2025\TN_29_Building_0086_2025.pdf,NATTAN THOTTAM,"Construction of 252 (S+9) tenements adopting T.D No : 104/2022 including internal water supply, sanitary and electrification arrangements including development works at Nattan Thottam Scheme in Chennai District under HFA /PMAY/AHP in Corpn.Dn.124, Zone – IX.",High Rise Building (HRB),Residential,3861.70,251,Under Construction,14/12/2025,13.040503,80.270678,0,0,0,0,329961569,000,329961569,0.00,-,0.00,[],"[{'block': None, 'base_level': 'Stilt', 'floor_segments': ['9'], 'total_floors_above_base': 9}]",['Chennai'],
V:\Project\Project_Stick\data_source\raw\TNRERA\2025\TN_29_Building_0088_2025.pdf,PERFECT ASWIN,"Stilt floor + 3 floors(Height – 12m)Residential Building with 12 dwelling units Availing Premium FSI at Old Door No.36, New Door No.163, East Mada Street,Thiruvanmiyur, Chennai comprised in Old S.No.193/44A, T.S.No.57,Block No.60, Ward 1 of Thiruvanmiyur Village within the limit of Greater Chennai Corporation.",Non-High Rise Building (NHRB),Residential,634.20,12,Under Construction,31/07/2025,12.983195,80.26193,10,2,2,48880000,47000000,-,95880000,0.00,1303.79,-,[12.0],"[{'block': None, 'base_level': 'Stilt', 'floor_segments': ['3 floors'], 'total_floors_above_base': 3}]",['Chennai'],
V:\Project\Project_Stick\data_source\raw\TNRERA\2025\TN_29_Building_0089_2025.pdf,Harbour Area Scheme ( S+9 Floors),"Reconstruction of 270 tenements ( S+9 Floors) at Harbour Area Scheme in Corpn Dn: 60, Zone-V of GCC R.S Survey No: 3692,3700 and 3701 Block 33 VOC Nagar Village",High Rise Building (HRB),Residential,4400.28,270,Not Yet Started,06/10/2029,13064.9,8017363,0,0,0,0,514611000,-,514611000,0.00,0.00,-,[],"[{'block': None, 'base_level': 'Stilt', 'floor_segments': ['9 Floors'], 'total_floors_above_base': 9}]",['Chennai'],
V:\Project\Project_Stick\data_source\raw\TNRERA\2025\TN_29_Building_0091_2025.pdf,QLP LLP EMERALD,QUINCE LIVERAS PROPERTIES LLP - EMERALD PROJECT,Non-High Rise Building (NHRB),Residential,794,16,Under Construction,16/10/2032,12.970406,80.223854,11,7,2,70000000,80000000,-,150000000,0.00,1688.90,-,[],[],['Chennai'],
V:\Project\Project_Stick\data_source\raw\TNRERA\2025\TN_29_Building_0092_2025.pdf,NAHAR ARISTA,Stilt Floor + 4 Floors + 5th Floor (Part) Residential Building with 36 Dwelling units,Non-High Rise Building (NHRB),Residential,1839,36,Not Yet Started,31/03/2028,12.964565,80.242588,20,32,4,167203720,363118100,-,530321820,0.00,4775.47,-,[],"[{'block': None, 'base_level': 'Stilt', 'floor_segments': ['4 Floors', '5th Floor'], 'total_floors_above_base': 5}]",['Chennai'],
V:\Project\Project_Stick\data_source\raw\TNRERA\2025\TN_29_Building_0093_2025.pdf,V R RESIDENCES,"Residential Building With 9 Dwelling Units Availing Premium FSI With TOD benefit at New Door No. 25, Old Door No.14, 15th Main Road & 11th Main Road, H-Block, Anna Nagar, Chennai – 600 040, Comprised In Old S.No.207/1A1A Part, T.S. No:10, Block No. 14 Of Koyambedu Village, Aminjikarai Taluk, Chennai District Within The Limits Of Greater Chennai Corporation",Non-High Rise Building (NHRB),Residential,680,9,Under Construction,31/08/2026,13.0866740,80.2060040,19,1,2,98000000,86500000,-,184500000,0.00,1768.06,-,[],[],['Chennai'],
V:\Project\Project_Stick\data_source\raw\TNRERA\2025\TN_29_Building_0095_2025.pdf,Nivedha's Padmalaya,Stilt + 5 apartment,Non-High Rise Building (NHRB),Residential,639.69,15,Not Yet Started,30/11/2026,13.028025,80.267834,15,0,2,73700000,90294000,-,163994000,0.00,1774.40,-,[],"[{'block': None, 'base_level': 'Stilt', 'floor_segments': ['5'], 'total_floors_above_base': 5}]",['Chennai'],
V:\Project\Project_Stick\data_source\raw\TNRERA\2025\TN_29_Building_0096_2025.pdf,COSMOS PROPERTY,"PLOT NO.60/61/62, NEHRU NAGAR, SECOND LINK ROAD, RAJIV GANDHI SALAI, KOTTIVAKKAM, CHENNAI -600 041",Non-High Rise Building (NHRB),Commercial,668.90,,Completed,,125827.2,801454.9,9,2,1,35660800,28553420,-,64214220,0.00,0.00,1313.39,[],[],['Chennai'],Total_Dwelling_Units
V:\Project\Project_Stick\data_source\raw\TNRERA\2025\TN_29_Building_0098_2025.pdf,RAGHAV MANOR,"South Sivan Kovil Street, Kodambakkam, Chennai-600024",Non-High Rise Building (NHRB),Residential,998.70,16,Not Yet Started,30/06/2028,13.052644,80.218520,18,1,2,125874216,75476091,-,201350307,0.00,1939.26,-,[],[],['Chennai'],
V:\Project\Project_Stick\data_source\raw\TNRERA\2025\TN_29_Building_0100_2025.pdf,TULASI,"Residential apartments of Stilt + Five Floors with 10 Dwelling units at Door No. E-1 to E6, Block-E, 54th Street, 56th Street, Ashok Nagar, Chennai – 600 083, comprised in Old S.No.220/5 Part, T.S.No.2, Block No.72 OF Kodambakkam Village, Mambalam Taluk, Chennai District",Non-High Rise Building (NHRB),Residential,633.50,10,Under Construction,31/08/2026,13.032208785075582,80.21484599686369,10,0,1,55200000,84100000,-,139300000,0.00,1651.88,-,[],"[{'block': None, 'base_level': 'Stilt', 'floor_segments': ['Five Floors'], 'total_floors_above_base': 5}]",['Chennai'],
V:\Project\Project_Stick\data_source\raw\TNRERA\2025\TN_29_Building_0101_2025.pdf,Pushkar Serenity,"CONSTRUCTION OF STILT FLOOR + 5FLOORS (HEIGHT 18.30m.) RESIDENTIAL BUILDING WITH 20 DWELLING UNITS AVAILING PREMIUM FSI AT M- 8, OLD D. No. : 150F, NEW D. No. 113/8F, M.I.G. COLONY, L.B. ROAD, THIRUVANMIYUR CHENNAI - 600 041. COMPRISED IN OLD S. No. : 30/1 PART, T. S. No. : 171/6, BLOCK No. : 10, OF THIRUVANMIYUR VILLAGE, WITHIN THE LIMITS OF GREATER CHENNAI CORPORATION, DIVISION No. : 180, ZONE - 13.",Non-High Rise Building (NHRB),Residential,1058,20,Under Construction,31/08/2026,12.983319316353287,80.25468391706137,20,0,2,15500000,106500000,-,122000000,0.00,2471.79,-,[18.3],[],['Chennai'],
V:\Project\Project_Stick\data_source\raw\TNRERA\2025\TN_29_Building_0102_2025.pdf,-,"door No.3&4, Paul Appasamy Street, T.Nagar, Chennai – 600017, Comprised in T.S.No.8319/3, 8327/1 & 8328, Block No.109 of Theyagaraya Nagar village within the limits of Greater Chennai Corporation Tamil Nadu",Non-High Rise Building (NHRB),Commercial,1264.40,,Under Construction,31/12/2025,13.04897440337581,80.24151885554551,16,0,0,94519000,40000000,-,134519000,0.00,0.00,1891.35,[],[],['Chennai'],Total_Dwelling_Units
V:\Project\Project_Stick\data_source\raw\TNRERA\2025\TN_29_Building_0104_2025.pdf,KURINJI ELITE,"The proposed construction of Stilt floor+4 floors Residential Building (Height-14.95m) with 16 Dwelling units availing premium FSI with TOD benefit at Door No 326/1 to 326/6 and 328/1 to 328/6, Block No:174 and 175, Kurinji Colony 4th avenue and 6th avenue, Shanthi colony, Anna Nagar, Chennai comprised in T.S.No:60/1, Block No:19 of Koyambedu village within the limits of greater chennai corporation",Non-High Rise Building (NHRB),Residential,1040.51,16,Under Construction,03/06/2032,13.083003,80.202012,9,7,2,178080000,58880000,-,236960000,0.00,2216.44,-,[14.95],[],['Chennai'],
V:\Project\Project_Stick\data_source\raw\TNRERA\2025\TN_29_Building_0105_2025.pdf,PEARL ASTER,"PROPOSED CONSTRUCTION OF STILT FLOOR (PARKING) + 5 FLOORS (18.30M - HEIGHT) RESIDENTIAL BUILDING WITH 15 DWELLING UNITS (AFFORDABLE HOUSING) AT PLOT NOS. 4 & 5 (AS PER CMDA APPROVED LAYOUT P.P.D./L. O No.96/1992), 7TH STREET AND 12TH STREET, SOWMYA NAGAR, PERUMBAKKAM, CHENNAI - 600100. COMPRISED IN OLD S.NO.429 / 2J (PART), NEW S.NO.429 / 2J1C (AS PER PATTA) OF PERUMBAKKAM VILLAGE WITHIN THE LIMITS OF ST. THOMAS MOUNT PANCHAYAT UNION",Non-High Rise Building (NHRB),Residential,555.54,15,Not Yet Started,31/03/2027,12.906967,80.19288,4,0,1,33855000,44100000,-,93955000,,,,[],"[{'block': None, 'base_level': 'Stilt', 'floor_segments': ['5 FLOORS'], 'total_floors_above_base': 5}]",['Chennai'],FSI_Other_Residential
V:\Project\Project_Stick\data_source\raw\TNRERA\2025\TN_29_Building_0108_2025.pdf,AANIRUDH RAMANJANEYA,"Stilt floor+ 5 floors Residential Building (Height-18.00m) with 20 dwelling units Availing Premium FSI with TOD Benefit at Door No.20/18, Plot Nos. 17 & 18, Ram Nagar 8th street, Nanganallur, Chennai- 600061 comprised in Old S.No.93, T.S.No.70 & 73, Block No.14, Ward E of Adambakkam Village, Alandur Town within the Limits of Greater Chennai Corporation.",Non-High Rise Building (NHRB),Residential,723.50,20,Not Yet Started,30/06/2028,12.59,80.11,9,11,0,45000000,55000000,-,100000000,0.00,1873.69,-,[18.0],"[{'block': None, 'base_level': 'Stilt', 'floor_segments': ['5 floors'], 'total_floors_above_base': 5}]",['Chennai'],
V:\Project\Project_Stick\data_source\raw\TNRERA\2025\TN_29_Building_0109_2025.pdf,Sreshta Tangirala,Residential Stilt +5 Floors 10 Units,High Rise Building (HRB),Residential,729.65,10,Under Construction,30/06/2025,13.035501,80.261692,21,1,1,172788000,50217025,-,223005025,0.00,1853.61,-,[],"[{'block': None, 'base_level': 'Stilt', 'floor_segments': ['5 Floors'], 'total_floors_above_base': 5}]",['Chennai'],
V:\Project\Project_Stick\data_source\raw\TNRERA\2025\TN_29_Building_0110_2025.pdf,Krishna Grand,Private Office - Commercial,Non-High Rise Building (NHRB),Commercial,925,,Completed,,130249.2,800636.0,7,4,1,2918000,25000000,-,27918000,0.00,0.00,1284.83,[],[],['Chennai'],Total_Dwelling_Units
V:\Project\Project_Stick\data_source\raw\TNRERA\2025\TN_29_Building_0111_2025.pdf,HANSA CENTURION,"Block-A; Stilt floor + 5 floors with 30 Residential Dwelling Units and Block-B; Stilt floor + 5 floors with 20 Residential Dwelling Units, Totelly 50 Dwelling Units at Plot Nos.46,47,58,59 & 60, Door No.1, Shanmugapuram 7th Street, Comprised in Old Survey No.548/Part1A1A1A1A1B1A, T S No.66, Block No.3, Ward-G, Tiruvottiyur, Chennai-600 019",Non-High Rise Building (NHRB),Residential,1633.32,50,Not Yet Started,30/09/2026,13.177382,80.299408,31,6,0,26362500,223487500,-,249850000,0.00,4197.44,-,[],"[{'block': None, 'base_level': 'Stilt', 'floor_segments': ['5 floors', '5 floors'], 'total_floors_above_base': 10}]",['Chennai'],
V:\Project\Project_Stick\data_source\raw\TNRERA\2025\TN_29_Building_0112_2025.pdf,VIRAAM,"Group Housing Development comprising 3 Blocks: Block A – Stilt floor + 4 floors + 5th floor (Part) (Height – 18.30m) Residential Building with 40 dwelling units: Block B – Stilt floor + 4 floors + 5th floor (Part) (Height – 18.30m) Residential Building with 40 dwelling units; Block C – Stilt floor + 3 floor (Height – 12.60m) Amenities Block (GYM, Play Area and Home Theatre) - Totally 80 dwelling units for Affordable Housing at Mangadu, Chennai Comprised S.No.475/1A1B of Mangadu Village, within the limit of Mangadu Municipality",Non-High Rise Building (NHRB),Residential,3036.24,80,Under Construction,24/12/2032,13.0240,80.1145,56,19,75,144107000,240000000,-,384107000,0.00,7618.55,216.33,"[18.3, 18.3, 12.6]","[{'block': 'Block A – Stilt floor + 4 floors + 5th floor (Part) (Height – 18.30m) Residential Building with 40 dwelling units', 'base_level': 'Stilt', 'floor_segments': ['4 floors', '5th floor', '3 floor'], 'total_floors_above_base': 8}]",['Chennai'],
V:\Project\Project_Stick\data_source\raw\TNRERA\2025\TN_29_Building_0114_2025.pdf,NAHAR EAST,16 Residential Apartments in Two blocks,Non-High Rise Building (NHRB),Residential,538,16,Under Construction,30/06/2027,12.983499,80.261985,8,1,0,52217447,82500000,-,134717447,0.00,1315.29,0.00,[],[],['Chennai'],
V:\Project\Project_Stick\data_source\raw\TNRERA\2025\TN_29_Building_0118_2025.pdf,BHARATH FLATS,"Plot No. C-38A, New Door No.12, Old Door No.14, Nanganallur 43rd Street & 44th Street, Nanganallur, Chennai 600 061",Non-High Rise Building (NHRB),Residential,576.55,18,Under Construction,31/12/2025,12.98215922751133,80.18647364708312,7,4,1,25000000,40000000,-,65000000,0.00,1485.14,-,[],[],['Chennai'],
V:\Project\Project_Stick\data_source\raw\TNRERA\2025\TN_29_Building_0119_2025.pdf,ARCADIA,"Plot No.10A, Classic Farms Avenue Road, Classic Retreat, Sholinganallur, Chennai – 600 119. Comprised in Old Survey No.602/1K, & 602/2L, New Survey No.602/2B19A, 602/2B19B & 602/2B19C of Sholinganallur Village, within the limit of Greater Chennai Corporation.",Non-High Rise Building (NHRB),Residential,600,11,Under Construction,31/12/2025,12.897466,80.219368,11,0,0,17623680,20359279,-,37982959,0.00,1159.33,0.00,[],[],['Chennai'],
V:\Project\Project_Stick\data_source\raw\TNRERA\2025\TN_29_Building_0123_2025.pdf,SAI VINAYAK,"Plot No.A (Plot No.95,96,101&102), 5th Main Road, Kamakoti Nagar, Pallikaranai, Chennai-600100",Non-High Rise Building (NHRB),Residential,590.00,15,Under Construction,31/12/2027,12.940149,80.210090,15,4,1,31254700,57643500,-,88898200,0.00,1528.04,-,[],[],['Chennai'],
V:\Project\Project_Stick\data_source\raw\TNRERA\2025\TN_29_Building_0124_2025.pdf,IYRA MARVEL,"Proposed Construction of Stilt Floor (Mechanized car parking) + 5 Floors (Office) (Height 18.30m) Commercial Building at Plot No.329 and 330, Old Door No. 27 and 28, New Door No. 59 and 61, First Avenue, Indra Nagar, Adyar, Chennai comprised in Old S.No. 4part, T.S.No. 27 and 28, Block No.13 of Kalikundram village within the limits of Greater Chennai Corporation.",Non-High Rise Building (NHRB),Commercial,791.43,,Under Construction,31/12/2025,12.99865,80.25158,17,2,2,130000000,70000000,-,200000000,0.00,0.00,2242.04,[18.3],"[{'block': None, 'base_level': 'Stilt', 'floor_segments': ['5 Floors'], 'total_floors_above_base': 5}]",['Chennai'],Total_Dwelling_Units
V:\Project\Project_Stick\data_source\raw\TNRERA\2025\TN_29_Building_0126_2025.pdf,Endee Sadhasivam,"PLAN SHOWING THE PROPOSED CONSTRUCTION OF STILT FLOOR + 5 FLOORS (18.0M HEIGHT) RESIDENTIAL BUILDING WITH 10 DWELLING UNITS AVAILING PREMIUM FSI WITH TOD BENEFITS AT NEW DOOR NO.13, OLD DOOR NO.7, THIRUVENKADAM STREET, RAJA ANNAMALAIPURAM, CHENNAI 600028 COMPRISED IN R.S.NO.4119/8, BLOCK NO.89 OF MYLAPORE VILLAGE WITHIN THE LIMITS OF GREATER CHENNAI CORPORATION",Non-High Rise Building (NHRB),Residential,534.19,10,Under Construction,03/03/2025,13.0250000,80.2630560,8,3,1,78000000,39000000,-,117000000,0.00,1335.68,-,[],"[{'block': None, 'base_level': 'Stilt', 'floor_segments': ['5 FLOORS'], 'total_floors_above_base': 5}]",['Chennai'],
V:\Project\Project_Stick\data_source\raw\TNRERA\2025\TN_29_Building_0128_2025.pdf,CHAMBERS,Proposed construction of Basement floor (TW Parking) + Stilt floor (Part) (Pit Puzzle Parking) / Ground floor (Part) + 4 floors Commercial Building (Shop – GF; Office – 1st to 4th floor) (18.30m Height),Non-High Rise Building (NHRB),Commercial,1816.50,,Not Yet Started,31/07/2032,13.01093,80.22262,33,5,3,23600000,190000000,-,213600000,0.00,0.00,4316.08,[],"[{'block': None, 'base_level': 'Ground', 'floor_segments': ['4 floors', '4th floor'], 'total_floors_above_base': 5}]",['Chennai'],Total_Dwelling_Units
V:\Project\Project_Stick\data_source\raw\TNRERA\2025\TN_29_Building_0129_2025.pdf,ANTARES,Stilt +4+5th floor(Part)Height -18.30m Residential Building with 15 dwelling,Non-High Rise Building (NHRB),Residential,882,15,Not Yet Started,13/03/2030,12.917172,80.227694,18,0,2,64000000,86185716,-,150185716,0.00,2287.69,-,[18.3],"[{'block': None, 'base_level': 'Stilt', 'floor_segments': ['4', '5th floor'], 'total_floors_above_base': 5}]",['Chennai'],
V:\Project\Project_Stick\data_source\raw\TNRERA\2025\TN_29_Building_0141_2025.pdf,PROVIDENCE,STILT + 5 FLOORS RESIDENTIAL BUILDING,Non-High Rise Building (NHRB),Residential,1032.61,15,Not Yet Started,31/01/2028,13.060230,80.245379,28,0,2,170000000,9900000,-,179900000,0.00,2662.15,-,[],"[{'block': None, 'base_level': 'Stilt', 'floor_segments': ['5 FLOORS'], 'total_floors_above_base': 5}]",['Chennai'],
V:\Project\Project_Stick\data_source\raw\TNRERA\2025\TN_29_Building_0142_2025.pdf,Cinnamon Homes-Blossom,"STILT FLOOR + 5 FLOORS RESIDENTIAL BUILDING WITH 20 DWELLING UNITS AT BLOCK NO-19 & 20, VELLALAR STREET, MOGAPPAIR, CHENNAI-600 037. COMPRISED IN OLD S.NO- 249/2A PART AND T.S.NO. 76/2, BLOCK NO-36, WARD 9 (059), MOGAPPAIR WARD-H OF AMBATTUR TOWN WITHIN THE LIMITS OF GREATER CHENNAI CORPORATION.",Non-High Rise Building (NHRB),Residential,922,20,Under Construction,31/12/2027,13.08368,80.17531,22,3,3,74500000,85000000,-,159500000,0.00,2578.19,-,[],"[{'block': None, 'base_level': 'Stilt', 'floor_segments': ['5 FLOORS'], 'total_floors_above_base': 5}]",['Chennai'],
V:\Project\Project_Stick\data_source\raw\TNRERA\2025\TN_29_Building_0145_2025.pdf,BBCL DHRITI,Proposed construction of Stilt Floor + 5 floors Residential building (Height 18.00m) with 20 Dwelling units availing Premium FSI,Non-High Rise Building (NHRB),Residential,891.86,20,Not Yet Started,08/01/2033,12.959626,80.209981,12,8,3,26400000,82979320,-,109379320,0.00,2260.51,-,[18.0],"[{'block': None, 'base_level': 'Stilt', 'floor_segments': ['5 floors'], 'total_floors_above_base': 5}]",['Chennai'],
V:\Project\Project_Stick\data_source\raw\TNRERA\2025\TN_29_Building_0146_2025.pdf,SILVER SPRINGS,"Planning Permission for the proposed construction of Stilt Floor + 5 Floors (Height - 18.30m) Residential Building with 14 Dwelling units Availing Premium FSI with TOD Benefit at Plot No. 12 Part & Plot No.13, Kannan Nagar 1st Street (Kannan Nagar 1st Cross Street), Nanganallur, Chennai – 600 061 Comprised in Old.S.Nos. 87/4 Part, 87/5 Part, 88/4 Part & 88/5 Part, and T.S.No.22/2, 23, 29/2 & 29/3, Ward – D, Block No.26 of Thalakkancheri Village within the Limits of Greater Chennai Corporation",Non-High Rise Building (NHRB),Residential,751.00,14,Under Construction,31/12/2030,12.969897,80.18958,15,3,2,81040000,70000000,-,151040000,0.00,1915.81,-,[18.3],"[{'block': None, 'base_level': 'Stilt', 'floor_segments': ['5 Floors'], 'total_floors_above_base': 5}]",['Chennai'],
V:\Project\Project_Stick\data_source\raw\TNRERA\2025\TN_29_Building_0147_2025.pdf,Sagar Springs Sagar Grandhi Constructions,"Proposed construction of Stilt Floor + 5 Floors (Height – 18.30 m) Residential Building with 15 Dwelling Units Availing Premium FSI at Plot No. 52, 2nd Cross Street, Classic Retreat, Sholinganallur, Chennai – 600 119. Comprised in S.No. 590/1A8, 591/1A18 & 592/1A15 of Sholinganallur Village within the limit of Greater Chennai Corporation",Non-High Rise Building (NHRB),Residential,550,15,Under Construction,30/12/2029,12.895906,80.218308,13,4,0,19800000,50000000,-,69800000,0.00,1488.51,-,[18.3],"[{'block': None, 'base_level': 'Stilt', 'floor_segments': ['5 Floors'], 'total_floors_above_base': 5}]",['Chennai'],
V:\Project\Project_Stick\data_source\raw\TNRERA\2025\TN_29_Building_0150_2025.pdf,INDIVIDUAL,SLIT + 3 FLOORS COMMERCIAL OWN BUILDING,Non-High Rise Building (NHRB),Commercial,427.5,,Completed,,13.0721938,80.2598699,6,2,0,79920500,17365023,-,97285523,0.00,0.00,709.41,[],"[{'block': None, 'base_level': None, 'floor_segments': ['3 FLOORS'], 'total_floors_above_base': 3}]",['Chennai'],Total_Dwelling_Units
V:\Project\Project_Stick\data_source\raw\TNRERA\2025\TN_29_Building_0151_2025.pdf,BBCL SANSKRITI,STILT + 5 FLOORS CONSISTING 20 DWELLING UNITS,Non-High Rise Building (NHRB),Residential,890.28,20,Under Construction,24/08/2031,13.0435,80.2200,20,2,2,70000000,80000000,21000000,171000000,0.00,2445.30,-,[],"[{'block': None, 'base_level': 'Stilt', 'floor_segments': ['5 FLOORS'], 'total_floors_above_base': 5}]",['Chennai'],
V:\Project\Project_Stick\data_source\raw\TNRERA\2025\TN_29_Building_0156_2025.pdf,KHURINJI VERBENA,"PLOT NO.4 & 5, OLD DOOR NO.8 & 9, NEW DOOR NO.6 & 8, VENKATARATHNAM NAGAR EXTENSION 1ST STREET, ADYAR, CHENNAI",Non-High Rise Building (NHRB),Residential,502.78,10,Not Yet Started,13/02/2033,12.999972,80.249779,8,2,1,62000000,71500000,-,133500000,0.00,1306.91,-,[],[],['Chennai'],
V:\Project\Project_Stick\data_source\raw\TNRERA\2025\TN_29_Building_0159_2025.pdf,RAMANIYAM ASHOK VIHAR,"Plot No.A-64, New Door No.21/1 to 16, Old Door No.20/1 to 16, Ashok Vihar Apartments, 11th Avenue , Ashok Nagar, Chennai – 600 083 comprised in Old S.No.223 part, T.S.No.5, Block No.72 of Kodambakkam Village (Part – II), Mambalam Taluk, Greater Chennai Corporation, Zone : X, Division No – 135",Non-High Rise Building (NHRB),Residential,708.84,20,Not Yet Started,02/02/2033,13.031411,80.215354,20,0,2,83930000,68654523,-,152584523,0.00,1906.35,-,[],[],['Chennai'],
V:\Project\Project_Stick\data_source\raw\TNRERA\2025\TN_29_Building_0160_2025.pdf,ROOHI'S ANIKA,"Address : old door no.8,9,4,5,6 New door no. 21,23,11,13,15, Sengalaneer pillaiyar kovil street, mylapore, chennai 600004 Block : 1 No of Units : 15",Non-High Rise Building (NHRB),Residential,572.84,15,Under Construction,31/12/2025,13.034522,80.270596,10,0,0,67826000,36563000,-,104389000,0.00,1140.95,-,[],[],['Chennai'],
V:\Project\Project_Stick\data_source\raw\TNRERA\2025\TN_29_Building_0162_2025.pdf,JONES VISTA,CONSTRUCTION OF STILT FLOOR + GROUND FLOOR (PART) GYM + 4 FLOORS +5TH FLOOR (PART) RESIDENTIAL BUIDING .,Non-High Rise Building (NHRB),Residential,1851,36,Under Construction,03/10/2029,125825.2,801242.3,39,2,4,69699000,175600000,-,245299000,0.00,4663.79,-,[],"[{'block': None, 'base_level': 'Ground', 'floor_segments': ['4 FLOORS', '5TH FLOOR'], 'total_floors_above_base': 5}]",['Chennai'],
V:\Project\Project_Stick\data_source\raw\TNRERA\2025\TN_29_Building_0164_2025.pdf,SPECTRA,"Plot No.46, Door No.27, Trustpuram 2nd Cross Street, Kodambakkam, Chennai - 600024, T.S.No.35, Block No.24 of Puliyur Village",Non-High Rise Building (NHRB),Residential,647.50,15,Under Construction,31/12/2027,13.0543605,80.2227684,12,4,1,105000000,97500000,22500000,225000000,0.00,1811.91,0.00,[],[],['Chennai'],
V:\Project\Project_Stick\data_source\raw\TNRERA\2025\TN_29_Building_0165_2025.pdf,RAMALAKSHMI,PROPOSED CONSTRUCTION OF STILT FLOOR (PARKING) + 5 FLOORS (HEIGHT 18.30 M) RESIDENTIAL BUILDING WITH 15 DWELLING UNITS,Non-High Rise Building (NHRB),Residential,1320.14,15,Not Yet Started,31/12/2028,13.03833,80.24362,33,2,3,47100000,165280000,-,212380000,0.00,3694.50,-,[18.3],"[{'block': None, 'base_level': 'Stilt', 'floor_segments': ['5 FLOORS'], 'total_floors_above_base': 5}]",['Chennai'],
V:\Project\Project_Stick\data_source\raw\TNRERA\2025\TN_29_Building_0170_2025.pdf,DWARAKA DARSHAN,"The proposed construction of stilt floor (parking)+5 floors Residential building (18.30m height) with 10 Dwelling units availing premium FSI at Block No 79, Dwaraka flats, Ambattur estate- Thirumangalam Road, Anna Nagar Western Extension, Chennai-600101, Comprised on Old S.no:289 part of padi village, S.nos:297/3B, 297/1A Part, 1B Part, 2A Part, 2B Part, 290part, T.S.No:87/9, 87/10, 87/11, Block No:9, Ward-H of Mogappair Village within the limits of greater Chennai corporation.",Non-High Rise Building (NHRB),Residential,678.18,10,Under Construction,22/09/2032,13.0879883,80.1867667,6,4,1,72270000,41400000,-,113670000,,,,[],[],['Chennai'],FSI_Other_Residential
V:\Project\Project_Stick\data_source\raw\TNRERA\2025\TN_29_Building_0171_2025.pdf,Sagar Prime Sagar Grandhi Constructions,S.No. 590/1A8 of Sholinganallur Village,Non-High Rise Building (NHRB),Residential,600,20,Under Construction,30/12/2029,12.89300,80.21914,17,5,0,25000000,60000000,-,85000000,0.00,1550.83,-,[],[],['Chennai'],
V:\Project\Project_Stick\data_source\raw\TNRERA\2025\TN_29_Building_0174_2025.pdf,SRIVAARI ENCLAVE,"Planning Permission for the Proposed Construction of Stilt Floor (Parking) + 3 Floors Residential Building (Height -14.0m ) with 18 Dwelling units (Affordable Housing units) at Door No: 12, 12/2/1, 12/2B, Anandavelu Mudali Street, Perambur, Chennai, Comprised in R.S.No:440/70 and T.S.No:440/70, 440/242, 440/245, 440/263, Block No: 23, Ward -01 of Perambur Village within the limits of Greater Chennai Corporation",Non-High Rise Building (NHRB),Residential,631.74,18,Under Construction,31/12/2030,13.110584,80.246956,9,1,1,50000000,40000000,-,90000000,0.00,1276.27,-,[14.0],[],['Chennai'],
V:\Project\Project_Stick\data_source\raw\TNRERA\2025\TN_29_Building_0175_2025.pdf,"Construction of High Rise Building consisting of Extended Double Basement Floor + Ground Floor + 11 Floors for Commercial (Office/Retail Shop) Building Availing Premium FSI at Door no.112, Rajiv Gandhi Salai (OMR), Kandanchavadi, Perungudi, Chennai.","Construction of High Rise Building consisting of Extended Double Basement Floor (Each 2 levels Mechanized parking) + Ground Floor + 11 Floors for Commercial (Office/Retail Shop) Building Availing Premium FSI at Door no.112, Rajiv Gandhi Salai (OMR), Kandanchavadi, Perungudi, Chennai – 600 096. Comprised in Survey nos. 286/3B1A, 286/3B1B1, 286/3B2A, 286/3B2B1 of Kottivakkam village, Sholinganallur Taluk (Previously Tambaram Taluk), Chennai District, Greater Chennai Corporation Division No: 183, Zone:14",High Rise Building (HRB),Commercial,3380,11,Under Construction,06/01/2027,12.96791,80.24821,183,15,198,600000000,800000000,240000000,1640000000,0.00,0.00,13101.00,[],"[{'block': None, 'base_level': 'Ground', 'floor_segments': ['11 Floors'], 'total_floors_above_base': 11}]",['Chennai'],
V:\Project\Project_Stick\data_source\raw\TNRERA\2025\TN_29_Building_0176_2025.pdf,ASTER FLATS,"Plot No.B1, B2, B3, B4 & B5, Ravi Street, Medavakkam, Chennai – 600 100 comprised in Old.S.Nos.154/1 Part, 154/2B3 Part, 155/1 Part, 155/1C1A Part & S.No.154/2B3A2, 155/1C1A1, 155/1C1A2, 155/1C1B & 155/1C2 (Patta) of Medavakkam village within the Limits of St.Thomas Mount Panchayat Union",Non-High Rise Building (NHRB),Residential,982,19,Under Construction,31/12/2029,12.92648,80.189904,16,2,1,63500000,110000000,-,173500000,0.00,2506.01,-,[],[],['Chennai'],
V:\Project\Project_Stick\data_source\raw\TNRERA\2025\TN_29_Building_0178_2025.pdf,Etica Anantham,"STILT FLOOR + 5 FLOORS (18.25M HEIGHT) RESIDENTIAL BUILDING WITH 10 DWELLING UNITS ( Project registration for Second Floor 2 Dwelling Unit & Fourth Floor 2 Dwelling unit - Total 4 Dwelling Unit ) AT PLOT NO.3 & 4, NEW DOOR NO.27, OLD DOOR NO.14, CHINNAYA STREET, T.NAGAR, CHENNAI 600017, COMPRISED IN OLD PAIMASH NO.621 & 622 (DOCUMENT), AND T.S.NO.8347/3, BLOCK NO.109 OF T.NAGAR VILLAGE WITHIN THE LIMIT OF GREATER CHENNAI CORPORATION",Non-High Rise Building (NHRB),Residential,889,10,Not Yet Started,10/12/2030,13.047347,80.240334,14,10,2,100000000,110000000,-,210000000,0.00,2308.69,-,[],"[{'block': None, 'base_level': 'Stilt', 'floor_segments': ['5 FLOORS', 'Second Floor', 'Fourth Floor'], 'total_floors_above_base': 7}]",['Chennai'],
V:\Project\Project_Stick\data_source\raw\TNRERA\2025\TN_29_Building_0180_2025.pdf,ASTA AURA,"“Asta Aura” a High rise residential complex consisting of Stilt Floor part (Parking) Ground Floor part (Lobby, Gym, Transformer Room, Meter Room) + 1st Floor to 7th Floors with 12 dwelling units to be set up at Old Door No.10, New Door No.19, Padmavathiyar Salai, Jeypore Colony, Gopalapuram, Chennai- 600086 an extent of 20965 sq.ft comprised in T.S.No.67/83 in Block No.04 of Mylapore part-1 Village, Mylapore Taluk Chennai district within limits of Greater Chennai Corporation.",High Rise Building (HRB),Residential,1947.69,12,Not Yet Started,15/04/2033,13.052645,80.256432,31,18,5,501207510,348792490,-,850000000,0.00,5346.59,-,[],"[{'block': None, 'base_level': 'Ground', 'floor_segments': ['1st Floor'], 'total_floors_above_base': 1}]",['Chennai'],
V:\Project\Project_Stick\data_source\raw\TNRERA\2025\TN_29_Building_0181_2025.pdf,SANKAR ELITE,"Stilt Floor+5 Floors Residential Building (Height- 18.30m)with 15 Dwelling Units Availing premium FSI at Plot No. 667 & Plot No.669 pt, Ram Nagar 6th Main Road, Madipakkam, Chennai Comprised in S.No.112/1A2A1 and 112/1A2A2 as per patta of Madipakkam Village within the limit of Greater Chennai Corporation",Non-High Rise Building (NHRB),Residential,560.00,15,Under Construction,31/12/2029,12.963177,80.208885,11,6,2,37000000,50000000,-,87000000,0.00,1454.17,-,[18.3],"[{'block': None, 'base_level': 'Stilt', 'floor_segments': ['5 Floors'], 'total_floors_above_base': 5}]",['Chennai'],
V:\Project\Project_Stick\data_source\raw\TNRERA\2025\TN_29_Building_0183_2025.pdf,MAGIZHCHI THARANGINI,"The proposed construction of a Stilt floor (parking)+5 floors residential building with 10 dwelling units (Height 18.30m) availing premium FSI at Door nos 93/1 to 93/6, block no 93, magizhchi colony, T.S.Krishna nagar, anna nagar western extension, Chennai -600101 comprised in Old S No 163/2part, 187 part, New S.No:162 part, 164 part, 288 part and 209part and T.S.No:1/2, Block No:43 ward-H of Mogappair Village within the limits of greater chennai Corporation.",Non-High Rise Building (NHRB),Residential,535.12,10,Not Yet Started,31/12/2030,13.088092,80.182363,6,4,1,40896000,31050000,-,71946000,0.00,1173.75,-,[18.3],[],['Chennai'],
V:\Project\Project_Stick\data_source\raw\TNRERA\2025\TN_29_Building_0187_2025.pdf,-,"Proposed Construction of Stilt Floor (Parking) + 5 Floors Residential Building (18.30m Height) with 20 dwelling units (Affordable Housing) at Padikuppam Main Road, Padikuppam, Chennai, comprised in Old S.No. 240 & 241 and T.S.No. 4/3, Ward - I, Block No. 69 of Padi village within the limits of Greater Chennai Corporation.",Non-High Rise Building (NHRB),Residential,630,20,Under Construction,31/12/2027,13.078712,80.189121,6,5,1,82000000,51000000,-,133000000,0.00,1490.25,-,[],"[{'block': None, 'base_level': 'Stilt', 'floor_segments': ['5 Floors'], 'total_floors_above_base': 5}]",['Chennai'],
V:\Project\Project_Stick\data_source\raw\TNRERA\2025\TN_29_Building_0189_2025.pdf,SRINIVASA https://rera.tn.gov.in/public-view2/building/pfirm/e7c23e00-308d-11f0-ac80-4dd6a487ddfd,"HIGH RISE BUILDING (HRB) WITH 60.00M HEIGHT CONSISTING OF EXTENDED DOUBLE BASEMENT FLOOR (PARKING) + STILT FLOOR PART (PARKING) / GROUND FLOOR PART (DOUBLE HEIGHT LOBBY, ASSOCIATION ROOM, METER ROOM & GENERATOR ROOM) + 1ST FLOOR TO 17TH FLOORS + 18TH FLOOR PART (GYM, PARTY HALL) OF RESIDENTIAL BUILDING WITH 67 DWELLING UNITS AND OPEN SWIMMING POOL AT 18TH FLOOR PART AVAILING WITH PREMIUM FSI AT OLD DOOR NO. 21, NEW DOOR NO.2, DR.GOVINDAN ROAD & REDDYKUPPAM ROAD, DEVANATHAN COLONY, WEST MAMBALAM, CHENNAI - 600 033 AND COMPRISED IN OLD PYMASH NOS.863 TO 868(PART), T.S.NO.11/1, BLOCK NO.27 OF MAMBALAM VILLAGE, WITHIN THE LIMITS OF GREATER CHENNAI CORPORATION",High Rise Building (HRB),Mixed Development 1/8,4185,67,Not Yet Started,17/12/2032,13.031098,80.225062,114,46,18,530000000,574514500,-,1104514500,0.00,14242.51,379.71,[],"[{'block': None, 'base_level': 'Ground', 'floor_segments': ['1ST FLOOR', '18TH FLOOR', '18TH FLOOR'], 'total_floors_above_base': 3}]",['Chennai'],
V:\Project\Project_Stick\data_source\raw\TNRERA\2025\TN_29_Building_0190_2025.pdf,KSA ANANYA,"Plot no.31, Annai Indira Nagar Main Road, Annai Indira Nagar, Thoraipakkam, Chennai – 600097 comprised in S.No. 281/32 of Okkiam Thoraipakkam village within the limits o",Non-High Rise Building (NHRB),Residential,750,24,Not Yet Started,31/08/2027,12.929373,80.232057,16,0,2,35523750,80000000,-,115523750,176.40,2096.39,-,[],[],['Chennai'],
V:\Project\Project_Stick\data_source\raw\TNRERA\2025\TN_29_Building_0192_2025.pdf,PEARL AAKSHAYA,"PROPOSED CONSTRUCTION OF STILT FLOOR + 4 FLOORS + 5TH FLOOR (PART HEIGHT - 18.30M) RESIDENTIAL BUILDING WITH 30 DWELLING UNITS AVAILING PREMIUM FSI AT PLOT 9 & 10 (CMDA APPROVED LAYOUT - 73/2005) (S.NO.26/8 & 26/7) TOGETHER WITH LAND (S.NO. 26/1B1A) AT PAVITHRA ENCLAVE, PERUNGALATHUR, CHENNAI COMPRISED IN S.NO.26/1B1A, 26/7 & 26/8 OF PERUNGALATHUR VILLAGE WITHIN THE LIMITS OF TAMBARAM MUNICIPAL CORPORATION",Non-High Rise Building (NHRB),Residential,1226.90,30,Not Yet Started,31/12/2027,12.918566,80.091237,11,19,3,35000000,132138000,-,167138000,0.00,3185.75,-,[18.3],"[{'block': None, 'base_level': 'Stilt', 'floor_segments': ['4 FLOORS', '5TH FLOOR'], 'total_floors_above_base': 5}]",['Chennai'],
V:\Project\Project_Stick\data_source\raw\TNRERA\2025\TN_29_Building_0193_2025.pdf,MEGHA SANGAMAM,"Stilt floor + 5 floors(Height - 18.30m) Residential Building with 15 dwelling units Availing Premium FSI with TOD Benefit at Plot No.4-A, 4-B & 6-A, 3rd Main Road and 2nd Main Road, Kannan Nagar, Madipakkam, Chennai 600091, Comprised in S.No.86/1, 86/2 & 86/3 (Document), and T.S.No.32/1, 32/3 & 32/4 (Patta), Block No.25, Ward-D of Thalakkanancheri Village, Alandur Taluk within the limit of Greater Chennai Corporation.",Non-High Rise Building (NHRB),Residential,642.00,15,Under Construction,28/07/2026,12.970467,80.188261,9,8,2,56216000,46729550,-,102945550,0.00,1669.15,-,[18.3],"[{'block': None, 'base_level': 'Stilt', 'floor_segments': ['5 floors'], 'total_floors_above_base': 5}]",['Chennai'],
V:\Project\Project_Stick\data_source\raw\TNRERA\2025\TN_29_Building_0194_2025.pdf,-,COMMERCIAL BUILDING BASEMENT FLOOR + GROUND FLOOR + MEZZANINE FLOOR + 3 FLOORS,Non-High Rise Building (NHRB),Commercial,515,,Completed,,13.033219,80.243212,6,0,0,123686200,16604186,-,140290386,0.00,0.00,864.48,[],"[{'block': None, 'base_level': 'Ground', 'floor_segments': ['3 FLOORS'], 'total_floors_above_base': 3}]",['Chennai'],Total_Dwelling_Units
V:\Project\Project_Stick\data_source\raw\TNRERA\2025\TN_29_Building_0195_2025.pdf,VGN SEATTLE,Residential - STILT + 5 Floors,Non-High Rise Building (NHRB),Residential,980.16,20,Not Yet Started,11/12/2032,13.077671,80184114,22,22,0,68636100,100000000,-,168636100,2546.94,2546.94,-,[],"[{'block': None, 'base_level': 'Stilt', 'floor_segments': ['5 Floors'], 'total_floors_above_base': 5}]",['Chennai'],
V:\Project\Project_Stick\data_source\raw\TNRERA\2025\TN_29_Building_0196_2025.pdf,Meenambal Shivraj Nagar Phase -I,"Reconstruction of 192 Tenements at M.S. Nagar SchemePhase I R.S.NO 449/1pt block 26 egmore village in corporation Division 108, Zone VIII of GCC .",High Rise Building (HRB),Residential,2981.65,192,Under Construction,24/12/2029,13.073570,80.246248,0,0,0,0,336652400,-,336652400,0.00,0.00,-,[],[],['Chennai'],
V:\Project\Project_Stick\data_source\raw\TNRERA\2025\TN_29_Building_0204_2025.pdf,Construction of 203 MIG Units consisting of two blocks of stilt + 13 Floors at Ayyanavaram scheme in TS No 22 Block No 33 of Ayyanavaram Village Chennai.,203 MIG FLATS AT AYANAVARAM,High Rise Building (HRB),Residential,7702.23,203,Under Construction,31/01/2028,13.092996,80.239214,50,160,7,602300574,1456528500,-,2058829074,0.00,18034.55,-,[],[],['Chennai'],
V:\Project\Project_Stick\data_source\raw\TNRERA\2025\TN_29_Building_0206_2025.pdf,RADIANCE ETERNITY https://rera.tn.gov.in/public-view2/building/pfirm/e1138bd0-3f8e-11f0-81da-4fe668dd8bbb,"The Proposed Construction of High Rise Group Development Building for Residential Use Consisting of 2 Blocks with Combined & Extended Double Basement Floor (for Parking Use) for Block - A & B, in Block No - A: Stilt Floor (for Parking Use & ATM)+ 1st Floor to 10th Floor with 49 Dwelling Units, in Block No - B: Stilt Floor (Parking Use) + 1st Floor to 21st Floor with 166 Dwelling Units and at 22nd floor part Club House use (Association room, Gym, AV room, Creche, Indoor Games, Co-Working Space and Open Swimming pool with Change room & Shower) Totally 215 dwelling units, availing premium FSI with TOD Benefit at Door No.2/79, abutting Rajiv Gandhi Salai (Old Mahabalipuram Road), Comprised in S.No.113/1A2 & 114/1B, Okkiyam Thoraipakkm village, Sholinganallur Taluk, Chennai District,",High Rise Building (HRB),Residential 1/9,8971.94,215,Not Yet Started,26/05/2030,12.94476,80.23812,335,68,27,1270000000,1090659000,-,2360659000,0.00,35847.72,1726.96,[],"[{'block': 'Block - A & B, in Block No - A', 'base_level': 'Stilt', 'floor_segments': ['1st Floor', '10th Floor'], 'total_floors_above_base': 2}, {'block': 'Block No - B', 'base_level': 'Stilt', 'floor_segments': ['1st Floor', '21st Floor', '22nd floor'], 'total_floors_above_base': 3}]",['Chennai'],
V:\Project\Project_Stick\data_source\raw\TNRERA\2025\TN_29_Building_0207_2025.pdf,OCEAN CLIFFS,"at S.No. 8/20, 8/19, 8/15, 8/2B1A, 8/2B1F1A, of Kanathur Reddikuppam Village, Thiruporur Taluk, Chengalpattu District.",High Rise Building (HRB),Residential,77702.80,317,Under Construction,29/06/2029,12.838633,80.240236,778,0,0,250000000,1800000000,-,2050000000,0.00,73214.51,4488.40,[],[],['Chennai'],
V:\Project\Project_Stick\data_source\raw\TNRERA\2025\TN_29_Building_0208_2025.pdf,VIVANAS ALOFT,"PLOT NO , B, S.NO ,143/3A1B1A1, V.O.C ,Street, Kaikankuppam, Valasaravakkam , Chennai, 600 087",Non-High Rise Building (NHRB),Residential,3210.11,68,Not Yet Started,31/07/2028,13.038278,80.186453,68,5,2,250000000,327306000,-,577306000,0.00,8344.92,0.00,[],[],['Chennai'],
V:\Project\Project_Stick\data_source\raw\TNRERA\2025\TN_29_Building_0211_2025.pdf,Solara,"Proposed construction of Basement floor (Part) + Stilt floor (Mechanised - Pit Puzzle Parking) + 3 floors + 4 floor (Part) (Height – 18.25 m) IT/ITES Building Availing IT Developments additional FSI benefits & Premium FSI at Plot No.107, Industrial Estate for Electrical & Instruments, Perungudi, Chennai 600096, Comprised in S.No.7/2 of Neelangarai Village within the limit of Greater Chennai Corporation",Non-High Rise Building (NHRB),Commercial,1350.00,,Completed,,12.954840,80.247873,45,2,0,90500000,129841094,-,220341094,0.00,0.00,3054.39,[18.25],"[{'block': None, 'base_level': 'Basement', 'floor_segments': ['3 floors', '4 floor'], 'total_floors_above_base': 7}]",['Chennai'],Total_Dwelling_Units
V:\Project\Project_Stick\data_source\raw\TNRERA\2025\TN_29_Building_0212_2025.pdf,-,"Basement Floor (Pit puzzle parking) + Ground Floor (part) + 2 Floors(Part) (Front part of Building- Shop) and Stilt Floor(part) + 3 Floors (Part) (Rear part of building - Office) (Height - 12.0m) Commercial Building availing Premium FSI at Plot No.12, New Door No.18,Old Door No.157,North Usman Road, T.Nagar,Chennai Comprised in T.S.No.5238, Block No.119 of T.Nagar village within the limits of Greater Chennai Corporation",Non-High Rise Building (NHRB),Commercial,891.86,,Completed,,13.04582,80.23279,26,00,1,273168000,18393326,-,291561326,0.00,0.00,1883.57,[12.0],"[{'block': None, 'base_level': 'Ground', 'floor_segments': ['2 Floors', '3 Floors'], 'total_floors_above_base': 5}]",['Chennai'],Total_Dwelling_Units
V:\Project\Project_Stick\data_source\raw\TNRERA\2025\TN_29_Building_0213_2025.pdf,NAVIN'S AUM GRIHA,"High Rise Building (HRB) with 30.0m height consisting of Extended Basement Floor (Parking) + Stilt floor (2 level Stack Parking, Electrical Transformer Room) + 9 floors of Residential building with 18 dwelling units at Old Door No.13, New Door No.14, College Road, Nungambakkam, Chennai comprised in Old R.S.No.78/1, T.S.No.78/13, Block No.14 of Nungambakkam Village within the limits of Greater Chennai Corporation",High Rise Building (HRB),Residential,1224,18,Not Yet Started,10/10/2027,13.06774,80.252445,34,14,4,637946400,160000000,-,797946400,,,,[],"[{'block': None, 'base_level': 'Basement', 'floor_segments': ['9 floors'], 'total_floors_above_base': 9}]",['Chennai'],FSI_Other_Residential
V:\Project\Project_Stick\data_source\raw\TNRERA\2025\TN_29_Building_0217_2025.pdf,IYRA SPIRE,"Proposed Construction of High Rise Residential Building with Extended Double Basement Floor (Meant for parking) + Stilt Floor (Meant for Parking) + 1st Floor (Association room & Residential Units) + 15 Floors + 16th Floor Part (Residential Units, Association Room, Indoor Games & Open Swimming Pool with Change/Shower room). Totally 123 dwelling units, abutting Perungudi Railway Station Road & MRTS Road and Seshadri Puram 1st Main Road, Ambedkar Nagar, Seshadri Puram, Velachery, Chennai - 600042. Comprised in old S.No: 714/4, 714/5 part, 714/6, 714/7. New T.S. No.34, 35, 36, 37, Block No.238, Velachery Village, Velachery Taluk, Chennai. Within the limit of Greater Chennai Corporation.",High Rise Building (HRB),Residential,4114,,Not Yet Started,30/06/2028,12.976056,80.231254,129,67,15,339900000,606100000,-,946000000,0.00,19750.86,-,[],"[{'block': None, 'base_level': 'Basement', 'floor_segments': ['1st Floor', '15 Floors', '16th Floor'], 'total_floors_above_base': 17}]",['Chennai'],Total_Dwelling_Units
V:\Project\Project_Stick\data_source\raw\TNRERA\2025\TN_29_Building_0218_2025.pdf,Tulip,Stilt Floor plus 3 floors,Non-High Rise Building (NHRB),Residential,520.50,9,Under Construction,06/08/2032,13.054886,80.243530,8,0,1,120500000,41880000,-,162380000,0.00,1037.56,-,[],"[{'block': None, 'base_level': 'Stilt', 'floor_segments': ['3 floors'], 'total_floors_above_base': 3}]",['Chennai'],
V:\Project\Project_Stick\data_source\raw\TNRERA\2025\TN_29_Building_0221_2025.pdf,VISTA SQUARE,"Old Door No. 1/12, New Door No.19, Plot No.1, Kilpauk Garden Road, New Avadi Road, Egmore, Chennai – 600008",Non-High Rise Building (NHRB),Commercial,1067,,Under Construction,24/04/2030,13.083811,80.234118,33,2,0,188490000,114835621,-,303325621,0.00,0.00,2484.54,[],[],['Chennai'],Total_Dwelling_Units
V:\Project\Project_Stick\data_source\raw\TNRERA\2025\TN_29_Building_0228_2025.pdf,VOORA TECH EDGE https://rera.tn.gov.in/public-view2/building/pfirm/06f02130-3546-11f0-8222-0168395b9c5a,"‘VOORA TECH EDGE’ for the Proposed Construction of High Rise Commercial Building (IT/ITES Building) with Extended Basement Floor (Meant for Parking) + Ground Floor Part/Stilt Floor Part (with 3 Level Mechanical Stack Parking) + First Floor to 7th Floor at Plot No.4- C/1(SP),3rd Main Road (N.H.BYE-PASS ROAD FLY OVER), Ambathur Industrial Estate, Ambathur, Chennai–600058. Comprised in Old S.No.9part,27/1part,27/2part,28part,29pa rt, T.S.No.11, Block No:18 of Athipattu Village, Ambathur Village, Ambathur Taluk, Chennai District, within the Limits of Greater Chennai Corporation",High Rise Building (HRB),Commercial 1/9,4046.86,,Under Construction,31/12/2030,13.092856076179967,80.161342520622,154,28,10,5100000,407331288,-,412431288,0.00,0.00,12613.99,[],[],['Chennai'],Total_Dwelling_Units
V:\Project\Project_Stick\data_source\raw\TNRERA\2025\TN_29_Building_0230_2025.pdf,AMARA AVIRA,"Proposed construction of High-Rise Residential Building consisting of an Extended Basement Floor + Stilt Floor (Part) / Ground Floor (Part) + 14 Floors Residential Building with 14 Dwelling Units & an Open Swimming Pool @ Terrace Floor Level availing Premium FSI with TOD Benefit at old Door No. 52 & 53, New Door No. 04 & 06, abutting Vijaya Raghavachari Road and Dr. B Narasimhan Road (North Boag Road), T.Nagar, Chennai - 600017, Comprised originally in old S.No. 58/2, then T.S.No. 4887/2(part), currently in T.S.No. 4887/4 & T.S.No. 4887/6, Block No.114, T.Nagar Village, Guindy Taluk within the limits of Greater Chennai Corporation.",High Rise Building (HRB),Residential,1484,14,Under Construction,31/12/2028,13.043588,80.244391,22,42,8,644500000,355500000,-,1000000000,0.00,4841.96,-,[],"[{'block': None, 'base_level': 'Ground', 'floor_segments': ['14 Floors', 'Terrace Floor'], 'total_floors_above_base': 15}]",['Chennai'],
V:\Project\Project_Stick\data_source\raw\TNRERA\2025\TN_29_Building_0231_2025.pdf,Sai Viruksham,"Planning Permission for the Proposed Construction of Stilt floor (Parking) + 3 floors Residential Building with Affordable Housing - 14 dwelling units (Height -14.00m) at Plot no.63, 64 & 64B, Door no 3/147, 3rd Cross street, Devaraj Avenue, Mettukuppam, Okkiyam Thoraipakkam, Chennai – 600097 comprised in Old S.No. 405/13 and New S.Nos. 405/116, 405/28, 405/160 and 405/157 of Thoraipakkam village within the limits of Greater Chennai Corporation",Non-High Rise Building (NHRB),Residential,578,14,Under Construction,31/12/2030,1256278,8014284,11,0,2,50000000,50000000,-,100000000,0.00,1154.73,-,[14.0],"[{'block': None, 'base_level': 'Stilt', 'floor_segments': ['3 floors'], 'total_floors_above_base': 3}]",['Chennai'],
V:\Project\Project_Stick\data_source\raw\TNRERA\2025\TN_29_Building_0232_2025.pdf,“NPL TOWER”,"Commercial Project “NPL TOWER”, Commercial Building with 42.0m height consisting of Extended Basement Floor (Meant for parking) + Stilt Floor Part (Meant for Mechanical Car Parking) cum Ground Floor Part + 10 Floors (for Commercial Use), abutting TNHB Main Road, Neighbourhood Scheme Phase-III, TNHB, shopping Complex Site No. 12, Sholinganallur, Chennai – 600 119 & comprised in Survey No. 235/26 of Sholinganallur Village, Sholinganallur Taluk, Within the limits of Greater Chennai Corporation, Tamil Nadu",High Rise Building (HRB),Commercial,2490,,Not Yet Started,31/10/2029,12.52523,80.14042,40,46,8,105000000,143300000,-,248300000,0.00,0.00,8459.93,[],"[{'block': None, 'base_level': 'Ground', 'floor_segments': ['10 Floors'], 'total_floors_above_base': 10}]",['Chennai'],Total_Dwelling_Units
V:\Project\Project_Stick\data_source\raw\TNRERA\2025\TN_29_Building_0236_2025.pdf,RAMANIYAM SPRINGS,"proposed construction of Stilt + 5 floors (Height – 18.30 M) Residential Building at Plot No. 209, Old Door No.33, New Door No.81, 4th Main Road, Gandhi Nagar, Adyar, Chennai – 600 020, Comprised in Old S.No.9 Part as per Document and T.S.No.3 as per Patta , Block No.37 of Kottur Village, Guindy Taluk, Greater Chennai Corporation, Zone – XIII, Division No – 173",Non-High Rise Building (NHRB),Residential,813.17,20,Not Yet Started,15/05/2033,13.009577,80.252124,20,0,2,151442700,118664427,-,270107127,0.00,2392.70,-,[18.3],"[{'block': None, 'base_level': 'Stilt', 'floor_segments': ['5 floors'], 'total_floors_above_base': 5}]",['Chennai'],
V:\Project\Project_Stick\data_source\raw\TNRERA\2025\TN_29_Building_0238_2025.pdf,AVINYA,2 Blocks; Block 1 - Stilt floor + 5 floors (Height - 18.30m) Residential Building with 39 Dwelling units with Indoor Games Room and Association Room; Block 2 - Stilt floor + 5 floors (Height - 18.30m) Residential Building with 10 Dwelling units; Totally 49 Dwelling Units,Non-High Rise Building (NHRB),Residential,2272,49,Not Yet Started,25/09/2032,12.957444,80.167440,22,4,0,3850000,171900000,-,175750000,0.00,6155.65,85.00,"[18.3, 18.3]","[{'block': None, 'base_level': 'Stilt', 'floor_segments': ['5 floors', '5 floors'], 'total_floors_above_base': 10}]",['Chennai'],
V:\Project\Project_Stick\data_source\raw\TNRERA\2025\TN_29_Building_0248_2025.pdf,HARMONY SUMITRA,PLOT NO 8 DOOR NO 2 MAHARANI CHINNAMAL ROAD TEYNAMPET CHENNAI -600018,Non-High Rise Building (NHRB),Residential,743.05,22,Not Yet Started,31/10/2027,13.03939,80.25278,3,14,2,25718000,118175000,-,143893000,0.00,2080.22,-,[],[],['Chennai'],
V:\Project\Project_Stick\data_source\raw\TNRERA\2025\TN_29_Building_0252_2025.pdf,Blucon Sunrise,"Plot No.30 Part & 35, 20th Street, Krishna Nagar, Maduravoyal, Chennai - 600095.",Non-High Rise Building (NHRB),Residential,573,9,Under Construction,26/06/2028,13.054243,80.170345,9,1,1,23746800,25100000,-,48846800,0.00,932.66,0.00,[],[],['Chennai'],
V:\Project\Project_Stick\data_source\raw\TNRERA\2025\TN_29_Building_0256_2025.pdf,THE BUNGALOWS,"OLD DOOR No.3,4, NEW DOOR No.9/5, ETHIRAJ LANE, EGMORE, CHENNAI - 600008.",Non-High Rise Building (NHRB),Residential,1355.52,10,Under Construction,31/03/2027,130674.31,802569.55,27,0,3,364850000,152501631,-,517351631,0.00,2706.02,0.00,[],[],['Chennai'],
V:\Project\Project_Stick\data_source\raw\TNRERA\2025\TN_29_Building_0259_2025.pdf,CASAGRAND ZANORA,"Plot No.A, B & C, Door No. 7, 7A & 21, Canal Bank Road, Kasturibai Nagar, Adyar, Chennai – 600 020, Comprised in Old S.No.7/9 Part, T.S.Nos. 66/2, 66/3, 66/4 & 66/5",Non-High Rise Building (NHRB),Residential,1114,15,Not Yet Started,31/01/2027,13.003050,80.248676,28,0,2,141705610,92914837,-,234620447,0.00,2223.03,-,[],[],['Chennai'],
V:\Project\Project_Stick\data_source\raw\TNRERA\2025\TN_29_Building_0262_2025.pdf,SAI KRUPAA,"Door No. 9A, Old Door No. 21& 21A, New Door No. 9/7, Varadaraja Perumal Koil Street, Tondiarpet, Chennai – 600081, Comprised in S. No. 3579/7, Ward – 1, Block No. 53, of Tondiarpet Village, within the Limits of Greater Chennai Corporation, Chennai district, Tamil Nadu State.",Non-High Rise Building (NHRB),Residential,841.50,16,Not Yet Started,30/06/2027,130731.0,801723.1,2,0,18,35156828,37399745,-,72556573,0.00,1679.43,-,[],[],['Chennai'],
V:\Project\Project_Stick\data_source\raw\TNRERA\2025\TN_29_Building_0263_2025.pdf,SUMANTH APARTMENT,"Revised Planning Permission for construction of Stilt Floor (Parking) + 4 Floors (Height – 16.00m).Residential Building with 16 dwelling units availing Premium FSI with TOD Benefit Plot no 2, Door no 4, Balaram Street, Adyar, Chennai – 600020 comprised in Old S.No. 16/5 part and T.S.No. 55/9, Block no 16 of Pallipattu village within the limits of Greater Chennai Corporation",Non-High Rise Building (NHRB),Residential,685.89,16,Completed,,12.005444,80.562833,11,5,2,100000000,250000000,-,350000000,0.00,1653.92,-,[16.0],"[{'block': None, 'base_level': 'Stilt', 'floor_segments': ['4 Floors'], 'total_floors_above_base': 4}]",['Chennai'],
V:\Project\Project_Stick\data_source\raw\TNRERA\2025\TN_29_Building_0264_2025.pdf,SIDHARTH SOLITAIRE,"stilt floor + 5 floors residential building with 45 dwelling units (stilt floor (parking) + 1st floor + 2nd floor +3 rd floor part+ 4th floor part + 5th floor part (yoga room at 1st floor part & gym at 2nd floor part) (height -18.30m), availing premium FSI at kalaimagal nagar, 2nd main road, Ekkaduthangal, chennai - 600032, comprised in old s.no. 21 part, T.S.No. 42/13, block no 1 of Ekkaduthangal village within the limits of greater chennai corporation",Non-High Rise Building (NHRB),Residential,3197.02,45,Under Construction,31/12/2028,130219.1,801448.0,71,1,7,950000000,400000000,-,1350000000,0.00,6978.00,1331.00,[18.3],"[{'block': None, 'base_level': 'Stilt', 'floor_segments': ['5 floors', '1st floor', '2nd floor', '4th floor', '5th floor', '1st floor', '2nd floor'], 'total_floors_above_base': 11}]",['Chennai'],
V:\Project\Project_Stick\data_source\raw\TNRERA\2025\TN_29_Building_0265_2025.pdf,ALTITUDE,"Construction of High Rise Building with 72.0m height consisting of Extended Double Basement Floor (for Parking use) +Stilt floor part (Double height for parking use)/ Ground floor part (Banquet hall, Home theatre, Reception and Meter room) + 20 floors + 21st floor part for Residential Building with 30 Dwelling units and open swimming pool at terrace Floor at Door No.11, C.P. Ramaswamy Road, Alwarpet, Chennai 600 028 comprised in R.S.No. 1646/47 & 1646/53 Block No.34 of Mylapore Village within the limit of Greater Chennai Corporation",High Rise Building (HRB),Residential,4310.50,30,Under Construction,09/12/2032,13.036432494614017,80.25717923642443,154,0,0,3926166600,569129476,-,4495296076,0.00,14137.66,-,[],"[{'block': None, 'base_level': 'Ground', 'floor_segments': ['20 floors', '21st floor', 'terrace Floor'], 'total_floors_above_base': 22}]",['Chennai'],
V:\Project\Project_Stick\data_source\raw\TNRERA\2025\TN_29_Building_0267_2025.pdf,KCEE CHAITHANYAM,"Stilt Floor + 5 Floors Commercial cum Residential Building with 8 dwelling units ( Office - 1st Floor, Residential - 2nd to 5th Floor) at New Door No.6, Old Door No.5A, 5B, 5C, 5D, 5E & 5F, P.T.Rajan Salai, Kalinga Colony, K.K.Nagar, Chennai - 600078, Comprised in Old S.No.55/1A (Part), 56/1B (Part), T.S.No.2/17, Block No.98 of Kodambakkam Village within the limit of Greater Chennai Corporation",Non-High Rise Building (NHRB),Mixed Development,618,8,Under Construction,30/12/2027,13.039962,80.205093,10,1,1,65854800,63400000,-,129254800,0.00,1199.80,278.25,[],"[{'block': None, 'base_level': 'Stilt', 'floor_segments': ['5 Floors', '1st Floor', '5th Floor'], 'total_floors_above_base': 7}]",['Chennai'],
V:\Project\Project_Stick\data_source\raw\TNRERA\2025\TN_29_Building_0269_2025.pdf,PARK TOWER,STILT PLUS 3 FLOORS RESIDENTIAL AND COMMERCIAL BUILDINGS COMPRISED IN TS NO 5 PART ARUMBAKKAM VILLAGE GREATER CHENNAI CORPORATION,Non-High Rise Building (NHRB),Mixed Development,534.74,5,Completed,,13.072441,80.215568,4,5,1,50000000,30000000,15000000,95000000,80.215568,183.41,665.93,[],"[{'block': None, 'base_level': 'Stilt', 'floor_segments': ['3 FLOORS'], 'total_floors_above_base': 3}]",['Chennai'],
V:\Project\Project_Stick\data_source\raw\TNRERA\2025\TN_29_Building_0270_2025.pdf,KAMADHENU https://rera.tn.gov.in/public-view2/building/pfirm/5c817e80-41e4-11f0-bb11-0df77f17faa4,"EXTENDED DOUBLE BASEMENT FLOOR (PARKING) + STILT FLOOR (DOUBLE HEIGHT LOBBY, OPEN DG, CARETAKER BOOTH, ELECTRICAL TRANSFORMER ROOM + 1ST FLOOR TO 12 FLOORS RESIDENTIAL BUILDING WITH 79 DWELLING UNITS & MULTI PURPOSE HALL, LIBRARY, GYM, INDOOR GAMES & KID'S ROOM AT 12TH FLOOR LEVEL AND SWIMMING POOL AT TERRACE LEVEL AVAILING WITH PREMIUM FSI AT OLD DOOR NO: 178, NEW DOOR NO:8, LUZ CHURCH ROAD, MYLAPORE,CHENNAI- 600 004. COMPRISED IN R.S.NO:1693/1 BLOCK NO:35 OF MYLAPORE VILLAGE, MYLAPORE TALUK WITHIN THE LIMITS OF GREATER CHENNAI CORPORATION, DIVISION:123 ZONE-IX",High Rise Building (HRB),Residential 1/9,4206,79,Under Construction,30/06/2028,13.037444,80.266359,185,39,20,1317566000,682434000,-,2000000000,0.00,20316.64,-,[],[],['Chennai'],
V:\Project\Project_Stick\data_source\raw\TNRERA\2025\TN_29_Building_0272_2025.pdf,KG ROSETTA,Residential Project at Egmore Police Commissioner Office Road,Non-High Rise Building (NHRB),Residential,1112.50,20,Not Yet Started,26/05/2033,13.07504,80.258638,17,16,3,248500000,210000000,-,458500000,0.00,3246.32,-,[],[],['Chennai'],
V:\Project\Project_Stick\data_source\raw\TNRERA\2025\TN_29_Building_0273_2025.pdf,SILVER STONE,"Stilt floor + 3 floors (Height-12.00m) Residential Building with 16 dwelling units at Old Door NO. 17 & 18, New Door No. 36 & 38, (Plot – B as per approved sub division plan by GCC) Morrison 1st street & Morrision 5th Street, Alandur, Chennai comprised in Old Ssurvey No. R.S.No.15/2 (Paimash No.737pt&739/3), S.No: 14/3 (Paimash No.785) and T.S.No. 238, T.S.No.239 part, Block 3 , Ward A of Alandur",Non-High Rise Building (NHRB),Residential,667.18,16,Not Yet Started,27/01/2030,12.593988,80.113001,9,0,0,100000000,34244000,-,134244000,0.00,1267.52,-,[12.0],"[{'block': None, 'base_level': 'Stilt', 'floor_segments': ['3 floors'], 'total_floors_above_base': 3}]",['Chennai'],
V:\Project\Project_Stick\data_source\raw\TNRERA\2025\TN_29_Building_0277_2025.pdf,SREEROSH PROPERTIES P LTD,STILT PLUS 5 FLOORS,Non-High Rise Building (NHRB),Residential,2468,53,Under Construction,30/06/2027,13.050715,80.264036,59,6,6,113700000,234400000,-,348100000,0.00,3160.40,-,[],"[{'block': None, 'base_level': 'Stilt', 'floor_segments': ['5 FLOORS'], 'total_floors_above_base': 5}]",['Chennai'],
V:\Project\Project_Stick\data_source\raw\TNRERA\2025\TN_29_Building_0279_2025.pdf,LIFESTYLE - ASCEND,"Construction of Stilt Floor (Parking) + 4 Floors + 5th Floor Part (Gym & Games Room Only) Residential Building with 16 Dwelling Units (Height-18.30M) Plot No.12 & 13, Subburayan Road, Mylapore, Chennai – 600004, Comprised in R.S.No.3565/2, 3565/8, 3566/2 & 3566/13, Block No.71 of Mylapore Village within the limits of Greater Chennai Corporation, Tamilnadu.",Non-High Rise Building (NHRB),Residential,854.23,16,Not Yet Started,30/06/2033,13.032643,80.262693,17,6,2,70000000,76400000,-,146400000,0.00,2217.91,-,[18.3],"[{'block': None, 'base_level': 'Stilt', 'floor_segments': ['4 Floors', '5th Floor'], 'total_floors_above_base': 5}]",['Chennai'],
V:\Project\Project_Stick\data_source\raw\TNRERA\2025\TN_29_Building_0281_2025.pdf,ETICA MALAR MRC NAGAR,"High Rise Building (HRB) with extended Basement floor + Stilt floor part / Ground floor part ( Generator Room , Meter Room & Transformer Room) + 1st Floor to 9 floors with 18 dwelling units of Residential Building, Old Door No 96, New Door No. 140, Karpagam Avenue, Santhome high road, Raja Annamalai puram, Chennai – 600028.Comprised in R.S. NO. 4297/24, Block No. 95 of Mylapore Village within the limit of Greater Chennai Corporation",High Rise Building (HRB),Residential,1200,18,Under Construction,27/03/2027,13.020911,80.269512,8,12,2,227959375,255875531,-,483834906,,,,[],"[{'block': None, 'base_level': 'Ground', 'floor_segments': ['1st Floor', '9 floors'], 'total_floors_above_base': 10}]",['Chennai'],FSI_Other_Residential
V:\Project\Project_Stick\data_source\raw\TNRERA\2025\TN_29_Building_0283_2025.pdf,RAJMEENA PARADISE,"S+3 floors, Plot No:26, Golden George Nagar, Near ONGC Appt, Mugappair East, Mogappair, Chennai, 60003comprised in Survey No:S.No358/21, Mogappair village, AmbatturTaulk, Now Chennai corporation limit.",Non-High Rise Building (NHRB),Residential,562,9,Under Construction,31/12/2028,13.102737,80.288678,10,0,0,17500000,32500000,-,50000000,0.00,1122.48,0.00,[],"[{'block': None, 'base_level': 'Stilt', 'floor_segments': ['3 floors'], 'total_floors_above_base': 3}]",['Chennai'],
V:\Project\Project_Stick\data_source\raw\TNRERA\2025\TN_29_Building_0287_2025.pdf,BINDIYA GARDENS,"Residential apartments of Stilt + Five Floors with 09 Dwelling units at Plot No: 349, Old Door No: 41, New Door No: 14, 10 th Street and 17 th Street , I-Block, Anna Nagar East, Chennai-600102, Comprised in Old S. No.: 49 part, T.S.No: 61, Block No: 4 of Periyakudal Village, Aminjikarai Taluk within the limits of Greater Chennai Corporation",Non-High Rise Building (NHRB),Residential,666.57,9,Under Construction,31/10/2027,13.088959,80.222167,18,4,2,75400000,90000000,-,165400000,0.00,1848.11,-,[],[],['Chennai'],
V:\Project\Project_Stick\data_source\raw\TNRERA\2025\TN_29_Building_0288_2025.pdf,The President By Asta,"“The President” by Asta A High rise residential complex consisting of extended Triple basement floor + G.F Part (indoor activity & association room)Stilt Part + 1st to 21st floor) (Swimming Pool @20th & 21st floor) + 22nd floor part floor (Gym,Lounge & Common Swimming pool) with 79 dwelling units situated at No.25, Dr.Radhakrishnan Salai, Mylapore, Chennai-600004 an extent of 7092.50 sq.mtrs (As per Patta) 7107.05 sq.mtrs (As per documents) 7216.87 sq.mtrs (As per Site) comprised in T.S.No. 1738/2,1738/92,1738/93,1738/94,1738/95, 1738/96 & 1738/97, in Block No.37 of Mylapore Village, Mylapore Taluk Chennai district within limits of Greater Chennai Corporation.",High Rise Building (HRB),Residential,7092.50,,Under Construction,13/05/2032,13.04452,80.26936,349,17,37,2775779061,1702900000,-,4478679061,0.00,34397.18,311.09,[],"[{'block': None, 'base_level': 'Basement', 'floor_segments': ['21st floor', '21st floor', '22nd floor'], 'total_floors_above_base': 3}]",['Chennai'],Total_Dwelling_Units
V:\Project\Project_Stick\data_source\raw\TNRERA\2025\TN_29_Building_0291_2025.pdf,RAJPARIS GALAXY,"Proposed construction of Stilt Floor (Parking) + 1st Floor (Partly two wheeler parking and partly Residential) + 2nd Floor to 5th Floor Residential Building (18.00m Height) with 29 dwelling units availing Premium FSI with TOD benefit at Old Door no 82, New door no 38, Chellappa Street & Padavattamman Kovil Street, Kosapet, Chennai – 600012 comprised in Old S.No. 2386 and T.S.No. 2751/1, Block no 40 of Purasalwalkam village within the limits of Greater Chennai Corporation",Non-High Rise Building (NHRB),Residential,715.44,29,Not Yet Started,31/12/2027,13.09413,80.253135,11,0,1,50050000,60000000,-,110050000,0.00,1859.58,-,[],"[{'block': None, 'base_level': 'Stilt', 'floor_segments': ['1st Floor', '2nd Floor', '5th Floor'], 'total_floors_above_base': 3}]",['Chennai'],
V:\Project\Project_Stick\data_source\raw\TNRERA\2025\TN_29_Building_0292_2025.pdf,PEARL ELITA,"Proposed project PEARL ELITA to be set up at ISHWARYAM GARDEN ROAD, VENGAIVASAL, CHENNAI COMPRISED IN OLD S.NOS.15/1(PT) & 15/2 (DOCUMENT), NEW S.NO.15/1B & 15/2A1B (PATTA) OF VENGAIVASAL VILLAGE WITHIN THE LIMITS OF ST. THOMAS MOUNT PANCHAYAT UNION",Non-High Rise Building (NHRB),Residential,3153,84,Not Yet Started,31/12/2028,12.908,80.186,48,31,4,120000000,406450541,-,526450541,0.00,8184.08,-,[],[],['Chennai'],
V:\Project\Project_Stick\data_source\raw\TNRERA\2025\TN_29_Building_0295_2025.pdf,Kotturpuram Scheme 1800 units with S+6 floors,"construction of 7 Blocks of Type - I: Stilt Floor + 6 Floors with 672 Dwelling units, 6 Blocks of Type - II: Stilt Floor + 6 Floors with 648 Dwelling units, 4 Blocks of Type - III: Stilt Floor + 6 Floors with 480 Dwelling units & (Totally 1800 Dwelling units) to the existing Tenements of 3 Blocks of Stilt + 4 Floors – 128 Dwelling units (Total no. of 1928 Dwelling units) at T.S.No.1 (Part), Block No.14 of Mambalam Village, Kotturpuram Main Road, Kotturpuram, Chennai, Within the limits of Greater Chennai Corporation",High Rise Building (HRB),Residential,41026.19,1800,Under Construction,06/07/2030,1329.66,80142446,0,0,0,0,307240700,-,307240700,0.00,0.00,-,[],"[{'block': None, 'base_level': 'Stilt', 'floor_segments': ['6 Floors', '6 Floors', '6 Floors', '4 Floors'], 'total_floors_above_base': 22}]",['Chennai'],
V:\Project\Project_Stick\data_source\raw\TNRERA\2025\TN_29_Building_0298_2025.pdf,SIGNATURE TOWERS,"S.NO. 552/1A1, 553/2B1A. 553/2B2A, 742/2, 742/1 (Part), 743/3B, 744/1B, 744/1C, 745/1A, 1B, and 745/2B, Chemmenchery - Nookampalayam Road, Sholinganallur, Kanchipuram, Chennai - 600 119.",High Rise Building (HRB),Mixed Development,30755.10,770,Under Construction,31/12/2027,12.9010,80.2279,680,101,62,1092458070,1694824700,156308434,2943591204,,,,[],[],['Chennai'],FSI_Other_Residential
V:\Project\Project_Stick\data_source\raw\TNRERA\2025\TN_29_Building_0303_2025.pdf,CORAL,"STILT FLOOR (PARKING) + 5 FLOORS RESIDENTIAL BUILDING WITH 40 DWELLING UNITS (HEIGHT -18.30M) AVAILING PREMIUM FSI AT BLOCK NO. L-44 TO L-48, 1ST MAIN ROAD, BESANT NAGAR, CHENNAI – 600 090, COMPRISED IN T.S.NO.4/36, BLOCK NO.40 OF URUR VILLAGE,VELACHERY TALUK, WITHIN THE LIMITS OF GREATER CHENNAI CORPORATION,",Non-High Rise Building (NHRB),Residential,1725.20,40,Not Yet Started,31/12/2030,12.999986,12.265154,40,4,4,264020700,18238500,-,282259200,0.00,4414.88,-,[18.3],"[{'block': None, 'base_level': 'Stilt', 'floor_segments': ['5 FLOORS'], 'total_floors_above_base': 5}]",['Chennai'],
V:\Project\Project_Stick\data_source\raw\TNRERA\2025\TN_29_Building_0305_2025.pdf,KCEE SABARI,"Stilt Floor + 5 Floors (Height 18.30 m) Residential Building with 40 dwelling units availing Premium FSI at Block Nos. S 21, S 22, S 23 & S 24, Door No. 110 & 112, Lakshmana Swamy Salai, Ponnamalam Salai & 11th Sector 71st Street, K.K. Nagar, Chennai, comprised in Old S.No. 248 Part, 249/7 Part, 250/2A Part, 250/2B Part and T.S. No.324/6, Block No. 49 of Virugambakkam village within the limits of Greater Chennai Corporation",Non-High Rise Building (NHRB),Residential,1449.68,40,Not Yet Started,31/12/2030,13.039596,80.19625,40,13,4,238950000,186787500,-,425737500,0.00,4052.00,-,[18.3],"[{'block': None, 'base_level': 'Stilt', 'floor_segments': ['5 Floors'], 'total_floors_above_base': 5}]",['Chennai'],
V:\Project\Project_Stick\data_source\raw\TNRERA\2025\TN_29_Building_0306_2025.pdf,GATALA ADVAYA,"CONSTRUCTION OF HIGH RISE RESIDENTIAL USE BUILDING CONSISTS OF STILT FLOOR + 9 FLOORS (HEIGHT 30.0M) WITH 78 DWELLING UNITS AND GYM, INDOOR GAMES, ASSOCIATION ROOM AT 1ST FLOOR LEVEL AT DOOR NO. 3/532, KUNDRATHUR MAIN ROAD, MADHANANTHAPURAM, CHENNAI – 600 125, AND COMPRISED IN NEW S.NO. 69/2B1 AND 70/5A1H2 (OLD S.NO. 69/2B & 70/5) OF MADHANANTHAPURAM VILLAGE, ALANDUR TALUK, WITHIN THE LIMITS OF GREATER CHENNAI CORPORATION",Non-High Rise Building (NHRB),Residential,2857,78,Under Construction,31/12/2030,13.023182,80.146112,46,31,0,167800000,376900000,-,544700000,0.00,9030.74,-,[30.0],"[{'block': None, 'base_level': 'Stilt', 'floor_segments': ['9 FLOORS', '1ST FLOOR'], 'total_floors_above_base': 10}]",['Chennai'],
V:\Project\Project_Stick\data_source\raw\TNRERA\2025\TN_29_Building_0310_2025.pdf,BLUEMOON YASH,"Plot no. A, TVH Bloom Main Road, TVH Bloom 1st street, Sholinganallur, Chennai – 600119, Comprised in S.No.602/5B1A1A3 part & 602/5B2A part, of Sholinganallur-1 village, Sholinganallur Taluk, Chennai, within the limits of Greater Chennai Corporation",Non-High Rise Building (NHRB),Residential,3565.32,64,Under Construction,31/12/2029,12.903042,80.223722,16,0,64,211073610,506000000,-,717073610,0.00,9267.97,0.00,[],[],['Chennai'],
V:\Project\Project_Stick\data_source\raw\TNRERA\2025\TN_29_Building_0312_2025.pdf,SWATHI'S LAVAKUCHA,"Proposed construction of Stilt floor + 5 floors Residential Building (Height – 18.30m) with 15 dwelling units availing Premium FSI with TOD benefit Door no.2/12(17), Plot no 19, Lavakucha Apartment, Sri Lubdhi Colony and C.V.Raman Road, Alwarpet, Chennai – 600018, Comprised in R.S.No.1645/27, Block No.34 of Mylapore Village within the limits of Greater Chennai Corporation",Non-High Rise Building (NHRB),Residential,650,15,Not Yet Started,31/08/2028,13.035647,80.261911,13,2,2,53988000,111752000,-,165740000,0.00,1792.00,-,[18.3],"[{'block': None, 'base_level': 'Stilt', 'floor_segments': ['5 floors'], 'total_floors_above_base': 5}]",['Chennai'],
V:\Project\Project_Stick\data_source\raw\TNRERA\2025\TN_29_Building_0316_2025.pdf,KENZ KREST,Proposed Construction of Stilt+5 floors Commercial cum Residential Building with 5 Dwelling Units availing premium FSI with TOD Benefits at Door Nos 111/1 111/3 113/4 113/1 113/2 and 113/3 Old Door Nos 58/1 58/3 58/4 58/2/1 58/2/2& 58/2/3 Plot No 6 and 6A Chamiers Road RA Puram Chennai 600 028 Comprised in S Nos 3925/23 and 3925/32 Block No 86 Mylapore Village Mylapore-Triplicane Taluk within the Limits of Greater Chennai Corporation,Non-High Rise Building (NHRB),Mixed Development,817.35,5,Under Construction,31/12/2030,13.02746,80.25312,8,9,1,154844800,58592500,-,213437300,0.00,1207.45,933.45,[],"[{'block': None, 'base_level': 'Stilt', 'floor_segments': ['5 floors'], 'total_floors_above_base': 5}]",['Chennai'],
V:\Project\Project_Stick\data_source\raw\TNRERA\2025\TN_29_Building_0320_2025.pdf,THULSI,"Stilt + 4 Floorss + 5th Floor (Part) Residential Building with 13 Dwelling Units Availing Premium FSI at Plot No.62 & 63, Balaji Nagar, Kuberan Nagar Extension 14th Street, Madipakkam, Chennai 600091, Comprised in S.No.135/2 (Document), S.Nos.135/20 & 135/21 (Patta) of Madipakkam Village, within the limit of Greater Chennai Corporation",Non-High Rise Building (NHRB),Residential,520,13,Under Construction,30/06/2027,12.95506,80.20538,9,4,1,37488000,72364400,-,109852400,0.00,1350.27,-,[],"[{'block': None, 'base_level': 'Stilt', 'floor_segments': ['4', '5th Floor'], 'total_floors_above_base': 5}]",['Chennai'],
V:\Project\Project_Stick\data_source\raw\TNRERA\2025\TN_29_Building_0325_2025.pdf,NEXUS,"PROPOSED CONSTRUCTION OF STILT FLOOR + 5 FLOORS Part RESIDENTIAL BUILDING (HEIGHT18.00M) WITH 17 DWELLING UNITS AVAILING PREMIUM FSI TOD BENEFIT AT PLOT NO.56, 57 & 58, DOOR NO.30, OLD DOOR NO.30(57) & NEW DOOR NO.17, ELANGO NAGAR MAIN ROAD, VIRUGAMBAKKAM, CHENNAI COMPRISED IN OLD S.NO.146(PART) AND T.S.NO.78 & 79, BLOCK NO.5 OF VIRUGAMBAKKAM TOWN, MAMBALAM TALUK WITHIN THE LIMITS OF GREATER CHENNAI CORPORATION",Non-High Rise Building (NHRB),Residential,729.50,17,Under Construction,31/12/2028,13.05267480189689,13.05275880189855,8,9,2,120000000,80000000,-,200000000,0.00,1896.01,0.00,[18.0],"[{'block': None, 'base_level': 'Stilt', 'floor_segments': ['5 FLOORS'], 'total_floors_above_base': 5}]",['Chennai'],
V:\Project\Project_Stick\data_source\raw\TNRERA\2025\TN_2_Building_0059_2025.pdf,GMB HONEYDEW,STILT+5FLOORS,Non-High Rise Building (NHRB),Residential,2998.57,102,Under Construction,31/12/2026,13.110574522250836,80.09844531374027,61,0,7,112000000,344860900,-,456860900,0.00,7685.13,-,[],"[{'block': None, 'base_level': 'Stilt', 'floor_segments': ['5FLOORS'], 'total_floors_above_base': 5}]",['Tiruvallur'],
V:\Project\Project_Stick\data_source\raw\TNRERA\2025\TN_2_Building_0064_2025.pdf,Zudio Garments,"""Zudio Garments"", Kakkalur Village, Tiruvallur Taluk & District - 602001 Survey No. 196/2Part, Plot No. R-215",Non-High Rise Building (NHRB),Commercial,813.60,,Under Construction,31/12/2025,13.137326,79.909462,15,1,16,17688000,29560000,1500000,48748000,0.00,0.00,1199.14,[],[],['Tiruvallur'],Total_Dwelling_Units
V:\Project\Project_Stick\data_source\raw\TNRERA\2025\TN_2_Building_0084_2025.pdf,VGN ASPIRE GARDENS,"VILLINJIAMBAKKM VILLAGE, AVADI TALUK, THIRUVALLUR DISTRICT",Non-High Rise Building (NHRB),Residential,12096.57,69,Under Construction,12/03/2032,1363692,805938,69,21,0,367896592,397196360,0,765092952,0.00,8369.56,0.00,[],[],['Tiruvallur'],
V:\Project\Project_Stick\data_source\raw\TNRERA\2025\TN_2_Building_0132_2025.pdf,RAIL VIEW APARTMENT,"proposed construction of Residential Apartment Building at Ward No. D, Block No. 26, Old Survey No. 735/1B Part, T.S.No. 1/9B, Periyakuppam Village, Thiruvallur Municipality & District. measuring an extent of (1860.00 Sq.mts).",Non-High Rise Building (NHRB),Residential,1860,42,Under Construction,08/01/2027,13.118836717413867,79.92281885109252,0,15,0,15000000,67000000,-,82000000,0.00,2484.37,-,[],[],['Tiruvallur'],
V:\Project\Project_Stick\data_source\raw\TNRERA\2025\TN_2_Building_0152_2025.pdf,-,"S.NO. 107/2B2, POONAMALLEE HIGH ROAD AND KANNAKI STREET, SENEERKUPPAM VILLAGE, POONAMALLEE, CHENNAI 600056.",Non-High Rise Building (NHRB),Commercial,1088.16,,Under Construction,22/02/2025,13.047877332102226,80.11988382157429,5,11,1,11713000,20372000,-,32085000,0.00,0.00,1312.09,[],[],['Tiruvallur'],Total_Dwelling_Units
V:\Project\Project_Stick\data_source\raw\TNRERA\2025\TN_2_Building_0229_2025.pdf,LML THE LUXE ONE,"LML THE LUXE ONE is a secured gated community of 350 units with a land extent of 4.45 1/2 Acres comprising of Spacious 2BHK& 3BHK apartments ranging 977 Sq Ft to 1420 Sq ft in 5 magnificent blocks of Stilt + 5 Floors with total saleable area 448000 sqft situated at goparasanallur village village poonamallee taluk, Thiruvallur district Tamilnadu",Non-High Rise Building (NHRB),Residential,17860,350,Not Yet Started,16/03/2031,130304.3,800731.1,277,14,34,545100000,1598700000,-,2143800000,0.00,38814.54,-,[],"[{'block': None, 'base_level': 'Stilt', 'floor_segments': ['5 Floors'], 'total_floors_above_base': 5}]",['Tiruvallur'],
V:\Project\Project_Stick\data_source\raw\TNRERA\2025\TN_2_Building_0244_2025.pdf,ANAGHA,"New Survey No. 631/1B and T.S. Nos. 69, 70 and 71, Block 77, Ward D, situated at Thirumullaivoyal Village, Ambattur Taluk, Thiruvallur District",Non-High Rise Building (NHRB),Residential,732.16,20,Not Yet Started,31/12/2025,13.123194,80.132629,14,3,0,19056835,52932140,0,71988975,0.00,1860.39,-,[],[],['Tiruvallur'],
V:\Project\Project_Stick\data_source\raw\TNRERA\2025\TN_2_Building_0266_2025.pdf,M Balaji Saravanan,Existing Ground Floor + First Floor Commercial (Shop) Building,Non-High Rise Building (NHRB),Commercial,3441.85,,Completed,,13.196765,80.183821,0,21,2,10000000,50000000,-,60000000,0.00,0.00,1781.92,[],"[{'block': None, 'base_level': 'Ground', 'floor_segments': ['First Floor'], 'total_floors_above_base': 1}]",['Tiruvallur'],Total_Dwelling_Units
V:\Project\Project_Stick\data_source\raw\TNRERA\2025\TN_2_Building_0309_2025.pdf,RLD AURA,"Proposed Construction of Stilt Floor (Parking) + 4 Floors + 5th Floor Part Residential Building (Height - 18.30m ) with 49 Dwelling Units Affordable Housing units (Association room at 5th Floor) at Public Purpose Plot-I in PPD/LO.No.38/2017, 5th Main Road, Royal Star Nagar, Ayapakkam, Chennai- 600 077, Comprised in S. No. 343/2B1 part, 343/2E1 part, 343/2E2 part, 345/1A part, and 345/1B part of Ayapakkam Village within the limits of Villivakkam Panchayat Union",Non-High Rise Building (NHRB),Residential,1637.90,49,Not Yet Started,31/12/2028,13.091415,80.130196,22,0,0,58179000,146200000,-,204379000,0.00,4246.86,-,[18.3],"[{'block': None, 'base_level': 'Stilt', 'floor_segments': ['4 Floors', '5th Floor', '5th Floor'], 'total_floors_above_base': 6}]",['Tiruvallur'],
V:\Project\Project_Stick\data_source\raw\TNRERA\2025\TN_30_Building_0070_2025.pdf,NAVACHAITANYA NIVAS,"Proposed Construction of Residential Building(Apartment) with Stilt Floor, First Floor, Second Floor, Third floor, Fourth floor, Fifth Floor And Head room to an extent of 972.00 Sq.mt. in the Land bearing S.No. 540/1B1A , New Sf.No. 540/3 , Plot No. B in approved Sub division No. 26/2022 of Mathigiri village, Hosur City Municipal Corporation, Hosur Taluk, Krishnagiri District, Tamilnadu.",Non-High Rise Building (NHRB),Residential,972.00,27,Under Construction,30/10/2025,12.71872,77.80247,28,0,2,14000000,120000000,-,134000000,0.00,2444.63,-,[],"[{'block': None, 'base_level': 'Stilt', 'floor_segments': ['First Floor', 'Second Floor', 'Third floor', 'Fourth floor', 'Fifth Floor'], 'total_floors_above_base': 5}]",['Krishnagiri'],
V:\Project\Project_Stick\data_source\raw\TNRERA\2025\TN_30_Building_0140_2025.pdf,Dahlia apartments - Phase 2,"The phase 2 of our project consisting of 45 dwellings with a mix of 2 and 3 bhk apartments in Dinnur road, Hosur",Non-High Rise Building (NHRB),Residential,2061.82,45,Not Yet Started,31/12/2026,12.718,74.81699,45,3,3,90000000,150000000,13000000,253000000,0.00,4771.35,-,[],[],['Krishnagiri'],
V:\Project\Project_Stick\data_source\raw\TNRERA\2025\TN_32_Building_0004_2025.pdf,MAJESTIC VILLAS,"S.F No : 347 / 1B, PATTA No : 4292, MUTHANAMPALAYAM VILLAGE, TIRUPPUR",Non-High Rise Building (NHRB),Residential,2300,12,Under Construction,25/10/2028,110356.8,772242.9,0,14,0,2720000,60000000,1455122,64175122,0.00,1683.46,144.46,[],[],['Tiruppur'],
V:\Project\Project_Stick\data_source\raw\TNRERA\2025\TN_32_Building_0006_2025.pdf,CASAGRAND HIGHLINE,"Proposed Construction of Residential High Rise and Non High Rise Group Development Consists of 5 Blocks, Block 1 to 4: Ground + First Floor + Second Floor (Part), (36 D/U), Block 5 Basement + Ground Floor (Part) Club House (Part) + 12 Upper Floors (137 D/U) Totally 173 D/u with Swimming Pool on the Ground Level Comprised In S.F.No. 560/1 & 561/1B1B12 of Rakkiapakayam Village, Thirumuruganpoondi Municipality, Avinashi Taluk, Tiruppur District",High Rise Building (HRB),Residential,22358.69,173,Not Yet Started,16/11/2029,11.156714,75.31137,315,73,39,1300000000,1780000000,-,3080000000,0.00,41127.05,940.61,[],"[{'block': 'Block 1-4', 'base_level': 'Ground', 'floor_segments': ['First Floor', 'Second Floor', '12 Upper Floors'], 'total_floors_above_base': 14}]",['Tiruppur'],
V:\Project\Project_Stick\data_source\raw\TNRERA\2025\TN_35_Building_0009_2025.pdf,WINDSOR CASTLE,Residential Building with 20 dwelling units,Non-High Rise Building (NHRB),Residential,663.23,20,Under Construction,30/06/2026,12.903986,80.167259,10,6,0,15705800,90000000,-,105705800,0.00,1722.76,-,[],[],['Chengalpattu'],
V:\Project\Project_Stick\data_source\raw\TNRERA\2025\TN_35_Building_0014_2025.pdf,CASAGRAND GOLDENGROVE,"Proposed Construction of Residential Non High Rise Building Villa No. 1 To 116 Consists of Ground Floor + First Floor, Totally 116 D/U, Comprised in Survey Nos. 85/1B, 86/2A, 86/2B, 86/3, 87/2, 102/1B, 103/3A, 103/3B, 105/1, 105/2 AND 105/3A of Sonallur Village, Vandalur Taluk, Chengalpet District",Non-High Rise Building (NHRB),Residential,23650,116,Not Yet Started,10/12/2027,12.835604,80.179788,71,9,0,290000000,650000000,-,940000000,0.00,14538.93,-,[],"[{'block': None, 'base_level': 'Ground', 'floor_segments': ['First Floor'], 'total_floors_above_base': 1}]",['Chengalpattu'],
V:\Project\Project_Stick\data_source\raw\TNRERA\2025\TN_35_Building_0023_2025.pdf,CASAGRAND TRANQUIL,"Proposed Construction of Residential High Rise Building Development Consists of Basement + Ground floor +11 upper floors with 331 D/u &Clubhouse: Ground floor (partly)+ First floor (partly) with Swimming pool on the Ground level at Plot-B (DTCP Approved Layout /Subdivision No. 264/2023 dated 27.12.2023) comprised in Sy.Nos.29/2A1, 29/3A1, 261/1B2 of Pudupakkam Village & Panchayat, Thiruporur Panchayat Union, Vandalur Taluk, Chengalpet District.",High Rise Building (HRB),Residential,18504,331,Not Yet Started,17/12/2027,80.12499,12.474980,196,0,19,220000000,820000000,-,1040000000,0.00,34061.84,1024.70,[],"[{'block': None, 'base_level': 'Ground', 'floor_segments': ['11 upper floors', 'First floor'], 'total_floors_above_base': 12}]",['Chengalpattu'],
V:\Project\Project_Stick\data_source\raw\TNRERA\2025\TN_35_Building_0029_2025.pdf,SR HAVEN,RESIDENTIAL APARTMENTS,Non-High Rise Building (NHRB),Residential,5834.71,90,Not Yet Started,31/07/2027,12.5348,12.1200,99,20,0,120500000,290000000,10500000,421000000,0.00,10413.04,-,[],[],['Chengalpattu'],
V:\Project\Project_Stick\data_source\raw\TNRERA\2025\TN_35_Building_0034_2025.pdf,LML SKY LIVING,"LML Sky Living Project is a secured gated community of 175 units with a land extent of 1.44Acres comprising of Spacious 2BHK& 3BHK apartments ranging 1048 S qFt to 1458 Sq ft in 2magnificent blocks of Stilt + 13 Floors with total saleable area 216039 sqft and Separate club house situated at kanadapalayam village, Tambaram, Chennai Tamilnadu",High Rise Building (HRB),Residential,5800,175,Not Yet Started,01/01/2030,13.005731343734157,80.20714695054777,122,69,2,149000000,864000000,-,1013000000,0.00,23398.71,1162.58,[],"[{'block': None, 'base_level': 'Stilt', 'floor_segments': ['13 Floors'], 'total_floors_above_base': 13}]",['Chengalpattu'],
V:\Project\Project_Stick\data_source\raw\TNRERA\2025\TN_35_Building_0039_2025.pdf,STARWOOD TOWERS PHASE -III (CEDAR),"The Residential Building STARWOOD TOWERS PHASE -III (CEDAR)Situated at S.Nos.20/3, 20/4A,20/5A1, 37/6A, 36/6B, 37/7A, 37/8 of Vengaivasal village, Tambaram Taluk, Chengalpattu District",High Rise Building (HRB),Residential,8975.24,166,Under Construction,27/01/2027,125423.1,801055.9,105,61,17,81422963,718330478,-,799753441,0.00,25324.56,0.00,[],[],['Chengalpattu'],
V:\Project\Project_Stick\data_source\raw\TNRERA\2025\TN_35_Building_0044_2025.pdf,TVS EMERALD VERDE VISTA,"3 Blocks, Basement + Ground + 5 Floors",Non-High Rise Building (NHRB),Residential,19650.00,355,Not Yet Started,02/01/2030,124855.0,801325.8,355,0,20,596000000,1413000000,-,2009000000,5588.20,33577.65,-,[],"[{'block': None, 'base_level': 'Ground', 'floor_segments': ['5 Floors'], 'total_floors_above_base': 5}]",['Chengalpattu'],
V:\Project\Project_Stick\data_source\raw\TNRERA\2025\TN_35_Building_0053_2025.pdf,DRA INARA PHASE -II,"comprised in Survey numbers. 174/Part,175/1part,175/2,178/2Apart,227/ 1,227/2,176,178/2B,190,191,192,193,177 & Plot Nos; 27 to 42 and 43 to 61 within the limit of Ottiyambakkam Village, Tambaram Taluk,",Non-High Rise Building (NHRB),Residential,4048.87,34,Not Yet Started,31/01/2032,12.862174,80.199654,66,0,0,27000000,117000000,-,144000000,0.00,4696.96,-,[],[],['Chengalpattu'],
V:\Project\Project_Stick\data_source\raw\TNRERA\2025\TN_35_Building_0057_2025.pdf,SPRING TIDE,"Paranur Village, Chengalpattu Taluk, Chengalpattu District",Non-High Rise Building (NHRB),Mixed Development,37008.39,1119,Not Yet Started,31/08/2029,12.73,80.01,598,205,10,605900000,2936000000,172600000,3714500000,0.00,43525.00,2548.04,[],[],['Chengalpattu'],
V:\Project\Project_Stick\data_source\raw\TNRERA\2025\TN_35_Building_0063_2025.pdf,CASAGRAND SUN CITY PHASE - II https://rera.tn.gov.in/public-view2/building/pfirm/c39c7820-e540-11ef-b2e4-a5ec7cc6a487,"Proposed Additional Construction of Residential Highrise Group Development Building Consists of 3 Blocks, Block 5 & 6 with Combined Double Basement B1 & B2, Block 5: Ground + 36 Upper Floors (295 D/U), Block 6: Ground + 36 Upper Floors (295 D/U), Block 10 (Club House): Ground + 3 Floors with Swimming Pool on the Ground Floor, Totally 590 D/U comprised in S.Nos. 108/2A,109/1A, 109/2B, 109/4A3, 109/4A4, 111/1C1A1, 111/1C1B1, 111/1C1B3, 112/1A, 112/1C, 112/2A, 112/4A, 112/5A, 113/2A, 113/3A, 113/4A, 114/2, 114/3A, 114/3B, 114/3C, 114/4, 114/5, 114/6, 114/7, 115/1, 115/2, 115/3, 115/4, 116, 117/1, 117/2, 117/3, 117/4, 117/5, 117/6, 120/1, 121/2, 122/1A, 122/1B, 122/2, 123/1, 123/2, 123/3, 123/4, 123/5, 123/6, 123/7, 124/2B, 124/3, 124/4, 124/5, 125/1A2, 125/1B, 125/2A, 125/2B, 126, 127/1B, 127/2A, 127/3A, 127/3B, 128/1A, 128/1C, 128/2, 128/3A, 128/4A, 128/5A,",High Rise Building (HRB),Residential 1/10,155278.02,590,Not Yet Started,28/02/2029,12.839137,80.147958,568,0,52,1070000000,4190000000,-,5260000000,0.00,89902.97,5477.17,[],"[{'block': 'Block 5 & 6 with Combined Double Basement B1 & B2, Block 5', 'base_level': 'Ground', 'floor_segments': ['36 Upper Floors'], 'total_floors_above_base': 36}, {'block': 'Block 6', 'base_level': 'Ground', 'floor_segments': ['36 Upper Floors'], 'total_floors_above_base': 36}, {'block': 'Block 10 (Club House)', 'base_level': 'Ground', 'floor_segments': ['3 Floors'], 'total_floors_above_base': 3}]",['Chengalpattu'],
V:\Project\Project_Stick\data_source\raw\TNRERA\2025\TN_35_Building_0067_2025.pdf,AVITTAM ADIYOGI,"Stilt Floor + 4 Floors + 5th Floor part Residential Building (Height- 18.30m) with 39 Dwelling Units with Affordable Housing at Plot No. 19,20 & 21, 11th west street, Jai nagar Extension, Mehta Nagar, Kundrathur, Chennai Comprised in S.No.90/1B1B, 90/1B1C, 90/1B1A2 & 90/1B1A3 of Kundrathur-B Village within the limits of Kundrathur Municipality",Non-High Rise Building (NHRB),Residential,1187.18,39,Under Construction,31/01/2028,12.991187,80.106051,19,14,4,50000000,150000000,-,200000000,0.00,3086.44,-,[18.3],"[{'block': None, 'base_level': 'Stilt', 'floor_segments': ['4 Floors', '5th Floor'], 'total_floors_above_base': 5}]",['Chengalpattu'],
V:\Project\Project_Stick\data_source\raw\TNRERA\2025\TN_35_Building_0075_2025.pdf,SRI NANDANA AVENUE KMR HOUSING,"Plot No. 8, 9, 10, 11, 12 & 13 (Approved Layout PPD/LO. No. 129/2004) Sethunarayna Street, Sai Enclave, Chitlapakkam, Chenna – 600064, Comprised in Old S.No. 120/2, New S.No. 120/2A1B3, 120/2A2B2, 120/2A1B2 (Patta) of Chitlappakam Village, Tambaram Taluk, Within the Limits of Tambaram Municipal Corporation",Non-High Rise Building (NHRB),Residential,1146.47,30,Not Yet Started,20/07/2028,12.927169,80.138957,21,3,2,120000000,78500000,-,198500000,0.00,2825.59,-,[],[],['Chengalpattu'],
V:\Project\Project_Stick\data_source\raw\TNRERA\2025\TN_35_Building_0087_2025.pdf,THE WORLD OF JOY,Village Siruseri Taluk Thiruporur District Chengalpattu State Tamilnadu,High Rise Building (HRB),Residential,41763.56,2880,Under Construction,31/12/2027,12.8,80.12,890,74,0,650000000,2375000000,5556500,3025000000,0.00,76882.72,0.00,[],[],['Chengalpattu'],
V:\Project\Project_Stick\data_source\raw\TNRERA\2025\TN_35_Building_0090_2025.pdf,VIVA VIBRANT,"At Sai VIVA Lane, Thiruthani Nagar, Zamin Pallavaram, Chennai-600043",Non-High Rise Building (NHRB),Residential,1000.00,15,Under Construction,31/12/2026,12.954342,80.169066,16,2,2,77500000,73994600,-,151494600,0.00,1986.46,-,[],[],['Chengalpattu'],
V:\Project\Project_Stick\data_source\raw\TNRERA\2025\TN_35_Building_0097_2025.pdf,CASAGRAND CASAMIA https://rera.tn.gov.in/public-view2/building/pfirm/e91091b0-07fb-11f0-ba2a-e3053517c352,"Proposed Construction of Residential Group Housing Development Consisting of Combined Basement Floor with 13 Blocks; Block 1: Combined Basement Floor + Ground Floor + 4 Floors + 5th Floor (Part) (18.15m Height) Residential Building with 106 Dwelling Units with Board Games Room, Video Games Room, AV Room, Yoga Room, Badminton Room, Squash Room, Kids Play Room, Fitness Room, Aerobics Room; Block 2: Combined Basement Floor + Ground Floor + 5 Floors (18.15m Height) Residential Building with 137 Dwelling Units; Block 3: Combined Basement Floor + Ground Floor + 5 Floors (18.15m Height) Residential Building with 48 Dwelling Units; Block 4: Combined Basement Floor + Ground Floor + 5 Floors (18.15m Height) Residential Building with 60 Dwelling Units; Block 5 Combined Basement Floor + Ground",Non-High Rise Building (NHRB),Residential 1/15,88500,1314,Not Yet Started,24/03/2032,12.990163,80.134133,1165,117,124,2330000000,7320000000,-,9650000000,0.00,170181.19,5189.35,[],"[{'block': 'Block 1', 'base_level': 'Ground', 'floor_segments': ['4 Floors', '5th Floor'], 'total_floors_above_base': 5}, {'block': 'Block 2', 'base_level': 'Ground', 'floor_segments': ['5 Floors'], 'total_floors_above_base': 5}, {'block': 'Block 3', 'base_level': 'Ground', 'floor_segments': ['5 Floors'], 'total_floors_above_base': 5}, {'block': 'Block 4', 'base_level': 'Ground', 'floor_segments': ['5 Floors'], 'total_floors_above_base': 5}]",['Chengalpattu'],
V:\Project\Project_Stick\data_source\raw\TNRERA\2025\TN_35_Building_0099_2025.pdf,BRIGADE MORGAN HEIGHTS https://rera.tn.gov.in/public-view2/building/pfirm/212a3270-e858-11ef-b669-853e970ce642,"High-rise Building(South) – The Planning Permission application received for the proposed construction of High Rise Residential Group Development Buildings of 4 Blocks consisting of Block - 1: Stilt+3 Floors (Parking) and 4th to 24th Floor Residential Building (626 Dwelling Units), Block - 2: Stilt + 3 Floors (Parking) and 4th to 18th Floor Residential Building (360 Dwelling Units), Block - 3: Stilt + 2 Floors (Parking) and 3rd to 13th Floor Residential Building (264 Dwelling Units) - Totally 1250 Dwelling Units and Block - 4: Club House - Ground + 4 Floors +5th floor part-, Multi-Purpose Hall, Badminton Court, Creche, Clinic, Games room, Saloon, Convenience Store, Pharmacy, Gym and Swimming Pool and Clock Tower with 30m Height, at S.Nos:453, 495/2C, 496, 497 & 498, Sholinganallur - Medavakkam",High Rise Building (HRB),Mixed Development 1/10,59528.76,1250,Under Construction,30/06/2030,12.54162,80.12353,1537,28,155,8000000000,47875000,-,8047875000,0.00,189024.93,3696.62,[],"[{'block': 'Block - 1', 'base_level': 'Stilt', 'floor_segments': ['3 Floors', '24th Floor'], 'total_floors_above_base': 4}, {'block': 'Block - 2', 'base_level': 'Stilt', 'floor_segments': ['3 Floors', '18th Floor'], 'total_floors_above_base': 4}, {'block': 'Block - 3', 'base_level': 'Stilt', 'floor_segments': ['2 Floors', '13th Floor'], 'total_floors_above_base': 3}, {'block': 'Block - 4', 'base_level': 'Ground', 'floor_segments': ['4 Floors', '5th floor'], 'total_floors_above_base': 5}]",['Chengalpattu'],
V:\Project\Project_Stick\data_source\raw\TNRERA\2025\TN_35_Building_0106_2025.pdf,CASAGRAND GOLDENGROVE,"Proposed Construction of Residential Non High-Rise Building Villa No. 1 To 116 Consists of Ground Floor + First Floor, Totally 116 D/U , with Club House Building Comprised in Survey Nos. 85/1B, 86/2A1, 86/2A2, 86/2B2, 86/3A, 86/3C, 86/3E, 87/2A, 87/2C, 103/3A1, 103/3A3, 103/3A4, 103/3B1, 103/3B3, 103/3B5, 105/1A, 105/ 1C, 105/1D, 105/1E, 105/1F, 105/1G, 105/2A, 105/2B, 105/2C, 105/3A2, 105/3A3 and 105/3A4 of Sonallur Village, Vandalur Taluk, Chengalpet District. OSR & Link Road Gifted vide Gift Deed No : 17676/2024, dated on 11.11.2024 comprised in S.Nos. 86/2A3, 86/2B1, 86/3B, 86/3D, 87/2B, 102/1B1, 102/1B2, 102/1B3, 103/3A2, 103/3A5, 103/3B2, 103/3B4, 105/1B, 105/2D, 105/3A1 of Sonallur Village, Vandalur Taluk, Chengalpet District.",Non-High Rise Building (NHRB),Residential,23650,116,Not Yet Started,13/02/2028,12.835604,80.17979,71,12,0,290000000,650000000,-,940000000,0.00,14538.93,469.61,[],"[{'block': None, 'base_level': 'Ground', 'floor_segments': ['First Floor'], 'total_floors_above_base': 1}]",['Chengalpattu'],
V:\Project\Project_Stick\data_source\raw\TNRERA\2025\TN_35_Building_0107_2025.pdf,CASAGRAND JARVIS https://rera.tn.gov.in/public-view2/building/pfirm/1565b520-04cd-11f0-a435-a3aaf93ab724,"Proposed Construction of Residential Non - High Rise Group Development consists of 4 Blocks, Block 1: Basement + Ground + 5 Upper floors,(118 D/U) Block 2 : Basement + Ground+ 5 Upper floors (119 D/U), Block 3 & 4 with Combined Basement floor, Block 3: Ground floor Part + 5 Upper Floors (125 D/U), Amenity Block : Ground floor Part + 3 Upper floors, Block 4 : Ground + 5 Upper floors(107 D/U) with Swimming Pool on the Ground Level,Totally 469 D/U comprised in S. Nos. 167/2, 167/3, 167/4A, 167/5A, 167/5B, 167/6, 167/7, 167/9, 167/10, 167/11, 167/12B, 168/2, 168/3, 168/4, 168/5A, 168/5B, 168/6, 168/7, 168/14, 180/2, 180/3A, 180/3B, 180/4, 180/6A, 180/6B, 180/7, 180/8, 180/9A, 180/9B, 208/1, 208/2, 209/1A, 209/1B, 209/1C, 209/1D, 209/1E, 209/2A, 209/2B, 209/3, 209/4, 209/5, 209/6, 209/7, 209/8, 209/10, 209/11, 209/12,",Non-High Rise Building (NHRB),Residential 1/10,34453,469,Not Yet Started,13/03/2028,12.814205,80.207986,451,18,43,820000000,2430000000,-,3250000000,0.00,65467.44,1240.25,[],"[{'block': 'Block 1', 'base_level': 'Ground', 'floor_segments': ['5 Upper floors'], 'total_floors_above_base': 5}, {'block': 'Block 2', 'base_level': 'Ground', 'floor_segments': ['5 Upper floors'], 'total_floors_above_base': 5}, {'block': 'Block 3 & 4 with Combined Basement floor, Block 3', 'base_level': 'Ground', 'floor_segments': ['5 Upper Floors', '3 Upper floors'], 'total_floors_above_base': 8}, {'block': 'Block 4', 'base_level': 'Ground', 'floor_segments': ['5 Upper floors'], 'total_floors_above_base': 5}]",['Chengalpattu'],
V:\Project\Project_Stick\data_source\raw\TNRERA\2025\TN_35_Building_0115_2025.pdf,ALTAVIDA Block - D,Stilt Floor + 11 Floors with 55 dwelling units,High Rise Building (HRB),Residential,20464.80,55,Under Construction,01/09/2032,12.7378,80.1753,20,35,00,120000000,150000000,-,270000000,0.00,5186.00,-,[],"[{'block': None, 'base_level': 'Stilt', 'floor_segments': ['11 Floors'], 'total_floors_above_base': 11}]",['Chengalpattu'],
V:\Project\Project_Stick\data_source\raw\TNRERA\2025\TN_35_Building_0120_2025.pdf,DRA INARA PHASE - III,"comprised in Survey numbers. 174/Part,175/1part,175/2,178/2Apart,227/ 1,227/2,176,178/2B,190,191,192,193,177 & Plot Nos; 1 to 24,26,42,62 to 66,68 to 84,86 to 105 within the limit of Ottiyambakkam Village, Tambaram Taluk, Chengalpattu District, Tamil Nadu State.",Non-High Rise Building (NHRB),Residential,7813.15,68,Not Yet Started,10/02/2030,12.8657,80.1903,87,28,0,42470877,307703200,-,350174077,0.00,10733.79,0.00,[],[],['Chengalpattu'],
V:\Project\Project_Stick\data_source\raw\TNRERA\2025\TN_35_Building_0127_2025.pdf,DRA PHOEBE LUMINA,"Plot No. 1, Survey No. 14/2C1B2",Non-High Rise Building (NHRB),Commercial,1793.42,,Not Yet Started,17/02/2033,12.8318,80.2292,28,0,2,74513440,87420700,-,161934140,0.00,0.00,3531.09,[],[],['Chengalpattu'],Total_Dwelling_Units
V:\Project\Project_Stick\data_source\raw\TNRERA\2025\TN_35_Building_0130_2025.pdf,HANU HOMES - SUNSHINE https://rera.tn.gov.in/public-view2/building/pfirm/6133bc20-d19b-11ef-8c2f-b5f479972e8c,"PLAN SHOWING THE PROPOSED CONSTRUCTION OF GROUND FLOOR (PART)/ STILT FLOOR (PART) + 4 FLOORS + 5TH FLOOR PART (HEIGHT 18.30M ) RESIDENTIAL CUM COMMERCIAL BUILDING WITH 26 DWELING UNITS AND OF FICE (2 15. 15 Sq.mts) AT (GROUND FLOOR PART AND FIRST FLOOR PART) AVAILING PREMIUM FSI AT NOOKAMPALAYAM MAIN ROAD, PERUMBAKKAM,CHENNAI COMPRISED IN OLD S.N0.233/2, NEW S.N0.233/2A2,233/2A3,233/2B2 AND 233/2B3 OF PERUMBAKKAM VILLAGE WITHIN THE LIMITS OF ST .THOMAS MOUNT PANCHAYAT UNION)",Non-High Rise Building (NHRB),Mixed Development 1/9,1133.11,26,Under Construction,31/12/2029,12.896707,80.198196,4,17,2,75300000,115300000,-,190600000,0.00,2528.50,215.15,[18.3],"[{'block': None, 'base_level': 'Ground', 'floor_segments': ['4 FLOORS', '5TH FLOOR', 'FIRST FLOOR'], 'total_floors_above_base': 6}]",['Chengalpattu'],
V:\Project\Project_Stick\data_source\raw\TNRERA\2025\TN_35_Building_0134_2025.pdf,JANANI'S HIGH TIDE,"PROPOSED CONSTRUCTION OF RESIDENTIAL BUILDING IN S F NOS. 40/2B & 54/2 AT MUTTUKADU VILLAGE THIRUPORUR TALUK, CHENGALPATTU DISTRICT",Non-High Rise Building (NHRB),Residential,4853.00,90,Not Yet Started,31/12/2026,12.806422,80.236823,87,0,4,35000000,52500000,-,87500000,0.00,9227.79,403.32,[],[],['Chengalpattu'],
V:\Project\Project_Stick\data_source\raw\TNRERA\2025\TN_35_Building_0144_2025.pdf,RLD ALTIMA,"THE PROPOSED CONSTRUCTION OF HIGH RISE (AFFORDABLE RESIDENTIAL HOUSES) GROUP DEVELOPMENT CONSISTS OF COMBINED EXTENDED BASEMENT FLOORS WITH BLOCK - 01 (TOWER A) AND BLOCK - 02. BLOCK-01 (TOWER A) 315 DWELLING UNITS (STILT TO 35TH FLOOR) BLOCK-02 (CLUB HOUSE : GROUND FLOOR + FIRST FLOOR WITH SWIMMING POOL @ GROUND LEVEL, COMPRISED IN S.NO. 585/1A2A1, 586/1A, 586/2A, 586/2B, 586/2C, 587, 595/1B1A, 596/1A, 598/1 AT PADUR VILLAGE, THIRUPORUR TALUK, CHENGALPATTU DISTRICT, TAMIL NADU.",High Rise Building (HRB),Residential,30069,315,Not Yet Started,30/11/2030,12.79345,80.21784,307,0,16,538000000,1095147980,-,1633147980,0.00,36550.85,1915.24,[],"[{'block': 'BLOCK - 01 (TOWER A) AND BLOCK - 02. BLOCK-01 (TOWER A) 315 DWELLING UNITS (STILT-35TH FLOOR) BLOCK-02 (CLUB HOUSE', 'base_level': 'Ground', 'floor_segments': ['FIRST FLOOR'], 'total_floors_above_base': 1}]",['Chengalpattu'],
V:\Project\Project_Stick\data_source\raw\TNRERA\2025\TN_35_Building_0148_2025.pdf,THE WHITE HOUSE – TOWER B,"Construction of Stilt Floor + 3 Floors (Height -13.40 M ) Residential Building with 18 Dwelling Units at Plot No - 12,13,14,15,16,17,18,19,20,21,22 & 23 Manapakkam Main Road, Kolapakam, Chennai 600116 comprised In Old S.No.26/2, Patta No.4074 as per Patta Old S.No.26/2A1, now New Sub-Division S.Nos.26/2A1E, 26/2A1F, 26/2A1G, 26/2A1H, 26/2A1I, 26/2A1J, 26/2A1K, 26/2A1M, 26/2A1N, 26/2A1O, 26/2A1P & 26/2A1Q Of Kolapakkam Village, Within The Limit Of Kundrathur Panchayat Union.",Non-High Rise Building (NHRB),Residential,1078.34,18,Under Construction,06/03/2033,13.0112897,80.1601398,18,2,2,61089795,92539800,-,153629595,0.00,2366.42,-,[13.4],"[{'block': None, 'base_level': 'Stilt', 'floor_segments': ['3 Floors'], 'total_floors_above_base': 3}]",['Chengalpattu'],
V:\Project\Project_Stick\data_source\raw\TNRERA\2025\TN_35_Building_0154_2025.pdf,-,construction of Stilt floor + 3 floors (Shop – 12.0m height) Commercial Building,Non-High Rise Building (NHRB),Commercial,521,,Completed,,125752.60,8011187,11,2,2,35000000,20000000,-,55000000,0.00,0.00,887.00,[],"[{'block': None, 'base_level': 'Stilt', 'floor_segments': ['3 floors'], 'total_floors_above_base': 3}]",['Chengalpattu'],Total_Dwelling_Units
V:\Project\Project_Stick\data_source\raw\TNRERA\2025\TN_35_Building_0157_2025.pdf,BEVERLY RIDGE,"Construction of 42 Villas in 42 Plots comprised in Present Survey No.11/2B2B1A, 11/2B2C, 11/4 bearing Patta Nos. 5053, 5054 & 10360 in the Layout approved by the President, Pudupakkam Panchayat, Thiruporur Panchayat Union, vide Layout Approval No. Na.Ka.No. 17/2023 dated 07/12/2023 and with Resolution No. 93 dated 07.12.2023 situated in Pudupakkam Village, Vandaloor Taluk, Chengalpet District and Within the Registration District of Chenglepet and Sub- Registration District of Thiruporur.",Non-High Rise Building (NHRB),Residential,4160.88,42,Not Yet Started,05/03/2030,12.803974,80.190625,0,42,0,134367000,248589000,-,382956000,0.00,5132.00,0.00,[],[],['Chengalpattu'],
V:\Project\Project_Stick\data_source\raw\TNRERA\2025\TN_35_Building_0158_2025.pdf,Spring Tide,"Paranur Village, Chengalpattu Taluk, Chengalpattu District",High Rise Building (HRB),Mixed Development,37008.39,1119,Not Yet Started,31/08/2029,12.43,79.59,598,205,10,605900000,3108600000,-,3714500000,0.00,39306.99,-,[],[],['Chengalpattu'],
V:\Project\Project_Stick\data_source\raw\TNRERA\2025\TN_35_Building_0161_2025.pdf,S&P NEW HAVEN RIBBON WALK,"Construction of residential building at Survey no: 76B/1, 77/1, 2A, 78/1A, 2, 5, 8A, 79, 80/1, 2A, 81A/9, 81A/10 of Keezhakottaiyur village and survey No; 131/1A, 131/1B of Mambakkam village ,Tiruporur Taluk, Chengalpattu district",High Rise Building (HRB),Residential,61307.67,1694,Under Construction,31/12/2027,12.836765,80.157297,271,119,15,520000000,1500000000,-,2020000000,0.00,42602.00,498.00,[],[],['Chengalpattu'],
V:\Project\Project_Stick\data_source\raw\TNRERA\2025\TN_35_Building_0166_2025.pdf,NAPA VALLEY BY DAC,"Ottiyambakkam Main Road, Arasankazhani, Chennai, Comprised in S.No.41/3A, 41/3B1 & 42/1 of Arasankazhani Village within the limit of St.Thomas Mount Panchayat Union.",Non-High Rise Building (NHRB),Residential,4026.59,110,Not Yet Started,31/05/2030,12.874303,80.191370,74,40,5,73734000,345000000,-,418734000,0.00,11268.93,-,[],[],['Chengalpattu'],
V:\Project\Project_Stick\data_source\raw\TNRERA\2025\TN_35_Building_0169_2025.pdf,VOORA ONE SEA https://rera.tn.gov.in/public-view2/building/pfirm/3e45ab90-f371-11ef-9231-7b67d79d5ea5,"Proposed project ‘VOORA ONE SEA’ for the Proposed Construction of Group Development for Affordable Residential Apartments – High Rise Building with Combined Basement Floor +Combined Stilt Floor + Combined Podium with Swimming Pool and Block : 3(Commercial - Club House) and Residential Building BLOCK: 1(ISLAND -1,Stilt + 12th Floor – 204 Dwelling units- 1BHK), BLOCK:2(ISLAND – 2, First Floor+41st Floor – 365 Dwelling units, ISLAND - 3,First Floor + 41st Floor – 367 Dwelling units, ISLAND – 4,First Floor + 12th Floor – 103 Dwelling units-2 & 3 BHK) Total 1039 Dwelling units, at “Voora One Sea” S.Nos. 18/1, 2, 3, 8A, 8B, 10; 19/1,2, 3, 4, 6B, 23/1A, 24/1, 25/1A, 1B, 1C, 1D, 2, 3, 4, 5, 6, 7, 8, 9A, 9B, 9C, 10; 29/12C1, 12C2, 12C3B; 30/5C1A, 6B, 7A, 8, 9, 10, 12C1A, 12C1B, 12C2, 12C3, 13A1, 13B; 31/1C1A1, 11 and 31/13,ECR Main Road,",High Rise Building (HRB),Mixed Development 1/10,44370,1039,Not Yet Started,31/12/2031,12.844250,80.239875,776,0,78,1300000000,1780000000,-,3080000000,12321.71,92838.84,3320.11,[],"[{'block': None, 'base_level': 'Basement', 'floor_segments': ['12th Floor', 'First Floor', '41st Floor', 'First Floor', '41st Floor', 'First Floor', '12th Floor'], 'total_floors_above_base': 7}]",['Chengalpattu'],
V:\Project\Project_Stick\data_source\raw\TNRERA\2025\TN_35_Building_0172_2025.pdf,,,,,,,,,,,,,,,,,,,,,[],[],[],"Project_Name, Site_Extent_Sqm, Total_Dwelling_Units, Latitude, Longitude, Land_Cost, Construction_Cost, Total_Project_Cost, FSI_Other_Residential"
V:\Project\Project_Stick\data_source\raw\TNRERA\2025\TN_35_Building_0185_2025.pdf,INCOR CHENNAI PROJECTS TWO PVT LTD,"RESIDENTAIL AND MIXED DEVELOPMENT OF 2, 2.5, 3 BHK WITH CLUB HOUSE INSIDE GATED COMMUNITY",High Rise Building (HRB),Mixed Development,167170,2204,Not Yet Started,26/09/2030,12.774309375526512,80.218706390447288,340,576,67,1370000000,5100000000,-,6470000000,0.00,265008.19,5165.93,[],[],['Chengalpattu'],
V:\Project\Project_Stick\data_source\raw\TNRERA\2025\TN_35_Building_0188_2025.pdf,WHITEFIELD MUDRA PHASE B,"Survey Nos. 134/1C, 134/2A1, 135/1C1, 135/2C1 &136/2C1C of Medavakkam Village, Tambaram Taluk, Chengalpet District",Non-High Rise Building (NHRB),Residential,3547,65,Under Construction,29/10/2032,12.9269,80.1937,83,0,0,181355000,339352200,-,520707200,0.00,9117.68,0.00,[],[],['Chengalpattu'],
V:\Project\Project_Stick\data_source\raw\TNRERA\2025\TN_35_Building_0205_2025.pdf,ASHIANA SHUBHAM PHASE 3A,"We are developing the whole project named ""Ashiana Shubham"" wherein Phase 1,2, 3 and 4 are complete and we are applying for Phase 3A.",Non-High Rise Building (NHRB),Mixed Development,182329.61,921,Completed,,12.75965,80.044601,0,5,0,25700000,71500000,-,97200000,0.00,1608.48,537.07,[],[],['Chengalpattu'],
V:\Project\Project_Stick\data_source\raw\TNRERA\2025\TN_35_Building_0209_2025.pdf,NEST ETERNIA,NEST ETERNIA,Non-High Rise Building (NHRB),Residential,5556.43,148,Not Yet Started,30/09/2027,12.871094,80.192247,70,48,6,113220000,772222100,-,885442100,0.00,14538.94,-,[],[],['Chengalpattu'],
V:\Project\Project_Stick\data_source\raw\TNRERA\2025\TN_35_Building_0210_2025.pdf,HEYDAY SENIOR CARE SERVIES CHENNAI P LTD,HEYDAY IS SENIOR PEOPLE GATED COMMUNITY WITH FACILITIES AND AMENITIES,High Rise Building (HRB),Mixed Development,167170,672,Not Yet Started,27/09/2030,12.773895488326936,80.21999510539672,48,36,8,246300000,1405600000,-,1651900000,0.00,38771.10,-,[],[],['Chengalpattu'],
V:\Project\Project_Stick\data_source\raw\TNRERA\2025\TN_35_Building_0216_2025.pdf,SPRING TIDE,Paranur Village Chengalpattu Taluk Chengalpattu District,High Rise Building (HRB),Mixed Development,37008.39,1119,Not Yet Started,31/07/2029,12.43,79.59,813,598,10,346200000,3997600000,-,4343800000,0.00,8895.77,1033.42,[],[],['Chengalpattu'],
V:\Project\Project_Stick\data_source\raw\TNRERA\2025\TN_35_Building_0219_2025.pdf,VILLA ONE PHASE - II,"Comprised in Old S.No.199/6B (part) New S.No.199/6B1 (part), 199/6B2 (part) & 199/6B3 (part) of Nanmangalam Village, Tambaram Taluk, Chengalpet District, ST.Thomas Mount Panchayat Union Limit, Tamilnadu State.",Non-High Rise Building (NHRB),Residential,1947.01,11,Under Construction,31/12/2030,125633.9,801052.4,20,2,2,77304000,87870519,-,165174519,0.00,2634.48,-,[],[],['Chengalpattu'],
V:\Project\Project_Stick\data_source\raw\TNRERA\2025\TN_35_Building_0224_2025.pdf,Prestige Pallavaram Estates Private Limited,"The proposed construction of high-rise group development consisting of 14 Blocks with 2 combined extended basements; Blocks 1 to 13: (Residential) Ground floor +14 floors (total 2069 dwelling units) & Block 14: Clubhouse, Ground floor + 5 floors, at Pallavaram – Thoraipakkam radial road.",High Rise Building (HRB),Mixed Development,88389.5,2069,Not Yet Started,31/12/2029,12.952744388896893,80.16474601388734,2668,288,210,4520817101,16362541635,-,20883358736,0.00,278291.45,5694.99,[],"[{'block': 'Block 14', 'base_level': 'Ground', 'floor_segments': ['5 floors'], 'total_floors_above_base': 5}]",['Chengalpattu'],
V:\Project\Project_Stick\data_source\raw\TNRERA\2025\TN_35_Building_0225_2025.pdf,RAJPARIS BLUE JEWEL,"S.No. 95 / 52 Of Muttukadu Village, Thirupporur Taluk, Chengalpattu District, 603112",High Rise Building (HRB),Residential,3370,55,Not Yet Started,31/01/2029,12.80917776830005,80.24279731749661,64,60,7,162654660,550000000,-,712654660,0.00,12106.89,-,[],[],['Chengalpattu'],
V:\Project\Project_Stick\data_source\raw\TNRERA\2025\TN_35_Building_0227_2025.pdf,TVS EMERALD UDYANA PHASE III,Non High Rise Building with stilt +5 Floors in 2 blocks,Non-High Rise Building (NHRB),Residential,6522.30,135,Not Yet Started,25/05/2030,12.54153,80.10113,95,29,1,217800000,598000000,-,815800000,0.00,14166.70,-,[],"[{'block': None, 'base_level': 'Stilt', 'floor_segments': ['5 Floors'], 'total_floors_above_base': 5}]",['Chengalpattu'],
V:\Project\Project_Stick\data_source\raw\TNRERA\2025\TN_35_Building_0233_2025.pdf,VILLA ONE PHASE - I,"VILLA ONE PHASE-1, Comprised in OLD S.No.199/6B (part) New S.No.199/6B1 (part), 199/6B2 (part) & 199/6B3 (part) of Nanmangalam Village, Tambaram Taluk, Chengalpet District, ST.Thomas Mount Panchayat Union Limit, Tamilnadu State.",Non-High Rise Building (NHRB),Residential,1597.33,9,Under Construction,31/12/2030,12.942803,80.181155,18,0,0,46870844,66209645,-,113080489,0.00,1999.76,-,[],[],['Chengalpattu'],
V:\Project\Project_Stick\data_source\raw\TNRERA\2025\TN_35_Building_0237_2025.pdf,BAY VILLA,Block 8 to 26 NHRB (consist of 83 units) and Gym & Indoor game,Non-High Rise Building (NHRB),Mixed Development,27229.64,83,Not Yet Started,31/03/2028,12.813238,80.229589,162,69,25,250000000,900000000,-,1150000000,0.00,26601.36,628.28,[],[],['Chengalpattu'],
V:\Project\Project_Stick\data_source\raw\TNRERA\2025\TN_35_Building_0242_2025.pdf,ASHIANA SWARANG PHASE II,"We are developing the whole project named ""Ashiana Swarang"" wherein the Phase 1 TNRERA approval has been taken and its currently under construction.",Non-High Rise Building (NHRB),Residential,44311,451,under construction,15/10/2028,12.727301,80.227232,0,0,0,54100000,395900000,-,450000000,0.00,7755.12,-,[],[],['Chengalpattu'],
V:\Project\Project_Stick\data_source\raw\TNRERA\2025\TN_35_Building_0255_2025.pdf,Sidharth Bliss,Stilt+5floor-93 dwelling units,Non-High Rise Building (NHRB),Residential,3697.2,93,Under Construction,31/12/2028,12.511406,80.1428,100,5,5,28000000,65000000,-,93000000,0.00,10569.96,465.48,[],"[{'block': None, 'base_level': 'Stilt', 'floor_segments': ['5floor'], 'total_floors_above_base': 5}]",['Chengalpattu'],
V:\Project\Project_Stick\data_source\raw\TNRERA\2025\TN_35_Building_0258_2025.pdf,AVITTAM NAYANMAR,"proposed construction of Group Housing Development with 2 Blocks; Block 1 - Stilt floor + 5 floors (Height - 18.30m) Residential Building with 65 Dwelling; Block 2 - Stilt floor + 5 floors (Height - 18.30m) Residential Building with 50 Dwelling units; Totally 115 Dwelling units for Affordable Housing at Dharkast Road (Kishkindha Main Road), Kannadapalayam, West Tambaram, Chennai 600045, comprised in Old S.Nos.268/2, 268/3 & 268/4, and T.S.Nos.106/1, 107/2, 107/3, 108/2 & 108/3, Block No.21, Ward No.C of Tambaram Village, Tambaram Taluk within the Limits of Tambaram Municipal Corporation",Non-High Rise Building (NHRB),Residential,4497.36,115,Under Construction,31/12/2030,12.935517,80.102738,116,11,12,350000000,450000000,-,800000000,0.00,12583.99,-,"[18.3, 18.3]","[{'block': None, 'base_level': 'Stilt', 'floor_segments': ['5 floors', '5 floors'], 'total_floors_above_base': 10}]",['Chengalpattu'],
V:\Project\Project_Stick\data_source\raw\TNRERA\2025\TN_35_Building_0261_2025.pdf,AVITTAM THIRUNAVUKARASAR,"Stilt floor + 5 floors (Height - 18.30m) Residential Building with 65 Dwelling for Affordable Housing at Dharkast Road (Kishkindha Main Road), Kannadapalayam Bajanai koil Street, West Tambaram, Chennai 600045, comprised in Old S.Nos.268/2, 268/3 & 268/4, and T.S.Nos.106/2, 107/4, 107/5, 108/4 & 108/5, Block No.21, Ward No.C of Tambaram Village, Tambaram Taluk within the Limits of Tambaram Municipal Corporation",Non-High Rise Building (NHRB),Residential,2079.64,65,Under Construction,31/12/2030,12.935622,80.102393,55,0,5,155000000,280000000,-,435000000,0.00,5805.95,-,[18.3],"[{'block': None, 'base_level': 'Stilt', 'floor_segments': ['5 floors'], 'total_floors_above_base': 5}]",['Chengalpattu'],
V:\Project\Project_Stick\data_source\raw\TNRERA\2025\TN_35_Building_0276_2025.pdf,Lakewoods Towers H & I,"Development of Residential Towers H & I in Lakewoods projects in plot No.17/2, Paranur Village, Chengalpattu",High Rise Building (HRB),Residential,37756.18,747,Not Yet Started,30/04/2029,12.7275248,79.9876373,747,8,8,73500000,964155000,-,1037655000,0.00,17186.34,-,[],[],['Chengalpattu'],
V:\Project\Project_Stick\data_source\raw\TNRERA\2025\TN_35_Building_0278_2025.pdf,SHRINAY GRANDEUR,"At Plot No.1,Comprised in S.No.111/2A1A1A, 3A3A1 , 2A1A2& 3A3B Of KANATHUR REDDYKUPPAM Village",Non-High Rise Building (NHRB),Mixed Development,1783.60,16,Under Construction,31/03/2030,12.83754,80.240883,28,3,2,62944619,99471297,-,162415916,0.00,3643.90,675.31,[],[],['Chengalpattu'],
V:\Project\Project_Stick\data_source\raw\TNRERA\2025\TN_35_Building_0280_2025.pdf,WHITEFIELD MUDRA PHASE C,"Survey Nos. 134/2A3, 135/1C3, 135/2C3, 136/2C1D, 164/1A5 & 165/1A1A of Medavakkam Village, Tambaram Taluk, Chengalpet District",Non-High Rise Building (NHRB),Residential,3309,71,Not Yet Started,12/01/2033,12.9265,80.1939,78,0,0,169185500,328564500,-,497750000,0.00,8592.14,-,[],[],['Chengalpattu'],
V:\Project\Project_Stick\data_source\raw\TNRERA\2025\TN_35_Building_0286_2025.pdf,LUXE LOFT,"S.No. 231/21A1 (Document), S.No. 231/33 (Patta) of Agaramthen Village Within the Limits of St.Thomas Mount Panchayat Union",Non-High Rise Building (NHRB),Residential,881,23,Under Construction,30/12/2029,12.885075,80.150291,12,1,0,15000000,20000000,-,35000000,0.00,1951.57,-,[],[],['Chengalpattu'],
V:\Project\Project_Stick\data_source\raw\TNRERA\2025\TN_35_Building_0290_2025.pdf,ASHIANA VATSALYA PHASE II,"he whole project named Ashiana Vatsalya, is being developed in 5 phases. RERA registration for Phase 1 has already been obtained.",High Rise Building (HRB),Residential,72416.26,1114,Under Construction,30/04/2029,12.724657,79.991467,22,47,7,203100000,652600000,-,855700000,,,,[],[],['Chengalpattu'],FSI_Other_Residential
V:\Project\Project_Stick\data_source\raw\TNRERA\2025\TN_35_Building_0293_2025.pdf,DRA iHeart,"S.Nos. 14/2C1B1, 14/3A2A1, 14/3B1B1, 14/3B2B, Plot No;2 Egattur Village,Thiruporur Taluk,Thiruporur Panchayat Union, Tamil Nadu.",High Rise Building (HRB),Residential,10522.84,271,Not Yet Started,31/07/2033,12.8318,80.2292,307,145,0,437214480,1501078550,-,1938293030,0.00,51146.94,0.00,[],[],['Chengalpattu'],
V:\Project\Project_Stick\data_source\raw\TNRERA\2025\TN_35_Building_0296_2025.pdf,“BOLLINENI ZION” https://rera.tn.gov.in/public-view2/building/pfirm/3ee02cf0-4d01-11f0-bf2f-c9eefc52a7fd,"proposed and additional construction to the earlier approved Block Nos: A to E (Residential Blocks each with Combined B.Floor + Combined Stilt Floor + 28 Floors), Retail Block (Combined B.Floor + G.Floor + 5 Floors), Club House (Combined B.Floor + Combined Stilt Floor + 3 Floors) and School Block (consisting of Ground floor + 3 floors - Partial CC obtained). Proposed & additional construction of 2nd B.Floor for the Retail Block and Combined/Extended Basement floor for the proposed additional blocks (along with already approved Blocks A, B, C, D, E, CLUB HOUSE and RETAIL BLOCK and Combined Stilt floor for BLOCK A, B, C, D, E and CLUB HOUSE Block) - F, G, H, J, K, L, M. Over & above the Combined B.Floor + Combined Stilt Floor in BLOCK F: 1st floor + 19 Floors + 20th Floor Part to 28th floors Part - Residential building",High Rise Building (HRB),Residential 1/15,94680,1375,Not Yet Started,07/02/2029,12.879733,80.204263,1489,36,0,2853579456,4681400000,-,7534979456,0.00,173787.31,-,[],"[{'block': 'Block Nos', 'base_level': 'Stilt', 'floor_segments': ['28 Floors'], 'total_floors_above_base': 28}, {'block': 'Block (Combined B.Floor + G.Floor + 5 Floors), Club House (Combined B.Floor + Combined Stilt Floor + 3 Floors) and School Block (consisting of Ground floor + 3 floors - Partial CC obtained). Proposed & additional construction of 2nd B.Floor for the Retail Block and Combined/Extended Basement floor for the proposed additional blocks (along with already approved Blocks A, B, C, D, E, CLUB HOUSE and RETAIL BLOCK and Combined Stilt floor for BLOCK A, B, C, D, E and CLUB HOUSE Block) - F, G, H, J, K, L, M. Over & above the Combined B.Floor + Combined Stilt Floor in BLOCK F', 'base_level': None, 'floor_segments': ['1st floor', '19 Floors', '20th Floor'], 'total_floors_above_base': 21}]",['Chengalpattu'],
V:\Project\Project_Stick\data_source\raw\TNRERA\2025\TN_35_Building_0304_2025.pdf,ATH THE MERLION,"S.No. 165/1B of Rajakilpakkam Village, Tambaram Taluk within the limits of Tambaram Municipal corporation",Non-High Rise Building (NHRB),Residential,1942.50,49,Under Construction,30/12/2028,12.910225,80.151983,41,4,0,140000000,208944000,-,348944000,0.00,4987.33,-,[],[],['Chengalpattu'],
V:\Project\Project_Stick\data_source\raw\TNRERA\2025\TN_35_Building_0314_2025.pdf,SEA/LA/VIE,STILT+5 FLOORS,Non-High Rise Building (NHRB),Residential,1011.5,16,Under Construction,31/03/2027,12.847269,80.242560,16,0,2,61043000,100300000,-,161343000,0.00,2603.98,0.00,[],"[{'block': None, 'base_level': 'Stilt', 'floor_segments': ['5 FLOORS'], 'total_floors_above_base': 5}]",['Chengalpattu'],
V:\Project\Project_Stick\data_source\raw\TNRERA\2025\TN_35_Building_0315_2025.pdf,PARC SOCIAL,"Commercial Building by name “ Parc Social” admeasuring an total constructed area of 3230.57 sq.meters consisting of 1 Banquet Hall and 14 Retail Shops developed as Ground Floor + 1st Floor in the land admeasuring an extent of 4,280.00 sq.meters. in Commercial Plot No.: C7 of TNRERA approved Layout No. TN/01/Layout/0010/2022 (L.P.DTCP No:59/2021), comprised in S.F.Nos. 79/139, 108/43, 108/45, 108/46, 108/55, 109/1, 109/11, 109/13, 109/15, 110/171 & 110/172, (Old SF.No,:79/7part, 108/9 part, 108/10 part, 108/14 part, 108/15 part, 109/1 part, 109/3A part, 109/9A part, 109/9B part & 110/11 part),in Pudupakkam Village, Thiruporur Panchayat, Vandalur Taluk, Chengalpattu District., Tamil Nadu",Non-High Rise Building (NHRB),Commercial,4280,,Completed,,12.817699,80.198921,0,40,0,34900000,146300000,-,181200000,0.00,0.00,3181.13,[],"[{'block': None, 'base_level': 'Ground', 'floor_segments': ['1st Floor'], 'total_floors_above_base': 1}]",['Chengalpattu'],Total_Dwelling_Units
V:\Project\Project_Stick\data_source\raw\TNRERA\2025\TN_35_Building_0323_2025.pdf,AVANTIKA,Stilt + 4 floors Residential cum Commercial (Office at First floor only) building with 35 dwelling units,Non-High Rise Building (NHRB),Mixed Development,1999.13,35,Under Construction,15/12/2025,12.80,80.02,43,9,4,95000000,90000000,-,185000000,0.00,3291.33,496.79,[],"[{'block': None, 'base_level': 'Stilt', 'floor_segments': ['4 floors', 'First floor'], 'total_floors_above_base': 5}]",['Chengalpattu'],
V:\Project\Project_Stick\data_source\raw\TNRERA\2025\TN_35_Building_0324_2025.pdf,ZIVA ASSIST,Total No of Blocks- 1; Block 1- Ground Floor + Four Floors consist of 156 Rooms,Non-High Rise Building (NHRB),Residential,15263,156,Not Yet Started,31/12/2029,12.61895,80.15830,0,102,5,40900000,285800000,-,326700000,0.00,9021.68,4821.88,[],"[{'block': None, 'base_level': 'Ground', 'floor_segments': ['Four Floors'], 'total_floors_above_base': 4}]",['Chengalpattu'],
V:\Project\Project_Stick\data_source\raw\TNRERA\2025\TN_5_Building_0036_2025.pdf,B & B Windchimes Apartment,"Stilt+5 Floors] – District Town and Country Planning Office, Ranipet District – Walajah Taluk – Arcot Panchayat Union – Nandhiyalam Village/Panchayat of Survey Number: 338/3A",Non-High Rise Building (NHRB),Residential,3259.53,48,Not Yet Started,31/12/2029,12.56082,79.15157,48,0,7,35085258,368019348,-,403104606,0.00,7912.85,-,[],"[{'block': None, 'base_level': 'Stilt', 'floor_segments': ['5 Floors'], 'total_floors_above_base': 5}]",['Vellore'],
V:\Project\Project_Stick\data_source\raw\TNRERA\2025\TN_5_Building_0203_2025.pdf,-,"Stilt Floor + 13 floors Residential Building with 132 dwelling at NO.3, Blackers Road, Mount Road, Chennai-600002 Comprised in S.No.612/2A1B, 612/2A2A, 612/2A2B & 612/8 of Katpadi village within & Taluk, Vellore District",Non-High Rise Building (NHRB),Residential,5250,132,Under Construction,11/03/2030,125810.24,790843.87,78,77,155,106800000,598500000,-,705300000,0.00,15310.96,397.27,[],"[{'block': None, 'base_level': 'Stilt', 'floor_segments': ['13 floors'], 'total_floors_above_base': 13}]",['Vellore'],
V:\Project\Project_Stick\data_source\raw\TNRERA\2025\TN_7_Building_0015_2025.pdf,METROPOLE- SHANKAR,APARTMENTS,Non-High Rise Building (NHRB),Residential,2735.70,15,Under Construction,31/03/2026,11.667467,78.151182,10,10,2,33642000,76559600,-,110201600,2735.00,2735.00,-,[],[],['Salem'],
V:\Project\Project_Stick\data_source\raw\TNRERA\2025\TN_7_Building_0031_2025.pdf,Chola Shivaji,"Ward-AA,Block-59,TS No.1/11,Old Ward- H,Block-7,TS No.34/1B,36/3B, Annadhanapatti Village, Salem Corporation, Salem SouthTk ,Salem Dt.",Non-High Rise Building (NHRB),Residential,1922,50,Not Yet Started,10/12/2029,11.643715,78.141166,52,1,5,73416556,218333428,-,291749984,0.00,5354.45,-,[],[],['Salem'],
V:\Project\Project_Stick\data_source\raw\TNRERA\2025\TN_7_Building_0035_2025.pdf,Chola Ellappa's Grand,"TS No.7/2,8/2,10/2,Ward-AA,Block- 62(Old Ward-H,Block-10,TS No.31/1,31/2,32part),Annadhanapatti Village, Salem Corporation, Salem South Taluk, Salem Dt.",High Rise Building (HRB),Residential,2597.51,54,Under Construction,27/10/2029,11.641967,78.141332,39,23,7,99219687,293469294,-,392688981,0.00,8172.02,-,[],[],['Salem'],
V:\Project\Project_Stick\data_source\raw\TNRERA\2025\TN_7_Building_0191_2025.pdf,KHAVIN'S COVE,STILT+5 FLOOR APPARTMENT BUILDING- 25 DWELLING UNITS,Non-High Rise Building (NHRB),Residential,1229.02,25,Under Construction,01/12/2026,11.700222,78.168222,17,8,3,13300000,71000000,8567000,92867000,0.00,2941.45,-,[],"[{'block': None, 'base_level': 'Stilt', 'floor_segments': ['5 FLOOR'], 'total_floors_above_base': 5}]",['Salem'],
V:\Project\Project_Stick\data_source\raw\TNRERA\2025\TN_7_Building_0197_2025.pdf,Metropole- Bathija's Mountain View,Apartment Building,Non-High Rise Building (NHRB),Residential,1356,33,Under Construction,25/08/2027,11.710471,78.170393,10,21,3,10216500,113536303,-,123752803,0.00,3437.55,-,[],[],['Salem'],
V:\Project\Project_Stick\data_source\raw\TNRERA\2025\TN_7_Building_0313_2025.pdf,METROPOLE- OG TOWERS,Apartment Building,Non-High Rise Building (NHRB),Residential,1644.27,45,Under Construction,25/12/2029,11.641681,78.151065,15,27,4,35398000,155789797,-,191187797,0.00,4263.45,-,[],[],['Salem'],
V:\Project\Project_Stick\data_source\raw\TNRERA\2026\TNRERA10BLG0008_2026.pdf,BLUELEAF GRANGE,STILT + 5 FLOORS,Non-High Rise Building (NHRB),Residential,2220.00,45,Under Construction,31/12/2027,11.0297695,77.693156,50,00,5,47790000,306000000,-,353790000,0.00,6216.40,-,[],"[{'block': None, 'base_level': 'Stilt', 'floor_segments': ['5 FLOORS'], 'total_floors_above_base': 5}]",['Erode'],
V:\Project\Project_Stick\data_source\raw\TNRERA\2026\TNRERA10BLG0014_2026.pdf,FAIR FIELD,S F NO: 1349/5G,Non-High Rise Building (NHRB),Residential,589.96,12,Under Construction,01/03/2027,11.323202,77.752934,0,8,0,20000000,15000000,-,35000000,0.00,1110.20,-,[],[],['Erode'],
V:\Project\Project_Stick\data_source\raw\TNRERA\2026\TNRERA11BLG0007_2026.pdf,Dhiya’s Aurum,"Ward No:Q(17), Block No:21, T.S.No:170,171 Sanganur village, West Zone, Coimbatore Corporation",Non-High Rise Building (NHRB),Residential,520.26,10,Not Yet Started,30/12/2026,11.029674,76.946829,0,10,1,76000000,43700000,-,119700000,0.00,1338.96,-,[],[],['Coimbatore'],
V:\Project\Project_Stick\data_source\raw\TNRERA\2026\TNRERA11BLG0013_2026.pdf,ZENORA,"S.F.No. 917/1, 918/2, 918/3 and 918/4B of Kalapatti (East) Village, Coimbatore North Taluk, Coimbatore District and Corporation – East Zone.",Non-High Rise Building (NHRB),Residential,28293,60,Not Yet Started,11/12/2030,11.065518,77.049703,39,197,24,776600000,1744000000,-,2520600000,-,27700.38,1835.54,[],[],['Coimbatore'],
V:\Project\Project_Stick\data_source\raw\TNRERA\2026\TNRERA11BLG0021_2026.pdf,SREE DAKSHA'S LEIA,29 Dwelling (Ground + First Floor) residential villas and Amenities,Non-High Rise Building (NHRB),Residential,10220.49,29,Not Yet Started,31/12/2030,11.00537,76.53214,49,19,7,123600000,396600000,-,520200000,0.00,6735.70,330.85,[],"[{'block': None, 'base_level': 'Ground', 'floor_segments': ['First Floor'], 'total_floors_above_base': 1}]",['Coimbatore'],
V:\Project\Project_Stick\data_source\raw\TNRERA\2026\TNRERA16BLG0003_2026.pdf,ROHINI PALMS,FLAT PROMOTERS OF RESIDENTIAL APARTMENT,Non-High Rise Building (NHRB),Residential,2187.96,49,Not Yet Started,08/05/2033,10.776609,78.692891,51,4,6,62410150,221508000,-,283918150,0.00,5803.44,-,[],[],['Tiruchirappalli'],
V:\Project\Project_Stick\data_source\raw\TNRERA\2026\TNRERA17BLG0010_2026.pdf,URBANEST,Residential Apartment,Non-High Rise Building (NHRB),Residential,1603,16,Under Construction,30/09/2027,10.958643,78.061650,32,3,3,9365716,93674284,-,103040000,0.00,3411.48,-,[],[],['Karur'],
V:\Project\Project_Stick\data_source\raw\TNRERA\2026\TNRERA1BLG0016_2026.pdf,ISHWARYA APARTMENTS,CONSTRUCTION OF STILT FLOOR PLUS 3 FLOOR RESIDENTIAL BUILDING,Non-High Rise Building (NHRB),Residential,600,15,Not Yet Started,12/05/2030,12.920676,80.194966,11,0,0,18202250,42510000,-,60712250,0.00,1199.94,-,[],"[{'block': None, 'base_level': 'Stilt', 'floor_segments': ['3 FLOOR'], 'total_floors_above_base': 3}]",['Kancheepuram'],
V:\Project\Project_Stick\data_source\raw\TNRERA\2026\TNRERA20BLG0023_2026.pdf,SAI RAM,Residential building,Non-High Rise Building (NHRB),Residential,1815.63,50,Under Construction,31/12/2027,9.910951,78.096058,38,6,0,103520000,209523802.62,-,313043802.62,0.00,4707.20,-,[],[],['Madurai'],
V:\Project\Project_Stick\data_source\raw\TNRERA\2026\TNRERA29BLG0001_2026.pdf,Thiruvottiyur Scheme https://rera.tn.gov.in/public-view2/building/pfirm/0af6b560-e2db-11f0-a6cd-a96dc02c0a0b,": Construction of Group Development consists of additional 4 Blocks namely Block V: Stilt Floor part / Ground Floor part + 5 Floors Residential building with 66 dwelling units, Block – VI: Stilt floor part / Ground Floor part + 5 Floors Residential building with 90 dwelling units, Block – VII: Stilt floor part / ground floor part + 5 floors residential building with 90 dwelling units, Block -VIII: Stilt floor part / ground floor part + 5 floors residential building with 90 dwelling units, (336 Dwelling units) Affordable Housing (Height – 18.30m) and existing 4 Blocks namely Block No. I to IV each Blocks Ground Floors + 2 Floors (30 Dwelling Units) Totally 366 Dwelling units at village street, Thiruvottiyur Chennai, comprised in Old S.No. 237/1part, T.S.No.83/1, Block No.12, Ward – H Thiruvottiyur Village, within the",Non-High Rise Building (NHRB),Residential 1/11,10480,366,Under Construction,21/12/2030,13.163286,80.301217,0,0,0,0,600499000,-,600499000,0.00,0.00,-,[18.3],"[{'block': 'Block V', 'base_level': 'Ground', 'floor_segments': ['5 Floors'], 'total_floors_above_base': 5}, {'block': 'Block – VI', 'base_level': 'Ground', 'floor_segments': ['5 Floors'], 'total_floors_above_base': 5}, {'block': 'Block – VII', 'base_level': 'Ground', 'floor_segments': ['5 floors'], 'total_floors_above_base': 5}, {'block': 'Block -VIII', 'base_level': 'Ground', 'floor_segments': ['5 floors', '2 Floors'], 'total_floors_above_base': 7}]",['Chennai'],
V:\Project\Project_Stick\data_source\raw\TNRERA\2026\TNRERA29BLG0002_2026.pdf,K.L.HOMES,"OLD DOOR NO.17/1, NEW DOOR NO. 24, DESIGAR STREET, VADAPALANI, CHENNAI - 600 026, COMPRISED IN T.S.NO.19A (AS PER DOCUMENT), T.S.NO.19/2 (AS PER PATTA), BLOCK NO.5 OF KODAMBAKKAM PART - I VILLAGE, MAMBALAM TALUK, CHENNAI DIST",Non-High Rise Building (NHRB),Residential,524.75,16,Under Construction,30/06/2027,13.04864,80.211372,7,0,1,93500000,2917500000,-,3011000000,0.00,1048.97,-,[],[],['Chennai'],
V:\Project\Project_Stick\data_source\raw\TNRERA\2026\TNRERA29BLG0004_2026.pdf,ASTA,"construction of Group Development of 2 Blocks Block A & B consists Stilt Floor (Parking) + 5 Floors Residential building (18.30m height) totally 15 dwelling units availing with Premium FSI at HIG Residential Apartment Flat No. 12/1, 12/2, 12/3,12/4, 12/5, 12/6, J.J. Nagar East Scheme (162 HIG Flat Mogappair East Scheme), Vellalar Street and Plot No. 81, Paneer Nagar, Mogappair, Chennai – 37 Comprised in S.No. 245/2, 245/3 T.S. No. 29/2, 29/3, 65/2 & 65/3 Block No.36, Ward-H, of Mogappair Village, Ambattur Taluk within the limits of Greater Chennai Corporation",Non-High Rise Building (NHRB),Residential,940.62,15,Under Construction,13/12/2028,130503.6,801029.8,10,6,2,60000000,77883836,-,137883836,0.00,2067.31,-,[],"[{'block': None, 'base_level': 'Stilt', 'floor_segments': ['5 Floors'], 'total_floors_above_base': 5}]",['Chennai'],
V:\Project\Project_Stick\data_source\raw\TNRERA\2026\TNRERA29BLG0006_2026.pdf,VOORA AGASTYA HEIGHTS,"New Door No. 231 & 232, Old Door No. 293 & 294 abutting Thiruvottiyur High Road comprised in T.S.No. 3659/1 (Part) &3661/1 (Part), Block No. 54 of Tondiarpet Vilage, Tondiarpet Taluk within the limits of Greater Chennai Corporation.",High Rise Building (HRB),Residential,2279.73,52,Not Yet Started,31/12/2029,13.124603519582289,80.28898543163312,22,43,8,1000000,446884000,-,447884000,0.00,8190.46,-,[],[],['Chennai'],
V:\Project\Project_Stick\data_source\raw\TNRERA\2026\TNRERA29BLG0009_2026.pdf,ELITE,"The proposed construction of Ground Floor (Part) / Stilt Floor (Part) + 3 Floors (Height – 14.00m) Commercial cum Residential Building with 6 Dwelling units (GF – Gym, FF – Office (428.91 Sq.m), 2F & 3F – Residential) at Plot No.3 & 6, Bazaar Road (Madipakkam- Velachery Main Road) and Vallalpari Street, Ram Nagar, Madipakkam, Chennai 600091 comprised in Old S.No.94/1A (Part) (Document), and S.No.94/1A1A2A & 94/1A1A2B (Patta) of Madipakkam Village within the Limits of Greater Chennai Corporation.",Non-High Rise Building (NHRB),Mixed Development,691.37,6,Under Construction,31/12/2029,12.964419,80.211566,9,2,0,60000000,60000000,-,120000000,0.00,889.19,453.30,[14.0],"[{'block': None, 'base_level': 'Ground', 'floor_segments': ['3 Floors'], 'total_floors_above_base': 3}]",['Chennai'],
V:\Project\Project_Stick\data_source\raw\TNRERA\2026\TNRERA29BLG0012_2026.pdf,RAGHU,"The proposed construction of Stilt floor +5Floors Residential Building with 10Dwelling Units (Heights-18.30m) Availing Premium FSI at Block No B-6, 11th Cross Street, GOCH Colony, Besant Nagar, Chennai-600090 Comprised in Old S.No 127 part, 17 part, New S.No:17/3 part, 17/2B1 Part, T.S.No:8/10, Block No 40 of urur Village within the Limits of Greater Chennai Corporation.",Non-High Rise Building (NHRB),Residential,530.56,10,Not Yet Started,31/12/2030,13.027352,80.253214,6,4,1,37692600,35765000,-,73457600,0.00,1313.80,0.00,[18.3],[],['Chennai'],
V:\Project\Project_Stick\data_source\raw\TNRERA\2026\TNRERA29BLG0015_2026.pdf,AYYAN ACHYUT,"The proposed construction of Stilt floor + 4 Floors + 5th floor(pt) (Height – 18.30 m) Residential Building with 37 Dwelling Units (Affordable Housing) at Vignarajapuram 2nd Main Road , Vengaivasal, Chennai 600126 comprised in Old S.No.41/4B4 & 41/4B5 , as per patta New S.No.41/4B4A2 & 41/4B5A2 of Vengaivasal Village within the Limits of St.Thomas Mount Panchayat Union",Non-High Rise Building (NHRB),Residential,1375.79,37,Under Construction,31/12/2033,12.93196,80.190964,23,2,2,37500000,133798000,-,171298000,0.00,3848.09,-,[18.3],"[{'block': None, 'base_level': 'Stilt', 'floor_segments': ['4 Floors', '5th floor'], 'total_floors_above_base': 5}]",['Chennai'],
V:\Project\Project_Stick\data_source\raw\TNRERA\2026\TNRERA29BLG0017_2026.pdf,HANSA DIAMOND,"Residential building consists of 2 blocks, Block No. 1 stilt floor parking plus four floors plus fifth floor part with 36 dwelling units and Block No.2 stilt floor parking plus four floors plus fifth floor part with 28 dwelling units Totally 64 dwelling units.",Non-High Rise Building (NHRB),Residential,1651,64,Not Yet Started,30/04/2027,13.164805,80.296458,28,0,0,35500000,100000000,-,135500000,3335.99,0.00,-,[],"[{'block': None, 'base_level': 'Stilt', 'floor_segments': ['four floors', 'fifth floor', 'four floors', 'fifth floor'], 'total_floors_above_base': 10}]",['Chennai'],
V:\Project\Project_Stick\data_source\raw\TNRERA\2026\TNRERA29BLG0019_2026.pdf,REPUBLIC OF NATURE PHASE - II,RESIDENTIAL,Non-High Rise Building (NHRB),Residential,30921.93,129,Not Yet Started,31/12/2030,12.749783,80.237324,150,0,14,38280464,579551348,-,617831812,0.00,21501.48,-,[],[],['Chennai'],
V:\Project\Project_Stick\data_source\raw\TNRERA\2026\TNRERA29BLG0024_2026.pdf,ANDIMANIYAM THOTTAM,"RECONSTRUCTION OF A HIGH RISE GROUP DEVELOPMENT BUILDING CONSISTING OF 4 EWS BLOCKS, BLOCK A: STILT FLOOR + 12 FLOORS WITH 237 DWELLING UNITS, BLOCK B: STILT FLOOR + 13 FLOORS WITH 432 DWELLING UNITS, BLOCK C : STILT FLOOR + 3 FLOORS WITH 18 DWELLING UNITS AND BLOCK D : STILT FLOOR + 3 FLOORS WITH 15 DWELLING UNITS TOTALLY 702 DWELLING UNITS AT R.K.MUTT ROAD, VENKATAKRISHNA ROAD, ANIDMANYAM THOTTOM, MYLAPORE, CHENNAI BEARING R.S.NO. 4123/1 PT OF BLOCK NO. 89, MYLAPORE VILLAGE ZONE - IX GREATER CHENNAI CORPORATION.",Non-High Rise Building (NHRB),Residential,11112.35,702,Under Construction,25/11/2030,3.027173,80.265264,0,0,0,0,1185298000,-,1185298000,0.00,0.00,-,[],"[{'block': 'BLOCK A', 'base_level': 'Stilt', 'floor_segments': ['12 FLOORS'], 'total_floors_above_base': 12}, {'block': 'BLOCK B', 'base_level': 'Stilt', 'floor_segments': ['13 FLOORS'], 'total_floors_above_base': 13}, {'block': 'BLOCK C', 'base_level': 'Stilt', 'floor_segments': ['3 FLOORS'], 'total_floors_above_base': 3}, {'block': 'BLOCK D', 'base_level': 'Stilt', 'floor_segments': ['3 FLOORS'], 'total_floors_above_base': 3}]",['Chennai'],
V:\Project\Project_Stick\data_source\raw\TNRERA\2026\TNRERA29BLG0025_2026.pdf,East Cemetry Road scheme https://rera.tn.gov.in/public-view2/building/pfirm/c2389a20-e297-11f0-9d4c-1ff814d07dff,"Proposed Construction Of High Rise Group Development With 5 Blocks For Residential Use In Block A: Silt Floor (Part) + 11 Floors Residential Use Building With 414 Dwelling Units, Block No. B & C: Stilt Floor (Part) + 11 Floors Residential Use Building With 370 Dwelling Units, Block D: Silt Floor (Part) + 11 Floors Residential Use Building With 184 Dwelling Units, Block E: Silt Floor (Part) + 11 Floors Residential Use Building With 162 Dwelling Units, Totally 1500 Dwelling Units At East Cemetry Road, West Cemetry Road & South Cemetry Road, Comprised In S.No:1651/2pt, Block No. 23, Ward- 51 Of Tondiorpet Village , Fort Tondiorpet Taluk, Chennai District",High Rise Building (HRB),Residential 1/10,18061.95,1500,Under Construction,22/12/2030,13.1096457,80.283182,0,0,0,0,2550000000,-,2550000000,0.00,0.00,-,[],"[{'block': 'Block A', 'base_level': None, 'floor_segments': ['11 Floors'], 'total_floors_above_base': 11}, {'block': 'Block No. B & C', 'base_level': 'Stilt', 'floor_segments': ['11 Floors'], 'total_floors_above_base': 11}, {'block': 'Block D', 'base_level': None, 'floor_segments': ['11 Floors'], 'total_floors_above_base': 11}, {'block': 'Block E', 'base_level': None, 'floor_segments': ['11 Floors'], 'total_floors_above_base': 11}]",['Chennai'],
V:\Project\Project_Stick\data_source\raw\TNRERA\2026\TNRERA30BLG0022_2026.pdf,ANAND ELITE APARTMENT,"Construction Of Stilt Floor + 5 Floors Residential Building With 50 Dwelling Units at Mookandapalli, Hosur - 635 109 COMPRISED IN DOCUMENT S.NO: 398/2,398/7,235/3A AS PER PATTA S. NO : 398/2, 398/7,235/3A2 OF Mookandapalli Village, Hosur Municipal Corporation, Hosur Taulk, Krishnagiri District",Non-High Rise Building (NHRB),Residential,1965,50,Not Yet Started,31/05/2028,12.71872,77.80247,39,00,4,56500000,280836664,-,337336664,0.00,5422.48,-,[],"[{'block': None, 'base_level': 'Stilt', 'floor_segments': ['5 Floors'], 'total_floors_above_base': 5}]",['Krishnagiri'],
V:\Project\Project_Stick\data_source\raw\TNRERA\2026\TNRERA35BLG0005_2026.pdf,CASAGRAND GLENMERE,"Proposed Construction of Residential Non High Rise Building Villa No.1 to 110 Consists of Ground Floor + First Floor, Totally 110 D/U, comprised in Survey Nos. 1009/12A, 1009/12B, 1009/12C, 1009/12D, 1009/12E, 1009/12F, 1009/13A, 1009/13B, 1009/13C, 1009/14, 1009/17A, 1009/17B, 1010/1, 1010/2, 1010/3, 1011/1, 1011/2, 1011/3, 1439/2C, 1439/2D, 1439/3A1 & 1439/3B of Thaiyur B Village, Thiruporur Taluk, Chengalpet District.",Non-High Rise Building (NHRB),Residential,25474.98,110,Not Yet Started,28/02/2028,12.75716,80.183286,81,81,0,250000000,450000000,-,700000000,0.00,16397.66,-,[],"[{'block': None, 'base_level': 'Ground', 'floor_segments': ['First Floor'], 'total_floors_above_base': 1}]",['Chengalpattu'],
V:\Project\Project_Stick\data_source\raw\TNRERA\2026\TNRERA35BLG0018_2026.pdf,ISHA UNI5,"New Survey Nos. 46/1E, 46/2B, 57/6, situated at Kolapakkam Village, Vandalur Taluk, Chengalpattu District",Non-High Rise Building (NHRB),Residential,7972.31,173,Not Yet Started,22/11/2030,12.876028,80.111361,89,84,0,125000000,360800000,-,485800000,0.00,16756.63,-,[],[],['Chengalpattu'],
V:\Project\Project_Stick\data_source\raw\TNRERA\2026\TNRERA35BLG0020_2026.pdf,PALM BEACH – PHASE II”,"bearing Plot Numbers A1, A2, A3, A4, A5, A6, B1, B2, B3, B4, B5, B6, C1, C2, C3, C4, C5, C6, Common Area, D1, D2, D3, D4, D5",Non-High Rise Building (NHRB),Residential,2689.15,23,Not Yet Started,31/10/2030,12.642865,80.139038,0,23,0,57892000,100625000,-,158517000,0.00,2670.99,0.00,[],[],['Chengalpattu'],
V:\Project\Project_Stick\data_source\raw\TNRERA\2026\TNRERA7BLG0011_2026.pdf,-,"Ward 13, New S.No.110/2A1A1A1C (Old S.F.No.110/2A) of Karuppur Village, Omalur Taluk, Salem District",Non-High Rise Building (NHRB),Residential,1003,16,Under Construction,31/08/2030,114437.1976,78251.3060,15,1,2,6000000,90000000,-,96000000,0.00,2036.00,-,[],[],['Salem'],
V:\Project\Project_Stick\data_source\raw\TNRERA\2026\TNRERA_10_BLG_0061_2026.pdf,THE GARDENIA,Basement+stilt +5 floor ( 2 block A and B) and total number of Unit 70,Non-High Rise Building (NHRB),Residential,3239,70,Under Construction,22/12/2030,11.31175,77.661423,58,12,7,3802465,350000000,-,353802465,0.00,8152.80,120.00,[],"[{'block': None, 'base_level': 'Basement', 'floor_segments': ['5 floor'], 'total_floors_above_base': 5}]",['Erode'],
V:\Project\Project_Stick\data_source\raw\TNRERA\2026\TNRERA_11_BLG_0026_2026.pdf,GUJANS PARIPALANA PHASE IV BLOCK-1,"site Nos- 1,2,3 East, 16 East, 17, 18 - S.F.Nos.144/2A6, 144/2A7, 144/2A8, 144/2A9, 144/2A14, 144/2A15, 144/2A16, 144/2A17 - with a site area 1076.60 sqm - Approved for Affordable Residential Apartment Building with stilt + 4 floors",Non-High Rise Building (NHRB),Residential,1076.60,30,Not Yet Started,30/04/2033,10.935715,76.874078,21,0,0,173920000,57385000,-,231305000,0.00,2429.69,-,[],"[{'block': None, 'base_level': 'Stilt', 'floor_segments': ['4 floors'], 'total_floors_above_base': 4}]",['Coimbatore'],
V:\Project\Project_Stick\data_source\raw\TNRERA\2026\TNRERA_11_BLG_0028_2026.pdf,GUJANS PARIPALANA PHASE IV BLOCK- 2,"ite Nos- 3west, 4, 5, 14, 15, 16west - S.F.Nos.144/2A2, 144/2A3, 144/2A4, 144/2A5, 144/2A10, 144/2A11, 144/2A12, 144/2A13",Non-High Rise Building (NHRB),Residential,951.87,30,Not Yet Started,30/04/2033,10.935715,76.874078,21,0,0,153800000,56145000,-,209945000,0.00,2429.69,-,[],[],['Coimbatore'],
V:\Project\Project_Stick\data_source\raw\TNRERA\2026\TNRERA_11_BLG_0034_2026.pdf,ATLANTIC CITY,"Basement+Stilt+12 floors Combination of Precast load bearing Shear walls , non load bearing precast walls , and columns of 1bhk,2bhk and 3bhk type units",High Rise Building (HRB),Residential,4511.83,178,Not Yet Started,30/12/2030,11.041293,76.925441,84,46,12,144908567,519615800,-,664524367,0.00,15572.06,-,[],"[{'block': None, 'base_level': 'Basement', 'floor_segments': ['12 floors'], 'total_floors_above_base': 12}]",['Coimbatore'],
V:\Project\Project_Stick\data_source\raw\TNRERA\2026\TNRERA_11_BLG_0050_2026.pdf,NEXUS CITY,"Basement+Ground+5 floors Combination of conventional framed structure, walls and columns of 1BHK,2BHK and 3BHK type units",Non-High Rise Building (NHRB),Residential,5330.71,182,Not Yet Started,30/12/2030,11.034049,77.020922,112,0,11,194763398,502838550,-,697601948,0.00,14865.77,-,[],"[{'block': None, 'base_level': 'Ground', 'floor_segments': ['5 floors'], 'total_floors_above_base': 5}]",['Coimbatore'],
V:\Project\Project_Stick\data_source\raw\TNRERA\2026\TNRERA_11_BLG_0057_2026.pdf,Dhiya’s Sai Bharath,"SF No:59/2A & 92/2, Chinnavedampatti village, Coimbatore North Taluk, North Zone, Coimbatore Corporation",Non-High Rise Building (NHRB),Residential,5179.98,105,Not Yet Started,30/12/2029,11.058119,76.981930,109,7,11,384000000,626465000,-,1010465000,0.00,13231.01,-,[],[],['Coimbatore'],
V:\Project\Project_Stick\data_source\raw\TNRERA\2026\TNRERA_11_BLG_0060_2026.pdf,INFINIUM ALTITUDE,"Proposed Residential (Signature Tower - Combined Basement + Stilt + 13 Floors (78 Dwelling Units), Executive Tower - Combined Basement + Stilt + 14 Floors(154 Dwelling Units)), Amenities Block (Combined Basement + Stilt + 2 Floors) & Commercial Building(Basement + Ground + 7 Floors) & totalling 232 Dwelling Units in T. S. No: 2/3 Part[Old S.F. No: 468 & 469/1] Ward No. W[23], Block No. 3, At Sathy Road, Ganapathy Village, Coimbatore Corporation",High Rise Building (HRB),Mixed Development,16727.54,232,Not Yet Started,05/01/2031,11.051529,76.991486,440,0,45,1035000000,3650000000,-,4685000000,0.00,39873.68,13479.25,[],[],['Coimbatore'],
V:\Project\Project_Stick\data_source\raw\TNRERA\2026\TNRERA_11_BLG_0069_2026.pdf,Kovai Pavillion,"Coimbatore District, Coimbatore South Taluk, Singanallur Village, Old S.F. No.230/2pt, Ward No. Al (35). Block No.82, T.S. NO.58/4, extent of 860.00 Sq.m",High Rise Building (HRB),Residential,860.00,23,Not Yet Started,25/03/2028,11.007232,77.052904,23,0,0,24952000,57221000,-,82173000,0.00,2201.59,-,[],[],['Coimbatore'],
V:\Project\Project_Stick\data_source\raw\TNRERA\2026\TNRERA_11_BLG_0070_2026.pdf,CASAGRAND ASCENTIA,"PROPOSED CONSTRUCTION OF RESIDENTIAL NON HIGH RISE GROUP DEVELOPMENT BUILDING CONSISTS OF 3 BLOCKS WITH COMBINED BASEMENT, BLOCK 1: GROUND FLOOR + 5 UPPER FLOORS, (53 D/U), BLOCK 2: GROUND FLOOR + 5 UPPER FLOORS, (70 D/U), BLOCK 3 WITH CLUBHOUSE : GROUND FLOOR (PART) + FIRST FLOOR (PART) + 3 UPPER FLOORS (115 D/U), CLUBHOUSE: GROUND FLOOR (PART)+ FIRST FLOOR (PART) WITH SWIMMING POOL ON THE GROUND LEVEL, TOTALLY 238 D/U COMPRISED IN S.NOS.371/1A1A, 473/1B2,474/1A,474/1B&474/1C OF CHINNAVEDAMPATTI VILLAGE, COIMBATORE NORTH TALUK, COIMBATORE CITY MUNICIPAL CORPORATION, COIMBATORE DISTRICT.",Non-High Rise Building (NHRB),Residential,15950,,Not Yet Started,06/08/2028,11.093925,76.974917,246,0,24,470000000,1540000000,-,2010000000,0.00,33397.49,1012.27,[],"[{'block': 'BLOCK 1', 'base_level': 'Ground', 'floor_segments': ['5 UPPER FLOORS'], 'total_floors_above_base': 5}, {'block': 'BLOCK 2', 'base_level': 'Ground', 'floor_segments': ['5 UPPER FLOORS'], 'total_floors_above_base': 5}, {'block': 'BLOCK 3 WITH CLUBHOUSE', 'base_level': 'Ground', 'floor_segments': ['FIRST FLOOR', '3 UPPER FLOORS', 'FIRST FLOOR'], 'total_floors_above_base': 5}]",['Coimbatore'],Total_Dwelling_Units
V:\Project\Project_Stick\data_source\raw\TNRERA\2026\TNRERA_11_BLG_0072_2026.pdf,PEARL VISTARA,1 Block Stilt + 5 Floors (18 Dwelling Units),Non-High Rise Building (NHRB),Residential,1012,18,Under Construction,04/01/2031,110506.7,770145.8,18,2,2,2800000,13064480,-,15864480,0.00,2619.48,-,[],"[{'block': None, 'base_level': 'Stilt', 'floor_segments': ['5 Floors'], 'total_floors_above_base': 5}]",['Coimbatore'],
V:\Project\Project_Stick\data_source\raw\TNRERA\2026\TNRERA_11_BLG_0073_2026.pdf,SUMMIT 1,"TS.No.1,Block No 5,Old Ward No 30, New Ward AD, Uppilipalayam Village, TS.No: 22 & 18,Block No 9, Old Ward No 29, New Ward AC Sowripalayam Village, Trichy Main Road, Coimbatore Corporation, Coimbatore South Taluk, Coimbatore District, Tamil Nadu",High Rise Building (HRB),Commercial,3547,,Under Construction,28/10/2032,10.99689783069624,77.0076072065574,62,37,15,172650000,230000000,-,402650000,0.00,0.00,11172.60,[],[],['Coimbatore'],Total_Dwelling_Units
V:\Project\Project_Stick\data_source\raw\TNRERA\2026\TNRERA_11_BLG_0076_2026.pdf,TURIN,"Project “TURIN” with 113 Dwelling Units of Residential Building (Stilt Floor + 5 Floors) comprised in T.S. Nos: 1/4, 1/5, 2/4, 6/2, 6/3, 8/2, 8/4 & 8/5 of Ward - T Ganapathy, Block 27, Coimbatore Corporation, Ganapathy Village, Coimbatore North Taluk, Coimbatore District.",High Rise Building (HRB),Residential,3601.50,113,Not Yet Started,30/12/2033,11.029803,76.966197,70,11,6,86800000,207200000,-,294000000,0.00,9136.21,-,[],"[{'block': None, 'base_level': 'Stilt', 'floor_segments': ['5 Floors'], 'total_floors_above_base': 5}]",['Coimbatore'],
V:\Project\Project_Stick\data_source\raw\TNRERA\2026\TNRERA_11_BLG_0091_2026.pdf,SLV AISWARYAM,"S.F.No : 333 / 1D, VEERAKERALAM VILLAGE, COIMBATORE CORPORATION",Non-High Rise Building (NHRB),Residential,5799.63,20,Under Construction,01/12/2030,110053.4,765323.8,19,29,0,5335000,107000000,-,112335000,,,,[],[],['Coimbatore'],FSI_Other_Residential
V:\Project\Project_Stick\data_source\raw\TNRERA\2026\TNRERA_11_BLG_0093_2026.pdf,SUBIKSHAAM ENCLAVE,SILT + 5 FLOORS,Non-High Rise Building (NHRB),Residential,1340.33,40,Not Yet Started,20/07/2031,11.031208,76.929036,30,0,0,23805375,126330000,-,150135375,0.00,3392.05,-,[],"[{'block': None, 'base_level': None, 'floor_segments': ['5 FLOORS'], 'total_floors_above_base': 5}]",['Coimbatore'],
V:\Project\Project_Stick\data_source\raw\TNRERA\2026\TNRERA_11_BLG_0102_2026.pdf,Ananyas Nana Nani Homes Phase 10,Construction of Residential Building,Non-High Rise Building (NHRB),Residential,12300,200,Not Yet Started,09/01/2031,11.049588,76.906440,221,0,21,120000000,670000000,-,790000000,0.00,29404.15,2041.73,[],[],['Coimbatore'],
V:\Project\Project_Stick\data_source\raw\TNRERA\2026\TNRERA_11_BLG_0114_2026.pdf,NIVASAN VAKULAM,"Semi Basement Floor + Ground floor + Three Floors Comprised in S.F. 351/2B Ward No 25, Block no 20, T.S no 25/6, at Vilankurichi Village, North Taluk, Near KAVERI NAGAR NAGAR, RS. NAGAR, LAKSHMI NAGAR Coimbatore- 641004 Registered District, Ganapathi Sub Registered District, Coimbatore North Taluk, in Vilankurichi Village",Non-High Rise Building (NHRB),Residential,1635,28,Under Construction,31/03/2029,11.033024707173457,77.01582298319335,29,2,2,29031000,192374747,-,221405747,0.00,3731.43,128.04,[],"[{'block': None, 'base_level': 'Ground', 'floor_segments': ['Three Floors'], 'total_floors_above_base': 3}]",['Coimbatore'],
V:\Project\Project_Stick\data_source\raw\TNRERA\2026\TNRERA_11_BLG_0124_2026.pdf,SAMPOORNA DHAYA,"SITE NOS. 2 & 3, T.S.NOS. 58 & 62, BLOCK NO. 07, WARD - Q, MANIAM KALIYAPPA GOUNDER STREET, SANGANOOR VILLAGE, COIMBATORE CORPORATION, COIMBATORE DIST",Non-High Rise Building (NHRB),Residential,599.87,10,Under Construction,30/06/2028,11.033294,76.940974,11,0,1,6200000,49500000,-,55700000,0.00,1558.13,-,[],[],['Coimbatore'],
V:\Project\Project_Stick\data_source\raw\TNRERA\2026\TNRERA_11_BLG_0131_2026.pdf,Dhiya's Sai Rishabham,"SF No:25/1A,25/1B,28/1B2, 28/3 & 49/2B, Thudiyalur village, Coimbatore North Taluk, North Zone, Coimbatore Corporation",High Rise Building (HRB),Mixed Development,4000,70,Not Yet Started,31/12/2030,11.074042,76.939749,80,7,8,198400000,568000000,-,766400000,0.00,9216.38,1181.75,[],[],['Coimbatore'],
V:\Project\Project_Stick\data_source\raw\TNRERA\2026\TNRERA_11_BLG_0136_2026.pdf,Up Town by Novascape,"S.F.No:422/4A2, 422/5A2 & 422/5B2 At Keeranatham Village, Annur Taluk, Coimbatore -641035.",Non-High Rise Building (NHRB),Mixed Development,4164.70,85,Not Yet Started,27/11/2032,11.108773,76.999218,,,,16300000,556800000,-,573100000,0.00,10197.50,600.70,[],[],['Coimbatore'],
V:\Project\Project_Stick\data_source\raw\TNRERA\2026\TNRERA_11_BLG_0145_2026.pdf,SREE DAKSHA'S BEATRIZ https://rera.tn.gov.in/public-view2/building/pfirm/66650130-35c2-11f1-a075-ed01db8b8b66,"HRB Residential Building Coimbatore District - Coimbatore Local Planning Area Coimbatore NorthTaluk / Corporation - Vilankurichi Village, New Ward No.Y, Block No.2,(Old S.F.Nos.294/1Part and 294/2), New T.S.No.18/4, and 18/5 with a total site extent of 7368.00 Sqm (As per TSLR) - Total FSI area 20562.48Sqm 92 DWELLING AND AMINITIES : • GYM , CLUB, SWMMING POOL & HOME THEATER, • INDOOR SHUTTLE COURT, GUST ROOMS • ASSOCIATION OFFICE ROOM , • MULTI PURPOSE HALL • HOUSE KEEPING ROOM • R.O PUMP ROOMS , TOILETS , METER ROOMS • CCTV AND SECURITY",High Rise Building (HRB),Residential 1/10,7368.00,92,Not Yet Started,30/04/2031,11.04188,77.01348,189,207,18,1066000000,136252000,-,1202252000,0.00,19221.68,1340.80,[],[],['Coimbatore'],
V:\Project\Project_Stick\data_source\raw\TNRERA\2026\TNRERA_11_BLG_0151_2026.pdf,GUJANS PARIPALANA PHASE IV BLOCK - 3,"site Nos - 6,7, 8East, 11East, 12, 13 - S.F.Nos.144/1B2, 144/2A1B, 144/1B1B, 144/2A1A2, 144/1B1A2, 144/1B1A1B, 144/14A1B, 144/14A2, 144/15, 144/2A1A1B, 144/14B, 144/16",Non-High Rise Building (NHRB),Residential,990.51,42,Under Construction,27/03/2033,10.939045,76.866411,6,0,0,200000000,52000000,-,252000000,0.00,2656.35,-,[],[],['Coimbatore'],
V:\Project\Project_Stick\data_source\raw\TNRERA\2026\TNRERA_11_BLG_0152_2026.pdf,UNITD LIVING SPACE LLP,"Residential Apartment Building - District Town and Country planning office, Coimbatore - Local Planning Authority - Coimbatore District - Coimbatore North Taluk – Coimbatore City Municipal Corporation (North zone) – Chinnavedampatti village – S.F. No:488/2 for an extent of site area 8675.00sq.m - Proposed construction of residential apartment building for a FSI area 19672.76 sq.m.",Non-High Rise Building (NHRB),Residential,8675,196,Not Yet Started,22/02/2034,11.07934,76.97781,169,30,18,257238843,638400000,-,895638843,0.00,19709.82,378.31,[],[],['Coimbatore'],
V:\Project\Project_Stick\data_source\raw\TNRERA\2026\TNRERA_11_BLG_0155_2026.pdf,Dhiya's Ushas,"Ward NO: P(16), Block :26, TS No:52, Telungupalayam village, West Zone, Coimbatore Corporation",Non-High Rise Building (NHRB),Residential,586.5,10,Not Yet Started,31/12/2030,11.028588,76.936138,1,10,1,73700000,53200000,-,126900000,0.00,1520.28,-,[],[],['Coimbatore'],
V:\Project\Project_Stick\data_source\raw\TNRERA\2026\TNRERA_11_BLG_0157_2026.pdf,INFINIUM ONELIFE VEDAPATTI,"Proposed Group House Residential Building - Combined Basement Floor, Block A (Ground Floor + 5 floors), Block B (Ground Floor + 5 floors), Block C (Ground Floor + 5 floors), Block D (Ground Floor + 3 floors), Block E (Ground Floor + 1 floor), Block F (Ground floor with watchman room) with 156 Dwelling units. S.F. No. 188/1, At Vedapatti Village and Town Panchayat, Perur Taluk, Coimbatore District.",Non-High Rise Building (NHRB),Residential,9958,156,Not Yet Started,11/02/2031,10.983721,76.905648,157,5,4,270000000,1300000000,-,1570000000,0.00,18060.18,2508.88,[],"[{'block': None, 'base_level': 'Ground', 'floor_segments': ['5 floors', '5 floors', '5 floors', '3 floors', '1 floor'], 'total_floors_above_base': 19}]",['Coimbatore'],
V:\Project\Project_Stick\data_source\raw\TNRERA\2026\TNRERA_11_BLG_0158_2026.pdf,AURORA,"S.F.No:66/1A, 2A1, 2A2, 2B2B,1B2B",Non-High Rise Building (NHRB),Residential,15505.92,35,Under Construction,30/12/2027,110532.7,770131.1,69,54,14,136715600,200000000,-,336715600,0.00,11845.41,312.18,[],[],['Coimbatore'],
V:\Project\Project_Stick\data_source\raw\TNRERA\2026\TNRERA_11_BLG_0164_2026.pdf,Tanny's CAG TECH PARK,"Business Office Technology park Building with Basement 1,2,3 + Ground + 14 Floors.",High Rise Building (HRB),Commercial,8306.15,,Not Yet Started,07/11/2030,11.106954,77.024855,202,97,39,20600000,928400000,-,949000000,0.00,0.00,34730.12,[],"[{'block': None, 'base_level': 'Ground', 'floor_segments': ['14 Floors'], 'total_floors_above_base': 14}]",['Coimbatore'],Total_Dwelling_Units
V:\Project\Project_Stick\data_source\raw\TNRERA\2026\TNRERA_11_BLG_0170_2026.pdf,VEDAANTA PREMAM,"S.No. 773/6D2G & 773/6D2E, Othakalmandapam Village, Madukkarai Taluk, Coimbatore District.",Non-High Rise Building (NHRB),Residential,649,16,Not Yet Started,30/11/2030,10.882188,77.016900,9,0,1,5274800,29200000,-,34474800,0.00,1439.91,-,[],[],['Coimbatore'],
V:\Project\Project_Stick\data_source\raw\TNRERA\2026\TNRERA_11_BLG_0173_2026.pdf,ARTIN LUXURY ABODE,STILT + 5 FLOORS APARTMENTS,Non-High Rise Building (NHRB),Residential,1669.00,20,Not Yet Started,01/01/2031,103957.8,770122.2,26,13,4,12125285,123522551,-,135647836,0.00,3711.75,-,[],"[{'block': None, 'base_level': 'Stilt', 'floor_segments': ['5 FLOORS'], 'total_floors_above_base': 5}]",['Coimbatore'],
V:\Project\Project_Stick\data_source\raw\TNRERA\2026\TNRERA_11_BLG_0175_2026.pdf,REVANTHA SKYDEN,"SF NO-246/2A2, KONGU NAGAR, KALAPATTI VILLAGE(WEST), COIMBATORE-641048",Non-High Rise Building (NHRB),Residential,1072,24,Not Yet Started,31/07/2027,110348.8,770128.7,24,2,0,17046000,96000000,-,113046000,0.00,2771.74,-,[],[],['Coimbatore'],
V:\Project\Project_Stick\data_source\raw\TNRERA\2026\TNRERA_11_BLG_0176_2026.pdf,RR IYAL,"S.F.No. 504/1 Part, Ward no. AD, Block no. 12 and T.S.No. 4/4 of Uppilipalayam Village, Coimbatore South Taluk, Coimbatore District",Non-High Rise Building (NHRB),Residential,2793.10,60,Not Yet Started,31/10/2028,10.995691,76.017357,96,0,6,132500000,211300000,-,343800000,0.00,6358.32,-,[],[],['Coimbatore'],
V:\Project\Project_Stick\data_source\raw\TNRERA\2026\TNRERA_11_BLG_0177_2026.pdf,CENTRAL CITY,"Basement+Stilt+5 floors Combination of Precast load bearing Shear walls , non load bearing precast walls and columns of 1bhk,2bhk and 3bhk type units",Non-High Rise Building (NHRB),Residential,2428.10,80,Not Yet Started,30/04/2031,11.068441,77.034944,56,6,4,100065310,259966032,-,360031342,0.00,6167.42,-,[],"[{'block': None, 'base_level': 'Basement', 'floor_segments': ['5 floors'], 'total_floors_above_base': 5}]",['Coimbatore'],
V:\Project\Project_Stick\data_source\raw\TNRERA\2026\TNRERA_11_BLG_0180_2026.pdf,GUJANS PARIPALANA PHASE IV BLOCK - 4,"site Nos: 8 Middle & West, 9,10,11 Middle & west - S.F.Nos.144/6, 144/9, 144/11, 144/19, 144/14A1A1B, 144/14A1A2",Non-High Rise Building (NHRB),Residential,797.71,24,Under Construction,27/03/2033,10.939212,76.865723,15,2,0,100000000,44000000,-,144000000,0.00,2077.73,-,[],[],['Coimbatore'],
V:\Project\Project_Stick\data_source\raw\TNRERA\2026\TNRERA_11_BLG_0198_2026.pdf,PRINCE PROPERTY MANAGEMENT - PRINCE BLOSSOM,"PROPOSED ADDITIONAL CONSTRUCTION OF 4 BLOCKS RESIDENTIAL BUILDING (STILT+ 5 FLOORS ) AT S.NO.4/4, 4/5 & 4/6, MYLAMPATTY VILLAGE, SULUR TALUK,COIMBATORE DISTRICT",Non-High Rise Building (NHRB),Residential,21245.82,250,Under Construction,31/12/2030,110457.7,770500.9,182,71,253,250000000,663300000,-,913300000,4777.50,38218.55,1670.35,[],"[{'block': None, 'base_level': 'Stilt', 'floor_segments': ['5 FLOORS'], 'total_floors_above_base': 5}]",['Coimbatore'],
V:\Project\Project_Stick\data_source\raw\TNRERA\2026\TNRERA_11_BLG_0200_2026.pdf,MAJESTIC CITY,"Stilt + 5 floors Combination of conventional framed structure, walls and columns of 1BHK,2BHK and 3BHK type units",Non-High Rise Building (NHRB),Residential,2911.30,100,Not Yet Started,30/04/2031,11.057903,76.948354,45,16,6,97828360,276521160,-,374349520,0.00,7545.58,-,[],"[{'block': None, 'base_level': 'Stilt', 'floor_segments': ['5 floors'], 'total_floors_above_base': 5}]",['Coimbatore'],
V:\Project\Project_Stick\data_source\raw\TNRERA\2026\TNRERA_11_BLG_0204_2026.pdf,SWARLOK VILLAS,"Ward No: AI(35), Block No: 14, T.S.No: 33/4, S.F.No: 76/1, Singanallur Village, Coimbatore South Taluk, East Zone, Coimbatore Corporation.",Non-High Rise Building (NHRB),Residential,1051.20,11,Under Construction,30/06/2030,11.016598,77.043970,11,2,2,12591710,31975000,-,44566710,0.00,1188.24,-,[],[],['Coimbatore'],
V:\Project\Project_Stick\data_source\raw\TNRERA\2026\TNRERA_11_BLG_0213_2026.pdf,Emerald,"S.NO:541/2B1, Vadavalli Village, Perur Taluk, Coimbatore Corporation and District.",Non-High Rise Building (NHRB),Residential,3643.00,85,Under Construction,31/12/2029,11.020652,76.876504,90,0,12,9800000,540000000,-,549800000,0.00,8805.60,0.00,[],[],['Coimbatore'],
V:\Project\Project_Stick\data_source\raw\TNRERA\2026\TNRERA_11_BLG_0223_2026.pdf,-,"Basement - 1&2, Stilt Floor, First To Elenth Floor and Terrace Floor Residential Apartment Building in T.S.Nos. 130/12, 130/13, 130/14, Ward No. (AR) 44, Block No. 9, (Old S.F. No. 15/1BP, 15/2P, 16/1P ), at Chokkampudur Road, Kumarapalayam Village, Coimbatore Corporation, Perur Taluk, Coimbatore District",High Rise Building (HRB),Residential,4593.14,86,Not Yet Started,24/02/2031,10.996533,76.944189,199,0,20,76000000,700000000,-,776000000,0.00,21127.77,-,[],"[{'block': None, 'base_level': 'Basement', 'floor_segments': ['Terrace Floor'], 'total_floors_above_base': 1}]",['Coimbatore'],
V:\Project\Project_Stick\data_source\raw\TNRERA\2026\TNRERA_11_BLG_0234_2026.pdf,EKTA,"S.F.NO.128/1B2, 128/1B3A, 128/7A1A2 KALAPATTI WEST VILLAGE, COIMBATORE NORTH TALUK, COIMBATORE DISTRICT -641048",Non-High Rise Building (NHRB),Residential,4107.00,78,Under Construction,26/12/2029,110500.2,770152.6,111,0,16,60000000,360000000,-,420000000,0.00,10650.98,-,[],[],['Coimbatore'],
V:\Project\Project_Stick\data_source\raw\TNRERA\2026\TNRERA_11_BLG_0243_2026.pdf,Divinity,"RESIDENTIAL APARTMENT BUILDING COMPRISING OF BLOCK 1 (STILT + 4) FLOORS, 10 RESIDENTIAL DWELLINGS AND BLOCK 2 (STILT + 3) FLOORS, 3 RESIDENTIAL DWELLINGS AT T.S .Nos. 318/3, 330, 331/2,WARD No. H, BLOCK No. 9 AT COIMBATORE TOWN,R.S.PURAM, COIMBATORE SOUTH TALUK, COIMBATORE CORPORATION- 641002.",Non-High Rise Building (NHRB),Residential,1182.30,13,Not Yet Started,31/12/2028,11.010894,76.945361,30,0,3,73000000,258000000,-,331000000,0.00,2766.45,-,[],"[{'block': None, 'base_level': 'Stilt', 'floor_segments': ['4', '3'], 'total_floors_above_base': 7}]",['Coimbatore'],
V:\Project\Project_Stick\data_source\raw\TNRERA\2026\TNRERA_11_BLG_0248_2026.pdf,PROMAG ARANYA,"Residential Group Development Villas with 18 Dwelling Units + Common Amenity comprising of Block A1 to A5, A7 to A9, B1 to B2, B4, B6 to B7A - Ground Floor + First Floor + Second Floor, Block A6, B3, B5, B9 - Ground Floor + First Floor and Block 10 (Gym), Telecom Room – Ground Floor at SF. Nos. 514/1A1, 518/2B & 519/2B of Vadavalli Village, Perur Taluk, Coimbatore Corporation, Coimbatore District.",Non-High Rise Building (NHRB),Residential,4726.84,20,Under Construction,05/05/2031,11.023727,76.879127,20,37,15,50860800,195231880,-,246092680,,,,[],"[{'block': None, 'base_level': 'Ground', 'floor_segments': ['First Floor', 'Second Floor', 'First Floor'], 'total_floors_above_base': 3}]",['Coimbatore'],FSI_Other_Residential
V:\Project\Project_Stick\data_source\raw\TNRERA\2026\TNRERA_11_BLG_0258_2026.pdf,SREE DAKSHA'S TALINA,"PROPOSED RESIDENTIAL APARTMENT MULTISTORY BUILDING BLOCK-A BASEMENT-1, STILT,FIRST,SECOND,THIRD, FOURTH,FIFTH,SIXTH,SEVENTH,EIGHT,NI NTH, TENTH AND TERRACE FLOOR AND BLOCK-B GROUND,FIRST FLOOR AND TERRACE FLOOR IN SF.NO:267/1B1B AND 267/1B1A2 OF VEERAKERALAM VILLAGE, PERUR TALUK, COIMBATORE CORPORATION WEST ZONE, COIMBATORE DISTRICT .",High Rise Building (HRB),Residential,5378.00,90,Not Yet Started,30/06/2030,11.0268,76.9058,144,10,14,120356000,700000000,-,820356000,0.00,18113.90,528.79,[],"[{'block': None, 'base_level': 'Ground', 'floor_segments': ['TERRACE FLOOR', 'FIRST FLOOR', 'TERRACE FLOOR'], 'total_floors_above_base': 3}]",['Coimbatore'],
V:\Project\Project_Stick\data_source\raw\TNRERA\2026\TNRERA_11_BLG_0272_2026.pdf,SREE SUKKTHA'S CUBIX,"T.S No : 5/4, BLOCK No : 08, WARD No : W (23), GANAPATHY VILLAGE, COIMBATORE NORTH TALUK, COIMBATORE CORPORATION / DISTRICT.",Non-High Rise Building (NHRB),Commercial,1449,,Under Construction,25/12/2029,110241.7,765909.4,23,1,1,17468680,86000000,-,103468680,0.00,0.00,3789.30,[],[],['Coimbatore'],Total_Dwelling_Units
V:\Project\Project_Stick\data_source\raw\TNRERA\2026\TNRERA_11_BLG_0274_2026.pdf,GUJANS PARIPALANA PHASE V,RESIDENTIAL APARTMENT BUILDING,Non-High Rise Building (NHRB),Residential,6070.29,138,Under Construction,03/06/2034,11.00245991,76.8821203,80,0,7,442000000,112000000,-,554000000,0.00,15415.55,0.00,[],[],['Coimbatore'],
V:\Project\Project_Stick\data_source\raw\TNRERA\2026\TNRERA_11_BLG_0278_2026.pdf,Daffodil,Basement+Stilt+5 Floors,Non-High Rise Building (NHRB),Residential,4050,96,Under Construction,20/05/2031,110245.4,770033.2,103,3,10,98100000,627871493,-,725971493,0.00,11252.94,73.83,[],"[{'block': None, 'base_level': 'Basement', 'floor_segments': ['5 Floors'], 'total_floors_above_base': 5}]",['Coimbatore'],
V:\Project\Project_Stick\data_source\raw\TNRERA\2026\TNRERA_11_BLG_0285_2026.pdf,GUJANS PARIPALANA PHASE - V EXTENSION,RESIDENTIAL APARTMENT BUILDING,Non-High Rise Building (NHRB),Residential,5050,130,Under Construction,26/05/2034,11.003242,76.882547,89,0,0,400000000,380000000,-,780000000,0.00,11637.41,-,[],[],['Coimbatore'],
V:\Project\Project_Stick\data_source\raw\TNRERA\2026\TNRERA_11_BLG_0289_2026.pdf,VINCON's SERENE,"T.S No : 15 / 3,4 & 5, WARD No : AL RAMANATHAPURAM, BLOCK No : 15, RAMANATHAPURAM VILLAGE, COIMBATORE CORPORATION",Non-High Rise Building (NHRB),Residential,1504,40,Not Yet Started,05/05/2028,105905.2,765958.3,20,16,4,30765000,150000000,-,180765000,0.00,3671.55,-,[],[],['Coimbatore'],
V:\Project\Project_Stick\data_source\raw\TNRERA\2026\TNRERA_13_BLG_0163_2026.pdf,-,Registration of (Ground Floor + 3 Floors) in Door No: 41/23 - T.S. No: 865 & 866 - Ward No: 1 - Block No: 24 - Banadurai North Street - Kumbakonam Town - Kumbakonam Corporation - Thanjavur District.,Non-High Rise Building (NHRB),Residential,929.03,18,Not Yet Started,31/12/2027,10.965186,79.3823,10,0,1,40000000,70000000,-,110000000,0.00,1662.54,-,[],[],['Thanjavur'],
V:\Project\Project_Stick\data_source\raw\TNRERA\2026\TNRERA_16_BLG_0036_2026.pdf,NAGAPPA TOWERS,"""NAGAPPA TOWERS"" Stilt+5Floors Total 10 Residential dwelling units to be set up At Residential Apartment Building In T.S.No: 1/1,1/6,1/8,Block No:36,Ward-M, 11th cross, Thillai Nagar, Zone-V, Tiruchirappalli City. Tamil Nadu-620018.",Non-High Rise Building (NHRB),Residential,640.75,10,Under Construction,06/12/2029,10.819366,78.686894,2,10,0,2394000,63694156,-,66088156,0.00,1479.20,-,[],[],['Tiruchirappalli'],
V:\Project\Project_Stick\data_source\raw\TNRERA\2026\TNRERA_16_BLG_0037_2026.pdf,NAVARATHNA PARK RESIDENCY,"PROJECT NAME: NAVARATHNA PARK RESIDENCY TS NO:83,(OLD TS NO:143/2B),WARD:AV,BLOCK:01,AT KAKKAN COLONY,KOTTAPATTU VILLAGE,TRICHY EAST TALUK,PONMALAI ZON IV,THIRUCHIRAPPALLI CITY CORPORATION",Non-High Rise Building (NHRB),Residential,1056.39,32,Not Yet Started,09/12/2030,10.757502,78.694526,27,6,21,11367000,110223435,-,121590435,0.00,2740.93,-,[],[],['Tiruchirappalli'],
V:\Project\Project_Stick\data_source\raw\TNRERA\2026\TNRERA_16_BLG_0089_2026.pdf,Bharath Springs,"Bharath Springs, is housing 160 units of 2BHK , 3BHK apartments in three blocks, with an exclusive club house loaded with amenities.",Non-High Rise Building (NHRB),Residential,5975,160,Not Yet Started,30/04/2028,10.799993,78.760104,121,6,12,320000000,590000000,-,910000000,0.00,14929.35,426.78,[],[],['Tiruchirappalli'],
V:\Project\Project_Stick\data_source\raw\TNRERA\2026\TNRERA_16_BLG_0109_2026.pdf,APPLE GARDEN,"ZONE – I, WARD –B, BLOCK NO. – 42, T.S.NO: 2019/178 of Thimmarayasamuthiram Village, Srirangam Taluk, Tiruchirappalli District.",Non-High Rise Building (NHRB),Residential,631.89,10,Under Construction,30/12/2026,104613.6,784047.7,7,3,1,15000000,45000000,-,60000000,0.00,1624.25,-,[],[],['Tiruchirappalli'],
V:\Project\Project_Stick\data_source\raw\TNRERA\2026\TNRERA_16_BLG_0121_2026.pdf,Royal Windgates Phase III,"Plot No.05,06&07 in T.S.No.1/1A part, Block No.05, Ward-AB, Golden Rock Zone, K.Abhisekapuram village",Non-High Rise Building (NHRB),Mixed Development,2084.76,32,Not Yet Started,30/09/2028,104819.2,784032.4,35,7,0,69564000,210441780,-,280005780,0.00,5032.97,387.72,[],[],['Tiruchirappalli'],
V:\Project\Project_Stick\data_source\raw\TNRERA\2026\TNRERA_16_BLG_0179_2026.pdf,MORAIS BLISS,"Survey Number 205/8C1A1E, 205/8C1A1C, 205/10, 208/1A2A1A3 & 208/1A2B1A1A2, Plot No. 360 & 360A at Morais City Extension - I, Keelakurichi Village & Panchayat, Thiruverumbur Panchayat Union, Thiruverumbur Taluk, Tiruchirappalli District, Tamil Nadu State, India.",Non-High Rise Building (NHRB),Residential,1783.73,46,Not Yet Started,27/01/2031,10.755876,78.723825,48,0,5,24000000,250721210,-,274721210,0.00,4994.10,-,[],[],['Tiruchirappalli'],
V:\Project\Project_Stick\data_source\raw\TNRERA\2026\TNRERA_16_BLG_0253_2026.pdf,ARUN GRANDE,"""ARUN GRANDE"" Stilt +3 Floors with 15 dwelling units at 56/2B9A1, Sankara Nagar , No 1 Tolgate, Bikshandarkovil,Manachanallur taluk, Trichy District",High Rise Building (HRB),Residential,750,15,Not Yet Started,31/12/2028,10.874921,78.710669,9,0,0,35000000,51943500,-,86943500,0.00,1532.25,-,[],"[{'block': None, 'base_level': 'Stilt', 'floor_segments': ['3 Floors'], 'total_floors_above_base': 3}]",['Tiruchirappalli'],
V:\Project\Project_Stick\data_source\raw\TNRERA\2026\TNRERA_16_BLG_0257_2026.pdf,SHREE VEEJAY’S SUN SHINE,"“SHREE VEEJAY’S SUN SHINE” to be set up Affordable Residential Apartment Building (Stilt +5 floors with 20 dwelling units) in TS. No. 49/1,49/2, Ward AK, Block:5, at Crawford Colony Main Road, Crawford Colony, K Abhishekapuram Village, Trichy-620012",Non-High Rise Building (NHRB),Residential,739.92,20,Under Construction,05/02/2031,10.782281,78.677867,12,5,0,20350000,51932941.63,-,72282941.63,0.00,1837.45,-,[],"[{'block': None, 'base_level': 'Stilt', 'floor_segments': ['5 floors'], 'total_floors_above_base': 5}]",['Tiruchirappalli'],
V:\Project\Project_Stick\data_source\raw\TNRERA\2026\TNRERA_1_BLG_0120_2026.pdf,NEST FAB,NEST FAB,Non-High Rise Building (NHRB),Residential,2072,49,Not Yet Started,30/04/2028,12.887564,80.054308,11,40,3,29722849,281995307,-,311718156,0.00,5378.59,-,[],[],['Kancheepuram'],
V:\Project\Project_Stick\data_source\raw\TNRERA\2026\TNRERA_1_BLG_0132_2026.pdf,NEST HARMONY,NEST HARMONY,Non-High Rise Building (NHRB),Residential,4923,123,Not Yet Started,30/09/2028,12.887281,80.054955,102,12,8,70835138,680909462,-,751744600,0.00,13006.99,-,[],[],['Kancheepuram'],
V:\Project\Project_Stick\data_source\raw\TNRERA\2026\TNRERA_1_BLG_0153_2026.pdf,ATH MERLION Phase II,"Comprised in Old S.No: 239/1 & 239/3 (Document), New S.No. 239/1D, 239/1E, 239/1F, 239/1G, 239/1H & 239/3D (Patta) of Rendamkattalai Village, within the limit of Kundrathur Panchayat Union; Project Name:- “ATH MERLION Phase II”",Non-High Rise Building (NHRB),Residential,731.14,25,Under Construction,30/12/2028,12.996224,80.115966,10,6,1,200500000,73161000,-,273661000,0.00,1884.26,-,[],[],['Kancheepuram'],
V:\Project\Project_Stick\data_source\raw\TNRERA\2026\TNRERA_1_BLG_0156_2026.pdf,CASAGRAND HIGHCITY PHASE - I https://rera.tn.gov.in/public-view2/building/pfirm/30ecfed0-3a6a-11f1-bb05-7be31db7c810,"Proposed Construction of High Rise Group Development Building with Extended Combined Double Basement Floor (Block : 1 - 4 & Club House) Consisting of Block 1: Ground Floor + 22 Floors (252 Dwelling Unit), Block 2: Ground Floor + 22 Floors (343 Dwelling Unit) Block 3: Ground Floor + 22 Floors (252 Dwelling Unit), Block 4 : Ground Floor + 22 Floors (252 Dwelling Unit) and Block 5 : Club House : Ground Floor + 2 Floors and Open Swimming Pool (Totally 1099 Dwelling Units) at Chennai Outer Ring Road, Pazhathandalam Village, in S.No. 182/1A, 1B, 2, 195/2A1, 2A2, 2B1, 2B2, 196/1, 2, 3, 197/ 1, 2, 3, 4, 198/1, 2, 3, 199, 200/3A1,4, 202/5, 6, 203/1, 2, 3, 204/1A, 1B, 3 , 205/2A, 214/2A, 215/1A, 2A, 216/1, 1B, 2, 217/1, 218/1, 2A, 2B, 219/1A, 1B, 1C, 2A1, 2A2, 2B1, 2B2, 3A, 3B, 4B, 221/1A, 2A1, 2B1, 222/1A, 387/2A, 2B, 389/1, 2, 390/1, 2, 400/1B, 2B, 3A1B,",High Rise Building (HRB),Residential 1/11,137763.21,1099,Not Yet Started,17/05/2030,12.960902,80.086312,893,0,88,600000000,7840000000,-,8440000000,0.00,127105.13,4659.34,[],"[{'block': 'Block 1', 'base_level': 'Ground', 'floor_segments': ['22 Floors'], 'total_floors_above_base': 22}, {'block': 'Block 2', 'base_level': 'Ground', 'floor_segments': ['22 Floors'], 'total_floors_above_base': 22}, {'block': 'Block 3', 'base_level': 'Ground', 'floor_segments': ['22 Floors'], 'total_floors_above_base': 22}, {'block': 'Block 4', 'base_level': 'Ground', 'floor_segments': ['22 Floors'], 'total_floors_above_base': 22}, {'block': 'Block 5', 'base_level': 'Ground', 'floor_segments': ['2 Floors'], 'total_floors_above_base': 2}]",['Kancheepuram'],
V:\Project\Project_Stick\data_source\raw\TNRERA\2026\TNRERA_1_BLG_0167_2026.pdf,Shriram Santrupthi - Phase 2,"Survey Number's-215/2D, 3B, 6C, 7A3, 7B, 8, 9A, 10A, 216/1A1C, 1A2, 1B1, 4C, and 5C.",Non-High Rise Building (NHRB),Mixed Development,22055.184,89,Under Construction,01/04/2031,13.028444,79.969944,0,1,0,27063828,24000000,-,51063828,-,1071.62,-,[],[],['Kancheepuram'],
V:\Project\Project_Stick\data_source\raw\TNRERA\2026\TNRERA_1_BLG_0203_2026.pdf,VIRAAM -2,"9.0m wide Approved Layout Road & 7.20m wide Approved Layout Road, Mangadu, Chennai comprised in S.No.482/6A2, 482/7A4A2 & 482/7B2 of Mangadu-B Village, Kunrathur Taluk within the limits of Mangadu Municipality",Non-High Rise Building (NHRB),Residential,5061,110,Not Yet Started,29/04/2034,130155.0,800718.6,92,10,11,163500000,330015628,-,493515628,0.00,11499.26,-,[],[],['Kancheepuram'],
V:\Project\Project_Stick\data_source\raw\TNRERA\2026\TNRERA_1_BLG_0205_2026.pdf,VIAAN,STILT + 5 FLOORS,Non-High Rise Building (NHRB),Residential,2000,45,Under Construction,31/03/2030,130042.3,800935.3,31,19,4,180000000,370000000,-,550000000,0.00,5522.08,-,[],"[{'block': None, 'base_level': 'Stilt', 'floor_segments': ['5 FLOORS'], 'total_floors_above_base': 5}]",['Kancheepuram'],
V:\Project\Project_Stick\data_source\raw\TNRERA\2026\TNRERA_1_BLG_0221_2026.pdf,MILLENNIUM BY DAC,"Stilt + 4 Floors + 5th Floor Part comprising 138 Units situated in S.NO: 52/1A2, 52/2A & 52/3 of Gerugambakkam Village within the Kundrathur Panchayat Union Limit",Non-High Rise Building (NHRB),Residential,3947.97,138,Under Construction,31/07/2031,13.014812,80.140969,85,14,0,74200000,354858000,-,429058000,0.00,10255.89,-,[],"[{'block': None, 'base_level': 'Stilt', 'floor_segments': ['4 Floors', '5th Floor'], 'total_floors_above_base': 5}]",['Kancheepuram'],
V:\Project\Project_Stick\data_source\raw\TNRERA\2026\TNRERA_1_BLG_0286_2026.pdf,SHRIRAM 122 WEST - TOWER 1,"Survey No. 765/29B2C, 765/29B1, 389/2(Part), 384, 398/2(Part), 397/2, 390 (Part), 391, 380, 379, 392 of Mangadu village, Kundrathur Main Road, Chennai",High Rise Building (HRB),Residential,110838.27,2614,Under Construction,08/12/2027,800649.7,130138.8,1581,312,158,383207427,848066743,-,1231274170,0.00,29686.00,-,[],[],['Kancheepuram'],
V:\Project\Project_Stick\data_source\raw\TNRERA\2026\TNRERA_1_BLG_0287_2026.pdf,SHRIRAM 122 WEST Phase-2,"Survey No. 765/29B2C, 765/29B1, 389/2(Part), 384, 398/2(Part), 397/2, 390 (Part), 391, 380, 379, 392 of Mangadu village, Kundrathur Main Road, Chennai",High Rise Building (HRB),Residential,110838.27,2614,Under Construction,08/12/2027,800649.7,130138.8,1581,589,110,383207477,848066743,-,1231274220,0.00,71031.42,-,[],[],['Kancheepuram'],
V:\Project\Project_Stick\data_source\raw\TNRERA\2026\TNRERA_20_BLG_0083_2026.pdf,AMITA,S NOS 26/1B 26/2B 26/3A1B 26/3A2 31/2 31/3 MELAKKAAL MAIN ROAD THUVARIMAN VILLAGE MADURAI WEST TALUK THIRUPARANKUNDRAM PANCHAYAT UNION MADURAI DISTRICT,Non-High Rise Building (NHRB),Residential,9020.04,40,Not Yet Started,30/06/2029,9.953534,78.059871,0,80,8,60000000,123639600,-,183639600,0.00,7047.60,-,[],[],['Madurai'],
V:\Project\Project_Stick\data_source\raw\TNRERA\2026\TNRERA_20_BLG_0100_2026.pdf,"""AJITA I - EXTENSION""","S.No. 21/1A2, 21/1B",Non-High Rise Building (NHRB),Residential,4169.77,15,Not Yet Started,31/12/2029,9.953584,78.060646,1,30,4,10000000,180000000,-,190000000,0.00,3350.94,-,[],[],['Madurai'],
V:\Project\Project_Stick\data_source\raw\TNRERA\2026\TNRERA_20_BLG_0125_2026.pdf,AREX ATRIUM,"Stilt + 5 floors, Residential Building with 39 dwelling units with 18.30m Height availing Premium FSI at Plot No.A-24, Old Door No.2/47, New Door No.3, Sundar Street, Thiru Nagar, Thiruparankundram Taluk, Madurai District - 625 006, Comprised in S.Nos.121, 121/1, 121/2 & 121/3 as per Document and S.No.121/1B as per patta, Thiruprakundram Village, Thiruparankundram Taluk, Madurai Corporation",Non-High Rise Building (NHRB),Residential,1253.06,39,Under Construction,15/08/2028,9.8847863,78.0582352,32,0,4,111000000,141741784,-,252741784,0.00,3546.86,-,[],"[{'block': None, 'base_level': 'Stilt', 'floor_segments': ['5 floors'], 'total_floors_above_base': 5}]",['Madurai'],
V:\Project\Project_Stick\data_source\raw\TNRERA\2026\TNRERA_20_BLG_0189_2026.pdf,BVK Brindhavan,Block 1 Ground + 9 Floors 3 Floor Commercial spaces 7 Floors residential flats 14 nos dwelling units Block 2 Stilt + 9 Floors Residential flats 43 nos dwelling units,High Rise Building (HRB),Mixed Development,2905.49,57,Not Yet Started,08/04/2031,9.950309,78.125757,26,31,13,82769775,296454400,-,379224175,0.00,7170.26,786.45,[],"[{'block': None, 'base_level': 'Ground', 'floor_segments': ['9 Floors', '3 Floor', '7 Floors', '9 Floors'], 'total_floors_above_base': 28}]",['Madurai'],
V:\Project\Project_Stick\data_source\raw\TNRERA\2026\TNRERA_20_BLG_0209_2026.pdf,Nimo Lagoon Apartment,"Stilt Floor + 5 Floors comprised in Plot No.40, Ward-19, Block-10 ,T.S No-12 (old R.S No-28/3A(pt), 29/1,2(pt)) of Sathamangalam village, Madurai North Taluk, Madurai Corporation, Madurai District",Non-High Rise Building (NHRB),Residential,668.90,15,Not Yet Started,13/06/2029,9.923864,78.142331,13,2,2,74250000,65000000,-,139250000,0.00,1851.65,-,[],"[{'block': None, 'base_level': 'Stilt', 'floor_segments': ['5 Floors'], 'total_floors_above_base': 5}]",['Madurai'],
V:\Project\Project_Stick\data_source\raw\TNRERA\2026\TNRERA_20_BLG_0235_2026.pdf,VISHAAL VISMAYA,"S.F.No. 307/1B2A and 307/1B2B2 of Nilayur Bit - 1 Panchayat / Village, Thirupparankundram Taluk / Panchayat Union, Madurai District",High Rise Building (HRB),Residential,3937,156,Not Yet Started,30/06/2029,9.865816,78.027778,78,12,0,63625500,704656999,-,768282499,0.00,13683.78,0.00,[],[],['Madurai'],
V:\Project\Project_Stick\data_source\raw\TNRERA\2026\TNRERA_20_BLG_0254_2026.pdf,VIBHAVA - J & K BLOCKS,"Ward No. XXIII - Block No. 26 - T.S. Nos. 16/6A, 17/3A & 17/3B - (Ponmeni Village - Old R.S. Nos. 177pt & 179/6Apt) - Amalgamation of Plot Nos. A3 & A4 in the existing regularized layout LP/MDTCP/No.276(R)/2018",Non-High Rise Building (NHRB),Residential,3520.00,80,Not Yet Started,31/03/2030,9.922201,78.080275,55,8,7,63118579,210000000,-,273118579,0.00,7613.40,-,[],[],['Madurai'],
V:\Project\Project_Stick\data_source\raw\TNRERA\2026\TNRERA_20_BLG_0267_2026.pdf,APARNA PHASE II,"R.S.No.29/3B, 29/4B2, 29/5A1, 29/5B2, 29/34A, 30/3A7 of Thuvariman Panchayat / Village, Madurai West Taluk, Madurai District.",Non-High Rise Building (NHRB),Residential,8397,148,Under Construction,31/03/2030,9.95,78.06,80,4,10,103750000,331828660,-,435578660,0.00,13047.79,0.00,[],[],['Madurai'],
V:\Project\Project_Stick\data_source\raw\TNRERA\2026\TNRERA_20_BLG_0279_2026.pdf,MAX MADHAV,"Revised and Additional construction of apartment residential building comprised in S.No. 73/1B,73/1C,99/5A2,99/5B2 & 99/5B3, Thiruppalai Village, Madurai North Taluk, Madurai",Non-High Rise Building (NHRB),Residential,2816.11,65,Under Construction,31/12/2030,9.973269,78.138005,60,0,6,32000000,225000000,-,257000000,0.00,7313.39,-,[],[],['Madurai'],
V:\Project\Project_Stick\data_source\raw\TNRERA\2026\TNRERA_20_BLG_0284_2026.pdf,MAX SATHYA,"Stilt Floor + 5 Floors Commercial cum Residential Building R.S.No:362/8 of Ayanpappakudi Village, Madurai Taluk, Madurai Corporation, Madurai District",Non-High Rise Building (NHRB),Mixed Development,1225,24,Not Yet Started,31/12/2030,9.87941,78.11540,26,2,3,10500000,250000000,-,260500000,0.00,2655.20,689.61,[],"[{'block': None, 'base_level': 'Stilt', 'floor_segments': ['5 Floors'], 'total_floors_above_base': 5}]",['Madurai'],
V:\Project\Project_Stick\data_source\raw\TNRERA\2026\TNRERA_26_BLG_0053_2026.pdf,AYODHYA,"T.S.NO: 204, TOWN SURVEY WARD: BS, BLOCK: 12, VM CHATHIRAM VILLAGE, PALAYAMKOTTAI WARD & TALUK, HIGH GROUND AREA DETAILED PLAN, TIRUNELVELI CITY MUNICIPAL CORPORATION, TIRUNELVELI DISTRICT",Non-High Rise Building (NHRB),Residential,1040.50,30,Under Construction,15/12/2030,8.705581,77.755194,18,15,3,48154830,146265000,-,194419830,0.00,3051.42,-,[],"[{'block': None, 'base_level': 'Ground', 'floor_segments': [], 'total_floors_above_base': 0}]",['Tirunelveli'],
V:\Project\Project_Stick\data_source\raw\TNRERA\2026\TNRERA_29_BLG_0029_2026.pdf,THE GRID,"Proposed Construction of Stilt Floor (Parking) + 1st and 2nd Floor (Shop) and 3rd Floor (Office) Commercial Building at Plot No.6part, Door No.6, Secretariat Colony, Ambattur, Chennai - 600053, Comprised in Old S.No.604/1Bpart, T.S.No.28/2, Block No.10 of Ambattur Village, Within the limit of Greater Chennai Corporation.",Non-High Rise Building (NHRB),Commercial,1337.79,,Under Construction,31/12/2026,13.122478,80.148836,7,21,3,91020800,77931793,-,168952593,0.00,0.00,2213.16,[],"[{'block': None, 'base_level': 'Stilt', 'floor_segments': ['2nd Floor', '3rd Floor'], 'total_floors_above_base': 2}]",['Chennai'],Total_Dwelling_Units
V:\Project\Project_Stick\data_source\raw\TNRERA\2026\TNRERA_29_BLG_0031_2026.pdf,HARMONY NAVRANG,"Proposed Construction of Stilt Floor + 5 Floors (18.30m - height) Residential Building with 15 dwelling units Availing Premium FSI with TOD Benefit At Old Door No.179, New No.12, Rangarajapuram main Road, Kodambakkam Chennai – 600 024. comprised in T.S.No.66, Block No.37, of Puliyur Village within the limit of Greater Chennai Corporation",Non-High Rise Building (NHRB),Residential,611,15,Not Yet Started,30/06/2028,13.04608,80.22911,11,4,2,9054000,79643000,-,88697000,0.00,1583.00,-,[],"[{'block': None, 'base_level': 'Stilt', 'floor_segments': ['5 Floors'], 'total_floors_above_base': 5}]",['Chennai'],
V:\Project\Project_Stick\data_source\raw\TNRERA\2026\TNRERA_29_BLG_0032_2026.pdf,VEDHAGAM,PROPOSED CONSTRUCTION OF RESIDENTIAL BUILDING STILT FLOOR (PARKING) + 4 FLOORS + 5TH FLOOR PART TOTAL 9 DWILLING UNITS,Non-High Rise Building (NHRB),Residential,631.55,9,Not Yet Started,31/12/2030,13.059493,80.245773,12,0,1,22500000,68988000,-,91488000,0.00,1530.06,-,[],"[{'block': None, 'base_level': 'Stilt', 'floor_segments': ['4 FLOORS', '5TH FLOOR'], 'total_floors_above_base': 5}]",['Chennai'],
V:\Project\Project_Stick\data_source\raw\TNRERA\2026\TNRERA_29_BLG_0033_2026.pdf,S&S CENTRIS,"Construction 2 Blocks; Block A – Stilt floor + 5 floors (18.30m height) Residential Building with 55 Dwelling units; Block B - Ground floor (Gym & Association room) + 2 floors (9.60m height) Residential Building with 4 Dwelling units; Totally 59 Dwelling units at Rajiv Gandhi Salai (OMR) and Estate 2nd Main Road, Palavakkam, Chennai comprised in S.No.131/11A, 131/16, 138/1A1B1, 138/1A1B2 & 138/1A1A2 of Palavakkam Village Within the Limits of Greater Chennai Corporation",Non-High Rise Building (NHRB),Residential,4706,59,Under Construction,31/03/2028,12.962014,80.246228,51,13,7,485000000,400000000,-,885000000,0.00,7527.99,47.03,[],"[{'block': None, 'base_level': 'Ground', 'floor_segments': ['5 floors', '2 floors'], 'total_floors_above_base': 7}]",['Chennai'],
V:\Project\Project_Stick\data_source\raw\TNRERA\2026\TNRERA_29_BLG_0035_2026.pdf,SUPRABHATH CONSTRUCTIONS,S+5 FLOORS,Non-High Rise Building (NHRB),Residential,644.74,13,Under Construction,01/03/2030,12.985876696475966,80.19515678039852,11,4,2,90000000,50000000,-,140000000,0.00,1558.38,-,[],"[{'block': None, 'base_level': 'Stilt', 'floor_segments': ['5 FLOORS'], 'total_floors_above_base': 5}]",['Chennai'],
V:\Project\Project_Stick\data_source\raw\TNRERA\2026\TNRERA_29_BLG_0038_2026.pdf,M/s. KUMAARS CREST WOOD,"The proposed construction of Stilt floor + 4 floors + 5th floor (Part) (Height – 18.30m) Residential with 19 Dwelling units Availing Premium FSI with TOD Benefit at Plot No.275 & 276, Srinivasa Nagar, Balaji Street, Madipakkam, Chennai 600091 comprised in Old S.No.92/2 (Document), S.No.92/61 & 92/62 (Patta) of Madipakkam Village within the limits of Greater Chennai Corporation",Non-High Rise Building (NHRB),Residential,743.21,19,Under Construction,31/12/2035,12.966450,80.214709,17,4,2,63000000,107000000,-,170000000,0.00,1931.74,-,[18.3],"[{'block': None, 'base_level': 'Stilt', 'floor_segments': ['4 floors', '5th floor'], 'total_floors_above_base': 5}]",['Chennai'],
V:\Project\Project_Stick\data_source\raw\TNRERA\2026\TNRERA_29_BLG_0040_2026.pdf,Gallop,"No.1(1) & 1(1A)Chakrapani Road, Guindy, Chennai - 600032",Non-High Rise Building (NHRB),Commercial,564.65,,Not Yet Started,31/12/2026,13.0035049,80.2094001,7,1,1,75000000,35231218,1092719,111323937,0.00,0.00,1091.02,[],[],['Chennai'],Total_Dwelling_Units
V:\Project\Project_Stick\data_source\raw\TNRERA\2026\TNRERA_29_BLG_0041_2026.pdf,CAMBRIDGE BY DAC,"Old S.No: 74/2, 74/3 & 77. T.S. No: 15, 16, 17 & 18. Block No: 09, Ward – G, of Semmanchery Village, with in the limit of Greater Chennai Corporation",Non-High Rise Building (NHRB),Residential,6956.20,140,Not Yet Started,30/01/2030,125141.4,801350.2,116,32,15,308700000,496610687,-,805310687,0.00,15224.94,0.00,[],[],['Chennai'],
V:\Project\Project_Stick\data_source\raw\TNRERA\2026\TNRERA_29_BLG_0043_2026.pdf,AANIRUDH VENGADAM,"Plot No. 29, 17th Street,Nanganallur Co- operative Building Society Colony (NCBS),Nanganallur, Chennai, Comprised in Old S.No.19/3 (Part), 4 (part),20/1(Part), 3 (part),As Per Patta New T.S. No. 18/1 & 18/2, Block No. 31 of Nanganallur (Ward- B) Village, Alandur Taluk, Chennai District, Tamil Nadu State",Non-High Rise Building (NHRB),Residential,983.65,27,Not Yet Started,28/11/2031,13.0145,80.2287,16,8,1,26000000,135500000,-,161500000,0.00,2741.97,-,[],[],['Chennai'],
V:\Project\Project_Stick\data_source\raw\TNRERA\2026\TNRERA_29_BLG_0044_2026.pdf,-,"PROPOSED CONSTRUCTION OF STILT FLOOR (PARKING) + 4 FLOORS RESIDENTIAL BUILDING (15.0M HEIGHT) WITH 20 DWELLING UNITS AT PLOT No. 12 & 12A PERUMAL NAGAR, PUTHAGARAM, CHENNAI 600099 COMPRISED IN S.No.36 / 1 PART AND AS PER PATTA S.No. 36 / 28, 36 / 29 OF PUTHAGARAM VILLAGE WITHIN THE LIMITS OF GREATER CHENNAI CORPORATION",Non-High Rise Building (NHRB),Residential,796,20,Under Construction,30/03/2026,13.135618,80.192058,10,1,1,25000000,43252500,-,68252500,0.00,1601.11,-,[],"[{'block': None, 'base_level': 'Stilt', 'floor_segments': ['4 FLOORS'], 'total_floors_above_base': 4}]",['Chennai'],
V:\Project\Project_Stick\data_source\raw\TNRERA\2026\TNRERA_29_BLG_0046_2026.pdf,RAMANIYAM NIVASAM,"ONE BLOCK OF 5 FLOORS CONSISTING OF 10 FLATS, Survey. Nos.T.S.NO.1/26 (AS PER PATTA) S.NO.317/1 (AS PER DOCUMENT) Velachery (Village) Plot No.134, Bhuvaneswari Nagar 2nd Main Road and Chandru Street, Bhuvaneswari nagar, Velachery, Chennai – 600 042",Non-High Rise Building (NHRB),Residential,508.80,10,Completed,,12.96966,80.22396,6,4,1,21086450,52616750,-,73703200,0.00,1187.19,-,[],"[{'block': None, 'base_level': None, 'floor_segments': ['5 FLOORS'], 'total_floors_above_base': 5}]",['Chennai'],
V:\Project\Project_Stick\data_source\raw\TNRERA\2026\TNRERA_29_BLG_0047_2026.pdf,AMARA ALAAYA,"Extended Double Basement floor + Stilt floor part/Ground floor part + 1st floor (Gym, Aerobics, Pre Function & Banquet Hall, Children’s Play Area, & Indoor games, Home Theatre) 2nd floor + 23rd floor (6du in each floor) + 24th floor (4 du) totally 136 Dwelling units with swimming pool at terrace floor Residential building",High Rise Building (HRB),Residential,5673,136,Under Construction,31/07/2029,13.073327,80.190584,220,35,20,850000000,1660000000,-,2510000000,0.00,26716.87,925.64,[],"[{'block': None, 'base_level': 'Ground', 'floor_segments': ['1st floor', '2nd floor', '23rd floor', '24th floor', 'terrace floor'], 'total_floors_above_base': 5}]",['Chennai'],
V:\Project\Project_Stick\data_source\raw\TNRERA\2026\TNRERA_29_BLG_0048_2026.pdf,BEAVER’S VENNA GARDEN,"Plot No: New No.36, Old No: 19, Velu Street, West Mambalam, Chennai -600033 compromised in Paimash No: 1728, as per Town Survey No:32, Block No:1, Zamin Mambalam Village, Mambalam Guindy Taluk, Chennai District",Non-High Rise Building (NHRB),Residential,597,15,Under Construction,31/12/2026,13.04097,80.222101,19,9,28,100000000,35000000,-,135000000,0.00,1190.91,-,[],[],['Chennai'],
V:\Project\Project_Stick\data_source\raw\TNRERA\2026\TNRERA_29_BLG_0049_2026.pdf,AMARA ADHYATMA,"Stilt floor + 5 floors (Height – 18.30m) Residential Building with 10 dwelling units Availing Premium FSI with TOD Benefit at Plot No.5, Door No.7, 9 & 10, Sundararajan Street (Formerly Abiramapuram 4th Street), Abiramaburam, Chennai 600018, comprised in Old R.S.No.3658/7 & 3658/22 (Document), Present R.S.No.3658/7, 3658/23, 3658/24, 3658/29, 3658/32, 3658/33 & 3658/34, Block No.72 of Mylapore Village, within the limit of Greater Chennai Corporation",Non-High Rise Building (NHRB),Residential,896.60,10,Under Construction,31/01/2028,130142,801431,5,20,3,150000000,100000000,-,250000000,,,,[18.3],"[{'block': None, 'base_level': 'Stilt', 'floor_segments': ['5 floors'], 'total_floors_above_base': 5}]",['Chennai'],FSI_Other_Residential
V:\Project\Project_Stick\data_source\raw\TNRERA\2026\TNRERA_29_BLG_0051_2026.pdf,RAMANIYAM REGAL,"R.S.Nos.423/1 & 423/2 Mylapore (Village) Door Nos. 66 & 68, Royapettah High Road, Royapettah, Mylapore Chennai 600014",High Rise Building (HRB),Residential,1183.85,18,Under Construction,23/11/2033,13.05027,80.26382,12,17,3,196242200,127939456,-,324181656,0.00,3673.89,-,[],[],['Chennai'],
V:\Project\Project_Stick\data_source\raw\TNRERA\2026\TNRERA_29_BLG_0052_2026.pdf,BRIGADE STELLARIS https://rera.tn.gov.in/public-view2/building/pfirm/892e03a0-f092-11f0-8bfb-974b0258c5a4,"High Rise Residential Group Development Building Consisting of Combined Extended 1st basement floor (for parking, Fire Pump room, STP & OWC)+ 2nd basement floor (for parking & STP Pump room) + Combined Stilt floor part(for parking)+ Combined Ground floor part with lobby, Badminton court, Pickle ball, Association room, Kids play area, Amenities lobby, Indoor Games, Multipurpose hall, Reception lobby, Caretaker room + Combined 1st floor (for parking), Pump room for Swimming pool, lobby& Toilet + Combined podium at 2nd floor level with Open Swimming Pool; Tower 1: 2nd floor + 13 floors + 14th floor part Residential building with 66 dwelling units, SPA & business Centre at 2nd floor level; Tower 2: 2nd floor + 13 floors+14th floor part Residential building with 68 dwelling units, Yoga & Indoor games at 2nd floor",High Rise Building (HRB),Mixed Development 1/13,21005,284,Not Yet Started,31/12/2030,12.991868,80.217729,655,0,69,4417000000,6132257354,-,10549257354,0.00,72964.40,1547.06,[],"[{'block': None, 'base_level': 'Ground', 'floor_segments': ['1st floor', '2nd floor', '2nd floor', '13 floors', '14th floor', '2nd floor', '2nd floor', '13 floors', '14th floor', '2nd floor'], 'total_floors_above_base': 34}]",['Chennai'],
V:\Project\Project_Stick\data_source\raw\TNRERA\2026\TNRERA_29_BLG_0056_2026.pdf,SWATHI'S TARA,"STILT + 5 FLOORS (HEIGHT - 18.30M) RESIDENTIAL BUILDING WITH 15 DWELLING UNITS AVAILING PREMIUM FSI WITH TOD BENEFIT AT PLOT NO:9 (ORIGINALLY 30), NEW DOOR NO:18, OLD DOOR NO.9, RAMAPPA NAGAR MAIN ROAD, PERUNGUDI, CHENNAI 600096. COMPRISED IN OLD S.NO.56 (DOCUMENT), NEW S.NO.56/29 OF PERUNGUDI VILLAGE WITHIN THE LIMITS OF GREATER CHENNAI CORPORATION",Non-High Rise Building (NHRB),Residential,845.41,15,Under Construction,31/08/2030,12.963333,80.241962,13,7,2,15000000,12150000,-,27150000,0.00,2367.00,-,[18.3],"[{'block': None, 'base_level': 'Stilt', 'floor_segments': ['5 FLOORS'], 'total_floors_above_base': 5}]",['Chennai'],
V:\Project\Project_Stick\data_source\raw\TNRERA\2026\TNRERA_29_BLG_0059_2026.pdf,Alcazar https://rera.tn.gov.in/public-view2/building/pfirm/9fcab290-6209-11f0-9a5b-cdc419dea1e8,"Proposed Construction of High Rise Residential Building with 30.0m height Consisting of Extended Basement floor (Parking) + Stilt floor (Parking, Meter Room, Transformer room, Double height lobby) + 1st floor to 7 floors + 8th Floor and 9th floor part (Duplex Unit) with 23 dwelling units Residential building availing with Premium FSI at New Door No.1, Old Door No.1A, Cathedral Garden Road, Nungambakkam, Chennai – 600034 Comprised in Old S.No.3404 Part, New R.S.No.2/40 & 2/62, Block No.1 of Mylapore Village Mylapore Taluk, Within the limits of Grater Chennai Corporation",High Rise Building (HRB),Residential 1/9,1449.50,23,Not Yet Started,01/08/2028,13.052177213436641,80.24584200116944,22,17,4,397675000,234436500,-,632111500,-,4839.50,-,[],"[{'block': None, 'base_level': 'Basement', 'floor_segments': ['1st floor', '7 floors', '8th Floor', '9th floor'], 'total_floors_above_base': 10}]",['Chennai'],
V:\Project\Project_Stick\data_source\raw\TNRERA\2026\TNRERA_29_BLG_0062_2026.pdf,ASTA AVM NOVA https://rera.tn.gov.in/public-view2/building/pfirm/309bfcb0-08eb-11f1-8db0-d10adaf9affd,"A High rise residential complex consisting of extended Triple Basement floor + Stilt floor(part)/Ground floor (part) + 1st floor: 10 dwelling units + 2nd to 18th floor : 11 dwelling units for each floor + 19th floor: 9 dwelling unit with refuge area + 20th& 21st floor: 11 dwelling units for each floor + 22nd floor (part): 3 dwelling units & Indoor play area, kids play area, gym, association room, swimming pool at open terrace totally 231 dwelling situated at Old No.38 & 7/1, New No.21, Arcot Road, Vadapalani, Chennai-600026, an extent of 8768 sq.mtrs (As per Patta) 8733.65 sq.mtrs (As per documents) 8737.20 sq.mtrs (As per Site) comprised in Old S.No.188/1part, & 188/2 part, and present T.S.No.24/2, 15/2, 14/3, 24/5, 15/16 & 14/9 in Block No.47 of Saligramam Village, Mambalam Taluk, Chennai",High Rise Building (HRB),Residential 1/9,8733.65,231,Not Yet Started,06/11/2033,13.25032,80.121726,483,32,32,2160048512,1545435000,-,3705483512,0.00,40713.20,1197.79,[],"[{'block': None, 'base_level': 'Ground', 'floor_segments': ['1st floor', '18th floor', '19th floor', '21st floor', '22nd floor'], 'total_floors_above_base': 5}]",['Chennai'],
V:\Project\Project_Stick\data_source\raw\TNRERA\2026\TNRERA_29_BLG_0063_2026.pdf,LEGACY ROYALE,Stilt Floor + 5 Floors,Non-High Rise Building (NHRB),Residential,543.66,9,Under Construction,31/03/2027,10.78,9.78,6,5,1,130000000,5000000,-,135000000,0.00,1412.61,-,[],"[{'block': None, 'base_level': 'Stilt', 'floor_segments': ['5 Floors'], 'total_floors_above_base': 5}]",['Chennai'],
V:\Project\Project_Stick\data_source\raw\TNRERA\2026\TNRERA_29_BLG_0064_2026.pdf,SIS Florida,We have built A1 A2 A3 Tower with 270 Flats located in Thaiyur B Village Thiruporur Taluk Chengelpetu District,High Rise Building (HRB),Residential,78221,2134,Under Construction,24/06/2030,12463306,80125067,199,64,21,295000000,574000000,-,869000000,0.00,26528.92,717.40,[],[],['Chennai'],
V:\Project\Project_Stick\data_source\raw\TNRERA\2026\TNRERA_29_BLG_0067_2026.pdf,-,"Registration for Mixed Development Building with Stilt Floor (Parking) + 1st & 2nd Floor (Office) + 3rd & 4th Floor Residential Building with One dwelling unit at Plot No. 4290 , Door No.79 , 'T' Block , 5th Main Road , Anna Nagar . Chennai - 40. Comprised in Old S.No. 91 part , T.S.No. 550 , Block No. 2 , Ward No. 1 of Mullam Village , Aminjikarai Taluk , Chennai District.",Non-High Rise Building (NHRB),Mixed Development,349,1,Completed,,13.08,80.21,7,0,1,40000000,35000000,-,75000000,0.00,324.16,341.76,[],"[{'block': None, 'base_level': 'Stilt', 'floor_segments': ['2nd Floor', '4th Floor'], 'total_floors_above_base': 2}]",['Chennai'],
V:\Project\Project_Stick\data_source\raw\TNRERA\2026\TNRERA_29_BLG_0071_2026.pdf,SKCL Summit,"Plot No.6, New Door No. 47/C, Old No.30, Gandhi Mandapam Road & Ambadi Road, Kotturpuram, Chennai – 600 085",High Rise Building (HRB),Commercial,2789.39,,Completed,,13.021653,80.242127,90,19,0,330274934,563744840,-,894019774,0.00,0.00,11460.73,[],[],['Chennai'],Total_Dwelling_Units
V:\Project\Project_Stick\data_source\raw\TNRERA\2026\TNRERA_29_BLG_0074_2026.pdf,BLUEMOON PARADISE,"Proposed construction of Stilt Floor + 5 Floors Residential Building (Height- 18.25m) with 10 Dwelling Units availing premium FSI at Regularised Plot, Old Door No.9 part, New door No.11 part, Ashtalakshmi Nagar 19th Street, Alapakkam, Chennai comprised in Old S.No.341/1D1 part and New S.No.341/1D1B of Maduravoyal Village, Maduravoyal Taluk within the Limits of Greater Chennai Corporation",Non-High Rise Building (NHRB),Residential,570,10,Under Construction,31/12/2027,13.048738,80.168028,11,00,01,23619750,76917500,-,100537250,0.00,1451.98,-,[18.25],"[{'block': None, 'base_level': 'Stilt', 'floor_segments': ['5 Floors'], 'total_floors_above_base': 5}]",['Chennai'],
V:\Project\Project_Stick\data_source\raw\TNRERA\2026\TNRERA_29_BLG_0075_2026.pdf,AANIRUDH VASANTHAM,STILT+5 FLOORS,Non-High Rise Building (NHRB),Residential,575,16,Under Construction,29/06/2029,12.5824798,80.1149812,3,10,1,70000000,86500000,-,156500000,0.00,1491.35,-,[],"[{'block': None, 'base_level': 'Stilt', 'floor_segments': ['5 FLOORS'], 'total_floors_above_base': 5}]",['Chennai'],
V:\Project\Project_Stick\data_source\raw\TNRERA\2026\TNRERA_29_BLG_0077_2026.pdf,MAYURAM,"Madha Nagar Second Main Road, Madhanandapuram, Chennai -600 125",Non-High Rise Building (NHRB),Residential,1719,34,Not Yet Started,31/12/2028,13.041098,80.26738,25,9,10,113198751,306801249,-,420000000,0.00,4808.30,-,[],[],['Chennai'],
V:\Project\Project_Stick\data_source\raw\TNRERA\2026\TNRERA_29_BLG_0079_2026.pdf,LIVERPOOL,"proposed construction of HIGH RISE Group development building for Residential use consisting of 2 Blocks with Block No – 1: Stilt Floor (for parking use) + 1st Floor (for parking use) + 2nd Floor to 9th Floor with 120 dwelling units, in Block No – 2: G.Floor (Pump room & Electrical Transformer room) + 1st Floor & 2nd Floor, (for Gym use), At Plot Nos. A & G in the Greater Chennai Corporation. Approved Sub-Division No. SD/WDC No 3/00495/2021, dt.22.03.2022. With TOD benefits. Abutting Manjambakkam Link Road (Milk Colony Road), Madhavaram, Chennai – 600 060. Comprised in Old S.No. 425, As per Patta No. T.S. No.85/1 part, 2 part & 3 part of Madhavaram Village, within the limits of Greater Chennai corporation.",High Rise Building (HRB),Mixed Development,4358.63,120,Not Yet Started,30/12/2030,13.160936,80.231709,91,29,12,114958867,463797000,-,578755867,0.00,13378.26,491.69,[],"[{'block': 'Block No – 1', 'base_level': 'Stilt', 'floor_segments': ['1st Floor', '2nd Floor', '9th Floor'], 'total_floors_above_base': 3}, {'block': 'Block No – 2', 'base_level': None, 'floor_segments': ['1st Floor', '2nd Floor'], 'total_floors_above_base': 2}]",['Chennai'],
V:\Project\Project_Stick\data_source\raw\TNRERA\2026\TNRERA_29_BLG_0081_2026.pdf,RAMANIYAM SAI ARANYA,THREE BLOCKS OF 16 FLOORS EACH AND TOTALLY CONSISTING OF 489 FLATS,High Rise Building (HRB),Residential,12708.88,488,Under Construction,24/08/2033,13.070678,80.186810,466,43,49,328316000,2780055500,-,3108371500,0.00,62170.34,382.51,[],"[{'block': None, 'base_level': None, 'floor_segments': ['16 FLOORS'], 'total_floors_above_base': 16}]",['Chennai'],
V:\Project\Project_Stick\data_source\raw\TNRERA\2026\TNRERA_29_BLG_0082_2026.pdf,TEMPLE RIDGE,"Stilt Floor Parking + Five Floors Residential Building with 30 Dwelling units Availing Premium FSI at Old Door No. 243 to 254/2, New Door No. 296/1 to 296/14 (Document), Door No.254/1, 296/3, 296/5 to 296/12, 1B (Patta) Konnur High Road, Ayanavaram, Chennai 600023, Comprised in Old S.No.243, 254, 296/3, 296/4 and T.S.No.4/2, 4/4, 5/2 to 5/11, Block No. 23 of Ayanavaram Village, Ayanavaram Taluk, Chennai District",Non-High Rise Building (NHRB),Residential,1851.17,30,Under Construction,27/12/2028,13.099948,80.228903,23,7,3,200000000,170000000,-,370000000,0.00,3806.07,-,[],"[{'block': None, 'base_level': 'Stilt', 'floor_segments': ['Five Floors'], 'total_floors_above_base': 5}]",['Chennai'],
V:\Project\Project_Stick\data_source\raw\TNRERA\2026\TNRERA_29_BLG_0084_2026.pdf,RAJUS MARUTHI,"Construction of Stilt Floor + 5 Floors (height 18.30m) Residential building with 60 Dwelling units availing Premium FSI with TOD Benefit at TNHB Maruthi Flats, Block No.M54 (1 to 12), Block No.M55 (1 to 12), Block M56 (1 to 12) Station Road (Station to North Township School) TNHB, Korattur, Chennai 600 080 comprised in Old S.No.1020/1Apt, T.S.No.201, Block No.43, Ward E, of Korattur Village within the limits of Greater Chennai Corporation",Non-High Rise Building (NHRB),Residential,1929.86,60,Not Yet Started,30/07/2028,13.111294,80.182708,34,9,4,30469217,236330783,-,266800000,0.00,5375.85,-,[18.3],"[{'block': None, 'base_level': 'Stilt', 'floor_segments': ['5 Floors'], 'total_floors_above_base': 5}]",['Chennai'],
V:\Project\Project_Stick\data_source\raw\TNRERA\2026\TNRERA_29_BLG_0086_2026.pdf,L&T REALTY AVINYA ENCLAVE https://rera.tn.gov.in/public-view2/building/pfirm/818e3040-e4c0-11f0-9842-67d7101748c7,"Group Development Consisting of 6 Residential cum Commercial Towers with Combined & Extended Double Basement Floor and 3rd Basement Floor part (for Pump room) over & above in Tower – 1: Ground Floor +1st floor + Service floor+2nd to 15th Floor with 56 dwelling units and Shops, Health care, Super Market, Day care units @ G.Floor Floor & 1st Floor level, Tower – 2 & 3 (Combined): Ground Floor + 16 Floors with 156 dwelling units and Party Hall, Indoor Games, Mini Theatre, Association room, Yoga room & Health Club @ G.Floor, 1st Floor & 2nd Floor level, Tower – 4: Ground Floor + 16 Floors with 263 dwelling units, Tower – 5: Ground Floor + 16 Floors with 229 dwelling units with swimming pool at Ground Floor and Tower – 6: Ground Floor + 16 Floors with 98 dwelling units, Totally 802 dwelling units in Mount-Poonamallee Road,",High Rise Building (HRB),Mixed Development 1/11,28084.95,802,Under Construction,30/09/2029,13.0241644,80.1795411,1154,78,78,1240000000,8340000000,-,9580000000,0.00,120208.90,2491.74,[],"[{'block': None, 'base_level': 'Ground', 'floor_segments': ['1st floor', '15th Floor', '1st Floor', '16 Floors', '1st Floor', '2nd Floor', '16 Floors', '16 Floors', '16 Floors'], 'total_floors_above_base': 69}]",['Chennai'],
V:\Project\Project_Stick\data_source\raw\TNRERA\2026\TNRERA_29_BLG_0087_2026.pdf,ARIHANT VAAYU,"construction of Stilt floor (Two level Puzzle Parking) + 4 floors (18.30m height) IT/ITES use Building at Plot No.164, Industrial Estate Perungudi, Chennai, Comprised in S.No.129/1A1B & 129/1B of Pallavakkam Village within the limit of Greater Chennai Corporation.",Non-High Rise Building (NHRB),Commercial,2740,,Completed,,12.96235666666668,80.24878833333334,96,6,0,188755200,430600000,-,619355200,0.00,0.00,6678.00,[],"[{'block': None, 'base_level': 'Stilt', 'floor_segments': ['4 floors'], 'total_floors_above_base': 4}]",['Chennai'],Total_Dwelling_Units
V:\Project\Project_Stick\data_source\raw\TNRERA\2026\TNRERA_29_BLG_0090_2026.pdf,JAI SHANKESHWAR APARTMENT,Stilt Floor (parking) + 5 Floors Residential Building,Non-High Rise Building (NHRB),Residential,695.50,10,Under Construction,30/07/2027,13.084216,80.251463,14,3,2,124270000,67500000,-,191770000,0.00,1753.35,-,[],"[{'block': None, 'base_level': 'Stilt', 'floor_segments': ['5 Floors'], 'total_floors_above_base': 5}]",['Chennai'],
V:\Project\Project_Stick\data_source\raw\TNRERA\2026\TNRERA_29_BLG_0092_2026.pdf,GEETHAM APARTMENTS,Construction of Stilt Floor + 4 Floor + 5th Floor (part) Residential Building With 20 Dwelling Units Availing Premium FSI.,Non-High Rise Building (NHRB),Residential,613.15,20,Under Construction,31/12/2027,12.9335774,80.2387732,4,7,1,21780000,50000000,-,71780000,0.00,1543.69,-,[],"[{'block': None, 'base_level': 'Stilt', 'floor_segments': ['4 Floor', '5th Floor'], 'total_floors_above_base': 5}]",['Chennai'],
V:\Project\Project_Stick\data_source\raw\TNRERA\2026\TNRERA_29_BLG_0094_2026.pdf,ISHA RIVER FRONT,"New Survey No. 140/3C (Old Survey No. 140/3), situated at Wood Creek County 15th Cross Street, Nandambakkam Village, Alandur Taluk, Chennai District, Tamil Nadu State – 600 016",Non-High Rise Building (NHRB),Residential,3935.76,64,Under Construction,31/01/2031,13.013467649243191,80.1830555200305,67,7,7,279700000,313100000,-,592800000,0.00,8482.19,0.00,[],[],['Chennai'],
V:\Project\Project_Stick\data_source\raw\TNRERA\2026\TNRERA_29_BLG_0095_2026.pdf,ARCADIA,"Stilt Floor (Parking) + Five Floors (Height -18.30m) with 10 Dwelling units at Old Door No.21, New Door No.14, 12th Avenue/Gilchrist Avenue, Off Harington Road, Chetpet, Chennai 600031, Comprised in Old R.S.No.321/1 and 366/1 and New T.S.No.321/30, Block No.18, Egmore Village, Egmore Taluk, Chennai District within the limits of Greater Chennai Corporation.",Non-High Rise Building (NHRB),Residential,693.92,10,Under Construction,02/12/2029,13.070756,80.235495,16,4,2,120000000,87500000,-,207500000,0.00,1877.63,-,[18.3],"[{'block': None, 'base_level': 'Stilt', 'floor_segments': ['Five Floors'], 'total_floors_above_base': 5}]",['Chennai'],
V:\Project\Project_Stick\data_source\raw\TNRERA\2026\TNRERA_29_BLG_0096_2026.pdf,JANAV JUBLIANCE,STILT + 5 FLOORS,Non-High Rise Building (NHRB),Residential,659,15,Under Construction,10/12/2029,125753.2,801119.2,10,5,2,64842000,49302212,-,114144212,,,,[],"[{'block': None, 'base_level': 'Stilt', 'floor_segments': ['5 FLOORS'], 'total_floors_above_base': 5}]",['Chennai'],FSI_Other_Residential
V:\Project\Project_Stick\data_source\raw\TNRERA\2026\TNRERA_29_BLG_0097_2026.pdf,Arihant Vivriti,"Plot No.606, VOC Street, off Old Mahabalipuram Road, Kottivakkam, Chennai – 600041",Non-High Rise Building (NHRB),Residential,1069.12,12,Under Construction,31/12/2027,12.972692,80.251312,26,0,0,145000000,85427086,-,230427086,0.00,2096.40,-,[],[],['Chennai'],
V:\Project\Project_Stick\data_source\raw\TNRERA\2026\TNRERA_29_BLG_0098_2026.pdf,PARK CENTER,"construction of Stilt floor+ 4 floors Commercial Building(Office use) (Height- 18.20m) at Plot No.35, 36 & 37, New Door No. 19, 21 & 23, Old Door No.9, 10 & 11, Demonte Colony Street, Demonte Colony, Alwarpet, Chennai-600018 comprised in R.S.No.3676 pt, Block No.73, Mylapore village Within the Limits of Greater Chennai Corporation",Non-High Rise Building (NHRB),Commercial,1277.22,,Completed,,13.030605196823045,80.25230222791363,23,0,3,120983312,120000000,-,240983312,-,-,2535.87,[18.2],"[{'block': None, 'base_level': 'Stilt', 'floor_segments': ['4 floors'], 'total_floors_above_base': 4}]",['Chennai'],Total_Dwelling_Units
V:\Project\Project_Stick\data_source\raw\TNRERA\2026\TNRERA_29_BLG_0099_2026.pdf,PEARL EVITA,"PROPOSED CONSTRUCTION OF STILT FLOOR + 4 FLOORS + 5TH FLOOR (PART) (HEIGHT - 18.30M) RESIDENTIAL BUILDING WITH 46 DWELLING UNITS FOR AFFORDABLE HOUSING (ASSOCIATION ROOM & INDOOR GAMES AT 5TH FLOOR) AT ISHWARYAM GARDEN ROAD, VENGAIVASAL, CHENNAI COMPRISED IN OLD S.NOS.15/1 & 15/2 (DOCUMENT), NEW S.NO.15/1A & 15/2A1A (PATTA) OF VENGAIVASAL VILLAGE WITHIN THE LIMITS OF ST.THOMAS MOUNT PANCHAYAT UNION.",Non-High Rise Building (NHRB),Residential,1915.00,46,Not Yet Started,31/12/2029,12.909127,80.185704,46,0,5,73577220,239180857,-,312758077,0.00,4976.83,-,[18.3],"[{'block': None, 'base_level': 'Stilt', 'floor_segments': ['4 FLOORS', '5TH FLOOR', '5TH FLOOR'], 'total_floors_above_base': 6}]",['Chennai'],
V:\Project\Project_Stick\data_source\raw\TNRERA\2026\TNRERA_29_BLG_0101_2026.pdf,KG GOLD COAST,"Residential Project at Ennore Express way,Thiruvottiyur",High Rise Building (HRB),Residential,3412.00,81,Not Yet Started,12/02/2034,13.165269,80.306820,37,23,6,138420000,345052000,-,483472000,0.00,8099.91,337.12,[],[],['Chennai'],
V:\Project\Project_Stick\data_source\raw\TNRERA\2026\TNRERA_29_BLG_0103_2026.pdf,RISHAB APARTMENTS,"Plot No.104, 110 Part, 111 Part, 112,",Non-High Rise Building (NHRB),Residential,530.72,10,Not Yet Started,31/12/2027,12.9194010,80.2265370,7,3,1,45432000,36387100,-,81819100,0.00,1060.80,0.00,[],[],['Chennai'],
V:\Project\Project_Stick\data_source\raw\TNRERA\2026\TNRERA_29_BLG_0104_2026.pdf,Construction of 304 HIG MSB at Arumbakkam,"Construction of 304 HIG MSB residential flats (2B+Stilt +19 Floors ) at S No. 2 Block No.4 of Arumbakkam village, Egmore, Aminjikarai Taluk, Chennai",Non-High Rise Building (NHRB),Residential,24750,304,Under Construction,31/12/2026,13.077374,80.205264,304,31,12,2861385000,3354131000,372343667,6587859667,0.00,45183.37,-,[],"[{'block': None, 'base_level': 'Stilt', 'floor_segments': ['19 Floors'], 'total_floors_above_base': 19}]",['Chennai'],
V:\Project\Project_Stick\data_source\raw\TNRERA\2026\TNRERA_29_BLG_0105_2026.pdf,ARUNA DELIGHT,"Proposed Construction of Stilt Floor (Parking) + 2 Floors + 3rd Floor part (12.60m Height) Residential building with 16 Dwelling units at Old Door No.152, New Door No.104, Mettu Street, Ayanavaram, Chennai 600023 comprised in Paimash No.980, T.S.No.84, Block No.28 of Ayanavaram Village within the limits of Greater Chennai Corporation.",Non-High Rise Building (NHRB),Residential,899.66,16,Under Construction,31/08/2027,13.095258,80.233084,11,0,1,120000000,60866302,-,180866302,0.00,1746.54,0.00,[],"[{'block': None, 'base_level': 'Stilt', 'floor_segments': ['2 Floors', '3rd Floor'], 'total_floors_above_base': 3}]",['Chennai'],
V:\Project\Project_Stick\data_source\raw\TNRERA\2026\TNRERA_29_BLG_0108_2026.pdf,WESTIN ENCLAVE,"Plot No.26, 27 & 28, Sriram Nagar Main Road, S.No. 206/9A & 9B of Nolambur Village, Maduravoyal Taluk, Chennai District. Zone - 11, Division - 143.",Non-High Rise Building (NHRB),Residential,585.29,15,Not Yet Started,17/11/2030,13.074034,80.167674,12,2,1,113400000,141416800,-,254816800,0.00,1555.25,-,[],[],['Chennai'],
V:\Project\Project_Stick\data_source\raw\TNRERA\2026\TNRERA_29_BLG_0110_2026.pdf,176@DEFENCE COLONY,"Stilt + 5 Floors Residential Building with 9 Dwelling units Availing Premium FSI at Plot No. 176, Defence Officers Colony, 13th Cross Street, Ekkatuthangal, Chennai - 600032, Comprised in Old S.No.163/1, New S.No.163/1D of Nandambakkam Village, Alandur Taluk, Chennai District, Within the Limits of Greater Chennai Corporation",Non-High Rise Building (NHRB),Residential,550,9,Under Construction,30/03/2028,13.025706,80.2201856,7,4,1,45000000,65000000,-,110000000,0.00,1330.18,0.00,[],"[{'block': None, 'base_level': 'Stilt', 'floor_segments': ['5 Floors'], 'total_floors_above_base': 5}]",['Chennai'],
V:\Project\Project_Stick\data_source\raw\TNRERA\2026\TNRERA_29_BLG_0111_2026.pdf,SUBIKSHA RADHA,"STILT+ 5FLOORS RESIDENTIAL BUILDING, WITH 15 DWELLING UNITS.",Non-High Rise Building (NHRB),Residential,510.08,15,Under Construction,30/12/2030,13.054220,80.229760,10,3,1,35300000,35000000,-,70300000,0.00,1510.29,-,[],"[{'block': None, 'base_level': 'Stilt', 'floor_segments': ['5FLOORS'], 'total_floors_above_base': 5}]",['Chennai'],
V:\Project\Project_Stick\data_source\raw\TNRERA\2026\TNRERA_29_BLG_0113_2026.pdf,TEJAS,"Proposed construction of High-Rise Building Consists of Stilt Floor(part) & Ground Floor (part) + 10 Floors Residential Building (36.00m Height) with 10 Dwelling Units Availing Premium FSI at Plot No. 24, Old Door No. 92, New Door No. 16, Poes Gardens, Chennai- 600086, Comprised in R.S. No. 1567/30, Block No. 31 of Mylapore Village, Mylapore Taluk within the Limits of Greater Chennai Corporation applied by M/s Vishranthi Homes Pvt Ltd represented by its authorized signatory CR Devendra GPA for Yohan Basu Vetteh and 9 others",High Rise Building (HRB),Residential,1377.80,10,Under Construction,31/12/2030,13.043501,80.253219,7,24,2,0,294176000,-,294176000,3670.82,0.00,-,[],"[{'block': None, 'base_level': 'Ground', 'floor_segments': ['10 Floors'], 'total_floors_above_base': 10}]",['Chennai'],
V:\Project\Project_Stick\data_source\raw\TNRERA\2026\TNRERA_29_BLG_0117_2026.pdf,KURINJI,"Stilt Floor + 3 Floors residential building with 12 dwelling units availing Premium FSI with TOD Benefit Plot No.42 & 50 Part, New Door No.36, Old Door No.24, Masilamani Road, Balaji Nagar, Royapettah, Chennai - 600014, Comprised in R.S.No.623/6, Block No.10 & 629/10, Block No.11 of Mylapore Village",Non-High Rise Building (NHRB),Residential,656.50,12,Under Construction,31/12/2027,13.049466,80.265885,12,1,1,120000000,46000000,-,166000000,0.00,1346.94,0.00,[],"[{'block': None, 'base_level': 'Stilt', 'floor_segments': ['3 Floors'], 'total_floors_above_base': 3}]",['Chennai'],
V:\Project\Project_Stick\data_source\raw\TNRERA\2026\TNRERA_29_BLG_0122_2026.pdf,THARAYIL,"The proposed construction of Stilt floor + 4 floors (Height – 16.0m) Residential with 12 Dwelling units Availing Premium FSI at Plot No.31, Vanchinathan Street, Balaiah Garden, Madipakkam, Chennai 600091 comprised in Old S.No.220/1 & 220/28, New S.No.220/139 of Madipakkam Village within the limits of Greater Chennai Corporation.",Non-High Rise Building (NHRB),Residential,539.48,12,Under Construction,29/12/2033,12.966981,80.197907,6,8,2,164374353,50000000,-,214374353,0.00,1221.66,-,[16.0],"[{'block': None, 'base_level': 'Stilt', 'floor_segments': ['4 floors'], 'total_floors_above_base': 4}]",['Chennai'],
V:\Project\Project_Stick\data_source\raw\TNRERA\2026\TNRERA_29_BLG_0123_2026.pdf,Kaadosh Cullinan,"The Proposed construction of stilt floor + 4 Floors + 5th Floor(Part) (Height - 18.3m) Residential Building with 66 Dwelling units ( Indoor Games, Association Room & Swimming pool at 5th Floor) Availing premium FSI with TOD Benefit at Pazhandi Amman Koil Street , Adambakkam, Chennai – 600 088 Comprised in Old S.No.113/7, T.S.No.6/2 & 8/2, Block No.11, Ward – G of Adambakkam Village within the limits of Greater Chennai Corporation.",Non-High Rise Building (NHRB),Residential,3025.5,66,Not Yet Started,31/03/2029,12.995272098848345,80.20135680334995,50,17,7,35,43.40,-,78.4,0.00,7840.62,0.00,[18.3],"[{'block': None, 'base_level': 'Stilt', 'floor_segments': ['4 Floors', '5th Floor', '5th Floor'], 'total_floors_above_base': 6}]",['Chennai'],
V:\Project\Project_Stick\data_source\raw\TNRERA\2026\TNRERA_29_BLG_0129_2026.pdf,RAJSHRI,construction of Stilt Floor + 4 Floors + 5th Floor Part,Non-High Rise Building (NHRB),Residential,653,10,Under Construction,31/08/2027,13.058265,80.245658,14,3,2,120000000,40000000,-,160000000,0.00,1679.73,-,[],"[{'block': None, 'base_level': 'Stilt', 'floor_segments': ['4 Floors', '5th Floor'], 'total_floors_above_base': 5}]",['Chennai'],
V:\Project\Project_Stick\data_source\raw\TNRERA\2026\TNRERA_29_BLG_0133_2026.pdf,NEST BEYONCE,NEST BEYONCE,Non-High Rise Building (NHRB),Residential,4789.41,118,Not Yet Started,30/09/2028,12.871115,80.200224,65,53,8,112984380,760069360,-,873053740,0.00,13298.13,-,[],[],['Chennai'],
V:\Project\Project_Stick\data_source\raw\TNRERA\2026\TNRERA_29_BLG_0135_2026.pdf,SHREYAS BY SANNAREDDY HOMES,"Plot Nos.10 & 11, New Door Nos.45 & 47, Old Door Nos.25 & 26, Rukmani Road, Kalakshetra Colony, Besant Nagar, Chennai – 600 090, comprised in Old Survey Nos.161/2 and 161/3 (part), Town Survey No.21, Block No.51, Ward-1 of Thiruvanmiyur Village, Velachery Taluk, Chennai District and within the limit of Greater Chennai Corporation.",Non-High Rise Building (NHRB),Residential,771.46,14,Under Construction,14/10/2033,12.994473,80.266950,8,7,2,105128640,60785319,-,165913959,0.00,1572.28,-,[],[],['Chennai'],
V:\Project\Project_Stick\data_source\raw\TNRERA\2026\TNRERA_29_BLG_0137_2026.pdf,SHIRINIVOS APARTMENTS,"Building at New Door No.19, Old Door No.37, Cenotaph Road 1st Lane, Teynampet, Chennai 600018, comprised in Old R.S.No.3847/12, 3847/16, 3447/17, 3847/18 & 3847/21 (Document), New R.S.No.3847/59 (Patta), Block No.76 of Mylapore Village within the limit of Greater Chennai Corporation",Non-High Rise Building (NHRB),Residential,541,10,Not Yet Started,31/03/2027,14.646688,23.794694,4,6,1,145500000,88490772,-,233990772,0.00,1404.64,-,[],[],['Chennai'],
V:\Project\Project_Stick\data_source\raw\TNRERA\2026\TNRERA_29_BLG_0139_2026.pdf,-,"At Plot No.663, Old Door No.103, New Door No.85 D-Block, 2nd Avenue & 1st Avenue Road, Anna Nagar East, Chennai- 102. In Old S.No.2/1b(Pt),71/1(Pt), T.S.No.3 Block No.6 Of Periyakuidal Village Within The Limits Of Greater Chennai Corporation.",Non-High Rise Building (NHRB),Commercial,639.82,2,Completed,,130506.8,801327.8,14,1,0,104000000,10000000,-,114000000,0.00,0.00,1195.81,[],[],['Chennai'],
V:\Project\Project_Stick\data_source\raw\TNRERA\2026\TNRERA_29_BLG_0141_2026.pdf,SRI RAMACHANDRA,PROPOSED PROJECT CONSTRUCTION OF STILT FLOOR + 4 FLOORS + 5TH FLOOR PART RESIDENTIAL BUILDING WITH 9 DWELLING UNITS,Non-High Rise Building (NHRB),Residential,796.00,9,Under Construction,31/12/2030,13.034641,80.214786,9,12,2,18749000,95552000,-,114301000,0.00,2164.52,-,[],"[{'block': None, 'base_level': 'Stilt', 'floor_segments': ['4 FLOORS', '5TH FLOOR'], 'total_floors_above_base': 5}]",['Chennai'],
V:\Project\Project_Stick\data_source\raw\TNRERA\2026\TNRERA_29_BLG_0142_2026.pdf,KCEE VARUNI,"Plot no - 34, Old Door No.4, New No.7, Padmavathy Road, Jeypore Nagar, Gopalapuram, Comprised In R.S.No. 67, 67/2, 69, 69/3 & 82 (Document) R.S.No. 67/64 (Patta), Block No.4 of Mylapore Village within the limits of Greater Chennai Corporation.",Non-High Rise Building (NHRB),Residential,668.90,10,Under Construction,31/12/2029,13.053813,80.256387,15,0,2,110880000,89146500,-,200026500,0.00,1855.73,-,[],[],['Chennai'],
V:\Project\Project_Stick\data_source\raw\TNRERA\2026\TNRERA_29_BLG_0148_2026.pdf,SANBEES HOTEL PVT LTD,"AIR CONDITIONED CINEMA THEATRE, EAST COAST ROAD, INJAMBAKKAM, CHENNAI – 600 115. Survey No. 165/176A1, 165/176A2, 165/176A3, 165/176A4, 165/176A5, 165/176A6, 165/176A7, 165/176A8, Injambakkam Village, Sholinganallur Taluk, Greater Chennai Corporation.",Non-High Rise Building (NHRB),Commercial,12140.47,,Completed,,12.931980,80.252118,100,99,123,817700000.00,172300000.00,-,990000000,0.00,0.00,7621.54,[],[],['Chennai'],Total_Dwelling_Units
V:\Project\Project_Stick\data_source\raw\TNRERA\2026\TNRERA_29_BLG_0149_2026.pdf,NEST UNIQUE,NEST UNIQUE,Non-High Rise Building (NHRB),Residential,3104,79,Not Yet Started,30/09/2028,12.866788,80.199649,14,60,2,43356782,541078203,-,584434985,0.00,8690.94,-,[],[],['Chennai'],
V:\Project\Project_Stick\data_source\raw\TNRERA\2026\TNRERA_29_BLG_0154_2026.pdf,-,"Stilt floor (Mechanized Pit Puzzle Parking) + 3 Floors Commercial (Retail/Showroom) Building (14.00m Height) availing Premium FSI with TOD Benefits at Plot No. 4951, Old Door No. AC-64/1, New Door No. 254/1, AC Block 4th Avenue and 5th Avenue, Anna Nagar, Chennai – 600040, Comprised in Old S.No. 69 part, 73 part & 74 part, T.S.No. 158, Block No. 1B of Naduvakkarai Village within the limits of Greater Chennai Corporation- Tamil Nadu",Non-High Rise Building (NHRB),Commercial,529.54,,Completed,,13.082761804999919,80.21034671685649,15,1,0,82650000,58087388,-,140737388,0.00,0.00,1060.40,[],"[{'block': None, 'base_level': 'Stilt', 'floor_segments': ['3 Floors'], 'total_floors_above_base': 3}]",['Chennai'],Total_Dwelling_Units
V:\Project\Project_Stick\data_source\raw\TNRERA\2026\TNRERA_29_BLG_0159_2026.pdf,BRINDAVAN,Stilt floor + 5 floors,Non-High Rise Building (NHRB),Residential,1011.50,16,Under Construction,31/08/2027,13.003684,80.255506,25,1,2,250000000,120000000,-,370000000,0.00,2822.78,-,[],"[{'block': None, 'base_level': 'Stilt', 'floor_segments': ['5 floors'], 'total_floors_above_base': 5}]",['Chennai'],
V:\Project\Project_Stick\data_source\raw\TNRERA\2026\TNRERA_29_BLG_0161_2026.pdf,Sreshta Maudgalya,Stilt + 4 Floors + 5th Floor Part,High Rise Building (HRB),Residential,993.76,18,Not Yet Started,31/03/2030,130052,130050,13,12,0,225480170,146792900,-,372273070,0.00,2772.52,-,[],"[{'block': None, 'base_level': 'Stilt', 'floor_segments': ['4 Floors', '5th Floor'], 'total_floors_above_base': 5}]",['Chennai'],
V:\Project\Project_Stick\data_source\raw\TNRERA\2026\TNRERA_29_BLG_0165_2026.pdf,SHIVALAYA,"Stilt floor (Parking) + 5 floors Residential Building with 10 dwelling units (Height -18.25m) availing Premium FSI with TOD benefit at Door no.38, Plot no 73, T.M.Sundarajan Road/ West Circular Road, Mandavelipakkam, Chennai 600028 comprised in Old R.S. No.4434, New R.S.No. 4311/84 (Patta), Block no 97 of Mylapore village within the limits of Greater Chennai Corporation.",Non-High Rise Building (NHRB),Residential,529.50,10,Not Yet Started,30/06/2027,13.06,80.11,11,0,1,100000000,120000000,-,220000000,0.00,1422.24,-,[18.25],"[{'block': None, 'base_level': 'Stilt', 'floor_segments': ['5 floors'], 'total_floors_above_base': 5}]",['Chennai'],
V:\Project\Project_Stick\data_source\raw\TNRERA\2026\TNRERA_29_BLG_0169_2026.pdf,HARMONY MAHALAKSHMI,"Proposed Construction of Stilt floor + 4 floors + 5th floor part (Height – 18.30m) Residential with 15 Dwelling units Availing Premium FSI at Plot No.5 & 6, Beach Road, Lakshmipuram, Mahalakshmi Avenue, Thiruvanmiyur , Chennai-41 comprised in Old S.No.162/10pt and T.S.No.8/1 & 8/2, Block No.49, Ward 1 of Thiruvanmiyur Village within the limits of Greater Chennai Corporation.",Non-High Rise Building (NHRB),Residential,610,15,Not Yet Started,31/12/2030,12.993648,80.262047,13,4,2,35000000,163434000,-,198434000,0.00,1706.09,-,[18.3],"[{'block': None, 'base_level': 'Stilt', 'floor_segments': ['4 floors', '5th floor'], 'total_floors_above_base': 5}]",['Chennai'],
V:\Project\Project_Stick\data_source\raw\TNRERA\2026\TNRERA_29_BLG_0171_2026.pdf,BLUEMOON SEA BREEZE,"Stilt Floor + 5 Floors Residential Building (Height-18.25m) with 35 Dwelling Units availing premium FSI at Door No. H54, South Avenue Road, Kamaraj Nagar, Thiruvanmiyur, Chennai comprised in Old S.No.78/4,5,16pt and T.S.No.71, Block No.40, of Thiruvanmiyur Village, Vealchery Taluk within the Limits of Greater Chennai Corporation",Non-High Rise Building (NHRB),Residential,1326.10,35,Under Construction,31/03/2028,12.981759,80.257256,28,0,0,82994023,240922100,-,323916123,,,,[18.25],"[{'block': None, 'base_level': 'Stilt', 'floor_segments': ['5 Floors'], 'total_floors_above_base': 5}]",['Chennai'],FSI_Other_Residential
V:\Project\Project_Stick\data_source\raw\TNRERA\2026\TNRERA_29_BLG_0172_2026.pdf,AANIRUDH JAGATHGURU,Stilt floor (Parking) + 5 Floors Residential Building with 15 Dwelling Units,Non-High Rise Building (NHRB),Residential,503,15,Under Construction,03/05/2032,12.982313,80.187037,9,4,1,75000000,75100000,-,150100000,0.00,1284.21,-,[],"[{'block': None, 'base_level': 'Stilt', 'floor_segments': ['5 Floors'], 'total_floors_above_base': 5}]",['Chennai'],
V:\Project\Project_Stick\data_source\raw\TNRERA\2026\TNRERA_29_BLG_0174_2026.pdf,Sivarams Homes Preetha Foundation's Bethel,"The Proposed Construction of Stilt Floor + 5 Floors Residential Building with 15 Dwelling Units At No 16 & 18, AGS Colony 2nd Main Road, Velachery, Chennai - 600042 Comprised in old S.No.609/1 (As per Document), New S.No.44, Block No .151",Non-High Rise Building (NHRB),Residential,528.11,15,Under Construction,01/08/2030,12.97877168744343,80.2095033783,10,1,1,22740718,60827522,-,83568240,0.00,1685.25,-,[],"[{'block': None, 'base_level': 'Stilt', 'floor_segments': ['5 Floors'], 'total_floors_above_base': 5}]",['Chennai'],
V:\Project\Project_Stick\data_source\raw\TNRERA\2026\TNRERA_29_BLG_0178_2026.pdf,Arihant Ventura,"Commercial project at Plot No.29 (NP), TANSIDCO Industrial Estate, Guindy, Chennai – 600 032",High Rise Building (HRB),Commercial,2347,,Under Construction,31/03/2027,13.025206,80.208293,75,27,0,348800000,450500000,-,799300000,0.00,0.00,6482.22,[],[],['Chennai'],Total_Dwelling_Units
V:\Project\Project_Stick\data_source\raw\TNRERA\2026\TNRERA_29_BLG_0181_2026.pdf,RAMS APOLLO,"CONSTRUCTION OF STILT FLOOR + 2 FLOORS + 3RD FLOOR PART (HEIGHT 12.30M) RESIDENTIAL BUILDING WITH 14 DWELLING UNITS AT OLD DOOR NO.119, NEW DOOR NO. 53, PERIYAR PATHAI, CHOOLAIMEDU, CHENNAI-600094, COMPRISED IN T.S. NO.78, BLOCK NO. 1 OF PULIYUR VILLAGE, EGMORE TALUK WITHIN THE LIMITS OF GREATER CHENNAI CORPORATION- CHENNAI DISTRICT State TAMILNADU",Non-High Rise Building (NHRB),Residential,643.50,14,Under Construction,31/12/2029,13.05858,80.21407,11,0,1,86580000,52500000,-,139080000,0.00,1271.99,-,[12.3],"[{'block': None, 'base_level': 'Stilt', 'floor_segments': ['2 FLOORS', '3RD FLOOR'], 'total_floors_above_base': 3}]",['Chennai'],
V:\Project\Project_Stick\data_source\raw\TNRERA\2026\TNRERA_29_BLG_0182_2026.pdf,Appavoo Nagar & Subbupillaithottam Phase-I,"construction of High Rise Group Development building with 20.95m height consisting of 4 Blocks, Block 1:Stilt floor + 6 floors with 120 dweliing units; Block 2: Stilt floor + 6 floors with 120 dwelling units; Block 3:Stilt floor + 6 floors with 114 dwelling units Block 4:Stilt floor + 6 floors with 72 dwelling units (Totally 426 dwelling units) Residential Building at Appavoo Nagar & Subbupillaithottam Phase-I, Mambalam, Chennai in Old Survey No.3/1pt, T.S.No.3/3, Block No.29 of Mambalam Village within the limit of Greater Chennai Corporatien",High Rise Building (HRB),Residential,9179.19,426,Under Construction,23/02/2031,40.7600000,73.9840000,0,0,0,0,880500000,-,880500000,0.00,0.00,-,[],"[{'block': 'Block 1', 'base_level': 'Stilt', 'floor_segments': ['6 floors'], 'total_floors_above_base': 6}, {'block': 'Block 2', 'base_level': 'Stilt', 'floor_segments': ['6 floors'], 'total_floors_above_base': 6}, {'block': 'Block 3', 'base_level': 'Stilt', 'floor_segments': ['6 floors'], 'total_floors_above_base': 6}, {'block': 'Block 4', 'base_level': 'Stilt', 'floor_segments': ['6 floors'], 'total_floors_above_base': 6}]",['Chennai'],
V:\Project\Project_Stick\data_source\raw\TNRERA\2026\TNRERA_29_BLG_0183_2026.pdf,CASAGRAND AQUAGROVE,"Proposed Construction of High Rise Group Development with Extended 2nd Basement Floor For Block –1, Combined Extended 1st Basement Floor For Block – 1, 2 & 3, Block 1: Ground Floor + 26 Floors (188 Dwelling Units), Block 2: Ground Floor + 26 Floors (188 Dwelling Units), Block 3: Ground Floor + 28 Floors (168 Dwelling Units) with Club House at Ground Floor and Open Swimming Pool (Totally 544 Dwelling Units), Ambattur – Puzhal Main Road, Chennai Comprised in Survey Nos: 48/1A1B, 49/1A, 50/1A1, 50/1A2, 50/1B, 50/1C, 50/2A, 50/2B, 52/1A, 52/1B, 52/2A, 52/2B, 52/3A, 52/3B, 52/4B1, 52/4B2, 52/4B3 & 53/3A of Soorapattu Village, Madhavaram Taluk, Chennai District within the Limits of Greater Chennai Corporation",High Rise Building (HRB),Residential,26950.00,,Not Yet Started,12/06/2030,13.152897,80.193483,778,0,78,1310000000,4840000000,-,6150000000,0.00,85802.36,1523.15,[],"[{'block': 'Block –1, Combined Extended 1st Basement Floor For Block – 1, 2 & 3, Block 1', 'base_level': 'Ground', 'floor_segments': ['26 Floors'], 'total_floors_above_base': 26}, {'block': 'Block 2', 'base_level': 'Ground', 'floor_segments': ['26 Floors'], 'total_floors_above_base': 26}, {'block': 'Block 3', 'base_level': 'Ground', 'floor_segments': ['28 Floors'], 'total_floors_above_base': 28}]",['Chennai'],Total_Dwelling_Units
V:\Project\Project_Stick\data_source\raw\TNRERA\2026\TNRERA_29_BLG_0184_2026.pdf,CASAGRAND VIENNA https://rera.tn.gov.in/public-view2/building/pfirm/9885a6e0-4e00-11f1-a974-7b4bc5ad08a4,"Proposed Construction of High-Rise Group Development Residential Building Consist of 4 Blocks with Extended Cum Combined Double Basement Floors (Meant For Parking & Pump Room); Block-1 : Ground Floor (Part) / Stilt Floor (Part) + 1st Floor to 10th Floor + 11th Floor with 77 Dwelling Units with Swimming Pool at Terrace Floor Level; Block-2: Ground Floor + 1st Floor to 5th Floor with 9 Dwelling Units, Block-3: Ground Floor + 1 st Floor & 2nd Floor with 6 Dwelling Units, Block-4: Ground Floor + 1st Floor to 5th Floor with 6 Dwelling Units, Totally 98 Dwelling Units Abutting at Lattice Bridge High Road Comprised in New T.S.No: 2/183, 2/184, 2/185 & 2/186 (Old T.S.No: 2/5, 2/9, 2/159 & 2/160) (Old.S.Nos: 64 Part, 66/1 Part, 67/1 Part, 71/1 Part, 72 Part & 73 Part) in Block No.22 of Urur Village, Velachery",High Rise Building (HRB),Residential 1/10,7089.50,98,Not Yet Started,12/12/2029,13.001997,80.257046,147,9,16,1620000000,1520000000,-,3140000000,0.00,18761.27,828.17,[],"[{'block': None, 'base_level': 'Ground', 'floor_segments': ['1st Floor', '10th Floor', '11th Floor', 'Terrace Floor', '1st Floor', '5th Floor', '2nd Floor', '1st Floor', '5th Floor'], 'total_floors_above_base': 9}]",['Chennai'],
V:\Project\Project_Stick\data_source\raw\TNRERA\2026\TNRERA_29_BLG_0185_2026.pdf,KCEE KALPAVRIKSHA,"Proposed Construction of Stilt + 5 floors (Heigth 18.30m) Residential Building with 9 Dwelling Units availing Premium with tod benefit at Door No.3/F1 to 3/F6, G Block, 55th Street, Ashok Nagar, Chennai comprised in TS No.8/7, Block No.71 of Kodambakkam(part 2) Village, Mambalam Taluk within the limits of Greater Chennai Corporation.",Non-High Rise Building (NHRB),Residential,549.98,9,Under Construction,31/01/2030,13.032018,80.213017,12,1,1,39072000,55401350,-,94473350,0.00,1416.09,-,[],"[{'block': None, 'base_level': 'Stilt', 'floor_segments': ['5 floors'], 'total_floors_above_base': 5}]",['Chennai'],
V:\Project\Project_Stick\data_source\raw\TNRERA\2026\TNRERA_29_BLG_0186_2026.pdf,SAI PRESTIGE,"The proposed construction of Stilt floor + 5 floors (Height – 18.30m) Residential Building with 10 dwelling units at Plot No.439 & 440, 2nd Main Road, Kamakoti Nagar, Pallikaranani, Chennai 600100 comprised in S.No.645/12 & 645/22 of Pallikaranai Village within the limit of Greater Chennai Corporation",Non-High Rise Building (NHRB),Residential,595.96,10,Under Construction,31/12/2030,125623.7,801249.7,5,6,1,50000000,80000000,-,130000000,0.00,1593.98,-,[18.3],"[{'block': None, 'base_level': 'Stilt', 'floor_segments': ['5 floors'], 'total_floors_above_base': 5}]",['Chennai'],
V:\Project\Project_Stick\data_source\raw\TNRERA\2026\TNRERA_29_BLG_0188_2026.pdf,RAMANIYAM ANANTIYA,"High Rise Building (HRB) consisting of Stilt floor + 9 floors Residential building with 30 dwelling units (Height 30.00 M) at Plot No.161, Old Door No.49, New Door No.107, Gandhi Nagar First Main Road along with Durgabai Deshmukh Road, Adyar, Chennai-600 020 comprised in old S.No : 49 /1 part, R.S No.40 (as per document) and T.S.No.40 as per patta, Ward No.1of Urur village, Velachery Taluk, Within the limit of Greater Chennai Corporation.",High Rise Building (HRB),Residential,1247.96,30,Under Construction,31/12/2029,13.00860,80.25870,16,12,3,206868200,136690621,-,343558821,0.00,3890.09,-,[30.0],"[{'block': None, 'base_level': 'Stilt', 'floor_segments': ['9 floors'], 'total_floors_above_base': 9}]",['Chennai'],
V:\Project\Project_Stick\data_source\raw\TNRERA\2026\TNRERA_29_BLG_0190_2026.pdf,JMB ALAYA,"Stilt Floor (parking)+ 5 Floors (Height 18.30 m) Residential Building with 10 dwelling units Availing Premium FSI at Plot No.9B & 18B, New Door No.2, Old Door No.9, Sivasailam Street, T.Nagar, Chennai-600017 Comprised in Old T.S.No.8124/1 and New T.S.No.8124/3 & 8124/5 , Block No.107 of Theyagarayar Nagar Village within the limits of Greater Chennai Corporation",Non-High Rise Building (NHRB),Residential,522.76,10,Not Yet Started,31/03/2028,10.98597,50.986478,9,1,1,85000000,6500000,-,91500000,0.00,1355.88,-,[18.3],"[{'block': None, 'base_level': 'Stilt', 'floor_segments': ['5 Floors'], 'total_floors_above_base': 5}]",['Chennai'],
V:\Project\Project_Stick\data_source\raw\TNRERA\2026\TNRERA_29_BLG_0191_2026.pdf,SHRIRAM STELLAR,"OLD S.NO 152 PT & 153/3 PT AND NEW TS.NO-2/1, BLOCK NO.: 35, WARD NO.: 001, SITUATED AT KOYEMBEDU VILLAGE, AMINJIKARAI TALUK, CHENNAI DISTRICT.",High Rise Building (HRB),Mixed Development,7892.02,135,Not Yet Started,11/05/2034,801130.3,130429.4,202,11,15,10280000,150000000,-,160280000,0.00,22749.67,2902.91,[],[],['Chennai'],
V:\Project\Project_Stick\data_source\raw\TNRERA\2026\TNRERA_29_BLG_0193_2026.pdf,HARMONY RAMPRASAD,"Stilt Floor + 5Floors Residential building (Height -18.30m) with 17 dwelling units Availing Premium FSI with TOD Benefits at Plot Nos. C 731 & C 732, New Door No.11,Old Door No.42 & 43, 12th Avenue, Ashok Nagar, Chennai - 600 083 Comprised in T.S.Nos.14& 15, Old S.Nos.274/2 Part, Block No.75 of Kodambakkam Part - 2 Village within the limits of Greater Chennai Corporation",Non-High Rise Building (NHRB),Residential,720.92,17,Not Yet Started,31/12/2030,13.030778,80.209941,16,2,2,8400000,110966000,-,119366000,0.00,2015.00,-,[18.3],"[{'block': None, 'base_level': 'Stilt', 'floor_segments': ['5Floors'], 'total_floors_above_base': 5}]",['Chennai'],
V:\Project\Project_Stick\data_source\raw\TNRERA\2026\TNRERA_29_BLG_0194_2026.pdf,“Lancor Ananya”,"Residential Building situate at Old No.5, New No.15, Bakthavatchalam Salai (Warren Road), Mylapore, Chennai – 600 004, comprised in R S No. 3580/4 Part, New R S No. 3580/35, (as per patta), Block No. 71, Mylapore Village, Mylapore Taluk, Chennai District",High Rise Building (HRB),Residential,2697.00,48,Not Yet Started,31/12/2030,13.034500,80.260312,44,25,6,166317426,408072074,-,574389500,0.00,7527.58,0.00,[],[],['Chennai'],
V:\Project\Project_Stick\data_source\raw\TNRERA\2026\TNRERA_29_BLG_0196_2026.pdf,ASV CRN BUSINESS PARK,"CMDA - Enforcement Cell (South-II Division) Completion Certificate for the completed construction of Multistoried Building with Basement Floor + Stilt Floor + 8 Floors + 9th Floor (part) Office purpose at Door No.13, Mount- Poonamallee Road, Nandambakkam, Chennai - 600 069 bearing S.Nos.33/2C2B, 2C2C and 3C2 of Nandambakkam Village within the limits of Greater Chennai Corporation",High Rise Building (HRB),Commercial,4046,,completed,,13.017709,80.188217,77,7,9,346104000,241102080,-,587206080,0.00,0.00,10034.92,[],"[{'block': None, 'base_level': 'Basement', 'floor_segments': ['8 Floors', '9th Floor'], 'total_floors_above_base': 9}]",['Chennai'],Total_Dwelling_Units
V:\Project\Project_Stick\data_source\raw\TNRERA\2026\TNRERA_29_BLG_0197_2026.pdf,JKB GANAPATH,"Door No.71, 71/2, Ganapathy Street, West Mambalam, Chennai - 600033, Comprised in Old T.S.No.30/1, New T.S.No.30/5 & 30/9, Block No.48 of Puliyur Village",Non-High Rise Building (NHRB),Residential,935.00,24,Under Construction,31/12/2027,13.04314,80.22470,19,3,2,85000000,83000000,-,168000000,0.00,2430.37,0.00,[],[],['Chennai'],
V:\Project\Project_Stick\data_source\raw\TNRERA\2026\TNRERA_29_BLG_0202_2026.pdf,-,"Stilt Floor + 5 Floors Residential Building (Height- 18.30m) with 15 Dwelling Units availing premium FSI at Old Door No.3, New Door No.4, Lake Area 7th Cross street, Nungambakkam, Chennai comprised in Old R.S.No.578/2 and New R.S.No.811/2, Block No.34 of Nungambakkam village, Egmore Taluk within the limits of Greater Chennai Corporation",Non-High Rise Building (NHRB),Residential,891,15,Not Yet Started,31/03/2029,13.05,80.23,20,3,3,165000000,300000000,-,465000000,0.00,2418.09,-,[18.3],"[{'block': None, 'base_level': 'Stilt', 'floor_segments': ['5 Floors'], 'total_floors_above_base': 5}]",['Chennai'],
V:\Project\Project_Stick\data_source\raw\TNRERA\2026\TNRERA_29_BLG_0206_2026.pdf,PKS SAI BLISS,"STILT + 5 FLOORS at Plot Nos. 29A, 29B & 30, Subramanian Colony, Velachery, Chennai – 600 042, Comprised in S. No. 317/1C (Document), T.S. Nos. 37/1, 37/2, 37/3, 37/4, 38/1, 38/2, 38/3 & 38/4, Block No. – 188 (Patta) of Velachery Village within the limits of Greater Chennai Corporation, Zone – 13, Division - 177, Tamil Nadu State.",Non-High Rise Building (NHRB),Residential,772.95,19,Under Construction,30/06/2027,12.969004,80.219186,15,3,2,57435800,50775000,-,108210800,0.00,2008.35,-,[],"[{'block': None, 'base_level': 'Stilt', 'floor_segments': ['5 FLOORS'], 'total_floors_above_base': 5}]",['Chennai'],
V:\Project\Project_Stick\data_source\raw\TNRERA\2026\TNRERA_29_BLG_0208_2026.pdf,MADISON BY DAC,"New Door No. 58/11, Old Door No. 60/11, Rajam Apartments, Muthukrishnan Street & Narasimman Street, Collector’s Colony, Aminjikkarai, Chennai – 600 029, comprised in Old S.No. 17/1 & 17/2A Part and T.S. No:9/4, Block No. 4, of Vada Agaram village within the limits of Greater Chennai Corporation.",Non-High Rise Building (NHRB),Residential,857.02,20,Not Yet Started,30/06/2031,13.071408,80.221092,21,0,2,82500000,68629128,-,151129128,0.00,2133.26,-,[],[],['Chennai'],
V:\Project\Project_Stick\data_source\raw\TNRERA\2026\TNRERA_29_BLG_0210_2026.pdf,ROMAA'S DARREN,2BHK & 3BHK APARTMENT AT NOLAMBUR,Non-High Rise Building (NHRB),Residential,1200.00,35,Not Yet Started,30/12/2029,130428.5,801001.3,28,0,3,55000000,220000000,-,275000000,0.00,2979.15,-,[],[],['Chennai'],
V:\Project\Project_Stick\data_source\raw\TNRERA\2026\TNRERA_29_BLG_0211_2026.pdf,PRIYA ICON,Basement( Parking)+ Stlit+5 floors Residential building with dwelling 45 units,Non-High Rise Building (NHRB),Residential,2428.09,45,Under Construction,31/12/2032,13.018709,80.167624,78,10,5,110000000,330782025,-,440782025,0.00,6303.30,0.00,[],"[{'block': None, 'base_level': 'Basement', 'floor_segments': ['5 floors'], 'total_floors_above_base': 5}]",['Chennai'],
V:\Project\Project_Stick\data_source\raw\TNRERA\2026\TNRERA_29_BLG_0216_2026.pdf,Sri Ragavendra Enclave,"Planning Permission for the proposed Construction of Stilt Floor + 4 Floors + 5th Floor (Part) (Height 18.30m) Residential Building with 20 Dwelling Units (Affordable Housing) at plot Nos. 49, 50 & 51, Sakthi Avenue (CMDA Approved Layout Vide PPD/L.O No. 142/1993), Gerugambakkam, Chennai 600 128 Comprised in Old S.No. 109 (Part), as per Patta New S.No. 109/1C, 109/1D & 109/1E of Gerugambakkam Village, within the limits of Kundrathur Panchayat Union",Non-High Rise Building (NHRB),Residential,700,20,Under Construction,10/01/2034,13.015674687035371,80.13871182943895,14,6,1,80000000,90000000,-,170000000,0.00,1817.48,-,[18.3],"[{'block': None, 'base_level': 'Stilt', 'floor_segments': ['4 Floors', '5th Floor'], 'total_floors_above_base': 5}]",['Chennai'],
V:\Project\Project_Stick\data_source\raw\TNRERA\2026\TNRERA_29_BLG_0217_2026.pdf,ADITYARAM PALCE CITY ROYAL,"S.NOS.99-1A & OTHERS, SHOLINGANALLUR -II VILLAGE, TALUK- CHENNAI",Non-High Rise Building (NHRB),Residential,3344.81,9,Not Yet Started,13/03/2031,12.53291,80.14342,15,15,0,126454500,107389360,-,233843860,0.00,3344.81,0.00,[],[],['Chennai'],
V:\Project\Project_Stick\data_source\raw\TNRERA\2026\TNRERA_29_BLG_0219_2026.pdf,VENKATADRI,STILT+5 FLOORS,Non-High Rise Building (NHRB),Residential,657,10,Under Construction,20/01/2031,12.963444,80.194909,7,3,1,30000000,90000000,-,120000000,,,,[],"[{'block': None, 'base_level': 'Stilt', 'floor_segments': ['5 FLOORS'], 'total_floors_above_base': 5}]",['Chennai'],FSI_Other_Residential
V:\Project\Project_Stick\data_source\raw\TNRERA\2026\TNRERA_29_BLG_0222_2026.pdf,-,"Completed Construction work of Stilt + 5 Floors Office cum Residential Building with One Dwelling Unit comprised in DOOR NO. OLD NO. 12, NEW NO. 5, BLOCK NO.1, PLOT NO. 270-C, T.S.NO. 118/8, E-BLOCK, 1ST STREET, ANNA NAGAR EAST, PERIA KUDAL – Village, AMINJIKARAI – Taluk, CHENNAI – 600102, District CHENNAI, State TAMILNADU, within the limit of Greater Chennai Corporation Zone – VIII, Division-101 , Measuring......640.50 sq.mts (as per Patta) area being developed by M/s / Thiru / HEXEL REALTORS PRIVATE LIMITED .",Non-High Rise Building (NHRB),Commercial,640.50,,Completed,,13.08662,80.21965,9,1,1,70000000,80000000,-,150000000,0.00,117.98,1080.06,[],"[{'block': None, 'base_level': 'Stilt', 'floor_segments': ['5 Floors'], 'total_floors_above_base': 5}]",['Chennai'],Total_Dwelling_Units
V:\Project\Project_Stick\data_source\raw\TNRERA\2026\TNRERA_29_BLG_0224_2026.pdf,OHPL - OPERA ANANDAM,"Proposed construction of Stilt Floor + 4 Floors + 5th Floor part Residential Building (Height- 18.30m) with 15 Dwelling Units availing premium FSI with TOD benefit at Door No.54/224, Choolaimedu High Road, Choolaimedu, chennai comprised in T.S. No.138, Block No.20 of Puliyur Village, Egmore Taluk within the limits of Greater Chennai corporation",Non-High Rise Building (NHRB),Residential,549.50,15,Under Construction,31/12/2028,13.062163,80.230162,11,3,1,100000000,60000000,-,160000000,0.00,1356.74,-,[18.3],"[{'block': None, 'base_level': 'Stilt', 'floor_segments': ['4 Floors', '5th Floor'], 'total_floors_above_base': 5}]",['Chennai'],
V:\Project\Project_Stick\data_source\raw\TNRERA\2026\TNRERA_29_BLG_0225_2026.pdf,RAMANIYAM SABARI,"Proposed construction of Stilt Floor + 5 Floors (Height – 18.30 m) Residential building with 25 Dwelling units availing Premium FSI with TOD benefit at New Door No:12, Old Door No:52, (South Boag Road) Chevalier Sivaji Ganesan Salai, Thiyagaraya Nagar, Chennai – 600 017, Comprised in Old S.Nos.120/3 (Part) and 122/2 (Part) as per Document and T.S.No.6468 and T.S.No.6469 as per Patta, Block No.140, Thiyagaraya Nagar, Guindy Taluk, within the Limit of Greater Chennai Corporation",Non-High Rise Building (NHRB),Residential,1235.60,25,Under Construction,31/12/2030,13.03846,80.24308,25,0,3,190190000,215465154,-,405655154,0.00,3446.67,-,[18.3],"[{'block': None, 'base_level': 'Stilt', 'floor_segments': ['5 Floors'], 'total_floors_above_base': 5}]",['Chennai'],
V:\Project\Project_Stick\data_source\raw\TNRERA\2026\TNRERA_29_BLG_0226_2026.pdf,GREENWICH EPITOME,STILT +5 FLOORS,Non-High Rise Building (NHRB),Residential,871.00,25,Under Construction,31/12/2027,13.059552,80.214065,16,4,2,48000000,105000000,-,153000000,0.00,2260.01,-,[],"[{'block': None, 'base_level': 'Stilt', 'floor_segments': ['5 FLOORS'], 'total_floors_above_base': 5}]",['Chennai'],
V:\Project\Project_Stick\data_source\raw\TNRERA\2026\TNRERA_29_BLG_0228_2026.pdf,ANKUR AZALEA,"Non High Rise Residential Building with 18.30m height, consisting of Stilt Floor + 4 Floors + 5th Floor Part with Gym & Association Room in the 5th Floor – 18 Residential Units, at Regularised Plot No. 17, Chanakya Main Road, Annamalai Avenue, Nolambur, Chennai - 600 095, comprised in S. No. 109/1 & 109/2 (Document), S.No.109/1A2 & 109/7 (Patta) of Nolambur Village, Maduravoyal Taluk within the limits of Greater Chennai Corporation",Non-High Rise Building (NHRB),Residential,1193.81,18,Not Yet Started,31/03/2029,13.04221,80.10208,32,0,2,91236420,138000000,-,229236420,0.00,2964.79,103.00,[],"[{'block': None, 'base_level': 'Stilt', 'floor_segments': ['4 Floors', '5th Floor', '5th Floor'], 'total_floors_above_base': 6}]",['Chennai'],
V:\Project\Project_Stick\data_source\raw\TNRERA\2026\TNRERA_29_BLG_0229_2026.pdf,AVALON,"PROPOSED CONSTRUCTION OF NON HIGH RISE BUILDING (NHRB) CONSISTING OF STILT FLOOR (PARKING) + 5 FLOORS RESIDENTIAL BUILDING WITH 28 DWELLING UNITS AT AVAILING WITH AT DOOR NO:46, NELSON MANICKAM ROAD, AMINJIKARAI, CHENNAI-600029. COMPRISED IN OLD S.NO.9/5 Part 9/7 Part, AND T.S.NO. 4/4,10,11,12, BLOCK NO:7 OF VADA AGARAM VILLAGE, AMINJIKARAI TALUK WITHIN THE LIMITS OF GREATER CHENNAI CORPORATION, DIVISION-107 ZONE-VIII",Non-High Rise Building (NHRB),Residential,2137.50,28,Under Construction,30/11/2028,13.70603,80.223265,29,4,4,339507500,160492500,-,500000000,0.00,4258.25,-,[],[],['Chennai'],
V:\Project\Project_Stick\data_source\raw\TNRERA\2026\TNRERA_29_BLG_0230_2026.pdf,Ramya Enclave,Residential Building,Non-High Rise Building (NHRB),Residential,557.41,10,Completed,,13.0477727,80.2389767,7,4,1,145765000,50026000,-,195791000,0.00,1449.20,-,[],[],['Chennai'],
V:\Project\Project_Stick\data_source\raw\TNRERA\2026\TNRERA_29_BLG_0231_2026.pdf,SWATHI'S SHALOM,"Stilt Floor part with Pit Stack Parking / Ground Floor part + 5 Floors Residential cum Commercial Building(Office at GF part and 1st Floor part with Height - 18.30 m) with 10 Dwelling Units Availing Premium FSI with TOD Benefit at Old Door No.8 & Old Door No.1, New Door No.17 & New Door No.1, Sivaganga Road & Seetha Nagar 1st Street, Seetha Nagar, Nungamabakkam, Chennai comprised in Old S.No.340, R.S.No.532/3, Block no.29 of Nungamabakkam Village, Egmore Taluk within the limits of Greater Chennai Corporation Division –N110, Zone -09.",Non-High Rise Building (NHRB),Residential,668.90,10,Not Yet Started,31/12/2029,13.063231,80.241402,20,3,2,148800000,143600000,-,292400000,0.00,1847.00,118.00,[18.3],"[{'block': None, 'base_level': 'Ground', 'floor_segments': ['5 Floors', '1st Floor'], 'total_floors_above_base': 6}]",['Chennai'],
V:\Project\Project_Stick\data_source\raw\TNRERA\2026\TNRERA_29_BLG_0232_2026.pdf,STERLING SREE RAMACHANDRA,STILT PLUS THREE FLOOR 14 DWELING UNITS,Non-High Rise Building (NHRB),Residential,585.5,14,Under Construction,30/09/2027,1305741,80243873,9,0,1,55466400,42996000,-,98462400,0.00,1219.99,-,[],"[{'block': None, 'base_level': 'Stilt', 'floor_segments': ['THREE FLOOR'], 'total_floors_above_base': 3}]",['Chennai'],
V:\Project\Project_Stick\data_source\raw\TNRERA\2026\TNRERA_29_BLG_0233_2026.pdf,YARA AVANTE,"Plot No.131, New Door No.21, Old Door No.9, 3rd Main Road, Kasturba Nagar, Adayar, Chennai 600020, comprised in T.S.No.71/2 & 72, Block No.38 of Kottur Village and T.S.No.8/2 & 9, Block No.14 of Pallipattu Village within the limits of Greater Chennai Corporation",Non-High Rise Building (NHRB),Residential,726.50,10,Not Yet Started,30/06/2031,130018.2,801509.9,20,0,2,228900000,190000000,-,418900000,0.00,2018.90,-,[],[],['Chennai'],
V:\Project\Project_Stick\data_source\raw\TNRERA\2026\TNRERA_29_BLG_0240_2026.pdf,SHRAVAN,STILT + 8 FLOORS,High Rise Building (HRB),Residential,1641.00,16,Under Construction,30/12/2030,13.08028,80.239299,22,10,4,150000000,235600000,-,385600000,0.00,4173.20,-,[],"[{'block': None, 'base_level': 'Stilt', 'floor_segments': ['8 FLOORS'], 'total_floors_above_base': 8}]",['Chennai'],
V:\Project\Project_Stick\data_source\raw\TNRERA\2026\TNRERA_29_BLG_0241_2026.pdf,ADITYARAM PALACE CITY PARADISE,"No.50, East Coast Road, Adityaram Nagar, Panaiyur, Chennai",High Rise Building (HRB),Residential,14316.73,54,Not Yet Started,18/04/2028,125334.2,801435.2,0,102,0,1017132083,5325824,-,1022457907,0.00,14316.73,0.00,[],[],['Chennai'],
V:\Project\Project_Stick\data_source\raw\TNRERA\2026\TNRERA_29_BLG_0242_2026.pdf,AVELLON,"Stilt Floor + 1st Floor part to 5th Floor part Residential Building (Height- 18.30m with Gym, Indoor Games and Association room at 1st Floor level) with 58 Dwelling Units availing premium FSI at Chankayan Cross street & Chanakyan Main Road, Annamalai Avenue, Nolambur, Chennai comprised in S.No.123/1A2A (as per document) and S.No.123/1A2A2(as per patta) of Nolambur village, Maduravoyal Taluk within the limits of Greater Chennai corporation.",Non-High Rise Building (NHRB),Residential,2808.50,58,Not Yet Started,31/12/2030,13.073309,80.172099,65,4,0,214831800,232900250,-,447732050,0.00,7795.16,-,[18.3],"[{'block': None, 'base_level': 'Stilt', 'floor_segments': ['1st Floor', '5th Floor', '1st Floor'], 'total_floors_above_base': 3}]",['Chennai'],
V:\Project\Project_Stick\data_source\raw\TNRERA\2026\TNRERA_29_BLG_0247_2026.pdf,"""SRI KRISHNA CHARANAM""",STILT + 5 FLOORS,Non-High Rise Building (NHRB),Residential,907,14,Under Construction,09/06/2029,13.042843,80.240126,26,2,3,172550400,185176737,-,357727137,0.00,2538.01,-,[],"[{'block': None, 'base_level': 'Stilt', 'floor_segments': ['5 FLOORS'], 'total_floors_above_base': 5}]",['Chennai'],
V:\Project\Project_Stick\data_source\raw\TNRERA\2026\TNRERA_29_BLG_0249_2026.pdf,HARMONY,"OLD S. NO. 163/2, NEW S. NO. 163/2C, NANDAMBAKKAM VILLAGE, GREATER CHENNAI CORPORATION",Non-High Rise Building (NHRB),Residential,585.28,14,Not Yet Started,06/05/2031,13.024545,80.201133,13,4,2,23760000,37112500,-,60872500,0.00,1521.55,-,[],[],['Chennai'],
V:\Project\Project_Stick\data_source\raw\TNRERA\2026\TNRERA_29_BLG_0250_2026.pdf,MARUTHAM AVANA BLOCK - B,"SUB DIVIDED PLOT NO.B, ST. MARY'S STREET, ATHIPATTU, CHENNAI - 600 058, COMPRISED IN OLD SURVEY NO. 520/4, T.S.NO.25/2, BLOCK NO.4, WARD NO. G OF ATHIPATTU VILLAGE, AMBATTHUR TOWN, AMBATTHUR TALUK, CHENNAI DIST",Non-High Rise Building (NHRB),Residential,951.11,14,Under Construction,30/09/2028,13.094881,80.150567,20,0,2,50000000,92000000,-,142000000,0.00,1878.43,20.13,[],[],['Chennai'],
V:\Project\Project_Stick\data_source\raw\TNRERA\2026\TNRERA_29_BLG_0251_2026.pdf,VENCER ALTARA,Stilt Floor + 4 Floors + 5th Floor (part) Residential building (Height -18.30m),Non-High Rise Building (NHRB),Residential,1098,19,Under Construction,31/12/2028,13.03969,80.16515,29,3,2,100368000,110278000,-,210646000,2850.62,2850.62,-,[18.3],"[{'block': None, 'base_level': 'Stilt', 'floor_segments': ['4 Floors', '5th Floor'], 'total_floors_above_base': 5}]",['Chennai'],
V:\Project\Project_Stick\data_source\raw\TNRERA\2026\TNRERA_29_BLG_0255_2026.pdf,MARUTHAM AVANA BLOCK - A,"PLOT NOS. A & BUFFER AREA & NO DEVELOPEMENT AREA, ST MARY'S STREET, ATHIPATTU, CHENNAI - 600 058, COMPRISED IN OLD SURVEY NOS.520/4, T.S.NO.25/2, BLOCK NO.4, WARD NO.G, ATHIPATTU VILLAGE, AMBATTHUR TOWN, AMBATTHUR TALUK, CHENNAI DIST",Non-High Rise Building (NHRB),Residential,1333.25,15,Not Yet Started,30/09/2028,13.094918,80.150643,19,0,2,70000000,96000000,-,166000000,0.00,1983.10,-,[],[],['Chennai'],
V:\Project\Project_Stick\data_source\raw\TNRERA\2026\TNRERA_29_BLG_0259_2026.pdf,SARASWATI,STILT + 5 FLOORS COMMERCIAL CUM RESIDENTIAL BUILDING,Non-High Rise Building (NHRB),Mixed Development,740.00,18,Under Construction,31/12/2030,30.040692,80.196684,2,19,2,120000000,153000000,-,273000000,0.00,1749.60,168.74,[],"[{'block': None, 'base_level': 'Stilt', 'floor_segments': ['5 FLOORS'], 'total_floors_above_base': 5}]",['Chennai'],
V:\Project\Project_Stick\data_source\raw\TNRERA\2026\TNRERA_29_BLG_0261_2026.pdf,Olympia VBC Crown,Commercial Office Building Development,High Rise Building (HRB),Commercial,1748.50,,Under Construction,31/08/2026,13.045424602187293,80.24041181324488,40,17,0,565480526,238538058,-,804018584,0.00,0.00,5677.18,[],[],['Chennai'],Total_Dwelling_Units
V:\Project\Project_Stick\data_source\raw\TNRERA\2026\TNRERA_29_BLG_0263_2026.pdf,Rams Sakura,Stilt plus Five Residential Building,Non-High Rise Building (NHRB),Residential,527.67,10,Not Yet Started,30/06/2029,12.9773179,80.2593727,7,3,1,111000000,66000000,-,177000000,0.00,1338.61,-,[],"[{'block': None, 'base_level': 'Stilt', 'floor_segments': [], 'total_floors_above_base': 0}]",['Chennai'],
V:\Project\Project_Stick\data_source\raw\TNRERA\2026\TNRERA_29_BLG_0265_2026.pdf,Prestige Palm Court,"Prestige Palm Court comprises five residential towers, each with a Stilt + 22- floor configuration, along with a clubhouse.",High Rise Building (HRB),Residential,32295.70,910,Not Yet Started,30/12/2030,13.13447087376691,80.2347243123258,1249,49,119,1482598054,6626236800,-,8108834854,0.00,122492.41,3298.92,[],"[{'block': None, 'base_level': 'Stilt', 'floor_segments': ['22'], 'total_floors_above_base': 22}]",['Chennai'],
V:\Project\Project_Stick\data_source\raw\TNRERA\2026\TNRERA_29_BLG_0266_2026.pdf,"""ARTHA 30""","SURVEY NO: 296/10 and 296/2A1B of Kottivakkam Village, Sholinganallur Taluk, Greater Chennai Corporation.",Non-High Rise Building (NHRB),Commercial,660,,Under Construction,20/04/2031,125812.6,801536.1,24,2,3,65000000,130000000,-,195000000,0.00,0.00,1688.89,[],[],['Chennai'],Total_Dwelling_Units
V:\Project\Project_Stick\data_source\raw\TNRERA\2026\TNRERA_29_BLG_0268_2026.pdf,Navin's Krishna Cove,"The project name of “Navin's Krishna Cove” construction of Stilt Floor(Parking) + 5 Floors Residential building (Height- 18.30m) with 15 Dwelling Units availing Premium FSI with TOD benefit at Plot No.19, 20 & 21, Thiraviyam Nagar, Maduravoyal Taluk, Chennai – 600116.Comprised in R.S No.4/1 part (As per Document ) S.NO.4/54 (As per patta) of Porur village, within the limits of Greater Chennai Corporation.",Non-High Rise Building (NHRB),Residential,568.93,15,Not Yet Started,31/12/2028,13.03756,80.16610,5,10,12,25108246,57890000,-,82998246,0.00,1465.23,0.00,[18.3],"[{'block': None, 'base_level': 'Stilt', 'floor_segments': ['5 Floors'], 'total_floors_above_base': 5}]",['Chennai'],
V:\Project\Project_Stick\data_source\raw\TNRERA\2026\TNRERA_29_BLG_0270_2026.pdf,JASMINE,STILT+5 FLOORS,Non-High Rise Building (NHRB),Residential,668.9,10,Under Construction,31/12/2028,13.07,80.241,20,2,2,120000000,105000000,-,225000000,0.00,1863.86,-,[],"[{'block': None, 'base_level': 'Stilt', 'floor_segments': ['5 FLOORS'], 'total_floors_above_base': 5}]",['Chennai'],
V:\Project\Project_Stick\data_source\raw\TNRERA\2026\TNRERA_29_BLG_0275_2026.pdf,JAINS AADHYA BHARATH,"High Rise Building Consisting of Extended Basement Floor + Stilt floor + 11Floors Residential Building with 77 Dwelling units (Height 36.00m) availing Premium FSI at Abutting Central Avenue Road, Periyar Nagar, Korattur Chennai comprised in Old S.No. 1272part, 1276part, 1277part and as per Patta New T.S. No. 121, block No. 48 of Korattur Village (Ward-E), Ambattur Taluk within the limits of Greater Chennai Corporation",High Rise Building (HRB),Residential,2213,77,Under Construction,31/12/2029,13.108056327953669,80.1858215220879,55,21,0,327960000,338497000,-,666457000,0.00,8006.72,-,[36.0],"[{'block': None, 'base_level': 'Basement', 'floor_segments': ['11Floors'], 'total_floors_above_base': 11}]",['Chennai'],
V:\Project\Project_Stick\data_source\raw\TNRERA\2026\TNRERA_29_BLG_0276_2026.pdf,THE NEW TOWN,"Group Housing Development: Block A: Stilt Floor + 4 Floors +5th Floor (Part) (Height- 18.30m) Residential Building with 10 Dwelling Units, Block B: Stilt Floor + 4 Floors +5th Floor (Part) (Height- 18.30m) Residential Building with 18 Dwelling Units, Block C: Stilt Floor + 4 Floors +5th Floor (Part) Residential Building with Gym, Swimming pool and Indoor Games at 5th Floor (Height- 18.30m) with 72 Dwelling Units -Totally 100 Dwelling units Availing Premium FSI at Door No.71, ‘Karupanna Reddi Garden’, VGP Salai (Hospital Road), Saidapet, Chennai – 600 015 Comprised in T.S.No.9/2 & 10 (as per Document) and T.S.No.9/10 & 10 as per Patta), Block No.16 of Saidapet Village within the limits of Greater Chennai Corporation.",Non-High Rise Building (NHRB),Residential,7343.46,,Not Yet Started,15/07/2031,10.784,78.562,152,0,0,100000000,420000000,-,520000000,0.00,16050.23,0.00,"[18.3, 18.3, 18.3]","[{'block': 'Block A', 'base_level': 'Stilt', 'floor_segments': ['4 Floors', '5th Floor'], 'total_floors_above_base': 5}, {'block': 'Block B', 'base_level': 'Stilt', 'floor_segments': ['4 Floors', '5th Floor'], 'total_floors_above_base': 5}, {'block': 'Block C', 'base_level': 'Stilt', 'floor_segments': ['4 Floors', '5th Floor', '5th Floor'], 'total_floors_above_base': 6}]",['Chennai'],Total_Dwelling_Units
V:\Project\Project_Stick\data_source\raw\TNRERA\2026\TNRERA_29_BLG_0277_2026.pdf,SORNA CHANDRA HABITAT,"Stilt floor + 4 floors + Sth floor (Part) (18.30m height) Residential Building with 9 dwelling units Plot No.221-W, Door No.14, 4th Avenue and 3rd Main Road, Indira Nagar, Thiruvanmiyur, Chennai 600020 in T.S.No.60, Block No.20 of Thiruvanmiyur Village within the limit of Greater Chennai Corporation",Non-High Rise Building (NHRB),Residential,510,9,Under Construction,31/12/2027,12.993096,80.254613,9,1,1,63192500,144807500,-,208000000,0.00,1187.96,-,[],"[{'block': None, 'base_level': 'Stilt', 'floor_segments': ['4 floors'], 'total_floors_above_base': 4}]",['Chennai'],
V:\Project\Project_Stick\data_source\raw\TNRERA\2026\TNRERA_29_BLG_0280_2026.pdf,The Warren Heights,The project was constructed with stilt floor + 5 floors with 14 dwelling units and allotted car parking,Non-High Rise Building (NHRB),Residential,1487.83,14,Under Construction,15/03/2028,13.030771,80.260096,10,1,1,108467040,55467000,-,163934040,0.00,1487.83,-,[],"[{'block': None, 'base_level': 'Stilt', 'floor_segments': ['5 floors'], 'total_floors_above_base': 5}]",['Chennai'],
V:\Project\Project_Stick\data_source\raw\TNRERA\2026\TNRERA_29_BLG_0281_2026.pdf,- https://rera.tn.gov.in/public-view2/building/pfirm/11e223b0-6010-11f1-8ca2-03e940506bfa,"PLAN SHOWING THE PROPOSED CONSTRUCTION OF STILT FLOOR + 5 FLOORS RESIDENTIAL BUILDING ( 18.29m HEIGHT) WITH 15 DWELLING UNITS AVAILING PREMIUM FSI WITH TOD BENEFITS AT OLD DOOR NO:18, NEW DOOR NO:69, ( AS PER REVENUE RECORD NEW DOOR NO: 64),V.O.C NAGAR MAIN ROAD ( VOC NAGAR 2nd STREET )& 2nd LANE,ANNA NAGAR EAST, CHENNAI-600 102. COMPRISED IN OLD T.SNO: 46 &53, NEW T.S.NO: 53/15, BLOCK NO-12 OF AYANAVARAM VILLAGE , WITHIN THE LIMITS OF GREATER CHENNAI CORPORATION DIVISION : 101 ZONE:08",Non-High Rise Building (NHRB),Residential 1/9,524,15,Under Construction,30/04/2027,13.08792,80.22511,6,7,1,112000000,54000000,-,166000000,0.00,1396.84,0.00,[],[],['Chennai'],
V:\Project\Project_Stick\data_source\raw\TNRERA\2026\TNRERA_29_BLG_0282_2026.pdf,MALAINUR MATHANGI,"At Plot No: 146, Old Door No: 63/9 , New Door No: 19, Gajapathy Street, (Gajapathy Naidu Street) LakshmiPuram, Shenoy Nagar Aminjilkarai ,Chennai, Comprised in Old S.NO: 34/9, and T.S.No: 61, Block No:20, Ward -01 of Aminjikarai Village within the limits of Greater Chennai Corporation",Non-High Rise Building (NHRB),Residential,506.87,10,Under Construction,22/12/2028,13.076692618689307,80.22834658309206,5,5,1,30341025.00,45000000,-,75341025,0.00,1316.91,-,[],[],['Chennai'],
V:\Project\Project_Stick\data_source\raw\TNRERA\2026\TNRERA_29_BLG_0288_2026.pdf,LIVIN 6.6,"Residential Building at Plot No: 7A-1, 9, 20, 21, 22, Comprised in S.No: 955/2, 958/1, 958/2, 960, 961, 962, 963, T.S. No: 102/3, 102/5, Block No-23, Ward-B of Aringer Anna Street, Alex Nagar, Madhavaram Village, Madhavaram Taluk, Greater Chennai Corporation, Division: 25, Zone-03.",Non-High Rise Building (NHRB),Residential,885.77,9,Not Yet Started,14/07/2030,13.148549,80.235181,10,0,0,67000000,59000000,-,126000000,0.00,1585.85,-,[],[],['Chennai'],
V:\Project\Project_Stick\data_source\raw\TNRERA\2026\TNRERA_29_BL_G0027_2026.pdf,TULIVE ROSENDALE,"New Door No.42, Old Door No.50, PLOT NO 6, Beach Road, Kalakshetra Colony, Besant Nagar, Thiruvanmiyur, Chennai – 600 090",Non-High Rise Building (NHRB),Residential,893.71,10,Not Yet Started,31/12/2029,12.993427511937178,80.26425770210388,27,0,2,323284590,140585792,-,463870382,0.00,2493.45,-,[],[],['Chennai'],
V:\Project\Project_Stick\data_source\raw\TNRERA\2026\TNRERA_2_BLG_0068_2026.pdf,VIVENZA,"Plot Nos. 27 (part), 28 (part), 29 & 30, Swathi Nagar Main Road and Swathi Nagar Road, Swathi Nagar, Nadukuthagai, Chennai, comprised in Survey No. 32/1C of Nadukuthagai Village, Avadi Taluk (previously Poonamallee Taluk), within the limits of Poonamallee Panchayat Union STILT FLOOR + 5 FLOORS",Non-High Rise Building (NHRB),Residential,800,30,Not Yet Started,01/03/2028,13.134655,80.047043,11,4,1,39541500.00,56234200.00,-,95775700,0.00,2421.10,-,[],"[{'block': None, 'base_level': 'Stilt', 'floor_segments': ['5 FLOORS'], 'total_floors_above_base': 5}]",['Tiruvallur'],
V:\Project\Project_Stick\data_source\raw\TNRERA\2026\TNRERA_2_BLG_0119_2026.pdf,CASAGRAND VENTRA,"Proposed Construction High Rise Group Development Residential Building Consisting of 2 Blocks, Wherein Block No. 1: with Extended Basement Floor + Ground Floor Part / Stilt Floor Part + 20 Floors (256 Dwelling Units) with Club House Use in Ground Floor Part & 1st Floor Part (A.V Room, Kids Play Area, Change Room, Gym, Board Game, Video Games & Etc.,), Block No. 2: Stilt + 4 Floors (23 Dwelling Units) and Open Swimming Pool at Ground Level Totally 279 Dwelling Units), Gaining Access From Poonamallee By-Pass Road, Senneerkuppam, Chennai - 600 077. Comprised In Survey Nos: 72/1A, 73/4C1B And 77/2D of Senneerkuppam Village, Poonamallee Taluk, Thiruvallur District within The Limits of Poonamallee Panchayat Union",High Rise Building (HRB),Residential,14000.00,279,Not Yet Started,24/04/2030,13.054777,80.120988,203,93,30,990000000,2190000000,-,3180000000,0.00,44312.69,1176.16,[],"[{'block': 'Block No. 1', 'base_level': 'Ground', 'floor_segments': ['20 Floors', '1st Floor'], 'total_floors_above_base': 21}, {'block': 'Block No. 2', 'base_level': 'Ground', 'floor_segments': ['4 Floors'], 'total_floors_above_base': 4}]",['Tiruvallur'],
V:\Project\Project_Stick\data_source\raw\TNRERA\2026\TNRERA_2_BLG_0134_2026.pdf,CASAGRAND ZODIAC https://rera.tn.gov.in/public-view2/building/pfirm/5bd280e0-29f6-11f1-b9a1-dd62a370290d,"Proposed Construction of High Rise Residential Cum Commercial (Club House) Use Group Development Building Consisting of 3 Blocks, in Block-1 Combined Stilt Floor (Meant For Parking) + Combined 1st Floor (Meant For Parking) Over & Above with 3 Towers, wherein Tower – A & B: 2nd Floor to 14th Floor with 221 Dwelling Units in Each Tower (442 Dwelling Units), in Tower – C: 2nd Floor to 6th Floor with Amenities (Ie. Club House Use and Open Swimming Pool at 2nd Floor Level); Block-2: Stilt Floor (Meant For Parking) + 1st Floor to 14th Floor with 182 Dwelling Units; Block- 3: Stilt Floor (Meant For Parking) + 1st Floor to 14th Floor with 140 Dwelling Units; Totally 764 Dwelling Units Including Premium FSI. at Abutting Periya Koladi Road, Comprised in S.Nos. 42/1, 49/1, 51/1, 52/1A, 52/2, 53/2 of Koladi Village, Poonamallee Taluk,",High Rise Building (HRB),Residential 1/10,35795.00,764,Not Yet Started,27/04/2029,13.08561,80.13389,756,81,84,890000000,5390000000,-,6280000000,0.00,95651.35,2381.69,[],"[{'block': None, 'base_level': 'Stilt', 'floor_segments': ['1st Floor', '2nd Floor', '14th Floor', '2nd Floor', '6th Floor', '2nd Floor', '1st Floor', '14th Floor', '1st Floor', '14th Floor'], 'total_floors_above_base': 10}]",['Tiruvallur'],
V:\Project\Project_Stick\data_source\raw\TNRERA\2026\TNRERA_2_BLG_0160_2026.pdf,-,"S.Nos.3/1, 4/1 & 2 of Kakapallam Village, T.S. Nos.44/2, 44/3, 45/1 & 46/2, Block No. 81, Ward -E of Ambathur Town, Ambathur Taluk, Thiruvallur District.",High Rise Building (HRB),Commercial,22572,,Under Construction,31/03/2026,130604.9,801118.8,127,558,0,500000000,1000000000,-,1500000000,0.00,0.00,52491.00,[],[],['Tiruvallur'],Total_Dwelling_Units
V:\Project\Project_Stick\data_source\raw\TNRERA\2026\TNRERA_2_BLG_0212_2026.pdf,ASHVAR GALAXY,STILT PLUS FOUR FLOORS,Non-High Rise Building (NHRB),Residential,1189.15,32,Under Construction,29/02/2028,13.122093,80.151606,20,2,0,84500000,56500000,-,141000000,0.00,2618.25,-,[],"[{'block': None, 'base_level': 'Stilt', 'floor_segments': ['FOUR FLOORS'], 'total_floors_above_base': 4}]",['Tiruvallur'],
V:\Project\Project_Stick\data_source\raw\TNRERA\2026\TNRERA_2_BLG_0220_2026.pdf,SHRIRAM SWARGAM,"S.NO.399/1A, 1B, 1C, 1D,1E, 1F & 3B AND 418/1A, 1B, 1C & 1D2 OF KUTHAMBAKKAM VILLAGE, THIRUALLUR DISTRICT, WITHIN THE LIMITS OF POONAMALLE PANCHAYAT UNION",High Rise Building (HRB),Mixed Development,35912.79,429,Not Yet Started,14/12/2029,800126.8,130251.0,30,175,736,122722081,1020252200,-,1142974281,0.00,40199.69,0.00,[],[],['Tiruvallur'],
V:\Project\Project_Stick\data_source\raw\TNRERA\2026\TNRERA_30_BLG_0054_2026.pdf,G square Pristine Icon 3,"Residential Building in L.P/DTCP No.02/2022-Plot No 63,64 -",Non-High Rise Building (NHRB),Residential,547.57,12,Not Yet Started,20/12/2027,12.689907,77.817204,8,0,2,244981050,38288878,-,283269928,0.00,1086.90,-,[],[],['Krishnagiri'],
V:\Project\Project_Stick\data_source\raw\TNRERA\2026\TNRERA_30_BLG_0118_2026.pdf,S R HABITAT,"PLOT Nos: 1,2 & 3, S.F.No: 547/2A1A1A1APt, 548/1A1A1APt & 551/1A1A1Pt, LAYOUT APPROVAL No : L.P/H.N.T.D.A No: 95/2023 & L.P/PP/H.N.T.D.A No: 34/2023 OF ""SR ENCLAVE"", AT ONNALAVADI VILLAGE & PANCHAYAT, HOSUR TALUK, KRISHNAGIRI DISTRICT.",Non-High Rise Building (NHRB),Residential,876,16,Under Construction,05/11/2030,12.804929,77.843611,12,0,1,14500000,51500000,-,66000000,0.00,1724.64,0.00,[],[],['Krishnagiri'],
V:\Project\Project_Stick\data_source\raw\TNRERA\2026\TNRERA_30_BLG_0162_2026.pdf,SR HEIGHTS,"No. of Tower : 1 No. of Units : 88 No. of Floor : Basement + Stilt + 11 Floors Project Address: T.S No. 125/1, Old S.F No.252/2, 253/2, Block 37, Ward B, Thally Road, Hosur, Krishnagiri District",High Rise Building (HRB),Residential,4410,88,Under Construction,31/01/2030,12.723907,77.811632,61,27,18,340000000,753416000,-,1093416000,0.00,16732.95,513.72,[],"[{'block': None, 'base_level': 'Basement', 'floor_segments': ['11 Floors'], 'total_floors_above_base': 11}]",['Krishnagiri'],
V:\Project\Project_Stick\data_source\raw\TNRERA\2026\TNRERA_32_BLG_0042_2026.pdf,CASAGRAND KEYSTONE,"Proposed Construction of Residential Non High Rise Group Development Building Consists of 2 Blocks with Combined Basement, Block 1 : Ground Floor + 5 Upper Floors (88 D/U) , Block 2 with Amenity Block : Ground Floor (Part) + First Floor (Part) + Second Floor (Part) + 3 Upper Floors (54 D/U), Amenity Block : Ground Floor (Part) + First Floor (Part) + Second Floor (Part) , Totally 142 D/U With Swimming Pool on the Ground Level Comprised In S.No : 257/1B1 of Rakkiapalayam Village, Thirumuruganpoondi Municipality, Avinashi Taluk , Tiruppur District.",Non-High Rise Building (NHRB),Residential,9050.00,142,Not Yet Started,09/04/2028,11.157236,77.301274,130,18,15,220000000,660000000,-,880000000,0.00,17686.47,577.80,[],"[{'block': 'Block 1', 'base_level': 'Ground', 'floor_segments': ['5 Upper Floors'], 'total_floors_above_base': 5}, {'block': 'Block 2 with Amenity Block', 'base_level': 'Ground', 'floor_segments': ['First Floor', 'Second Floor', '3 Upper Floors', 'First Floor', 'Second Floor'], 'total_floors_above_base': 7}]",['Tiruppur'],
V:\Project\Project_Stick\data_source\raw\TNRERA\2026\TNRERA_32_BLG_0055_2026.pdf,CASAGRAND SPACIO,"""Proposed Construction of Residential Non-High Rise Group Development Building Consists of 21 Blocks, Block 1 To 20: Ground Floor +First Floor + Second Floor (Partly), Totally 20 D/U, Block 21: (Amenity Block) - Ground Floor Comprised in S.Nos . 139/3A2, 139/3B, 139/4, 139/5, 139/6, 140/2 & 140/3 of Chettipalayam Village, Tiruppur North Taluk, Tiruppur City Municipal Corporation, Tiruppur District.""",Non-High Rise Building (NHRB),Residential,8090,20,Not Yet Started,28/02/2028,11.164863,77.331744,40,22,6,160000000,320000000,-,480000000,0.00,6079.55,226.53,[],"[{'block': 'Block 1-20', 'base_level': 'Ground', 'floor_segments': ['First Floor', 'Second Floor'], 'total_floors_above_base': 2}, {'block': 'Block 21', 'base_level': 'Ground', 'floor_segments': [], 'total_floors_above_base': 0}]",['Tiruppur'],
V:\Project\Project_Stick\data_source\raw\TNRERA\2026\TNRERA_32_BLG_0078_2026.pdf,CASAGRAND BLOSSOMS,"PROPOSED CONSTRUCTION OF RESIDENTIAL NON-HIGH RISE GROUP DEVELOPMENT CONSISTS OF 114 BLOCKS, BLOCK 1 TO 113: GROUND +FIRST FLOOR TOTALLY 113 D/U, BLOCK 114: (AMENITY BLOCK) - GROUND FLOOR + FIRST FLOOR WITH SWIMMING POOL ON THE GROUND LEVEL COMPRISED IN S.NOS . 177/1, 177/2, 177/3, 177/4, 177/5, 177/6, 177/7, 178/1A1, 178/1A2, 178/1A3, 178/1A4, 178/1A5, 178/1A6, 178/1A7A, 178/1B, 179/3A1, 179/3A2, 185/1A, 185/1B, 185/1C, 185/1D, 185/2A, 185/2B & 185/2C OF PONGUPALAYAM VILLAGE & PANCHAYAT, TIRUPPUR NORTH TALUK, TIRUPPUR DISTRICT.",Non-High Rise Building (NHRB),Residential,33848,113,Not Yet Started,25/05/2028,11.170938,77.320236,113,15,13,670000000,1040000000,-,1710000000,0.00,23694.97,733.59,[],"[{'block': 'BLOCK 1-113', 'base_level': 'Ground', 'floor_segments': ['FIRST FLOOR'], 'total_floors_above_base': 1}, {'block': 'BLOCK 114', 'base_level': 'Ground', 'floor_segments': ['FIRST FLOOR'], 'total_floors_above_base': 1}]",['Tiruppur'],
V:\Project\Project_Stick\data_source\raw\TNRERA\2026\TNRERA_32_BLG_0107_2026.pdf,CASAGRAND EDENSA,"Proposed Construction of Residential Non High Rise Group Development Consists of 57 Blocks Block 1 to 55: Ground Floor + First Floor (55 D/u), Block 56: Stilt Floor + 5 Upper Floors (55 D/u), Block 57 : Ground Floor + First Floor + Second Floor with Swimming Pool on the Ground Level, Totally 110 D/u, Comprised in Survey Nos. 446/2A4A3 & 446/2B3 of Veerapandi Village, Tiruppur South Taluk, Tiruppur City Municipal Corporation, tiruppur District.",Non-High Rise Building (NHRB),Residential,20234.3,110,Not Yet Started,06/06/2028,11.061177,77.369849,100,71,17,500000000,850000000,-,1350000000,0.00,19233.41,598.34,[],"[{'block': 'Block 1-55', 'base_level': 'Ground', 'floor_segments': ['First Floor'], 'total_floors_above_base': 1}, {'block': 'Block 56', 'base_level': 'Stilt', 'floor_segments': ['5 Upper Floors'], 'total_floors_above_base': 5}, {'block': 'Block 57', 'base_level': 'Ground', 'floor_segments': ['First Floor', 'Second Floor'], 'total_floors_above_base': 2}]",['Tiruppur'],
V:\Project\Project_Stick\data_source\raw\TNRERA\2026\TNRERA_35_BLG_0045_2026.pdf,ROHAAN CREST,"S.NO.366/1B1B, VENGAIVASAL VILLAGE, TAMBARAM TALUK, CHENGALPATTU",Non-High Rise Building (NHRB),Commercial,673.00,,Not Yet Started,13/11/2033,12.904733,80.185084,17,2,2,60000000.00,89977375.00,-,149977375,0.00,0.00,1961.21,[],[],['Chengalpattu'],Total_Dwelling_Units
V:\Project\Project_Stick\data_source\raw\TNRERA\2026\TNRERA_35_BLG_0058_2026.pdf,SILVERSKY - THE ONE PERUNGALATHUR,"S. No.449/2, 450/1B1A & 450/1C1 of Nedungundram village, Vandalur Taluk, Chenglepet District.",High Rise Building (HRB),Residential,9756.00,168,Not Yet Started,31/12/2030,12.889510,80.119680,210,0,12,210000000,710000000,-,920000000,0.00,22174.67,919.28,[],[],['Chengalpattu'],
V:\Project\Project_Stick\data_source\raw\TNRERA\2026\TNRERA_35_BLG_0065_2026.pdf,THE MADRAS PAVILION PH I https://rera.tn.gov.in/public-view2/building/pfirm/f0173060-d12e-11f0-8369-35bfc2e3f1ae,"All that piece and parcel of the Vacant Plots bearing Plot Numbers 9, 33, 46 to 61, 65, 79, 83 to 101admeasuring an extent of 36091 Sqft/ 3392.95comprised in Survey Nos. 205/2A & 3A, with Patta No. 3958situated in the Layoutapproved by the Assistant Director T&CP,Chengalpattu vide Layout No. 248 2024 by letter No. X9X3U1B0/2024/TCP/2024/TCP dated 15.11.2024 and by Executive Officer, ThiruporurSpl.Grade Town Panchayatvide Letter No. 758/2024, dated 04/04/2025situated in Thiruporur Village, ThiruporurTaluk, Chengalpet District, and within the Registration District of Chengalpattu and Sub Registration District of Thiruporur.",Non-High Rise Building (NHRB),Residential 1/8,3352.95,38,Not Yet Started,29/10/2030,12.836137,79.706653,0,38,0,162409500,150045000,-,312454500,,,,[],[],['Chengalpattu'],FSI_Other_Residential
V:\Project\Project_Stick\data_source\raw\TNRERA\2026\TNRERA_35_BLG_0066_2026.pdf,LOTUS,"BASEMENT + GROUND + 3 FLOORS COMMERCIAL OFFICE BUILDING AT ALREADY APPROVED LAYOUT MLPA NO:61/2023, PLOT NO:3, RAJIV GANDHI SALAI (OMR), EGATTUR, CHENNAI - 600 130.COMPRISED IN S.F. NO'S: 10/1A2, 10/1B2A, EGATTUR VILLAGE, THIRUPORUR TALUK, CHENGALPET DISTRICT",Non-High Rise Building (NHRB),Commercial,1536,,Under Construction,31/03/2028,13.09,80.07,27,3,5,140000000,80000000,-,220000000,0.00,0.00,3354.85,[],"[{'block': None, 'base_level': 'Ground', 'floor_segments': ['3 FLOORS'], 'total_floors_above_base': 3}]",['Chengalpattu'],Total_Dwelling_Units
V:\Project\Project_Stick\data_source\raw\TNRERA\2026\TNRERA_35_BLG_0080_2026.pdf,ECR EXOTICA,STILT+ 5 FLOORS WITH 35 DWELLING UNITS,Non-High Rise Building (NHRB),Residential,1114.83,35,Under Construction,31/12/2027,12.416635,80.115838,15,0,0,8750000,113491609,-,122241609,0.00,3322.48,0.00,[],"[{'block': None, 'base_level': 'Stilt', 'floor_segments': ['5 FLOORS'], 'total_floors_above_base': 5}]",['Chengalpattu'],
V:\Project\Project_Stick\data_source\raw\TNRERA\2026\TNRERA_35_BLG_0085_2026.pdf,CASAGRAND GLENMERE,"Proposed Construction of Residential Non High Rise Building Villa No.1 to 110 Consists of Ground Floor + First Floor, comprised in Survey Nos. 1009/12A, 1009/12B, 1009/12C, 1009/12D, 1009/12E, 1009/12F, 1009/13A, 1009/13B, 1009/13C, 1009/14, 1009/17A, 1009/17B, 1010/1, 1010/2, 1010/3, 1011/1, 1011/2, 1011/3, 1439/2C, 1439/2D, 1439/3A1 & 1439/3B of Thaiyur B Village, Thiruporur Taluk, Chengalpet District. Totally 110 D/U, with Amenity Block to Residential Building Consists of Ground Floor with Swimming Pool on the First Floor Level Comprised in Survey Nos.1009/12A, 1009/12B, 1009/12C1 & 1009/13A3, In DTCP Approved Layout No: L.P/MLPA No. 289/2025 Dated:05.11.2025, of Thaiyur B Village, Thiruporur Taluk , Chengalpattu District.",Non-High Rise Building (NHRB),Residential,25474.98,110,Not Yet Started,28/02/2028,12.75716,80.183286,81,79,0,220000000,880000000,-,1100000000,0.00,16397.66,592.77,[],[],['Chengalpattu'],
V:\Project\Project_Stick\data_source\raw\TNRERA\2026\TNRERA_35_BLG_0088_2026.pdf,Felixa SKY MILANO,"Proposed Group House Residential Building Construction of Ground + One Floor (G+1) buildings comprising Villa nos 16, 16A, 18, 19, 28, 29, 30, 31, 32, 33, 34, 34A ( 12 Villas) the Promoter’s share, together with one (1) Club House building.The development is situated in the lands bearing Survey Nos. 13/9B3E, 13/9B3C, 13/9B3D, 13/9B3B, 13/9B3Q, 13/9B3R, 13/9B3S, 13/9B3T, 13/9B3U, 13/9B3V, 13/9B3W, and 13/9B3X. Further, the construction of a Ground + Two Floor (G+2) Club House building is undertaken in Survey No. 13/9B3F. The entire development is located within Thazhambur Panchayat, Karanai Village, Vandalur Taluk, Chengalpattu District.",Non-High Rise Building (NHRB),Residential,2068.93,12,Not Yet Started,31/03/2028,12.859951,80.20619,22,0,0,33500000,73400000,-,106900000,0.00,2402.87,320.93,[],"[{'block': None, 'base_level': 'Ground', 'floor_segments': ['One Floor', '1', 'Two Floor', '2'], 'total_floors_above_base': 6}]",['Chengalpattu'],
V:\Project\Project_Stick\data_source\raw\TNRERA\2026\TNRERA_35_BLG_0112_2026.pdf,LUXE BY DAC,"S.No. 246/6A1, 246/6B1, 246/6B1 & 246/6B2 of Perungalathur Village within the limit of Tambaram Municipal Corporation",Non-High Rise Building (NHRB),Residential,2424.49,58,Not Yet Started,31/01/2030,12.919266,80.085933,52,6,4,66500000,207935100,-,274435100,0.00,6406.52,208.77,[],[],['Chengalpattu'],
V:\Project\Project_Stick\data_source\raw\TNRERA\2026\TNRERA_35_BLG_0115_2026.pdf,"""DRA Marina 100""","SURVEY NO: 13/1A (NOW SUB-DIVIDED AS 13/1A1, 13/1A2 & 13/1A3) of EGATTUR Village, THIRUPORUR Taluk, CHENGALPATTU District.",High Rise Building (HRB),Residential,25130.90,100,Under Construction,05/02/2031,12.835668,80.230577,80,20,0,230000000,462500000,-,692500000,0.00,14131.61,-,[],[],['Chengalpattu'],
V:\Project\Project_Stick\data_source\raw\TNRERA\2026\TNRERA_35_BLG_0126_2026.pdf,SRISHTI ANANDHAM,"Survey no.314/17B,Thiruneermalai village,pallavaram taluk & Chengalpattu district.",Non-High Rise Building (NHRB),Residential,663.6,15,Under Construction,31/12/2026,12.958102,80.131198,12,2,0,18850000,74055000,-,92905000,0.00,1322.52,-,[],[],['Chengalpattu'],
V:\Project\Project_Stick\data_source\raw\TNRERA\2026\TNRERA_35_BLG_0127_2026.pdf,LIONS GATE https://rera.tn.gov.in/public-view2/building/pfirm/c378a5a0-1e39-11f1-9240-9152d76952a8,"Residential apartments of Group Housing Development with 4 Blocks; Block A – Stilt floor + 3 floors + 4th floor (part) + 5th floor (part) (Height – 18.30m) Residential building with 19 dwelling units and Association Room, Yoga Room, Kids Play Room, Library, GYM and Swimming pool at 5th floor level; Block B – Stilt floor + 5 floors (Height – 18.0m) Residential building with 33 dwelling units; Block C – Stilt floor + 4 floors +5th floor (part) (Height – 18.0m) Residential building with 38 dwelling units; Block D – Stilt floor + 4 floors (Height – 15.0m) Residential building with 32 dwelling units; Totally 122 dwelling unit at Madambakkam, Chennai in S.No.716/1D1, 716/1D2, 716/3, 716/4 & 716/5 of Madambakkam Village, Tambaram Taluk, Chengalpattu District within the limit of Tambaram Municipal Corporation",Non-High Rise Building (NHRB),Residential 1/10,6558.75,122,Under Construction,02/12/2026,12.898755,80.142886,123,15,14,290000000,490000000,-,780000000,0.00,13558.35,326.46,"[18.3, 18.0, 18.0, 15.0]","[{'block': None, 'base_level': 'Stilt', 'floor_segments': ['3 floors', '4th floor', '5th floor', '5th floor', '5 floors', '4 floors', '5th floor', '4 floors'], 'total_floors_above_base': 20}]",['Chengalpattu'],
V:\Project\Project_Stick\data_source\raw\TNRERA\2026\TNRERA_35_BLG_0128_2026.pdf,FELIXA RAVERAA,""" FELIXA RAVERAA "" Non High Rise Group Development Consists of 13 Block 1 to 11, Ground Floor and First Floor, Totally 117 Dwelling Unit, Club house Block, 12: Ground Floor, First Floor, Second Floor and Swimming Pool aside, Change room & Shower room on the Ground floor, Shop & Meter room Blook 13: Ground Floor. Comprised in Survey No. 478/1A1A1A1A1, 478/1A1B and 478/1A2B of Thaiyur - A Village, Thiruporur Taluk, Chengalpet District.",Non-High Rise Building (NHRB),Mixed Development,27380.29,117,Not Yet Started,31/03/2029,12.783621,80.193971,194,0,20,376500000,643100000,-,1019600000,0.00,21978.88,959.72,[],"[{'block': 'Block 1-11, Ground Floor and First Floor, Totally 117 Dwelling Unit, Club house Block, 12', 'base_level': 'Ground', 'floor_segments': ['First Floor', 'Second Floor'], 'total_floors_above_base': 2}]",['Chengalpattu'],
V:\Project\Project_Stick\data_source\raw\TNRERA\2026\TNRERA_35_BLG_0130_2026.pdf,TULIVE FLORA,"MUDICHUR VILLAGE, TAMBARAM TALUK, CHENGALPET DISTRICT",Non-High Rise Building (NHRB),Residential,1905,45,Not Yet Started,31/03/2029,12906291,80068139,39,0,4,145000000,103940713,-,248940713,0.00,4886.30,-,[],[],['Chengalpattu'],
V:\Project\Project_Stick\data_source\raw\TNRERA\2026\TNRERA_35_BLG_0140_2026.pdf,CASAGRAND ESTIA https://rera.tn.gov.in/public-view2/building/pfirm/c9741a10-1f8b-11f1-852c-57af73b88b76,"proposed project CASAGRAND ESTIA Proposed Construction of Basement Floor + Ground Floor + 4 Floors + 5th Floor (Part) (Height - 18.15m) Residential Building with 173 Dwelling Units Availing Premium FSI with Swimming Pool, Kids Play Rooms, Gym, AV Room and Indoor Games Room at Vengampakkam and Nedunkundram, Chennai Comprised In Old.S.Nos. 31/3D, 31/3E, 32, 33/4, 33/5, New S.Nos.31/3D, 31/3E1, 32, 33/4A, 33/4B, 33/4C, 33/5A & 33/5B of Vengambakkam Village within The Limits St.Thomas Mount Panchayat Union and Old.S.Nos. 577/1 & 577/1A (Document), S.No.577/39 (Patta) of Nedunkundram Village within The Limits of Kattankulathur Panchayat Union.",Non-High Rise Building (NHRB),Residential 1/9,10093.21,173,Not Yet Started,31/03/2029,12.88167,80.132212,152,2,20,105000000,900000000,-,1005000000,0.00,19914.98,506.32,[18.15],"[{'block': None, 'base_level': 'Ground', 'floor_segments': ['4 Floors', '5th Floor'], 'total_floors_above_base': 5}]",['Chengalpattu'],
V:\Project\Project_Stick\data_source\raw\TNRERA\2026\TNRERA_35_BLG_0144_2026.pdf,SAGAR THE ONE,"Plot No. 29, 30, 35 & 36, (CMDA Approved Layout – 132/1990) Indira Priyadarshini Nagar Annexe, Perumbakkam, Chennai – 600 100, Comprised in Old S.No. 455/1A1A2 (Document), New S.No. 455/1A1A2A, 455/27 & 455/26 (Patta) of Perumbakkam Village within the limit of St. Thomas Mount Panchayat Union",Non-High Rise Building (NHRB),Residential,700,20,Under Construction,17/07/2033,12.903594,80.207420,10,2,0,45000000,65000000,-,110000000,0.00,1817.90,-,[],[],['Chengalpattu'],
V:\Project\Project_Stick\data_source\raw\TNRERA\2026\TNRERA_35_BLG_0146_2026.pdf,THE LORD'S BY DAC,"Proposed house sites with 125 Plots 4 Owner Use + 4 Commercial Site comprised in S.NO: 217/5, 6, 7A, 7B,8, 9, 10, 11A, 11B, 12, 13, 14, 15A, 15B, 16, 17, 18, 19, 218/1, 2, 3A, 3B, 4, 5, 6, 7A, 7B, 9, 10, 11A, 11B, 12, 13, 14, 15, 16, 17, 18, 19A, 19B, 20, 21, 22A, 22B, 23, 24, 220/1, 2, 3, 4, 5, 6, 11A, 11B, 12 & 13 of pudupakkam village and panchayat, thiruporur panchayat union, vandalur taluk of Chengalpattu District.",Non-High Rise Building (NHRB),Residential,22900,114,Under Construction,30/03/2031,12.813911,80.205422,141,0,0,350000000,677280000,-,1027280000,0.00,16534.75,-,[],[],['Chengalpattu'],
V:\Project\Project_Stick\data_source\raw\TNRERA\2026\TNRERA_35_BLG_0147_2026.pdf,Aurum Villa Phase 3,4 & 5 BHK RESIDENTIAL VILLA,Non-High Rise Building (NHRB),Residential,22973,92,Not Yet Started,30/09/2033,124825.3,801238.5,0,92,10,88050000,1074665260,-,1162715260,0.00,14900.80,-,[],[],['Chengalpattu'],
V:\Project\Project_Stick\data_source\raw\TNRERA\2026\TNRERA_35_BLG_0150_2026.pdf,VIVA Vesta,"STILT FLOOR + 3 FLOORS (HEIGHT – 11.99M) RESIDENTIAL BUILDING WITH 16 DWELLING UNITS AT PANNEER SELVAM MAIN ROAD AND ELANGO STREET, ZAMIN PALLAVARAM, CHENNAI 600043,",Non-High Rise Building (NHRB),Residential,734.50,16,Under Construction,31/12/2028,12.957419,80.1701,12,1,1,59295750,27671350,-,86967100,0.00,1467.55,-,[11.99],"[{'block': None, 'base_level': 'Stilt', 'floor_segments': ['3 FLOORS'], 'total_floors_above_base': 3}]",['Chengalpattu'],
V:\Project\Project_Stick\data_source\raw\TNRERA\2026\TNRERA_35_BLG_0166_2026.pdf,CITY SCAPE,"Proposed Construction of Residential Building (Affordable Housing) Of Stilt + 5 floors At Old Survey No - 4, New Survey Number - 4/1E1A, Navalur Village/Panchayat, Thiruporur Panchayat Union/Taluk, Mamallapuram Local Planning Authority, Chengalpattu District And Tamilnadu",Non-High Rise Building (NHRB),Residential,2207.45,100,Under Construction,31/12/2029,12.851356,80.227477,18,7,0,121352010,231834313,-,353186323,5865.95,0.00,-,[],"[{'block': None, 'base_level': 'Stilt', 'floor_segments': ['5 floors'], 'total_floors_above_base': 5}]",['Chengalpattu'],
V:\Project\Project_Stick\data_source\raw\TNRERA\2026\TNRERA_35_BLG_0168_2026.pdf,RISHI - PHASE I,"Group Development - Residential Building, at Chengalpattu District – Thirukazhukundram Taluk and Panchayat Union, Kadambadi Panchayat – Melakuppam Village – SF.Nos. 34/4C1A, 34/4C2, 34/5A1, 34/5B, 35/5A1 & 35/5B1 – Site area of 46053.23 Sq.m. – FSI area of 11756.23 sq.m – 7 Blocks",Non-High Rise Building (NHRB),Mixed Development,13008.94,130,Not Yet Started,31/12/2028,12.6041130,80.1242730,82,5,4,67000000,601581900,-,668581900,0.00,11437.03,319.20,[],[],['Chengalpattu'],
V:\Project\Project_Stick\data_source\raw\TNRERA\2026\TNRERA_35_BLG_0187_2026.pdf,SHRIRAM GREEN MEADOWS,"Sf.No.16/4A, 89/4A and 95/4, Perumattunallur village, vandalure taluk, Chengalpattu District",High Rise Building (HRB),Residential,146160.07,462,Not Yet Started,27/10/2030,12.814055,80.081573,1807,422,208,488929000,320000000,-,808929000,6729.27,11991.91,0.00,[],[],['Chengalpattu'],
V:\Project\Project_Stick\data_source\raw\TNRERA\2026\TNRERA_35_BLG_0192_2026.pdf,BLISS TOWER (TOWER A1-A2),LUXURIOUS HIGH RISE 2 & 3 BHK RESIDENTIAL APARTMENTS,High Rise Building (HRB),Residential,296834.44,302,Not Yet Started,31/12/2030,124825.9,801257.4,207,10,0,608000000,1381378000,-,1989378000,0.00,29684.30,-,[],[],['Chengalpattu'],
V:\Project\Project_Stick\data_source\raw\TNRERA\2026\TNRERA_35_BLG_0195_2026.pdf,HANU LUXE PALACE,"The proposed construction of Stilt floor + 4 floors + 5th floor (Part) (Height – 18.20m) Residential Building with 66 Dwelling units for Affordable housing at Nookampalayam Main Road, Chennai 600126 comprised in S.No.9/1D5A, 9/1D5B, 9/1D5C, 9/1D5D & 9/1D5E of Arasankazani Village within the limits of St. Thomas Mount Panchayat Union",Non-High Rise Building (NHRB),Residential,2430.32,66,Under Construction,12/03/2034,12.88061,80.197502,28,42,8,100000000,285000000,-,385000000,0.00,7263.89,-,[18.2],"[{'block': None, 'base_level': 'Stilt', 'floor_segments': ['4 floors', '5th floor'], 'total_floors_above_base': 5}]",['Chengalpattu'],
V:\Project\Project_Stick\data_source\raw\TNRERA\2026\TNRERA_35_BLG_0199_2026.pdf,THE MADRAS PAVILION – PHASE II”,"Residential Apartment S+3,in Two Towers in Plot Numbers 1,2,3,4,5,6,7&8 comprised in Survey No. 205/2A & 3A, with Patta No. 3958 situated at Thiruporur Village, Thiruporur Taluk, Chengalpattu Distric",Non-High Rise Building (NHRB),Residential,1171.59,74,Not Yet Started,10/01/2031,12.642865,80.139038,0,0,4,56700000,84000000,-,140700000,0.00,2526.19,0.00,[],"[{'block': None, 'base_level': 'Stilt', 'floor_segments': ['3'], 'total_floors_above_base': 3}]",['Chengalpattu'],
V:\Project\Project_Stick\data_source\raw\TNRERA\2026\TNRERA_35_BLG_0201_2026.pdf,GURU AISHWARYA APARTMENTS,"142/1C, TELLUS AVENUE, RAJAKILPAKKAM",Non-High Rise Building (NHRB),Residential,1215.53,35,Not Yet Started,31/03/2030,12.915315,80.161805,22,5,3,62780000,114004340,-,176784340,0.00,3247.19,-,[],[],['Chengalpattu'],
V:\Project\Project_Stick\data_source\raw\TNRERA\2026\TNRERA_35_BLG_0207_2026.pdf,VIVA Vibes,"2 Blocks: Block A – Stilt floor + 4 floors (Height – 16.50m) Office cum Residential Building with 13 dwelling units (Office at 1st floor only); Block B – Stilt floor + 4 floors (Height – 16.50m) Residential Building with 16 dwelling units; Totally 29 dwelling units and Office (218.10 Sq.m) Availing Premium FSI at Perumal Nagar 5th Main Road (AGS Colony 5th Main Road) and Kumaran Colony Road, Zamin Pallavaram, Chennai",Non-High Rise Building (NHRB),Residential,1863.24,29,Under Construction,31/12/2028,12.95205889555554,80.17458134232874,32,2,8,150420000,70196000,-,220616000,0.00,3640.37,218.10,"[16.5, 16.5]","[{'block': None, 'base_level': 'Stilt', 'floor_segments': ['4 floors', '1st floor', '4 floors'], 'total_floors_above_base': 9}]",['Chengalpattu'],
V:\Project\Project_Stick\data_source\raw\TNRERA\2026\TNRERA_35_BLG_0214_2026.pdf,LOTUS PARK,"The proposed construction of Stilt floor + 5 Floors (Height – 18.30m) Residential Building with 40 Dwelling Units for Affordable Housing at Dr.Solomon Street and Bajanai Koil 2nd Street, Pallavaram, Chennai 600043 Comprised in Old S.No.346/12, 346/13B & 352/44B, 352/44A & 346/14B (Document) and T.S.No.94, 95, 96, 99 & 147 (Patta), Block No.9, Ward No.B, Zamin Pallavaram Village, Pallavaram Taluk within the limit of Tambaram Municipal Corporation",Non-High Rise Building (NHRB),Residential,1332.22,40,Under Construction,04/01/2034,12.965754,80.153044,3,30,3,130000000,135000000,-,265000000,0.00,3460.60,-,[18.3],"[{'block': None, 'base_level': 'Stilt', 'floor_segments': ['5 Floors'], 'total_floors_above_base': 5}]",['Chengalpattu'],
V:\Project\Project_Stick\data_source\raw\TNRERA\2026\TNRERA_35_BLG_0215_2026.pdf,JONES AURORA,Construction of Residential Cum Commercial Group Development Comprising of 13 Blocks,Non-High Rise Building (NHRB),Mixed Development,14325.87,61,Under Construction,20/02/2031,125217.0,801129.9,78,4,8,289750000,457950000,-,747700000,0.00,11343.57,1031.46,[],[],['Chengalpattu'],
V:\Project\Project_Stick\data_source\raw\TNRERA\2026\TNRERA_35_BLG_0218_2026.pdf,VINAYAGGAS SRI GURUVAYURAPPAN APARTMENTS,"Proposed construction of Stilt Floor (Parking) + 5 Floors Residential Building with 20 Dwelling Units (Affordable Housing – 18.30m Height) at Plot No. 6, Old Door No. 4, New Door No. 9, Siva Sankaran Street, Rajaji Nagar, Pallavaram, Chennai, Comprised in Old S.No. 352/2 and T.S.No.42, Block No. 6, Ward No. B of Zamin Pallavaram Village within the limit of Tambaram Municipal Corporation",Non-High Rise Building (NHRB),Residential,700,20,Under Construction,15/02/2034,12.965556,80.151389,15,0,2,82500000,77500000,-,160000000,0.00,1818.55,-,[],"[{'block': None, 'base_level': 'Stilt', 'floor_segments': ['5 Floors'], 'total_floors_above_base': 5}]",['Chengalpattu'],
V:\Project\Project_Stick\data_source\raw\TNRERA\2026\TNRERA_35_BLG_0227_2026.pdf,MEDLEY’S NEST,"Stilt Floor + 4 Floors + 5th Floor (Part) (Height – 18.30 m) Residential Building with 141 Dwelling Units for Affordable Housing with Swimming Pool in 5th Floor at Link Road from Kalaivanar NSK Street, Zamin Pallavaram, Chennai, Comprised in Old S.No: 310/7, T.S.No. 30/7, Block No.25, Ward No. B of Zamin Pallavaram Village, within the limit of Tambaram Municipal Corporation",Non-High Rise Building (NHRB),Residential,6154,141,Not Yet Started,20/08/2033,12.962427,80.162070,116,0,0,200000000,400000000,-,600000000,0.00,14271.02,-,[18.3],"[{'block': None, 'base_level': 'Stilt', 'floor_segments': ['4 Floors', '5th Floor', '5th Floor'], 'total_floors_above_base': 6}]",['Chengalpattu'],
V:\Project\Project_Stick\data_source\raw\TNRERA\2026\TNRERA_35_BLG_0236_2026.pdf,ZIVA MOHANAM,"Total No. of Blocks- 2, Ground Floor, Each Block - 16 Villas, Total - 32 Villas",Non-High Rise Building (NHRB),Residential,7220.70,32,Not Yet Started,31/12/2031,12.37084,80.09305,32,4,4,35240802,172200000,-,207440802,0.00,4348.88,-,[],"[{'block': None, 'base_level': 'Ground', 'floor_segments': [], 'total_floors_above_base': 0}]",['Chengalpattu'],
V:\Project\Project_Stick\data_source\raw\TNRERA\2026\TNRERA_35_BLG_0237_2026.pdf,RHYTHM BY DAC (VILLAS),"S.Nos.568/3B2, 568/4A1 & 568/4A2 of Madambakkam Village, Tambaram Taluk, Chengalpattu District, Tambaram Corporation Limits.",Non-High Rise Building (NHRB),Residential,2780,17,Not Yet Started,30/06/2031,12.893177,12.893177,20,1,0,55000000,125000000,-,180000000,0.00,2450.00,200.00,[],[],['Chengalpattu'],
V:\Project\Project_Stick\data_source\raw\TNRERA\2026\TNRERA_35_BLG_0238_2026.pdf,ZIVA BHAIRAVI BLOCK 1,"Block 1, Stilt+5 Floors -90 dwelling units",Non-High Rise Building (NHRB),Residential,9850,90,Not Yet Started,31/12/2031,12.36590,80.09252,45,0,5,19402736,655100000,-,674502736,0.00,9532.57,-,[],"[{'block': None, 'base_level': 'Stilt', 'floor_segments': ['5 Floors'], 'total_floors_above_base': 5}]",['Chengalpattu'],
V:\Project\Project_Stick\data_source\raw\TNRERA\2026\TNRERA_35_BLG_0239_2026.pdf,RADIANCE EDGEWOOD,"Group Development Building consisting of 14 Blocks (1, 2, 3, 4, 5, 6, 7, 9, 10, 11, 12, 14, 15 & 16) in Block-1 : G + 2Floors + Head Room (7 - Villa’s) ; Block - 2 , 3 & 4 : G + 2 Floors (27 – Villa’s); Block-5 : G + 1Floor + Head room (9 – Villa’s); Block-6 : G + 1Floor + Head room (8 – Villa’s); Block-7 & 9 : G + 1Floor+Head room (14 – Villa’s); Block- 10: G+1Floor+Head room (6 - Villa’s); Block-11: G+1Floor+Head Room (5 – Villa’s); Block-12 : Ground + 2Floors (4 – Villa’s); Block – 14: G+2Floors (3 – Villa’s); Block-15(Club House/Assembly): G+2Floors+Head Room and Block-16 (Drivers Toilet, STP Pump Room) and Swimming pool Totally 83(Villa’s) Dwelling units.",Non-High Rise Building (NHRB),Residential,20250,83,Not Yet Started,21/06/2031,12.842051,80.202289,154,14,12,675000000,432353000,-,1107353000,0.00,17795.58,997.10,[],"[{'block': 'Block - 2 , 3 & 4', 'base_level': 'Ground', 'floor_segments': ['2 Floors', '1Floor', '1Floor', '1Floor', '1Floor', '1Floor', '2Floors'], 'total_floors_above_base': 9}, {'block': 'Block – 14', 'base_level': 'Ground', 'floor_segments': ['2Floors', '2Floors'], 'total_floors_above_base': 4}]",['Chengalpattu'],
V:\Project\Project_Stick\data_source\raw\TNRERA\2026\TNRERA_35_BLG_0244_2026.pdf,Archana Flats,"Plot Nos. 1 and 2, Comprised in Survey No.60/2A1B, Ninnaikarai Village, Chengalpet Taluk, Chengalpet District",Non-High Rise Building (NHRB),Residential,700,24,Not Yet Started,31/12/2030,12.48241,80.02221,16,0,0,4275000,61275000,-,65550000,0.00,1866.00,0.00,[],[],['Chengalpattu'],
V:\Project\Project_Stick\data_source\raw\TNRERA\2026\TNRERA_35_BLG_0245_2026.pdf,ARA VINESH ENCLAVE,STILT + 5 FLOOR (2 BLOCKS),Non-High Rise Building (NHRB),Residential,2200.00,55,Under Construction,30/04/2027,13.013827,80.148746,45,1,4,100000000,150000000,-,250000000,0.00,5694.18,-,[],"[{'block': None, 'base_level': 'Stilt', 'floor_segments': ['5 FLOOR'], 'total_floors_above_base': 5}]",['Chengalpattu'],
V:\Project\Project_Stick\data_source\raw\TNRERA\2026\TNRERA_35_BLG_0252_2026.pdf,RLD ALTIMA https://rera.tn.gov.in/public-view2/building/pfirm/06ebad80-21c3-11f1-bef0-65b9c1d3ec27,"PLAN SHOWING THE REVISED & PROPOSED CONSTRUCTION OF HIGH RISE (AFFORDABLE RESIDENTIAL HOUSES) GROUP DEVELOPMENT CONSISTS OF COMBINED EXTENDED BASEMENT FLOORS WITH BLOCK-01 (TOWER A & B) AND BLOCK - 02. BLOCK- 01 (TOWER A & B) 630 DWELLING UNITS (STILT TO 35TH FLOOR) BLOCK-02 (CLUB HOUSE) : GROUND FLOOR + FIRST FLOOR WITH SWIMMING POOL @ GROUND LEVEL ,COMPRISED IN S.NO. 585/1A2A1, 586/1A, 586/2A, 586/2B, 586/2C, 587, 595/1B1A, 596/1A, 598/1 AT PADUR VILLAGE, THIRUPORUR TALUK, CHENGALPATTU DISTRICT.",High Rise Building (HRB),Residential 1/12,30069,630,Under Construction,01/04/2031,12.79345,80.21784,602,0,38,538000000,2050318773,-,2588318773,0.00,71765.12,1915.34,[],"[{'block': 'BLOCK - 02. BLOCK- 01 (TOWER A & B) 630 DWELLING UNITS (STILT-35TH FLOOR) BLOCK-02 (CLUB HOUSE)', 'base_level': 'Ground', 'floor_segments': ['FIRST FLOOR'], 'total_floors_above_base': 1}]",['Chengalpattu'],
V:\Project\Project_Stick\data_source\raw\TNRERA\2026\TNRERA_35_BLG_0256_2026.pdf,MEERA’S LANDMARK,"Plot No.20, Ottiyambakkam Main Road,",Non-High Rise Building (NHRB),Residential,2830.00,69,Under Construction,31/12/2030,12.879367,80.192402,51,2,7,120000000,230000000,-,350000000,0.00,6123.82,-,[],[],['Chengalpattu'],
V:\Project\Project_Stick\data_source\raw\TNRERA\2026\TNRERA_35_BLG_0260_2026.pdf,RUBY ONE CREST https://rera.tn.gov.in/public-view2/building/pfirm/fd42c8f0-7cf9-11f1-8428-015359f63733,"Plan Showing The Proposed Construction High Rise Group Development Buildings With 4 Blocks for Residential With Club House Use With Combined/ Extended B.Floor For Block No: A, B&C (Meant For Parking) Over & Above In Block – A:Stilt Floor (Meant For Parking) + 14 Floors With126 Dwelling Units, Block – B: Stilt Floor (Meantfor Parking) + 14 Floors With 154 Dwelling Units,Block - C: Stilt Floor (Meant For Parking) + 5floors With 50 Dwelling Units And Block – D(Club House Use): B.Floor + G.Floor + 2 Floorsand Open Swimming Pool With Change/Showerrooms At 2nd Floor. Totally 330 Dwelling Units,Abutting Vengaivasal Main Road, Selaiyur,Tambaram, Chennai. Comprised In S.No.85/1, 85/2A,85/2B, 86/1A, 86/1B, 87/4, 87/5A, 87/5B, 87/5C And 87/6 Of",High Rise Building (HRB),Residential 1/10,14650,330,Not Yet Started,19/07/2032,12.912553077676707,80.16896897645456,297,35,28,882500000,1320000000,-,2202500000,0.00,39544.73,1379.76,[],"[{'block': 'Block – A', 'base_level': 'Stilt', 'floor_segments': ['14 Floors'], 'total_floors_above_base': 14}, {'block': 'Block – B', 'base_level': 'Stilt', 'floor_segments': ['14 Floors'], 'total_floors_above_base': 14}, {'block': 'Block - C', 'base_level': 'Stilt', 'floor_segments': ['5floors'], 'total_floors_above_base': 5}, {'block': 'Block – D(Club House Use)', 'base_level': None, 'floor_segments': ['2nd Floor'], 'total_floors_above_base': 1}]",['Chengalpattu'],
V:\Project\Project_Stick\data_source\raw\TNRERA\2026\TNRERA_35_BLG_0269_2026.pdf,TULIVE PAVILION,"PROPOSED CONSTRUCTION OF BASEMENT FLOOR (PARKING) + GROUND FLOOR + 5 FLOORS (HEIGHT - 18.20M) NON-HIGH RISE RESIDENTIAL BUILDING WITH 388 DWELLING UNITS FOR AFFORDABLE HOUSING WITH MEETING ROOM, GYM, INDOOR GAMES AND SWIMMING POOL AT AGARAM MAIN ROAD, KOVILANCHERY, CHENNAI COMPRISED IN S.NO.92, 93 & 94 OF KOVILANCHERY VILLAGE WITHIN THE LIMITS OF ST.THOMAS MOUNT PANCHAYAT UNION",Non-High Rise Building (NHRB),Residential,18350,388,Not Yet Started,05/03/2033,12.882676387431747,80.1701223405598,299,0,0,308470000,1570000000,-,1878470000,0.00,43325.64,-,[18.2],"[{'block': None, 'base_level': 'Ground', 'floor_segments': ['5 FLOORS'], 'total_floors_above_base': 5}]",['Chengalpattu'],
V:\Project\Project_Stick\data_source\raw\TNRERA\2026\TNRERA_35_BLG_0271_2026.pdf,Enchante Apartments Phase 2,2 & 3 BHK RESIDENTIAL APARTMENTS,High Rise Building (HRB),Residential,9792,252,Not Yet Started,31/12/2030,125008.8,801235.0,85,97,11,39559000,1190241000,-,1229800000,0.00,26811.12,-,[],[],['Chengalpattu'],
V:\Project\Project_Stick\data_source\raw\TNRERA\2026\TNRERA_35_BLG_0283_2026.pdf,Dinesh Vihar (AWHO),(Tower-1 to 6 (Stilt-1+Stilt-2+29 FLOORS) and Club House (G+4 FLOORS),High Rise Building (HRB),Residential,41601.86,852,Completed,,12.86735,80.207121,852,0,85,614744000,2827809490,-,3442553490,0.00,96780.25,2688.56,[],"[{'block': None, 'base_level': 'Ground', 'floor_segments': ['29 FLOORS', '4 FLOORS'], 'total_floors_above_base': 33}]",['Chengalpattu'],
V:\Project\Project_Stick\data_source\raw\TNRERA\2026\TNRERA_3_BLG_0246_2026.pdf,JAYALAKSHMI APARTMENTS,"S.F.No: 495/34,495/ 34A,495/46,495/46A. with site extent: 950.00 Sq.m, FSI Area:1939.20 Sq.m, Layout No: 316/ 2018.Vadakuthu Village Plot No-U, Kurinjipadi Taluk, Cuddalore District,Tamilnadu State.",High Rise Building (HRB),Residential,950.00,20,Not Yet Started,31/12/2029,11.625198,79.551704,17,0,2,45100000,81500000,-,126600000,0.00,1939.20,-,[],[],['Cuddalore'],
V:\Project\Project_Stick\data_source\raw\TNRERA\2026\TNRERA_5_BLG_0030_2026.pdf,RESIDENTIAL HOUSE,RESIDENTIAL APARTMENT,Non-High Rise Building (NHRB),Residential,646.60,15,Under Construction,31/05/2029,12.952803,79.140012,7,4,1,45100000,41000000,-,86100000,0.00,1288.85,-,[],[],['Vellore'],
V:\Project\Project_Stick\data_source\raw\TNRERA\2026\TNRERA_5_BLG_0138_2026.pdf,RAJ N RAM,"Site Address : RAJ N RAM APARTMENTS - THE PROPOSED CONSTRUCTION OF RCC ROOF RESIDENTIAL BUILDING WITH STILT FLOOR (PARKING), + 4 FLOORS AT T.S.NO: 313/3G, 313/5, 313/6 & 313/7, WARD NO.5, BLOC, NO.7, VELAPADI VILLAGE, VELLORE CITY MUNICIPAL CORPORATION VELLORE TALUK & VELLORE DISTRICT.",Non-High Rise Building (NHRB),Residential,647,12,Under Construction,15/01/2027,12.907108,79.132456,12,0,2,7000000,30000000,-,37000000,0.00,1282.16,-,[],"[{'block': None, 'base_level': 'Stilt', 'floor_segments': ['4 FLOORS'], 'total_floors_above_base': 4}]",['Vellore'],
V:\Project\Project_Stick\data_source\raw\TNRERA\2026\TNRERA_5_BLG_0264_2026.pdf,SM RAJ TOWERS,"T.S.No.142[old S.F.No.153(Pt)], Approved Layout No. 89/49, Plot No. A2/88 of Kalinjur Village, Vellore City Municipal Corporation, Katpadi Taluk, Vellore District",Non-High Rise Building (NHRB),Residential,646.59,15,Not Yet Started,04/05/2031,12.956000,79.139962,14,0,1,30000000,40000000,-,70000000,0.00,1288.65,-,[],[],['Vellore'],
V:\Project\Project_Stick\data_source\raw\TNRERA\2026\TNRERA_7_BLG_0106_2026.pdf,Vaishnavi Palace Apartments,"No. of units : 35 No.of Tower : 1 No.of Floor : Stilt + 5 Floors. Address : Old S.F.No.85, New Ward.AJ, Block No.44 –T.S.No.7,8,9,10,Plot Nos. 43,44,45,46,Ammapettai Village – Pallavan street, Vidya Nagar,8th Cross, Salem - 636016",Non-High Rise Building (NHRB),Residential,1406,35,Under Construction,15/02/2028,11.654962,78.176601,25,10,4,27056025,218412091,-,245468116,0.00,4406.73,-,[],"[{'block': None, 'base_level': 'Stilt', 'floor_segments': ['5 Floors'], 'total_floors_above_base': 5}]",['Salem'],
V:\Project\Project_Stick\data_source\raw\TNRERA\2026\TNRERA_7_BLG_0116_2026.pdf,VIJAYA HIGH VIEW,STILT + 05FLOORS 25DWELLING UNITS JARI KONDALAM PATTY SALEM,Non-High Rise Building (NHRB),Residential,1215.00,25,Under Construction,30/12/2027,11.635222,78.124639,23,5,2,981000,106519600,-,107500600,-,3156.92,-,[],"[{'block': None, 'base_level': 'Stilt', 'floor_segments': ['05FLOORS'], 'total_floors_above_base': 5}]",['Salem'],
V:\Project\Project_Stick\data_source\raw\TNRERA\2026\TNRERA_7_BLG_0143_2026.pdf,SAKURA ENCLAVE,STILT+03 FLOORS APARTMENT BUILDING(12DWELLINGS),Non-High Rise Building (NHRB),Residential,920.92,12,Under Construction,30/12/2026,11.685556,78.133667,14,0,2,6500000,48729400,-,55229400,0.00,1751.37,-,[],"[{'block': None, 'base_level': 'Stilt', 'floor_segments': ['03 FLOORS'], 'total_floors_above_base': 3}]",['Salem'],
V:\Project\Project_Stick\data_source\raw\TNRERA\2026\TNRERA_7_BLG_0262_2026.pdf,METROPLOE - PUSHPA VIHAR,Apartment Building,Non-High Rise Building (NHRB),Residential,617.20,9,Under Construction,24/09/2030,11.676617,78.144727,12,0,2,7307500,40848000,-,48155500,0.00,1564.97,-,[],[],['Salem'],
V:\Project\Project_Stick\data_source\raw\TNRERA\2026\TNRERA_7_BLG_0273_2026.pdf,Square Ball,"Proposed Construction of Stilt + 5 Floors Residential Apartment Building (23 Dwelling Units) with Plot Amalgamation in Old S.No. 229/1A Part, 1B Part, 234/2A3, New Ward – A, Block – 42, T.S.No.15/19, 20, 28 & 29, Plot No. 15 Pt (South), 16pt (South), 17, 18 Pt (North), In Approval Layout No. LP/DTCP No – 602/97, Jaggirammapalayam Village, Salem City Municipal Corpoartion, Salem West Taluk & District.",Non-High Rise Building (NHRB),Residential,992.82,23,Not Yet Started,14/05/2033,11.68551,78.11725,21,2,3,17700000,55500000,-,73200000,0.00,2581.32,-,[],"[{'block': None, 'base_level': 'Stilt', 'floor_segments': ['5 Floors'], 'total_floors_above_base': 5}]",['Salem'],
V:\Project\Project_Stick\data_source\raw\TNRERA\2026\TNRERA_8_BLG_0039_2026.pdf,MEIRA BLOOM,Stilt+5 Floors,Non-High Rise Building (NHRB),Residential,1203,20,Not Yet Started,31/07/2030,11.211426,78.167975,26,4,10,92272750,118833725,-,211106475,0.00,3360.95,-,[],"[{'block': None, 'base_level': 'Stilt', 'floor_segments': ['5 Floors'], 'total_floors_above_base': 5}]",['Namakkal'],
